query,system,run,metric,meas,model,err_%,abs_err_%
q2,s3,1,T,4.612088203430176,6.531681458775737,41.620913796008736,41.620913796008736
q2,s3,1,C,0.0011966472557337396,0.002450742060672211,104.8007087242687,104.8007087242687
q2,base,1,T,7.611147165298462,12.048741838507912,58.30388740138669,58.30388740138669
q2,base,1,C,0.004427081318052321,0.007613922937516394,71.98516111436854,71.98516111436854
q2,s3,1,decision,1.0,1.0,0.0,0.0
q2,s3,2,T,3.9513049125671387,6.528868409333059,65.23322177865776,65.23322177865776
q2,s3,2,C,0.0011847364129102646,0.002450667774663202,106.8534188666676,106.8534188666676
q2,base,2,T,6.5084288120269775,12.05070950999532,85.15543240984242,85.15543240984242
q2,base,2,C,0.00418797059722915,0.007613961161005357,81.80550661083713,81.80550661083713
q2,s3,2,decision,1.0,1.0,0.0,0.0
q2,s3,3,T,3.89330792427063,6.526784675714759,67.64111143193183,67.64111143193183
q2,s3,3,C,0.0011957717744539766,0.002450593560529942,104.93823427542874,104.93823427542874
q2,base,3,T,6.601367950439453,12.044783188702862,82.45889759714183,82.45889759714183
q2,base,3,C,0.004214773466261963,0.007613706257363796,80.64330902501172,80.64330902501172
q2,s3,3,decision,1.0,1.0,0.0,0.0
q2,s3,4,T,3.7916719913482666,6.508058818801038,71.64087066737176,71.64087066737176
q2,s3,4,C,0.0011707180051417731,0.0024499597157874755,109.26984167214435,109.26984167214435
q2,base,4,T,6.458881855010986,12.029770000616363,86.25158766889847,86.25158766889847
q2,base,4,C,0.0041960959651098795,0.0076131556875607045,81.43426058086699,81.43426058086699
q2,s3,4,decision,1.0,1.0,0.0,0.0
q2,s3,5,T,3.8072140216827393,6.511240292156778,71.02375267253545,71.02375267253545
q2,s3,5,C,0.0011610354406645753,0.0024500695794166596,111.0245297950804,111.0245297950804
q2,base,5,T,6.506670951843262,12.020483216550932,84.74091137412863,84.74091137412863
q2,base,5,C,0.00418970134798812,0.007612848967976124,81.70385752272745,81.70385752272745
q2,s3,5,decision,1.0,1.0,0.0,0.0
q2,s3,6,T,3.855639934539795,6.5068921275964,68.76296122223496,68.76296122223496
q2,s3,6,C,0.00116872138643147,0.002449929421685914,109.6247617378199,109.6247617378199
q2,base,6,T,6.5726940631866455,12.033553011226449,83.08402757745596,83.08402757745596
q2,base,6,C,0.004194575894771052,0.007613269366336913,81.50272059274444,81.50272059274444
q2,s3,6,decision,1.0,1.0,0.0,0.0
q2,s3,7,T,3.923456907272339,6.558300972695611,67.15618720163454,67.15618720163454
q2,s3,7,C,0.001177940847573998,0.002451764469872028,108.1398632980175,108.1398632980175
q2,base,7,T,6.589375972747803,12.070890164377886,83.18715177735206,83.18715177735206
q2,base,7,C,0.004190806242195797,0.0076147220690797315,81.7006472981188,81.7006472981188
q2,s3,7,decision,1.0,1.0,0.0,0.0
q2,s3,8,T,3.9021241664886475,6.559706481330781,68.10604177246303,68.10604177246303
q2,s3,8,C,0.0011854622399051296,0.0024518133760412816,106.8234055466411,106.8234055466411
q2,base,8,T,6.528584003448486,12.070148889877137,84.88157437357812,84.88157437357812
q2,base,8,C,0.004205374879027914,0.0076146599943351274,81.06970753806567,81.06970753806567
q2,s3,8,decision,1.0,1.0,0.0,0.0
q2,s3,9,T,3.9355599880218506,6.555003367585916,66.5583395383763,66.5583395383763
q2,s3,9,C,0.001197362203983473,0.0024516610265039674,104.7551708536983,104.7551708536983
q2,base,9,T,6.4985129833221436,12.06549736718196,85.665511450804,85.665511450804
q2,base,9,C,0.004176616212073788,0.007614481975783737,82.31222571448497,82.31222571448497
q2,s3,9,decision,1.0,1.0,0.0,0.0
q2,s3,10,T,3.8708739280700684,6.511229200904345,68.210830987996,68.210830987996
q2,s3,10,C,0.0011858250883951958,0.002450051330527838,106.61152766160046,106.61152766160046
q2,base,10,T,6.486756086349487,12.03525154158041,85.53574978573637,85.53574978573637
q2,base,10,C,0.004154151460510088,0.007613433161706239,83.27288338137255,83.27288338137255
q2,s3,10,decision,1.0,1.0,0.0,0.0
q2,s3,11,T,3.8954319953918457,6.5203734594410045,67.38511844525509,67.38511844525509
q2,s3,11,C,0.0011989476379443155,0.0024503696900107994,104.37670607635039,104.37670607635039
q2,base,11,T,6.560828924179077,12.035320479479338,83.44207139931264,83.44207139931264
q2,base,11,C,0.004222403699476711,0.0076134358387007234,80.31046722615054,80.31046722615054
q2,s3,11,decision,1.0,1.0,0.0,0.0
q2,s3,12,T,3.9245920181274414,6.519055672491582,66.1078563677569,66.1078563677569
q2,s3,12,C,0.0012072079689446496,0.0024503340209194734,102.97530201540783,102.97530201540783
q2,base,12,T,6.648823022842407,12.036635997587496,81.03408612674683,81.03408612674683
q2,base,12,C,0.0042580167767292095,0.007613514360465573,78.80423586104057,78.80423586104057
q2,s3,12,decision,1.0,1.0,0.0,0.0
q2,s3,13,T,3.8146119117736816,6.534009291518909,71.28896576220221,71.28896576220221
q2,s3,13,C,0.0011732688924258263,0.0024509554789526673,108.89972407647517,108.89972407647517
q2,base,13,T,6.6803879737854,12.047187387637093,80.33664264578078,80.33664264578078
q2,base,13,C,0.004257102342953966,0.007613826523248056,78.84997610757199,78.84997610757199
q2,s3,13,decision,1.0,1.0,0.0,0.0
q2,s3,14,T,3.972033977508545,6.540791627871802,64.67108954527394,64.67108954527394
q2,s3,14,C,0.0011781706587478758,0.002451165784932378,108.04844924057124,108.04844924057124
q2,base,14,T,6.761094093322754,12.047984887798048,78.19578786363319,78.19578786363319
q2,base,14,C,0.004266663010187392,0.007613894694369445,78.45080982936692,78.45080982936692
q2,s3,14,decision,1.0,1.0,0.0,0.0
q2,s3,15,T,3.9014101028442383,6.540077216975483,67.63367717245572,67.63367717245572
q2,s3,15,C,0.0011799314811389346,0.0024511578432657227,107.73730360170835,107.73730360170835
q2,base,15,T,6.87281608581543,12.046117004717896,75.27192426375944,75.27192426375944
q2,base,15,C,0.004315610299061871,0.0076138075778748445,76.42481712331481,76.42481712331481
q2,s3,15,decision,1.0,1.0,0.0,0.0
q2,nfs,1,T,3.2189629077911377,6.482660607944533,101.38972686681112,101.38972686681112
q2,nfs,1,C,0.00070858983557047,0.0019739161405682836,178.56963810088064,178.56963810088064
q2,nfs,1,decision,1.0,1.0,0.0,0.0
q2,nfs,2,T,3.1758480072021484,6.4963725918203785,104.55552586546919,104.55552586546919
q2,nfs,2,C,0.0006935936128825626,0.0019743733477997102,184.65852498183338,184.65852498183338
q2,nfs,2,decision,1.0,1.0,0.0,0.0
q2,nfs,3,T,3.1900429725646973,6.488900481617801,103.41106804592424,103.41106804592424
q2,nfs,3,C,0.0006984456042924901,0.0019741242009082686,182.64537549892847,182.64537549892847
q2,nfs,3,decision,1.0,1.0,0.0,0.0
q2,nfs,4,T,3.159541130065918,6.470040492650892,104.77785305855176,104.77785305855176
q2,nfs,4,C,0.0006940050708639123,0.0019735148857348093,184.3660613715885,184.3660613715885
q2,nfs,4,decision,1.0,1.0,0.0,0.0
q2,nfs,5,T,3.1014299392700195,6.468142423608056,108.55355594879101,108.55355594879101
q2,nfs,5,C,0.0006885826776242166,0.0019734516030258677,186.59617314724966,186.59617314724966
q2,nfs,5,decision,1.0,1.0,0.0,0.0
q2,nfs,6,T,3.1997759342193604,6.467052681662361,102.10954812497232,102.10954812497232
q2,nfs,6,C,0.0007103602140068357,0.0019734152654971035,177.80486949936548,177.80486949936548
q2,nfs,6,decision,1.0,1.0,0.0,0.0
q2,nfs,7,T,3.096463918685913,6.508886696302492,110.20386050759323,110.20386050759323
q2,nfs,7,C,0.0006888160710247512,0.00197486174777854,186.70378506711373,186.70378506711373
q2,nfs,7,decision,1.0,1.0,0.0,0.0
q2,nfs,8,T,3.1776840686798096,6.512492177586562,104.94460861529956,104.94460861529956
q2,nfs,8,C,0.0007172616538944081,0.001974981966411766,175.35027917476174,175.35027917476174
q2,nfs,8,decision,1.0,1.0,0.0,0.0
q2,nfs,9,T,3.125404119491577,6.5171769869250795,108.52269779388581,108.52269779388581
q2,nfs,9,C,0.0006865630397256511,0.001975138172078946,187.6848967675578,187.6848967675578
q2,nfs,9,decision,1.0,1.0,0.0,0.0
q2,nfs,10,T,3.127793073654175,6.483659496911664,107.29182986957824,107.29182986957824
q2,nfs,10,C,0.0007121813771063357,0.001973937861931231,177.16785714778703,177.16785714778703
q2,nfs,10,decision,1.0,1.0,0.0,0.0
q2,nfs,11,T,3.1417269706726074,6.466528575802117,105.82719746705769,105.82719746705769
q2,nfs,11,C,0.00070388094519054,0.0019733666666619377,180.355176560114,180.355176560114
q2,nfs,11,decision,1.0,1.0,0.0,0.0
q2,nfs,12,T,3.1220288276672363,6.481543932974559,107.60679323443452,107.60679323443452
q2,nfs,12,C,0.0007199797034360652,0.0019738673230799623,174.15596768350338,174.15596768350338
q2,nfs,12,decision,1.0,1.0,0.0,0.0
q2,nfs,13,T,3.072695016860962,6.496927584074176,111.440691263638,111.440691263638
q2,nfs,13,C,0.0006883170824128121,0.001974462989890638,186.8536958242264,186.8536958242264
q2,nfs,13,decision,1.0,1.0,0.0,0.0
q2,nfs,14,T,3.1174428462982178,6.501160422427706,108.54144704360678,108.54144704360678
q2,nfs,14,C,0.0006951878041283827,0.0019746041289840726,184.038948505405,184.038948505405
q2,nfs,14,decision,1.0,1.0,0.0,0.0
q2,nfs,15,T,3.129119873046875,6.4950135197758305,107.5667850158623,107.5667850158623
q2,nfs,15,C,0.0006992343791861475,0.001974399165041638,182.36585954764973,182.36585954764973
q2,nfs,15,decision,1.0,1.0,0.0,0.0
q3,s3,1,T,14.153686046600342,21.040609820872607,48.658164040076876,48.658164040076876
q3,s3,1,C,0.01883220433363984,0.022552537182010345,19.75516398643201,19.75516398643201
q3,base,1,T,20.056087970733643,14.293756802218143,-28.731082437033788,28.731082437033788
q3,base,1,C,0.048860660767234,0.04994231447162107,2.2137516918568347,2.2137516918568347
q3,s3,1,decision,1.0,0.0,1.0,1.0
q3,s3,2,T,15.302409172058105,22.451835914523432,46.720922582046995,46.720922582046995
q3,s3,2,C,0.017640802189833892,0.02170994896077148,23.066676487549813,23.066676487549813
q3,base,2,T,18.8053719997406,14.29690837469646,-23.974338955413003,23.974338955413003
q3,base,2,C,0.046882513058208806,0.04994337069351034,6.5287831979083695,6.5287831979083695
q3,s3,2,decision,1.0,0.0,1.0,1.0
q3,s3,3,T,14.550644874572754,21.047782951911095,44.65189091853989,44.65189091853989
q3,s3,3,C,0.018620676816756977,0.022556782599597293,21.138360445084174,21.138360445084174
q3,base,3,T,18.703705072402954,14.292537610100029,-23.584457973578395,23.584457973578395
q3,base,3,C,0.04697437494001783,0.04993987939356614,6.3130258940858734,6.3130258940858734
q3,s3,3,decision,1.0,0.0,1.0,1.0
q3,s3,4,T,14.973790884017944,22.285047107267143,48.82702236113609,48.82702236113609
q3,s3,4,C,0.017735750972229472,0.021619848362672063,21.899819164828635,21.899819164828635
q3,base,4,T,18.468808889389038,14.014055687367957,-24.120414200509103,24.120414200509103
q3,base,4,C,0.04651007167971992,0.05002779909058152,7.563366995186673,7.563366995186673
q3,s3,4,decision,1.0,0.0,1.0,1.0
q3,s3,5,T,15.77212405204773,22.287240055583077,41.3077907708282,41.3077907708282
q3,s3,5,C,0.017765029904737942,0.02162192606323471,21.71060887135422,21.71060887135422
q3,base,5,T,18.68133807182312,14.242522412542439,-23.76069445462102,23.76069445462102
q3,base,5,C,0.046975924098872045,0.05001252423267361,6.464162636610017,6.464162636610017
q3,s3,5,decision,1.0,0.0,1.0,1.0
q3,s3,6,T,14.937422037124634,22.287679008590295,49.206998056276,49.206998056276
q3,s3,6,C,0.017651724201949454,0.021617570114183908,22.467187153289345,22.467187153289345
q3,base,6,T,18.853184938430786,14.244781534924595,-24.44363336251113,24.44363336251113
q3,base,6,C,0.0471863940655293,0.05001333030876838,5.990998674985049,5.990998674985049
q3,s3,6,decision,1.0,0.0,1.0,1.0
q3,s3,7,T,15.326167106628418,22.647067547833316,47.767327540352085,47.767327540352085
q3,s3,7,C,0.01774366608749557,0.021802743259111825,22.87620355117476,22.87620355117476
q3,base,7,T,18.644285917282104,14.148591714417503,-24.11298680362636,24.11298680362636
q3,base,7,C,0.04750303197696785,0.050067455601878204,5.398441990300184,5.398441990300184
q3,s3,7,decision,1.0,0.0,1.0,1.0
q3,s3,8,T,15.747200965881348,22.653711923579102,43.85865762850006,43.85865762850006
q3,s3,8,C,0.018084439844734186,0.02181264376504013,20.61553441696189,20.61553441696189
q3,base,8,T,18.89056897163391,14.325404868384474,-24.166366349814503,24.166366349814503
q3,base,8,C,0.04755517450750739,0.05001936309794426,5.18174649963246,5.18174649963246
q3,s3,8,decision,1.0,0.0,1.0,1.0
q3,s3,9,T,14.261756181716919,21.218597401494947,48.77969536946971,48.77969536946971
q3,s3,9,C,0.01895107779642598,0.022668424181049984,19.615487966204558,19.615487966204558
q3,base,9,T,18.853057861328125,14.169670610071792,-24.841525898369074,24.841525898369074
q3,base,9,C,0.0468014955259316,0.050022648255508256,6.8825850400269575,6.8825850400269575
q3,s3,9,decision,1.0,0.0,1.0,1.0
q3,s3,10,T,15.777291059494019,22.69509432285033,43.846584545282305,43.846584545282305
q3,s3,10,C,0.018165027661806134,0.0218390331985273,20.225708460913303,20.225708460913303
q3,base,10,T,19.068814992904663,14.374904104473961,-24.615640196715237,24.615640196715237
q3,base,10,C,0.046873634233786564,0.05001283990431649,6.6971672281113355,6.6971672281113355
q3,s3,10,decision,1.0,0.0,1.0,1.0
q3,s3,11,T,16.57901883125305,22.74147807939914,37.17022889514582,37.17022889514582
q3,s3,11,C,0.018324751500393855,0.021850651943969342,19.24119103879638,19.24119103879638
q3,base,11,T,18.64425492286682,14.380351413730708,-22.86979837368839,22.86979837368839
q3,base,11,C,0.047260751527343076,0.049957236909278016,5.7055490968544325,5.7055490968544325
q3,s3,11,decision,1.0,0.0,1.0,1.0
q3,s3,12,T,14.11995792388916,21.277070426431884,50.68791664339032,50.68791664339032
q3,s3,12,C,0.018504501287174683,0.022709102909542995,22.722047771600774,22.722047771600774
q3,base,12,T,18.79894995689392,14.372637969988116,-23.54552779307014,23.54552779307014
q3,base,12,C,0.04728396190101289,0.04995299813641658,5.6446966965061245,5.6446966965061245
q3,s3,12,decision,1.0,0.0,1.0,1.0
q3,s3,13,T,15.022804021835327,22.561043188594493,50.1786427873418,50.1786427873418
q3,s3,13,C,0.017913242405624304,0.021747540178276823,21.404822677153334,21.404822677153334
q3,base,13,T,19.21192193031311,14.334215670046426,-25.38895524330912,25.38895524330912
q3,base,13,C,0.04759122744060274,0.049941092313869166,4.937600897558745,4.937600897558745
q3,s3,13,decision,1.0,0.0,1.0,1.0
q3,s3,14,T,14.122272968292236,21.133531312521978,49.64681223746089,49.64681223746089
q3,s3,14,C,0.01898290649608981,0.022604919934361603,19.08039445391502,19.08039445391502
q3,base,14,T,18.584223985671997,14.316262445783858,-22.965508504302562,22.965508504302562
q3,base,14,C,0.046656383690524765,0.04993706286252234,7.031576201358777,7.031576201358777
q3,s3,14,decision,1.0,0.0,1.0,1.0
q3,s3,15,T,15.39295220375061,22.53909422889898,46.42476589648057,46.42476589648057
q3,s3,15,C,0.01780055464002303,0.021752460757808508,22.2010279887569,22.2010279887569
q3,base,15,T,19.166795015335083,14.302200569566672,-25.380322802410717,25.380322802410717
q3,base,15,C,0.04749528682667576,0.04998581036166491,5.243727749403437,5.243727749403437
q3,s3,15,decision,1.0,0.0,1.0,1.0
q3,nfs,1,T,14.22307801246643,23.95404911118152,68.4167737123143,68.4167737123143
q3,nfs,1,C,0.012466152257757237,0.017256591667365904,38.42757019615053,38.42757019615053
q3,nfs,1,decision,1.0,0.0,1.0,1.0
q3,nfs,2,T,14.204681158065796,23.95384222468026,68.6334382175036,68.6334382175036
q3,nfs,2,C,0.012176509390039454,0.017256542006960265,41.71994168604958,41.71994168604958
q3,nfs,2,decision,1.0,0.0,1.0,1.0
q3,nfs,3,T,14.135464191436768,23.95402753107678,69.4604945877057,69.4604945877057
q3,nfs,3,C,0.012334919331888758,0.017256595981086042,39.90035537949208,39.90035537949208
q3,nfs,3,decision,1.0,0.0,1.0,1.0
q3,nfs,4,T,14.432218074798584,23.76592767967842,64.67273122194766,64.67273122194766
q3,nfs,4,C,0.012136236467301074,0.01720425832539324,41.759419172055914,41.759419172055914
q3,nfs,4,decision,1.0,0.0,1.0,1.0
q3,nfs,5,T,14.66438603401184,23.735156715635608,61.85578216902826,61.85578216902826
q3,nfs,5,C,0.012293583098598642,0.01719705440854405,39.886429128252765,39.886429128252765
q3,nfs,5,decision,1.0,0.0,1.0,1.0
q3,nfs,6,T,14.641611099243164,23.764486150205478,62.30786345249862,62.30786345249862
q3,nfs,6,C,0.012197036055790568,0.017204211159550783,41.05239240793298,41.05239240793298
q3,nfs,6,decision,1.0,0.0,1.0,1.0
q3,nfs,7,T,13.860413074493408,22.489399763134458,62.25634576880339,62.25634576880339
q3,nfs,7,C,0.012904114039513631,0.017718189710768523,37.306518343791225,37.306518343791225
q3,nfs,7,decision,1.0,0.0,1.0,1.0
q3,nfs,8,T,15.404722929000854,22.511339892171797,46.132715245348955,46.132715245348955
q3,nfs,8,C,0.012738274093666473,0.017725506879184685,39.151558121974205,39.151558121974205
q3,nfs,8,decision,1.0,0.0,1.0,1.0
q3,nfs,9,T,14.240296125411987,24.121803471205205,69.39116475365665,69.39116475365665
q3,nfs,9,C,0.012768545409145822,0.017302718577936995,35.5104910034893,35.5104910034893
q3,nfs,9,decision,1.0,0.0,1.0,1.0
q3,nfs,10,T,14.021152973175049,22.602520689127168,61.203010425532035,61.203010425532035
q3,nfs,10,C,0.013225252155302241,0.017758388933211175,34.276373143415015,34.276373143415015
q3,nfs,10,decision,1.0,0.0,1.0,1.0
q3,nfs,11,T,15.07076907157898,24.218082725696764,60.69573231911656,60.69573231911656
q3,nfs,11,C,0.01248058638606042,0.01733033590828473,38.85834665301465,38.85834665301465
q3,nfs,11,decision,1.0,0.0,1.0,1.0
q3,nfs,12,T,14.491697072982788,24.253541392411183,67.36163659967494,67.36163659967494
q3,nfs,12,C,0.012658761888462718,0.017338101334625072,36.9652220919578,36.9652220919578
q3,nfs,12,decision,1.0,0.0,1.0,1.0
q3,nfs,13,T,14.64016079902649,24.03770214218701,64.19015113403275,64.19015113403275
q3,nfs,13,C,0.012929863709464194,0.017279274948180066,33.63849253517081,33.63849253517081
q3,nfs,13,decision,1.0,0.0,1.0,1.0
q3,nfs,14,T,13.834892988204956,24.06853350291663,73.96978439541559,73.96978439541559
q3,nfs,14,C,0.01217862917918359,0.017286849383788525,41.94413122731578,41.94413122731578
q3,nfs,14,decision,1.0,0.0,1.0,1.0
q3,nfs,15,T,14.260118007659912,24.0723620435932,68.80899604521208,68.80899604521208
q3,nfs,15,C,0.012508752552854127,0.017286980882833734,38.19907948286463,38.19907948286463
q3,nfs,15,decision,1.0,0.0,1.0,1.0
q4,s3,1,T,7.155143976211548,13.449328716025729,87.96726887313844,87.96726887313844
q4,s3,1,C,0.004123595521351212,0.008971157079424858,117.55666948840815,117.55666948840815
q4,base,1,T,6.582736015319824,9.021340404215067,37.04545318572619,37.04545318572619
q4,base,1,C,0.006260408144317297,0.010776413511231656,72.13595763742067,72.13595763742067
q4,s3,1,decision,0.0,0.0,0.0,0.0
q4,s3,2,T,7.053310871124268,13.449249528623287,90.67994838684226,90.67994838684226
q4,s3,2,C,0.004068267119500822,0.00897115395181885,120.51536165893685,120.51536165893685
q4,base,2,T,6.626373052597046,9.022003982189112,36.152974041405,36.152974041405
q4,base,2,C,0.006268644892480217,0.010777240114219494,71.92296419833461,71.92296419833461
q4,s3,2,decision,0.0,0.0,0.0,0.0
q4,s3,3,T,7.132720947265625,13.449360951224595,88.5586307197465,88.5586307197465
q4,s3,3,C,0.004090693743343983,0.008971158236424364,119.30652352113731,119.30652352113731
q4,base,3,T,6.53687310218811,9.266033049362361,41.75023599984999,41.75023599984999
q4,base,3,C,0.00609146660326764,0.010703706753371678,75.71641528215713,75.71641528215713
q4,s3,3,decision,0.0,0.0,0.0,0.0
q4,s3,4,T,7.225902080535889,13.608049953287669,88.32319898083183,88.32319898083183
q4,s3,4,C,0.004118116984593231,0.008981015747230281,118.08549346291541,118.08549346291541
q4,base,4,T,6.4972169399261475,9.046470679877261,39.236087751444096,39.236087751444096
q4,base,4,C,0.0062381564210081866,0.010811568255035832,73.31351645216533,73.31351645216533
q4,s3,4,decision,0.0,0.0,0.0,0.0
q4,s3,5,T,7.436462163925171,13.608084564842585,82.9913776857013,82.9913776857013
q4,s3,5,C,0.004153248019287323,0.008981016980154128,116.24080571271125,116.24080571271125
q4,base,5,T,6.645758152008057,9.045174177699028,36.10447402402047,36.10447402402047
q4,base,5,C,0.0062672472767073785,0.010810326927992239,72.48923571548714,72.48923571548714
q4,s3,5,decision,0.0,0.0,0.0,0.0
q4,s3,6,T,7.243329048156738,13.608065690034254,87.87032315613489,87.87032315613489
q4,s3,6,C,0.004079660541939525,0.008981016216917437,120.14126235727794,120.14126235727794
q4,base,6,T,6.698714017868042,9.28992464854757,38.68221010432413,38.68221010432413
q4,base,6,C,0.006138130663332545,0.010735412467236128,74.89709906904464,74.89709906904464
q4,s3,6,decision,0.0,0.0,0.0,0.0
q4,s3,7,T,7.385648012161255,13.552480795407721,83.4975180660129,83.4975180660129
q4,s3,7,C,0.004106133120105938,0.008976952821341833,118.62303434308113,118.62303434308113
q4,base,7,T,6.517007112503052,9.2813301236458,42.41706297725717,42.41706297725717
q4,base,7,C,0.006067403590416958,0.010720599131333794,76.6917095850725,76.6917095850725
q4,s3,7,decision,0.0,0.0,0.0,0.0
q4,s3,8,T,7.442577838897705,13.553137227890561,82.10272732462104,82.10272732462104
q4,s3,8,C,0.004133660871676493,0.008977374705757475,117.17733951688474,117.17733951688474
q4,base,8,T,6.513304948806763,9.03662140502405,38.740953725490144,38.740953725490144
q4,base,8,C,0.006196883170031889,0.010794905552392152,74.19895221837145,74.19895221837145
q4,s3,8,decision,0.0,0.0,0.0,0.0
q4,s3,9,T,7.1183021068573,13.553124474250026,90.39827575165495,90.39827575165495
q4,s3,9,C,0.004096381245553925,0.008977374375063374,119.15378078656902,119.15378078656902
q4,base,9,T,6.687748908996582,9.281309860670728,38.78077641618993,38.78077641618993
q4,base,9,C,0.006076498203894254,0.01072059786141873,76.42723657102711,76.42723657102711
q4,s3,9,decision,0.0,0.0,0.0,0.0
q4,s3,10,T,7.233108043670654,13.610614651537585,88.171040296399,88.171040296399
q4,s3,10,C,0.0040688744354800245,0.00898113031323891,120.72763501681673,120.72763501681673
q4,base,10,T,6.465428829193115,9.290313866468018,43.69215270795036,43.69215270795036
q4,base,10,C,0.00606890500655034,0.010735182737205038,76.88829740485727,76.88829740485727
q4,s3,10,decision,0.0,0.0,0.0,0.0
q4,s3,11,T,7.255635976791382,13.610583647869568,87.5863630894076,87.5863630894076
q4,s3,11,C,0.0040552590228478125,0.008981128975387392,121.46868855445834,121.46868855445834
q4,base,11,T,6.477859973907471,9.045572427510168,39.638282765378186,39.638282765378186
q4,base,11,C,0.006111017751924294,0.010809698685712073,76.88868081438996,76.88868081438996
q4,s3,11,decision,0.0,0.0,0.0,0.0
q4,s3,12,T,7.398226022720337,13.61062900170729,83.97152182034368,83.97152182034368
q4,s3,12,C,0.004055880809493624,0.008981130890495381,121.43478352404233,121.43478352404233
q4,base,12,T,6.5739970207214355,9.046217694112825,37.60605101582607,37.60605101582607
q4,base,12,C,0.006229588916779787,0.010810528489495227,73.53518239985938,73.53518239985938
q4,s3,12,decision,0.0,0.0,0.0,0.0
q4,s3,13,T,7.1322619915008545,13.554117919852045,90.0395405553495,90.0395405553495
q4,s3,13,C,0.004129911658443196,0.008977419305465258,117.3755772017983,117.3755772017983
q4,base,13,T,6.610298156738281,9.037379716863462,36.71667302406183,36.71667302406183
q4,base,13,C,0.0061747162562253485,0.010795372134872283,74.83187383692959,74.83187383692959
q4,s3,13,decision,0.0,0.0,0.0,0.0
q4,s3,14,T,7.152985095977783,13.554077379902251,89.48840516281638,89.48840516281638
q4,s3,14,C,0.0041020994574875,0.00897741762114062,118.84934078705176,118.84934078705176
q4,base,14,T,6.604285001754761,9.036722516091238,36.831201465263504,36.831201465263504
q4,base,14,C,0.006184204460200963,0.01079454140198615,74.55020239798749,74.55020239798749
q4,s3,14,decision,0.0,0.0,0.0,0.0
q4,s3,15,T,7.215853929519653,13.553419134670229,87.82834668013375,87.82834668013375
q4,s3,15,C,0.004110373412563648,0.00897699561916522,118.3985423739458,118.3985423739458
q4,base,15,T,6.4629130363464355,9.037344614558306,39.833919530305614,39.833919530305614
q4,base,15,C,0.006176395137612212,0.010795366654489338,74.78426191920772,74.78426191920772
q4,s3,15,decision,0.0,0.0,0.0,0.0
q4,nfs,1,T,6.612756967544556,14.023300813363111,112.06436108554331,112.06436108554331
q4,nfs,1,C,0.0036091953947216503,0.008531524471413704,136.3830033666458,136.3830033666458
q4,nfs,1,decision,0.0,0.0,0.0,0.0
q4,nfs,2,T,6.528136968612671,14.02333725625004,114.81377188735998,114.81377188735998
q4,nfs,2,C,0.0037333851716349867,0.008531525686688132,128.51983640766065,128.51983640766065
q4,nfs,2,decision,1.0,0.0,1.0,1.0
q4,nfs,3,T,6.4428489208221436,14.023342869878142,117.65748416911018,117.65748416911018
q4,nfs,3,C,0.003608376429366142,0.008531525873910865,136.43669226077776,136.43669226077776
q4,nfs,3,decision,1.0,0.0,1.0,1.0
q4,nfs,4,T,6.605970144271851,14.204263842334548,115.02161729645883,115.02161729645883
q4,nfs,4,C,0.0035988482403885406,0.00853756061694009,137.23035945573395,137.23035945573395
q4,nfs,4,decision,0.0,0.0,0.0,0.0
q4,nfs,5,T,6.687281847000122,14.20432540738887,112.40805655231733,112.40805655231733
q4,nfs,5,C,0.0036737913088407317,0.00853756267006887,132.3910628653239,132.3910628653239
q4,nfs,5,decision,0.0,0.0,0.0,0.0
q4,nfs,6,T,6.695328950881958,14.204256589948285,112.15173584678308,112.15173584678308
q4,nfs,6,C,0.0036829174502609413,0.008537560375027323,131.81514357381053,131.81514357381053
q4,nfs,6,decision,1.0,0.0,1.0,1.0
q4,nfs,7,T,6.589789152145386,14.141898030591793,114.6031944889728,114.6031944889728
q4,nfs,7,C,0.0036960301205178443,0.008535480354923077,130.93643927683104,130.93643927683104
q4,nfs,7,decision,0.0,0.0,0.0,0.0
q4,nfs,8,T,6.588815927505493,14.141928954091336,114.63536255512649,114.63536255512649
q4,nfs,8,C,0.003633864675426237,0.00853548138630656,134.88715592595324,134.88715592595324
q4,nfs,8,decision,0.0,0.0,0.0,0.0
q4,nfs,9,T,6.558104038238525,14.141889201093091,115.63990321952156,115.63990321952156
q4,nfs,9,C,0.0035980152094114855,0.008535480060471917,137.2274591320595,137.2274591320595
q4,nfs,9,decision,1.0,0.0,1.0,1.0
q4,nfs,10,T,6.454493999481201,14.20718859462852,120.11312731517705,120.11312731517705
q4,nfs,10,C,0.003586404361792907,0.008537658174908744,138.05620654110004,138.05620654110004
q4,nfs,10,decision,1.0,0.0,1.0,1.0
q4,nfs,11,T,6.437977075576782,14.20723286894019,120.67852529076232,120.67852529076232
q4,nfs,11,C,0.0036036152949968643,0.008537659651424216,136.9192866751789,136.9192866751789
q4,nfs,11,decision,1.0,0.0,1.0,1.0
q4,nfs,12,T,6.499905109405518,14.207245726788942,118.57620207763833,118.57620207763833
q4,nfs,12,C,0.0036090583394680124,0.008537660080192341,136.5619859015862,136.5619859015862
q4,nfs,12,decision,1.0,0.0,1.0,1.0
q4,nfs,13,T,6.472835063934326,14.14297331028851,118.49735348720768,118.49735348720768
q4,nfs,13,C,0.0035464307019818404,0.00853551621959843,140.67906401860765,140.67906401860765
q4,nfs,13,decision,1.0,0.0,1.0,1.0
q4,nfs,14,T,6.50941801071167,14.143014559537914,117.2700314569546,117.2700314569546
q4,nfs,14,C,0.0035753119363671074,0.008535517595511308,138.73490614036578,138.73490614036578
q4,nfs,14,decision,1.0,0.0,1.0,1.0
q4,nfs,15,T,6.4243080615997314,14.143000874785567,120.14823603063311,120.14823603063311
q4,nfs,15,C,0.003591099997993303,0.008535517139091472,137.68530934424263,137.68530934424263
q4,nfs,15,decision,1.0,0.0,1.0,1.0
q5,s3,1,T,33.64669585227966,13.721169912506946,-59.21985929094641,59.21985929094641
q5,s3,1,C,0.0878106368535208,0.0697907211589625,-20.521335842966025,20.521335842966025
q5,base,1,T,49.97764301300049,17.704218789264214,-64.57572281938369,64.57572281938369
q5,base,1,C,0.16349455456008996,0.1447522242368053,-11.463580774120638,11.463580774120638
q5,s3,1,decision,1.0,1.0,0.0,0.0
q5,s3,2,T,32.97724795341492,13.731031120290822,-58.362107293829155,58.362107293829155
q5,s3,2,C,0.08624092114082563,0.06980369247544199,-19.05966268442651,19.05966268442651
q5,base,2,T,50.8896369934082,17.881800108624173,-64.86160805010176,64.86160805010176
q5,base,2,C,0.16503259843791093,0.14486127529096063,-12.222629551905904,12.222629551905904
q5,s3,2,decision,1.0,1.0,0.0,0.0
q5,s3,3,T,32.928585052490234,13.726905382752015,-58.31310285312756,58.31310285312756
q5,s3,3,C,0.08642685971396369,0.06979825852455478,-19.24008490467262,19.24008490467262
q5,base,3,T,51.63114905357361,17.70733542069369,-65.70416164412654,65.70416164412654
q5,base,3,C,0.16747992546731535,0.14492846155972988,-13.465174315465358,13.465174315465358
q5,s3,3,decision,1.0,1.0,0.0,0.0
q5,s3,4,T,32.79719686508179,13.744480101486792,-58.09251577801719,58.09251577801719
q5,s3,4,C,0.08669072780658096,0.06993921308101246,-19.32330613597276,19.32330613597276
q5,base,4,T,50.2350389957428,17.734512208391784,-64.69692755708877,64.69692755708877
q5,base,4,C,0.1646726062479963,0.14493030450769875,-11.988819628302783,11.988819628302783
q5,s3,4,decision,1.0,1.0,0.0,0.0
q5,s3,5,T,34.39622116088867,13.759279729831794,-59.99769955695823,59.99769955695823
q5,s3,5,C,0.08858578720874055,0.06996749044776791,-21.017250450234318,21.017250450234318
q5,base,5,T,50.64934802055359,17.745664167509723,-64.96368687646581,64.96368687646581
q5,base,5,C,0.1653731377405182,0.14514766631371134,-12.23020358877269,12.23020358877269
q5,s3,5,decision,1.0,1.0,0.0,0.0
q5,s3,6,T,35.07818603515625,13.77055848392302,-60.74324233835292,60.74324233835292
q5,s3,6,C,0.09061696471017959,0.0699828969073772,-22.77064550638654,22.77064550638654
q5,base,6,T,50.34888696670532,17.737670312062882,-64.77048177094275,64.77048177094275
q5,base,6,C,0.16456875927788028,0.14495732505215508,-11.916863389977065,11.916863389977065
q5,s3,6,decision,1.0,1.0,0.0,0.0
q5,s3,7,T,32.78228211402893,13.729350774040938,-58.119600318595374,58.119600318595374
q5,s3,7,C,0.08623384982289882,0.06980501252703461,-19.051494662020346,19.051494662020346
q5,base,7,T,51.16339612007141,17.70000923030911,-65.40493678572406,65.40493678572406
q5,base,7,C,0.1664325496556605,0.14503075154931958,-12.859142127318268,12.859142127318268
q5,s3,7,decision,1.0,1.0,0.0,0.0
q5,s3,8,T,33.147911071777344,13.703589350183604,-58.65926718425687,58.65926718425687
q5,s3,8,C,0.08573789621020357,0.06975970665144945,-18.63608773369059,18.63608773369059
q5,base,8,T,51.96224904060364,17.703757709720325,-65.9295776518709,65.9295776518709
q5,base,8,C,0.16871778929518363,0.14488967014023135,-14.12306269214049,14.12306269214049
q5,s3,8,decision,1.0,1.0,0.0,0.0
q5,s3,9,T,33.34177017211914,13.728599560496471,-58.82462301903659,58.82462301903659
q5,s3,9,C,0.08714372210898744,0.0698059351338812,-19.89562363818074,19.89562363818074
q5,base,9,T,50.75259208679199,17.702660001248983,-65.11969286026678,65.11969286026678
q5,base,9,C,0.165665696309069,0.14488743101904933,-12.542285912501372,12.542285912501372
q5,s3,9,decision,1.0,1.0,0.0,0.0
q5,s3,10,T,33.42306113243103,13.704006145373539,-58.99835119507865,58.99835119507865
q5,s3,10,C,0.08719472399960884,0.06975764373829177,-19.997861638274465,19.997861638274465
q5,base,10,T,52.6556670665741,17.705750377110046,-66.37446382604145,66.37446382604145
q5,base,10,C,0.1694304826045747,0.14491642351423856,-14.468505733734032,14.468505733734032
q5,s3,10,decision,1.0,1.0,0.0,0.0
q5,s3,11,T,34.826495885849,13.702153220163883,-60.655952108775146,60.655952108775146
q5,s3,11,C,0.09110232061295347,0.06975481885750918,-23.432445641136574,23.432445641136574
q5,base,11,T,52.37850308418274,17.698171005507245,-66.2110026759208,66.2110026759208
q5,base,11,C,0.1693460622411074,0.14489848362114183,-14.436461229997896,14.436461229997896
q5,s3,11,decision,1.0,1.0,0.0,0.0
q5,s3,12,T,34.84921193122864,13.704694212704855,-60.67430666796807,60.67430666796807
q5,s3,12,C,0.09082411822006885,0.06975665462560375,-23.195891143603692,23.195891143603692
q5,base,12,T,51.64510416984558,17.69815319657145,-65.73120825089747,65.73120825089747
q5,base,12,C,0.16757718973470184,0.14489560471853027,-13.535007390969914,13.535007390969914
q5,s3,12,decision,1.0,1.0,0.0,0.0
q5,s3,13,T,36.09449887275696,13.721595973340314,-61.98424579403993,61.98424579403993
q5,s3,13,C,0.09357775491664234,0.06978245555278535,-25.428371716177082,25.428371716177082
q5,base,13,T,52.05459499359131,17.699522342911482,-65.99815569578334,65.99815569578334
q5,base,13,C,0.16800573514942332,0.14489455900471515,-13.756182861348886,13.756182861348886
q5,s3,13,decision,1.0,1.0,0.0,0.0
q5,s3,14,T,34.95991897583008,13.729027764682018,-60.72923460099056,60.72923460099056
q5,s3,14,C,0.09099193477346373,0.0697952700410087,-23.29510278600723,23.29510278600723
q5,base,14,T,49.64884305000305,17.70029156401974,-64.34903519062233,64.34903519062233
q5,base,14,C,0.16273036850064948,0.14489374884480816,-10.9608426627327,10.9608426627327
q5,s3,14,decision,1.0,1.0,0.0,0.0
q5,s3,15,T,34.84173798561096,13.739663564237896,-60.565504597066486,60.565504597066486
q5,s3,15,C,0.09144943973467981,0.06981680680651228,-23.655293013199202,23.655293013199202
q5,base,15,T,50.37678599357605,17.70818095041404,-64.84852973218229,64.84852973218229
q5,base,15,C,0.165099271124957,0.14494137304911858,-12.209562124948283,12.209562124948283
q5,s3,15,decision,1.0,1.0,0.0,0.0
q5,nfs,1,T,34.715261936187744,13.980046808582562,-59.729392696848585,59.729392696848585
q5,nfs,1,C,0.06479104805279678,0.037965614369371674,-41.4029939160201,41.4029939160201
q5,nfs,1,decision,1.0,1.0,0.0,0.0
q5,nfs,2,T,36.07049584388733,13.963258868726811,-61.288974431736044,61.288974431736044
q5,nfs,2,C,0.0687916187424486,0.03792574451373042,-44.868655212603784,44.868655212603784
q5,nfs,2,decision,1.0,1.0,0.0,0.0
q5,nfs,3,T,36.86393618583679,13.932653417881301,-62.20519331510166,62.20519331510166
q5,nfs,3,C,0.07049627350838293,0.03785242314268693,-46.305781484767735,46.305781484767735
q5,nfs,3,decision,1.0,1.0,0.0,0.0
q5,nfs,4,T,36.963322162628174,14.017846346339459,-62.0763353340782,62.0763353340782
q5,nfs,4,C,0.07110297825567241,0.03798790550200906,-46.57339757919566,46.57339757919566
q5,nfs,4,decision,1.0,1.0,0.0,0.0
q5,nfs,5,T,38.206778049468994,13.998934600748441,-63.36007557972295,63.36007557972295
q5,nfs,5,C,0.07302592880287857,0.037942652172313414,-48.04221898398125,48.04221898398125
q5,nfs,5,decision,1.0,1.0,0.0,0.0
q5,nfs,6,T,36.95364284515381,13.998840164609769,-62.11783443578525,62.11783443578525
q5,nfs,6,C,0.0711594698176837,0.03794251609173872,-46.679596982733976,46.679596982733976
q5,nfs,6,decision,1.0,1.0,0.0,0.0
q5,nfs,7,T,35.92493486404419,13.958446782263952,-61.145519581068484,61.145519581068484
q5,nfs,7,C,0.06869273459336363,0.03791907524906144,-44.79900170879966,44.79900170879966
q5,nfs,7,decision,1.0,1.0,0.0,0.0
q5,nfs,8,T,36.4352810382843,13.974625816050336,-61.645346439440054,61.645346439440054
q5,nfs,8,C,0.06935979490793102,0.037957981231201136,-45.273798341550766,45.273798341550766
q5,nfs,8,decision,1.0,1.0,0.0,0.0
q5,nfs,9,T,36.54888916015625,13.977242125992568,-61.75740919308199,61.75740919308199
q5,nfs,9,C,0.06881456741578894,0.03796383986384413,-44.83168130018117,44.83168130018117
q5,nfs,9,decision,1.0,1.0,0.0,0.0
q5,nfs,10,T,38.05883002281189,13.976433182801728,-63.27676606342217,63.27676606342217
q5,nfs,10,C,0.07347127809532951,0.037959294586758195,-48.33451170196639,48.33451170196639
q5,nfs,10,decision,1.0,1.0,0.0,0.0
q5,nfs,11,T,38.58099007606506,13.95778983895077,-63.82210562395617,63.82210562395617
q5,nfs,11,C,0.07320716104108704,0.03791447479609949,-48.20933600359091,48.20933600359091
q5,nfs,11,decision,1.0,1.0,0.0,0.0
q5,nfs,12,T,37.88210988044739,13.979224117505497,-63.09808465889915,63.09808465889915
q5,nfs,12,C,0.07363032414653599,0.03796569061360082,-48.43742567526514,48.43742567526514
q5,nfs,12,decision,1.0,1.0,0.0,0.0
q5,nfs,13,T,37.24709987640381,13.987991485404198,-62.44542116884206,62.44542116884206
q5,nfs,13,C,0.0707666018653416,0.03797378548904774,-46.339396709614164,46.339396709614164
q5,nfs,13,decision,1.0,1.0,0.0,0.0
q5,nfs,14,T,40.33493900299072,13.969126187978748,-65.36718157192955,65.36718157192955
q5,nfs,14,C,0.07793482467064261,0.037928571317258714,-51.33296125634823,51.33296125634823
q5,nfs,14,decision,1.0,1.0,0.0,0.0
q5,nfs,15,T,40.82146692276001,13.96899272463107,-65.78027744308557,65.78027744308557
q5,nfs,15,C,0.07846572670664247,0.03792862123202786,-51.66218064374718,51.66218064374718
q5,nfs,15,decision,1.0,1.0,0.0,0.0
q7,s3,1,T,23.551202058792114,17.80104672582757,-24.415549230184197,24.415549230184197
q7,s3,1,C,0.05096179380482636,0.05474412274509745,7.421891299110599,7.421891299110599
q7,base,1,T,55.3897430896759,25.5683048219657,-53.83927890661876,53.83927890661876
q7,base,1,C,0.2324737048193883,0.26794543174380514,15.25838242736969,15.25838242736969
q7,s3,1,decision,1.0,1.0,0.0,0.0
q7,s3,2,T,23.485602855682373,17.781815486452246,-24.28631448926204,24.28631448926204
q7,s3,2,C,0.05108766430269223,0.054899607026508174,7.461571743093098,7.461571743093098
q7,base,2,T,51.64963698387146,25.52935632231264,-50.572050815604676,50.572050815604676
q7,base,2,C,0.22313987690858425,0.2678412479198878,20.032892206719623,20.032892206719623
q7,s3,2,decision,1.0,1.0,0.0,0.0
q7,s3,3,T,23.8892719745636,17.801428576321833,-25.48358696206345,25.48358696206345
q7,s3,3,C,0.05151572691894486,0.05474893591425221,6.276159123978769,6.276159123978769
q7,base,3,T,51.14689111709595,25.60942309569688,-49.92965840862832,49.92965840862832
q7,base,3,C,0.22776861651556338,0.26787975463174596,17.61047624989275,17.61047624989275
q7,s3,3,decision,1.0,1.0,0.0,0.0
q7,s3,4,T,22.247266054153442,17.809323509057375,-19.948260313394904,19.948260313394904
q7,s3,4,C,0.04914096495727615,0.05475233182394388,11.418918760643654,11.418918760643654
q7,base,4,T,54.93896794319153,25.624139763211513,-53.35889856957704,53.35889856957704
q7,base,4,C,0.2324932295133328,0.26782277964652695,15.195947945300542,15.195947945300542
q7,s3,4,decision,1.0,1.0,0.0,0.0
q7,s3,5,T,22.859086990356445,17.81032819459722,-22.086441150904868,22.086441150904868
q7,s3,5,C,0.0498267361769754,0.05475243414153569,9.885652447844691,9.885652447844691
q7,base,5,T,54.02134394645691,25.59081591061975,-52.62832421202995,52.62832421202995
q7,base,5,C,0.2332285957483582,0.2678866995232679,14.860143398669697,14.860143398669697
q7,s3,5,decision,1.0,1.0,0.0,0.0
q7,s3,6,T,23.798644065856934,17.808781295488355,-25.168924556344873,25.168924556344873
q7,s3,6,C,0.049936310378235635,0.0547522186984079,9.644101223528203,9.644101223528203
q7,base,6,T,54.691449880599976,25.587049302152458,-53.215631770572905,53.215631770572905
q7,base,6,C,0.22909596391853765,0.26612286221787423,16.16217835793156,16.16217835793156
q7,s3,6,decision,1.0,1.0,0.0,0.0
q7,s3,7,T,26.304887056350708,22.23961880536834,-15.454421994946,15.454421994946
q7,s3,7,C,0.06382958566515691,0.06851074893623374,7.333845617663422,7.333845617663422
q7,base,7,T,52.26670002937317,25.253018395521988,-51.684306869708365,51.684306869708365
q7,base,7,C,0.22603204956834066,0.26793249060439256,18.53738932866833,18.53738932866833
q7,s3,7,decision,1.0,1.0,0.0,0.0
q7,s3,8,T,25.89564609527588,22.23987628537426,-14.117314534077357,14.117314534077357
q7,s3,8,C,0.062908977791135,0.06852571085534313,8.928348959756322,8.928348959756322
q7,base,8,T,54.67937707901001,25.505974142211585,-53.35357587311896,53.35357587311896
q7,base,8,C,0.23084390042888414,0.2678841913359386,16.04560087497977,16.04560087497977
q7,s3,8,decision,1.0,1.0,0.0,0.0
q7,s3,9,T,27.25220799446106,22.237685665341086,-18.400425866921175,18.400425866921175
q7,s3,9,C,0.06261187300753442,0.0685033838631507,9.409574530548435,9.409574530548435
q7,base,9,T,52.0121169090271,25.510922318985767,-50.95196305198232,50.95196305198232
q7,base,9,C,0.22516892226768623,0.265887207248533,18.08343912240246,18.08343912240246
q7,s3,9,decision,1.0,1.0,0.0,0.0
q7,s3,10,T,22.766133069992065,17.809215302561437,-21.773209144438844,21.773209144438844
q7,s3,10,C,0.04947215295554856,0.05474514325517508,10.658501772430187,10.658501772430187
q7,base,10,T,56.05496001243591,25.514978375068498,-54.48221108460706,54.48221108460706
q7,base,10,C,0.23710893694103966,0.267852652757885,12.966072141131562,12.966072141131562
q7,s3,10,decision,1.0,1.0,0.0,0.0
q7,s3,11,T,22.966443061828613,17.811968220091074,-22.443505195214737,22.443505195214737
q7,s3,11,C,0.04979465490127625,0.054757963595011686,9.967553151188174,9.967553151188174
q7,base,11,T,53.16727614402771,25.363160941652943,-52.29554195527094,52.29554195527094
q7,base,11,C,0.22917112232070955,0.26800319509453896,16.94457503222703,16.94457503222703
q7,s3,11,decision,1.0,1.0,0.0,0.0
q7,s3,12,T,23.552520990371704,17.814913999809274,-24.36090384085835,24.36090384085835
q7,s3,12,C,0.05044811403449128,0.05475870204888508,8.544596952517713,8.544596952517713
q7,base,12,T,55.87381291389465,25.608488134022558,-54.16728016488336,54.16728016488336
q7,base,12,C,0.23328536201475367,0.2624448706237735,12.49950205070118,12.49950205070118
q7,s3,12,decision,1.0,1.0,0.0,0.0
q7,s3,13,T,25.352271795272827,20.47194008929105,-19.25007646412091,19.25007646412091
q7,s3,13,C,0.05703951502432765,0.05887928130416967,3.225424127567262,3.225424127567262
q7,base,13,T,53.470736026763916,25.57069821351408,-52.178144320446464,52.178144320446464
q7,base,13,C,0.22520432817575478,0.2625172153228171,16.56845916297951,16.56845916297951
q7,s3,13,decision,1.0,1.0,0.0,0.0
q7,s3,14,T,24.829326152801514,20.45107118674714,-17.633402288528767,17.633402288528767
q7,s3,14,C,0.056313124810341064,0.059140856820141266,5.021443969454402,5.021443969454402
q7,base,14,T,50.77646517753601,25.46065971465463,-49.85736083511645,49.85736083511645
q7,base,14,C,0.22549359017859047,0.26795717117643636,18.83139159929771,18.83139159929771
q7,s3,14,decision,1.0,1.0,0.0,0.0
q7,s3,15,T,25.308250188827515,20.474974641476262,-19.097628288363186,19.097628288363186
q7,s3,15,C,0.05720592199615182,0.05892225076369376,3.0002641468787066,3.0002641468787066
q7,base,15,T,51.506245851516724,25.326347858901368,-50.82858896004051,50.82858896004051
q7,base,15,C,0.2249434067229684,0.26791318367229855,19.102483409193706,19.102483409193706
q7,s3,15,decision,1.0,1.0,0.0,0.0
q7,nfs,1,T,25.764147996902466,17.758441019549462,-31.073051506750787,31.073051506750787
q7,nfs,1,C,0.03576407823804665,0.03451342315561706,-3.496958803482069,3.496958803482069
q7,nfs,1,decision,1.0,1.0,0.0,0.0
q7,nfs,2,T,26.263855934143066,17.75844976624079,-32.384453330956745,32.384453330956745
q7,nfs,2,C,0.03589444682145825,0.03451346596210353,-3.847338464982699,3.847338464982699
q7,nfs,2,decision,1.0,1.0,0.0,0.0
q7,nfs,3,T,25.303908824920654,17.758153788695196,-29.820511480795375,29.820511480795375
q7,nfs,3,C,0.03514980014287142,0.03451338562508741,-1.8105779128109025,1.8105779128109025
q7,nfs,3,decision,1.0,1.0,0.0,0.0
q7,nfs,4,T,24.682907104492188,17.76441290968309,-28.029494927483473,28.029494927483473
q7,nfs,4,C,0.03431805948668711,0.03451775248816244,0.5818889659329188,0.5818889659329188
q7,nfs,4,decision,1.0,1.0,0.0,0.0
q7,nfs,5,T,23.91458010673523,17.764804618946343,-25.715590490576428,25.715590490576428
q7,nfs,5,C,0.03340142882547457,0.0345178000709363,3.342285898291571,3.342285898291571
q7,nfs,5,decision,1.0,1.0,0.0,0.0
q7,nfs,6,T,24.132587909698486,17.795035401531184,-26.261387845687057,26.261387845687057
q7,nfs,6,C,0.033898139585725344,0.03445459718427543,1.6415579301715264,1.6415579301715264
q7,nfs,6,decision,1.0,1.0,0.0,0.0
q7,nfs,7,T,30.02737307548523,22.294930892132754,-25.751310858642345,25.751310858642345
q7,nfs,7,C,0.04542959314244729,0.04112351217887596,-9.478581395323856,9.478581395323856
q7,nfs,7,decision,1.0,1.0,0.0,0.0
q7,nfs,8,T,29.44730305671692,22.32576994071049,-24.183990983113173,24.183990983113173
q7,nfs,8,C,0.04315404767887871,0.04100134700939472,-4.988409628461355,4.988409628461355
q7,nfs,8,decision,1.0,1.0,0.0,0.0
q7,nfs,9,T,31.295391082763672,22.294396042677246,-28.7614077621923,28.7614077621923
q7,nfs,9,C,0.047274995356258454,0.04112336173748558,-13.012446796482866,13.012446796482866
q7,nfs,9,decision,1.0,1.0,0.0,0.0
q7,nfs,10,T,26.331907033920288,17.79389105813038,-32.42460170010242,32.42460170010242
q7,nfs,10,C,0.0364522686197567,0.03445193307498214,-5.487547471024614,5.487547471024614
q7,nfs,10,decision,1.0,1.0,0.0,0.0
q7,nfs,11,T,25.53906488418579,17.763453632698994,-30.445951277963918,30.445951277963918
q7,nfs,11,C,0.0344563883238005,0.034515081723542326,0.1703411256869497,0.1703411256869497
q7,nfs,11,decision,1.0,1.0,0.0,0.0
q7,nfs,12,T,26.086169004440308,17.79419099192354,-31.786875302024352,31.786875302024352
q7,nfs,12,C,0.03480983858509461,0.034451927250133,-1.0281901597638123,1.0281901597638123
q7,nfs,12,decision,1.0,1.0,0.0,0.0
q7,nfs,13,T,28.782495975494385,20.544406368086047,-28.621873566567345,28.621873566567345
q7,nfs,13,C,0.0430323012949004,0.03627172185703756,-15.710476164248298,15.710476164248298
q7,nfs,13,decision,1.0,1.0,0.0,0.0
q7,nfs,14,T,28.852626085281372,20.54431034883151,-28.79570030087554,28.79570030087554
q7,nfs,14,C,0.04312278577881125,0.03627418222478666,-15.88163526622093,15.88163526622093
q7,nfs,14,decision,1.0,1.0,0.0,0.0
q7,nfs,15,T,30.607550859451294,20.514101578009885,-32.976990964713714,32.976990964713714
q7,nfs,15,C,0.04621790344262496,0.03636162736719957,-21.325666768205963,21.325666768205963
q7,nfs,15,decision,1.0,1.0,0.0,0.0
q8,s3,1,T,15.464925050735474,13.007676482871066,-15.889172173825356,15.889172173825356
q8,s3,1,C,0.022886181748605277,0.027768199449478604,21.331726517337675,21.331726517337675
q8,base,1,T,107.82707285881042,18.311060329857124,-83.01812351538675,83.01812351538675
q8,base,1,C,0.4301431768320292,0.4105436357075824,-4.5565156394658795,4.5565156394658795
q8,s3,1,decision,1.0,1.0,0.0,0.0
q8,s3,2,T,15.865997791290283,12.745553374362226,-19.667495596407058,19.667495596407058
q8,s3,2,C,0.022840322697023966,0.027820985919088437,21.806448569631804,21.806448569631804
q8,base,2,T,90.97922015190125,19.07312165333576,-79.03573846699192,79.03573846699192
q8,base,2,C,0.378899474026235,0.3893599530879,2.760753122856208,2.760753122856208
q8,s3,2,decision,1.0,1.0,0.0,0.0
q8,s3,3,T,15.69698715209961,13.010329668563164,-17.115752580437587,17.115752580437587
q8,s3,3,C,0.022826966051968607,0.027771500214549348,21.660934490040663,21.660934490040663
q8,base,3,T,95.19511294364929,18.269440337636652,-80.80842621779205,80.80842621779205
q8,base,3,C,0.39826020936908796,0.4105189796630325,3.0780806130154317,3.0780806130154317
q8,s3,3,decision,1.0,1.0,0.0,0.0
q8,s3,4,T,15.542046070098877,13.01915256297272,-16.232698679100668,16.232698679100668
q8,s3,4,C,0.022333746224237384,0.027770999804306428,24.34546146211844,24.34546146211844
q8,base,4,T,97.86482787132263,18.758132662462778,-80.8326105808648,80.8326105808648
q8,base,4,C,0.3942143326334464,0.3889578526391549,-1.333406616440597,1.333406616440597
q8,s3,4,decision,1.0,1.0,0.0,0.0
q8,s3,5,T,15.864567995071411,13.020119320231126,-17.929569060588097,17.929569060588097
q8,s3,5,C,0.02299293197912284,0.02777183463820736,20.78422474969124,20.78422474969124
q8,base,5,T,104.85453701019287,18.752516327122365,-82.11568439303734,82.11568439303734
q8,base,5,C,0.40812748319036096,0.39015121030155947,-4.404572989860843,4.404572989860843
q8,s3,5,decision,1.0,1.0,0.0,0.0
q8,s3,6,T,15.60931396484375,13.021776591244597,-16.576880825300602,16.576880825300602
q8,s3,6,C,0.022871695797541104,0.0277730945791609,21.429975394070862,21.429975394070862
q8,base,6,T,103.94250702857971,18.32682942575836,-82.36830152584325,82.36830152584325
q8,base,6,C,0.4183026172493665,0.41018458176143147,-1.9407087484455232,1.9407087484455232
q8,s3,6,decision,1.0,1.0,0.0,0.0
q8,s3,7,T,15.693074941635132,13.015543516031075,-17.061866049593167,17.061866049593167
q8,s3,7,C,0.02288193573935948,0.02777171618871173,21.369610093525797,21.369610093525797
q8,base,7,T,98.51098012924194,18.310667067312092,-81.41256229174725,81.41256229174725
q8,base,7,C,0.4068441966463504,0.4101253365829029,0.806485618720678,0.806485618720678
q8,s3,7,decision,1.0,1.0,0.0,0.0
q8,s3,8,T,15.841336011886597,13.015570283126722,-17.83792558051639,17.83792558051639
q8,s3,8,C,0.023238670941438173,0.027771717865690375,19.506480967330504,19.506480967330504
q8,base,8,T,103.26201701164246,18.741061608560337,-81.85096306374943,81.85096306374943
q8,base,8,C,0.4035096836546697,0.3895188488603627,-3.4672860060232424,3.4672860060232424
q8,s3,8,decision,1.0,1.0,0.0,0.0
q8,s3,9,T,15.663266897201538,13.016453349225802,-16.89822158651096,16.89822158651096
q8,s3,9,C,0.02293594717080894,0.027772547051469434,21.087421612202416,21.087421612202416
q8,base,9,T,105.46043109893799,18.687691469237038,-82.27990225859675,82.27990225859675
q8,base,9,C,0.41085491369557214,0.3889938354449391,-5.3208754530878695,5.3208754530878695
q8,s3,9,decision,1.0,1.0,0.0,0.0
q8,s3,10,T,15.887465953826904,13.031755974396196,-17.974609593059977,17.974609593059977
q8,s3,10,C,0.022732959817182725,0.027773113366207778,22.17112769106049,22.17112769106049
q8,base,10,T,99.04055404663086,19.09584647401413,-80.71916432835854,80.71916432835854
q8,base,10,C,0.3957706264662945,0.38914027229686,-1.6753022397429473,1.6753022397429473
q8,s3,10,decision,1.0,1.0,0.0,0.0
q8,s3,11,T,15.541414022445679,13.03064136556709,-16.155368187556203,16.155368187556203
q8,s3,11,C,0.023017004116883576,0.027772269797205686,20.659794194649326,20.659794194649326
q8,base,11,T,98.56014800071716,18.76777815787507,-80.95804588509901,80.95804588509901
q8,base,11,C,0.3962176993713932,0.38894879750677513,-1.8345727301305035,1.8345727301305035
q8,s3,11,decision,1.0,1.0,0.0,0.0
q8,s3,12,T,15.680988073348999,13.031776175233906,-16.89441944425444,16.89441944425444
q8,s3,12,C,0.02277887954917717,0.02777311586010794,21.924854996264177,21.924854996264177
q8,base,12,T,104.45305895805359,19.04069708683406,-81.77104885508383,81.77104885508383
q8,base,12,C,0.4083117330702346,0.389157995977301,-4.690959269994559,4.690959269994559
q8,s3,12,decision,1.0,1.0,0.0,0.0
q8,s3,13,T,15.522294998168945,13.018619570678378,-16.129544167186022,16.129544167186022
q8,s3,13,C,0.022796753830879937,0.02777317366286678,21.829510766773748,21.829510766773748
q8,base,13,T,101.52955412864685,18.74318241392019,-81.5391857328843,81.5391857328843
q8,base,13,C,0.40224711554355164,0.38958081272701633,-3.1488859278504657,3.1488859278504657
q8,s3,13,decision,1.0,1.0,0.0,0.0
q8,s3,14,T,15.528368949890137,13.020597072806659,-16.14961548876143,16.14961548876143
q8,s3,14,C,0.02244450749969064,0.027773248108946567,23.74184690543723,23.74184690543723
q8,base,14,T,104.47230792045593,18.313271758885005,-82.47069283390529,82.47069283390529
q8,base,14,C,0.4205566689372473,0.4101443630600259,-2.475838964469036,2.475838964469036
q8,s3,14,decision,1.0,1.0,0.0,0.0
q8,s3,15,T,15.366658926010132,13.017705012860121,-15.2860418420174,15.2860418420174
q8,s3,15,C,0.022536581495638915,0.027770741706743693,23.225173756355407,23.225173756355407
q8,base,15,T,101.69585919380188,18.74544871995277,-81.56714652046003,81.56714652046003
q8,base,15,C,0.39920387081227515,0.3889398660842743,-2.571118538283789,2.571118538283789
q8,s3,15,decision,1.0,1.0,0.0,0.0
q8,nfs,1,T,14.012748956680298,14.511314697784464,3.5579438598768625,3.5579438598768625
q8,nfs,1,C,0.0181948895293816,0.023400821706159848,28.612057074441527,28.612057074441527
q8,nfs,1,decision,1.0,1.0,0.0,0.0
q8,nfs,2,T,13.823678016662598,14.511004955149588,4.9720988702030615,4.9720988702030615
q8,nfs,2,C,0.01860910572908859,0.023400808672625076,25.749238105764515,25.749238105764515
q8,nfs,2,decision,1.0,1.0,0.0,0.0
q8,nfs,3,T,13.614900827407837,14.511182342593923,6.583092499519369,6.583092499519369
q8,nfs,3,C,0.018219546515131194,0.023400816840128097,28.437976327752708,28.437976327752708
q8,nfs,3,decision,1.0,1.0,0.0,0.0
q8,nfs,4,T,13.885987043380737,14.52666764971682,4.613864353571373,4.613864353571373
q8,nfs,4,C,0.018195044416400945,0.023402937840296404,28.622592529651,28.622592529651
q8,nfs,4,decision,1.0,1.0,0.0,0.0
q8,nfs,5,T,14.532342910766602,14.526389894332741,-0.04096391387413483,0.04096391387413483
q8,nfs,5,C,0.018281022619970128,0.02340292737225878,28.017605244323146,28.017605244323146
q8,nfs,5,decision,1.0,1.0,0.0,0.0
q8,nfs,6,T,13.918076992034912,14.52657712475554,4.37201298044883,4.37201298044883
q8,nfs,6,C,0.01836066512630011,0.02340293040595093,27.46232364114195,27.46232364114195
q8,nfs,6,decision,1.0,1.0,0.0,0.0
q8,nfs,7,T,13.938206195831299,14.517383237972817,4.1553198023052715,4.1553198023052715
q8,nfs,7,C,0.017965943060274575,0.02340042495546405,30.24879839013817,30.24879839013817
q8,nfs,7,decision,1.0,1.0,0.0,0.0
q8,nfs,8,T,13.954827070236206,14.192121216175606,1.7004449051577033,1.7004449051577033
q8,nfs,8,C,0.018042743826149468,0.023420216296709324,29.80407260876946,29.80407260876946
q8,nfs,8,decision,1.0,1.0,0.0,0.0
q8,nfs,9,T,14.3818941116333,14.517400099559522,0.942198481468531,0.942198481468531
q8,nfs,9,C,0.01848453995074478,0.023400427920565774,26.594591928823874,26.594591928823874
q8,nfs,9,decision,1.0,1.0,0.0,0.0
q8,nfs,10,T,13.86734414100647,14.211925374280595,2.4848394167646006,2.4848394167646006
q8,nfs,10,C,0.017970754962800588,0.023423064285441515,30.33990132260549,30.33990132260549
q8,nfs,10,decision,1.0,1.0,0.0,0.0
q8,nfs,11,T,13.721272945404053,14.537645852124575,5.949687831215154,5.949687831215154
q8,nfs,11,C,0.018362563306333894,0.023403312577469897,27.451228823795375,27.451228823795375
q8,nfs,11,decision,1.0,1.0,0.0,0.0
q8,nfs,12,T,14.059971809387207,14.537416023666198,3.395769356807837,3.395769356807837
q8,nfs,12,C,0.018239758962099204,0.02340330153237559,28.309269771633627,28.309269771633627
q8,nfs,12,decision,1.0,1.0,0.0,0.0
q8,nfs,13,T,13.833194971084595,14.522686325724925,4.984324706487312,4.984324706487312
q8,nfs,13,C,0.018094308985352064,0.0234016272118676,29.331422552869995,29.331422552869995
q8,nfs,13,decision,1.0,1.0,0.0,0.0
q8,nfs,14,T,13.95551609992981,14.522335454793767,4.06161514060242,4.06161514060242
q8,nfs,14,C,0.018133316527170585,0.0234016143761508,29.053140064512224,29.053140064512224
q8,nfs,14,decision,1.0,1.0,0.0,0.0
q8,nfs,15,T,13.616236925125122,14.52227689352409,6.65411430031093,6.65411430031093
q8,nfs,15,C,0.017786138428506973,0.02340161106858811,31.572185624513427,31.572185624513427
q8,nfs,15,decision,1.0,1.0,0.0,0.0
q9,s3,1,T,28.746617078781128,34.911549591286125,21.445766977066484,21.445766977066484
q9,s3,1,C,0.07085615233384684,0.09424644520451925,33.01095543611565,33.01095543611565
q9,base,1,T,82.15648317337036,31.85595537493059,-61.2252689690883,61.2252689690883
q9,base,1,C,0.24762218669364736,0.205643191119607,-16.95284099319252,16.95284099319252
q9,s3,1,decision,1.0,0.0,1.0,1.0
q9,s3,2,T,28.629754066467285,34.909781420584075,21.935317151299937,21.935317151299937
q9,s3,2,C,0.07136635665421276,0.09418441630480502,31.973132327815577,31.973132327815577
q9,base,2,T,77.70864796638489,31.861996861506082,-58.99813251764603,58.99813251764603
q9,base,2,C,0.2395400734078417,0.2056309356565038,-14.155935275850098,14.155935275850098
q9,s3,2,decision,1.0,0.0,1.0,1.0
q9,s3,3,T,28.250857830047607,35.88650465103921,27.028017580656723,27.028017580656723
q9,s3,3,C,0.07039970526641977,0.09408861210064136,33.64915626361444,33.64915626361444
q9,base,3,T,76.54919409751892,31.575571691159873,-58.75126830083338,58.75126830083338
q9,base,3,C,0.23760975158208592,0.20720104320462868,-12.79775269111886,12.79775269111886
q9,s3,3,decision,1.0,0.0,1.0,1.0
q9,s3,4,T,28.017729997634888,35.88341898721117,28.073969555136213,28.073969555136213
q9,s3,4,C,0.07044054798717743,0.0941849419706487,33.70841746971297,33.70841746971297
q9,base,4,T,76.67575192451477,31.56178246460416,-58.83733556903896,58.83733556903896
q9,base,4,C,0.23757504407862148,0.20715087444852845,-12.8061302684741,12.8061302684741
q9,s3,4,decision,1.0,0.0,1.0,1.0
q9,s3,5,T,28.227379083633423,35.8812565612369,27.11508374520428,27.11508374520428
q9,s3,5,C,0.0703099112532571,0.09412827779778288,33.87625744360813,33.87625744360813
q9,base,5,T,75.64411115646362,31.5629947130117,-58.27435311160409,58.27435311160409
q9,base,5,C,0.236092149082653,0.2071946489914961,-12.239924200546053,12.239924200546053
q9,s3,5,decision,1.0,0.0,1.0,1.0
q9,s3,6,T,28.263370990753174,35.88502556129375,26.966544695019312,26.966544695019312
q9,s3,6,C,0.07033602809326227,0.09409820168394728,33.783786538497004,33.783786538497004
q9,base,6,T,75.99068093299866,31.869403995388094,-58.06143121221995,58.06143121221995
q9,base,6,C,0.23554033680475298,0.20563256129412477,-12.697517510735212,12.697517510735212
q9,s3,6,decision,1.0,0.0,1.0,1.0
q9,s3,7,T,27.338171005249023,34.889495376697056,27.621907734786472,27.621907734786472
q9,s3,7,C,0.06988678639059907,0.09411682955967818,34.6704211489376,34.6704211489376
q9,base,7,T,76.60934805870056,31.54405781016791,-58.82479278377642,58.82479278377642
q9,base,7,C,0.23770103365938708,0.20723117385962875,-12.818564282484365,12.818564282484365
q9,s3,7,decision,1.0,0.0,1.0,1.0
q9,s3,8,T,27.652745008468628,35.87061875279428,29.718112042073706,29.718112042073706
q9,s3,8,C,0.07027220827694625,0.0941337929103201,33.95593395803669,33.95593395803669
q9,base,8,T,76.55821204185486,31.549728752023665,-58.78988300461454,58.78988300461454
q9,base,8,C,0.23806152953279622,0.20720693288097836,-12.960765526614503,12.960765526614503
q9,s3,8,decision,1.0,0.0,1.0,1.0
q9,s3,9,T,27.431401014328003,35.571655099990565,29.674948360861098,29.674948360861098
q9,s3,9,C,0.06961381451540204,0.09404844736625875,35.100264252076805,35.100264252076805
q9,base,9,T,79.04087686538696,31.54887692505686,-60.085365729447616,60.085365729447616
q9,base,9,C,0.24433252642398068,0.20719549872998644,-15.199379402131589,15.199379402131589
q9,s3,9,decision,1.0,0.0,1.0,1.0
q9,s3,10,T,27.795626878738403,34.91885040373717,25.62713752085765,25.62713752085765
q9,s3,10,C,0.07078248104915544,0.09409613041579126,32.937033318238,32.937033318238
q9,base,10,T,76.3029248714447,31.8614705476586,-58.24344793946123,58.24344793946123
q9,base,10,C,0.23620070023701079,0.2056399535080682,-12.93846576164974,12.93846576164974
q9,s3,10,decision,1.0,0.0,1.0,1.0
q9,s3,11,T,27.367249965667725,34.9165453856061,27.58514439488433,27.58514439488433
q9,s3,11,C,0.06945701914849724,0.094136059386916,35.53138407171726,35.53138407171726
q9,base,11,T,80.0381600856781,31.87324824300748,-60.177435102345854,60.177435102345854
q9,base,11,C,0.24401568803089888,0.20567131583671763,-15.713896308718406,15.713896308718406
q9,s3,11,decision,1.0,0.0,1.0,1.0
q9,s3,12,T,27.52420687675476,35.897991391673344,30.42334535710296,30.42334535710296
q9,s3,12,C,0.07000149451231996,0.09420556674325416,34.5765078296641,34.5765078296641
q9,base,12,T,80.48122906684875,31.558675885657685,-60.78753238293039,60.78753238293039
q9,base,12,C,0.24690163398201923,0.20721887535015165,-16.07229486166847,16.07229486166847
q9,s3,12,decision,1.0,0.0,1.0,1.0
q9,s3,13,T,28.20722198486328,34.93716360192507,23.85893095276539,23.85893095276539
q9,s3,13,C,0.07028233505519907,0.09411824498398769,33.91451053820014,33.91451053820014
q9,base,13,T,77.15249991416931,31.584476101851575,-59.06227777844049,59.06227777844049
q9,base,13,C,0.24048457732805745,0.2072318026677856,-13.82740424759548,13.82740424759548
q9,s3,13,decision,1.0,0.0,1.0,1.0
q9,s3,14,T,27.90066695213318,34.93830083785521,25.223891234556884,25.223891234556884
q9,s3,14,C,0.0708053082515494,0.09436396769759531,33.27244810847974,33.27244810847974
q9,base,14,T,79.57605290412903,31.860722158214944,-59.961921965896146,59.961921965896146
q9,base,14,C,0.24274792120454064,0.205608274992723,-15.299676317525945,15.299676317525945
q9,s3,14,decision,1.0,0.0,1.0,1.0
q9,s3,15,T,27.42314100265503,35.915131849776614,30.966514179755755,30.966514179755755
q9,s3,15,C,0.06991187549008251,0.09416755189238143,34.69464412485938,34.69464412485938
q9,base,15,T,79.34456992149353,31.577297114017796,-60.202321160400075,60.202321160400075
q9,base,15,C,0.24397106444976,0.20709093320365743,-15.116600540019018,15.116600540019018
q9,s3,15,decision,1.0,0.0,1.0,1.0
q9,nfs,1,T,34.205787897109985,37.239175178572644,8.868052654091755,8.868052654091755
q9,nfs,1,C,0.039830671775417145,0.06272553850215724,57.480493564937674,57.480493564937674
q9,nfs,1,decision,1.0,0.0,1.0,1.0
q9,nfs,2,T,34.92565298080444,37.240018600772295,6.626549319607151,6.626549319607151
q9,nfs,2,C,0.04170519788327873,0.06272648779999548,50.4044842936593,50.4044842936593
q9,nfs,2,decision,1.0,0.0,1.0,1.0
q9,nfs,3,T,34.460546016693115,37.23947714553342,8.064094885479054,8.064094885479054
q9,nfs,3,C,0.04071115768323076,0.06272580514120338,54.07521846778781,54.07521846778781
q9,nfs,3,decision,1.0,0.0,1.0,1.0
q9,nfs,4,T,34.957072019577026,38.38516165016612,9.806569694021448,9.806569694021448
q9,nfs,4,C,0.04209900463286329,0.06271336793124366,48.96639119654719,48.96639119654719
q9,nfs,4,decision,1.0,0.0,1.0,1.0
q9,nfs,5,T,35.5536470413208,38.38561229050521,7.965329818043895,7.965329818043895
q9,nfs,5,C,0.04277760078235867,0.06271364922691848,46.603942437046086,46.603942437046086
q9,nfs,5,decision,1.0,0.0,1.0,1.0
q9,nfs,6,T,35.3724319934845,38.385144919287335,8.517121260867137,8.517121260867137
q9,nfs,6,C,0.042140348101730805,0.06271346317315733,48.820467789589856,48.820467789589856
q9,nfs,6,decision,1.0,0.0,1.0,1.0
q9,nfs,7,T,34.91352415084839,37.21936783882774,6.604442673895249,6.604442673895249
q9,nfs,7,C,0.042288148247179795,0.06271002635340792,48.292202313659025,48.292202313659025
q9,nfs,7,decision,1.0,0.0,1.0,1.0
q9,nfs,8,T,34.517374992370605,38.36890569182723,11.158237555167306,11.158237555167306
q9,nfs,8,C,0.041631857212046736,0.06270106420865058,50.60837639140247,50.60837639140247
q9,nfs,8,decision,1.0,0.0,1.0,1.0
q9,nfs,9,T,35.723432779312134,38.03797520452101,6.4790593880139555,6.4790593880139555
q9,nfs,9,C,0.04259004586702324,0.0627013256205048,47.22061069451299,47.22061069451299
q9,nfs,9,decision,1.0,0.0,1.0,1.0
q9,nfs,10,T,33.82815504074097,38.06922929074741,12.53711367025101,12.53711367025101
q9,nfs,10,C,0.03988149177017765,0.06272655989561395,57.28238115335307,57.28238115335307
q9,nfs,10,decision,1.0,0.0,1.0,1.0
q9,nfs,11,T,34.474858045578,38.39926403364734,11.383385488871394,11.383385488871394
q9,nfs,11,C,0.040477371387907586,0.0627243909129391,54.96162117799405,54.96162117799405
q9,nfs,11,decision,1.0,0.0,1.0,1.0
q9,nfs,12,T,34.57320594787598,38.39971462279137,11.067844505610504,11.067844505610504
q9,nfs,12,C,0.04075468916420831,0.06272349432722066,53.90497538699387,53.90497538699387
q9,nfs,12,decision,1.0,0.0,1.0,1.0
q9,nfs,13,T,34.374783992767334,38.4189016264591,11.764779771540313,11.764779771540313
q9,nfs,13,C,0.04201134681910504,0.06273853422189381,49.337117165124766,49.337117165124766
q9,nfs,13,decision,1.0,0.0,1.0,1.0
q9,nfs,14,T,34.3034610748291,37.26695608576247,8.639055413297346,8.639055413297346
q9,nfs,14,C,0.040004659881067224,0.06274699049795356,56.849203779006416,56.849203779006416
q9,nfs,14,decision,1.0,0.0,1.0,1.0
q9,nfs,15,T,34.81340408325195,38.41925183876291,10.357641978612659,10.357641978612659
q9,nfs,15,C,0.04186889529695926,0.06273967263141098,49.847929319423585,49.847929319423585
q9,nfs,15,decision,1.0,0.0,1.0,1.0
q10,s3,1,T,29.09335684776306,33.304203463616986,14.473567412272295,14.473567412272295
q10,s3,1,C,0.05980608895877673,0.06064860098152602,1.4087395404337737,1.4087395404337737
q10,base,1,T,35.299379110336304,22.9636164241443,-34.94611802557136,34.94611802557136
q10,base,1,C,0.08692210899665062,0.08252703119670042,-5.056340499192854,5.056340499192854
q10,s3,1,decision,1.0,0.0,1.0,1.0
q10,s3,2,T,29.406080961227417,33.29348840343535,13.21973998280684,13.21973998280684
q10,s3,2,C,0.06041011983548665,0.06064718785591494,0.39243097195286547,0.39243097195286547
q10,base,2,T,35.448145151138306,22.92554458339728,-35.326532641832465,35.326532641832465
q10,base,2,C,0.08767068148500658,0.08332398519911541,-4.957981633386231,4.957981633386231
q10,s3,2,decision,1.0,0.0,1.0,1.0
q10,s3,3,T,29.111021995544434,33.415359224248874,14.785936506671726,14.785936506671726
q10,s3,3,C,0.059423058159976755,0.05997601586367106,0.9305440023057209,0.9305440023057209
q10,base,3,T,35.257325172424316,22.92389205670922,-34.98119342689501,34.98119342689501
q10,base,3,C,0.08704656885591788,0.08339993101528936,-4.189295326119683,4.189295326119683
q10,s3,3,decision,1.0,0.0,1.0,1.0
q10,s3,4,T,29.534315824508667,33.04493801342203,11.886587147551671,11.886587147551671
q10,s3,4,C,0.06157137370881398,0.06235307562505435,1.2695866100653037,1.2695866100653037
q10,base,4,T,35.64921593666077,23.06545771941456,-35.29883585547637,35.29883585547637
q10,base,4,C,0.08673461141302546,0.08275419962313592,-4.589185015120484,4.589185015120484
q10,s3,4,decision,1.0,0.0,1.0,1.0
q10,s3,5,T,28.735239028930664,33.05755860621446,15.041877928810955,15.041877928810955
q10,s3,5,C,0.06128484618885359,0.06236073874166908,1.7555605010414004,1.7555605010414004
q10,base,5,T,35.758739948272705,23.062581440981376,-35.50505002597164,35.50505002597164
q10,base,5,C,0.08641038268709748,0.08276718425701081,-4.216158193951229,4.216158193951229
q10,s3,5,decision,1.0,0.0,1.0,1.0
q10,s3,6,T,28.995140075683594,33.0718825684148,14.06008897384191,14.06008897384191
q10,s3,6,C,0.06196812726225666,0.0623667231201714,0.6432272129635848,0.6432272129635848
q10,base,6,T,34.831764936447144,23.107141276893564,-33.66072227734061,33.66072227734061
q10,base,6,C,0.0848167309794838,0.08207182251167772,-3.236281846880012,3.236281846880012
q10,s3,6,decision,1.0,0.0,1.0,1.0
q10,s3,7,T,29.186429023742676,32.7596378112719,12.242706309231865,12.242706309231865
q10,s3,7,C,0.06255358924912781,0.06405489851156648,2.4000369610439374,2.4000369610439374
q10,base,7,T,35.190253019332886,23.313199327036543,-33.75097554931277,33.75097554931277
q10,base,7,C,0.08681994982213258,0.08397464105996912,-3.277252253649796,3.277252253649796
q10,s3,7,decision,1.0,0.0,1.0,1.0
q10,s3,8,T,29.520835876464844,33.35744979634849,12.99629162242775,12.99629162242775
q10,s3,8,C,0.06347790365319754,0.06404741202151606,0.8971757659640943,0.8971757659640943
q10,base,8,T,35.053601026535034,23.327291287201426,-33.452511000102305,33.452511000102305
q10,base,8,C,0.08609990836462084,0.08394326968865219,-2.5048094904301026,2.5048094904301026
q10,s3,8,decision,1.0,0.0,1.0,1.0
q10,s3,9,T,29.454363107681274,32.756675949392914,11.211625352885136,11.211625352885136
q10,s3,9,C,0.06347011760858516,0.06411794045796204,1.0206737812775915,1.0206737812775915
q10,base,9,T,35.06964707374573,23.315788184222498,-33.515760409013495,33.515760409013495
q10,base,9,C,0.0864129247911702,0.083938657964897,-2.863306423492368,2.863306423492368
q10,s3,9,decision,1.0,0.0,1.0,1.0
q10,s3,10,T,29.532583951950073,33.56649849182493,13.659199433541245,13.659199433541245
q10,s3,10,C,0.06269690365707949,0.06344815443733098,1.1982262861982165,1.1982262861982165
q10,base,10,T,35.87652802467346,23.342048031352913,-34.937828946826116,34.937828946826116
q10,base,10,C,0.08744572987598209,0.08396286164750312,-3.9828911410751218,3.9828911410751218
q10,s3,10,decision,1.0,0.0,1.0,1.0
q10,s3,11,T,30.191760063171387,32.77687990149681,8.562335660181716,8.562335660181716
q10,s3,11,C,0.06437882929657618,0.06416726147125096,-0.3286295007798043,0.3286295007798043
q10,base,11,T,36.223653078079224,23.34232082581567,-35.56055548704088,35.56055548704088
q10,base,11,C,0.08891412023452153,0.08396306411715039,-5.568357539063693,5.568357539063693
q10,s3,11,decision,1.0,0.0,1.0,1.0
q10,s3,12,T,29.07938289642334,33.54448685748748,15.354878667708348,15.354878667708348
q10,s3,12,C,0.06208933472064556,0.06344808650539505,2.188381935259619,2.188381935259619
q10,base,12,T,35.804636001586914,23.344072542508165,-34.801536478478596,34.801536478478596
q10,base,12,C,0.08748656556275944,0.08392609512227336,-4.069733927241585,4.069733927241585
q10,s3,12,decision,1.0,0.0,1.0,1.0
q10,s3,13,T,29.13568377494812,32.96430091894964,13.140646272710779,13.140646272710779
q10,s3,13,C,0.06238533029037656,0.06329755207019959,1.462237637561643,1.462237637561643
q10,base,13,T,35.91532111167908,23.239411525061815,-35.29387791689621,35.29387791689621
q10,base,13,C,0.08636459410021223,0.08227578181553452,-4.7343617222739445,4.7343617222739445
q10,s3,13,decision,1.0,0.0,1.0,1.0
q10,s3,14,T,28.98478889465332,33.18613045156038,14.494987602556114,14.494987602556114
q10,s3,14,C,0.06206287674996521,0.06335101158161321,2.0755319429319328,2.0755319429319328
q10,base,14,T,35.891010999679565,23.24437603805607,-35.236218232293325,35.236218232293325
q10,base,14,C,0.08600011749715837,0.08303085196123977,-3.452629626949882,3.452629626949882
q10,s3,14,decision,1.0,0.0,1.0,1.0
q10,s3,15,T,28.512071132659912,33.33701333442556,16.922454280211138,16.922454280211138
q10,s3,15,C,0.06046618948487947,0.06271488597669211,3.7189320361835643,3.7189320361835643
q10,base,15,T,35.627086877822876,23.245920725377157,-34.75211485829547,34.75211485829547
q10,base,15,C,0.08654654691358098,0.08251482404381073,-4.65844451748725,4.65844451748725
q10,s3,15,decision,1.0,0.0,1.0,1.0
q10,nfs,1,T,32.15051293373108,32.5906282212801,1.3689215113183086,1.3689215113183086
q10,nfs,1,C,0.04431683059712939,0.03958499335868069,-10.67729161740913,10.67729161740913
q10,nfs,1,decision,1.0,0.0,1.0,1.0
q10,nfs,2,T,32.728179931640625,32.57253080062266,-0.4755813838199102,0.4755813838199102
q10,nfs,2,C,0.0465269544073984,0.039573305993097725,-14.945419279786245,14.945419279786245
q10,nfs,2,decision,1.0,0.0,1.0,1.0
q10,nfs,3,T,33.005682945251465,32.578767798466416,-1.293459515724002,1.293459515724002
q10,nfs,3,C,0.04552294298134295,0.03957715756142674,-13.061074329823139,13.061074329823139
q10,nfs,3,decision,1.0,0.0,1.0,1.0
q10,nfs,4,T,34.000608921051025,32.17906604956464,-5.35738308603821,5.35738308603821
q10,nfs,4,C,0.04894031163663055,0.04085566031103647,-16.519411207718846,16.519411207718846
q10,nfs,4,decision,1.0,0.0,1.0,1.0
q10,nfs,5,T,34.88432598114014,32.15995823975166,-7.809718734027939,7.809718734027939
q10,nfs,5,C,0.050075089131198694,0.0408170095975713,-18.488393519122578,18.488393519122578
q10,nfs,5,decision,1.0,0.0,1.0,1.0
q10,nfs,6,T,31.840660095214844,31.988100472064357,0.4630569102795421,0.4630569102795421
q10,nfs,6,C,0.043421384131576785,0.04118510458036338,-5.150180253206486,5.150180253206486
q10,nfs,6,decision,1.0,0.0,1.0,1.0
q10,nfs,7,T,33.84588003158569,32.0397504379335,-5.336335152067773,5.336335152067773
q10,nfs,7,C,0.047992505124522404,0.04144376901886397,-13.645330846278892,13.645330846278892
q10,nfs,7,decision,1.0,0.0,1.0,1.0
q10,nfs,8,T,32.78510904312134,32.62493403621543,-0.48856023841566504,0.48856023841566504
q10,nfs,8,C,0.04531215514590136,0.04142195112678222,-8.585343174680183,8.585343174680183
q10,nfs,8,decision,1.0,0.0,1.0,1.0
q10,nfs,9,T,34.59015607833862,32.64238013143465,-5.6310123102443255,5.6310123102443255
q10,nfs,9,C,0.05014253987913517,0.04143625200223888,-17.36307713546649,17.36307713546649
q10,nfs,9,decision,1.0,0.0,1.0,1.0
q10,nfs,10,T,33.418133020401,32.03632038350725,-4.134918716285508,4.134918716285508
q10,nfs,10,C,0.04788887032765859,0.0414471595216314,-13.451373486057626,13.451373486057626
q10,nfs,10,decision,1.0,0.0,1.0,1.0
q10,nfs,11,T,33.450175046920776,32.059552411690895,-4.157295539647389,4.157295539647389
q10,nfs,11,C,0.04679627518174459,0.041466061447545895,-11.39025213758473,11.39025213758473
q10,nfs,11,decision,1.0,0.0,1.0,1.0
q10,nfs,12,T,33.20754098892212,32.657417167332724,-1.6566231801773987,1.6566231801773987
q10,nfs,12,C,0.04763909757314919,0.041451183386652254,-12.98915072225178,12.98915072225178
q10,nfs,12,decision,1.0,0.0,1.0,1.0
q10,nfs,13,T,33.33810591697693,32.416723014358936,-2.7637530005830113,2.7637530005830113
q10,nfs,13,C,0.04812149791456264,0.04115485075326563,-14.477203460428331,14.477203460428331
q10,nfs,13,decision,1.0,0.0,1.0,1.0
q10,nfs,14,T,32.65677189826965,32.26373165118177,-1.2035489861406274,1.2035489861406274
q10,nfs,14,C,0.04565019257977345,0.04154809164295156,-8.98594442871953,8.98594442871953
q10,nfs,14,decision,1.0,0.0,1.0,1.0
q10,nfs,15,T,31.907626152038574,32.21867090308988,0.9748288687136724,0.9748288687136724
q10,nfs,15,C,0.04513575334315022,0.04142284212268607,-8.226097817037136,8.226097817037136
q10,nfs,15,decision,1.0,0.0,1.0,1.0
q11,s3,1,T,4.321650981903076,14.222381320691483,229.09601863379848,229.09601863379848
q11,s3,1,C,0.0012117212887272854,0.002555044358381884,110.86073028109782,110.86073028109782
q11,base,1,T,5.756289005279541,13.835813318303362,140.3599490159973,140.3599490159973
q11,base,1,C,0.004986868236922042,0.00827767145557262,65.98937574259438,65.98937574259438
q11,s3,1,decision,1.0,0.0,1.0,1.0
q11,s3,2,T,4.258581161499023,14.223174416737319,233.98857218752062,233.98857218752062
q11,s3,2,C,0.0011996790288580188,0.002555070796401186,112.9795332701091,112.9795332701091
q11,base,2,T,5.6347880363464355,13.83538659637062,145.53517376567382,145.53517376567382
q11,base,2,C,0.004918053691489893,0.008277657066512715,68.31164492645162,68.31164492645162
q11,s3,2,decision,1.0,0.0,1.0,1.0
q11,s3,3,T,4.268611907958984,14.22376031498541,233.2174632335323,233.2174632335323
q11,s3,3,C,0.001203557391962302,0.0025550903274733153,112.29484730324735,112.29484730324735
q11,base,3,T,5.598663091659546,13.83575528689759,147.12605599556483,147.12605599556483
q11,base,3,C,0.004874937430727761,0.008277668984760319,69.80051749145377,69.80051749145377
q11,s3,3,decision,1.0,0.0,1.0,1.0
q11,s3,4,T,4.218333959579468,14.134762450197861,235.07926554982808,235.07926554982808
q11,s3,4,C,0.0011700359595121514,0.002550491406052651,117.98401880879652,117.98401880879652
q11,base,4,T,5.590534925460815,13.7951960895642,146.75985882383327,146.75985882383327
q11,base,4,C,0.004896955297453722,0.008275973653444154,69.0024341808353,69.0024341808353
q11,s3,4,decision,1.0,0.0,1.0,1.0
q11,s3,5,T,4.306898832321167,14.134443296932345,228.18145601332142,228.18145601332142
q11,s3,5,C,0.0011867347389968707,0.0025504807670160006,114.91582602291427,114.91582602291427
q11,base,5,T,5.594771146774292,13.795443131358697,146.57743399053174,146.57743399053174
q11,base,5,C,0.004902335299831108,0.008275984607448678,68.81718816201327,68.81718816201327
q11,s3,5,decision,1.0,0.0,1.0,1.0
q11,s3,6,T,4.3072710037231445,14.134814725787074,228.1617226677666,228.1617226677666
q11,s3,6,C,0.001179128842564526,0.002550493148652262,116.30317710701664,116.30317710701664
q11,base,6,T,5.861681938171387,13.795152175626292,135.3446045202827,135.3446045202827
q11,base,6,C,0.005058844899699688,0.008275974111798841,63.5941460132556,63.5941460132556
q11,s3,6,decision,1.0,0.0,1.0,1.0
q11,s3,7,T,4.33454704284668,14.26340218401359,229.06326873421614,229.06326873421614
q11,s3,7,C,0.001187578746321181,0.0025565819036442697,115.27683208914901,115.27683208914901
q11,base,7,T,5.517314910888672,13.820948099954634,150.50134573030016,150.50134573030016
q11,base,7,C,0.004871522495049791,0.008277045922036992,69.90675770147284,69.90675770147284
q11,s3,7,decision,1.0,0.0,1.0,1.0
q11,s3,8,T,4.264703035354614,14.263226172502016,234.4482852442272,234.4482852442272
q11,s3,8,C,0.0011667292231895715,0.0025565760362440955,119.12333945446227,119.12333945446227
q11,base,8,T,5.643489122390747,13.82087319402826,144.89943888069965,144.89943888069965
q11,base,8,C,0.004898494432600804,0.008277042315629092,68.97114877875822,68.97114877875822
q11,s3,8,decision,1.0,0.0,1.0,1.0
q11,s3,9,T,4.361417770385742,14.263449869999063,227.03700083144165,227.03700083144165
q11,s3,9,C,0.0011854559213136469,0.0025565834932841825,115.66246769016423,115.66246769016423
q11,base,9,T,5.742586851119995,13.820765239935865,140.67141861755834,140.67141861755834
q11,base,9,C,0.004952089073829198,0.008277039003526335,67.14236921280019,67.14236921280019
q11,s3,9,decision,1.0,0.0,1.0,1.0
q11,s3,10,T,4.264600038528442,14.288034002350162,235.03807797367188,235.03807797367188
q11,s3,10,C,0.0011843409029062394,0.002558734220922914,116.04710389078583,116.04710389078583
q11,base,10,T,5.577374219894409,13.82898157155717,147.94788777538724,147.94788777538724
q11,base,10,C,0.004849345123055233,0.008277388975688879,70.69086166574745,70.69086166574745
q11,s3,10,decision,1.0,0.0,1.0,1.0
q11,s3,11,T,4.265625,14.287951821889306,234.95564710656248,234.95564710656248
q11,s3,11,C,0.0011690942978415727,0.0025587314814278605,118.86442232691495,118.86442232691495
q11,base,11,T,5.513306140899658,13.829267182644966,150.83437830623194,150.83437830623194
q11,base,11,C,0.004843601992019054,0.008277400192360902,70.89348394025394,70.89348394025394
q11,s3,11,decision,1.0,0.0,1.0,1.0
q11,s3,12,T,4.366525888442993,14.288063623687005,227.2181131801743,227.2181131801743
q11,s3,12,C,0.001203081337812969,0.0025587352083793645,112.68181360295904,112.68181360295904
q11,base,12,T,5.522795915603638,13.828756207782844,150.39411955658642,150.39411955658642
q11,base,12,C,0.004828766023938595,0.008277382808646556,71.41817946057962,71.41817946057962
q11,s3,12,decision,1.0,0.0,1.0,1.0
q11,s3,13,T,4.278126955032349,14.100725596371415,229.60044768621864,229.60044768621864
q11,s3,13,C,0.0012002799093303706,0.002547466210638071,112.23934440919604,112.23934440919604
q11,base,13,T,5.573338031768799,13.780714315377839,147.26141204473618,147.26141204473618
q11,base,13,C,0.004837096627114763,0.008275377996160694,71.08151095788222,71.08151095788222
q11,s3,13,decision,1.0,0.0,1.0,1.0
q11,s3,14,T,4.230400800704956,14.100117190832384,233.30452255215945,233.30452255215945
q11,s3,14,C,0.001196728838787824,0.0025474459293449046,112.86743051376891,112.86743051376891
q11,base,14,T,5.589254140853882,13.780373448219102,146.5512052403086,146.5512052403086
q11,base,14,C,0.004923664741993872,0.00827536447384653,68.0732728056412,68.0732728056412
q11,s3,14,decision,1.0,0.0,1.0,1.0
q11,s3,15,T,4.191477060317993,14.100179990091055,236.40122055257825,236.40122055257825
q11,s3,15,C,0.0011794190797387177,0.002547448022777165,115.99175954839676,115.99175954839676
q11,base,15,T,5.623581886291504,13.780599210859991,145.05020980405192,145.05020980405192
q11,base,15,C,0.004888618488768769,0.008275372170124856,69.27833884229045,69.27833884229045
q11,s3,15,decision,1.0,0.0,1.0,1.0
q11,nfs,1,T,3.195765972137451,15.513666216244998,385.44437707586144,385.44437707586144
q11,nfs,1,C,0.000697800561076973,0.0020865548725091804,199.01880120142474,199.01880120142474
q11,nfs,1,decision,1.0,0.0,1.0,1.0
q11,nfs,2,T,3.2047297954559326,15.513852605674776,384.09237582751155,384.09237582751155
q11,nfs,2,C,0.0006810996369559341,0.002086561085627169,206.3518129231019,206.3518129231019
q11,nfs,2,decision,1.0,0.0,1.0,1.0
q11,nfs,3,T,3.2242119312286377,15.513333447097716,381.1511705183137,381.1511705183137
q11,nfs,3,C,0.0006788729400000751,0.002086543765931006,207.35409278955422,207.35409278955422
q11,nfs,3,decision,1.0,0.0,1.0,1.0
q11,nfs,4,T,3.068632125854492,15.41417687656393,402.3142639579742,402.3142639579742
q11,nfs,4,C,0.0006615662863470598,0.0020832356199980587,214.8944653000631,214.8944653000631
q11,nfs,4,decision,1.0,0.0,1.0,1.0
q11,nfs,5,T,3.221066951751709,15.414450920764644,378.55108731539474,378.55108731539474
q11,nfs,5,C,0.000669951155173492,0.002083244760800787,210.95472329789558,210.95472329789558
q11,nfs,5,decision,1.0,0.0,1.0,1.0
q11,nfs,6,T,3.1330490112304688,15.413672040021911,391.97034533361386,391.97034533361386
q11,nfs,6,C,0.0006994950518617221,0.0020832187789896596,197.8175147122378,197.8175147122378
q11,nfs,6,decision,1.0,0.0,1.0,1.0
q11,nfs,7,T,3.1756510734558105,15.56061259595533,389.99755439195474,389.99755439195474
q11,nfs,7,C,0.000677837132535059,0.002088120991707419,208.05644770418616,208.05644770418616
q11,nfs,7,decision,1.0,0.0,1.0,1.0
q11,nfs,8,T,3.1436879634857178,15.560230809319442,394.9674073907219,394.9674073907219
q11,nfs,8,C,0.0006721015673698256,0.0020881082531800086,210.68343752738517,210.68343752738517
q11,nfs,8,decision,1.0,0.0,1.0,1.0
q11,nfs,9,T,3.1232151985168457,15.560254741747706,398.2126991805422,398.2126991805422
q11,nfs,9,C,0.0006571508547499713,0.0020881090495527385,217.75185780549725,217.75185780549725
q11,nfs,9,decision,1.0,0.0,1.0,1.0
q11,nfs,10,T,3.1890690326690674,15.58656143813106,388.74957796338464,388.74957796338464
q11,nfs,10,C,0.000660956455515979,0.002088986747340679,216.05512434399344,216.05512434399344
q11,nfs,10,decision,1.0,0.0,1.0,1.0
q11,nfs,11,T,3.181893825531006,15.586046684498015,389.83553629093706,389.83553629093706
q11,nfs,11,C,0.0006677762534773575,0.002088969571676805,212.82477638262353,212.82477638262353
q11,nfs,11,decision,1.0,0.0,1.0,1.0
q11,nfs,12,T,3.1615569591522217,15.585778528745113,392.97794504782456,392.97794504782456
q11,nfs,12,C,0.0006682210306441702,0.0020889606265973495,212.61521724085446,212.61521724085446
q11,nfs,12,decision,1.0,0.0,1.0,1.0
q11,nfs,13,T,3.132021903991699,15.370104312834274,390.7406392415514,390.7406392415514
q11,nfs,13,C,0.0006795749888302074,0.0020817652556135266,206.33341276979485,206.33341276979485
q11,nfs,13,decision,1.0,0.0,1.0,1.0
q11,nfs,14,T,3.0880179405212402,15.369922292529711,397.7277525121941,397.7277525121941
q11,nfs,14,C,0.000675139573684648,0.0020817591838414606,208.3450096814844,208.3450096814844
q11,nfs,14,decision,1.0,0.0,1.0,1.0
q11,nfs,15,T,3.109982967376709,15.369896599954476,394.21160055159675,394.21160055159675
q11,nfs,15,C,0.0006686993528061273,0.0020817583266451974,211.31454186538616,211.31454186538616
q11,nfs,15,decision,1.0,0.0,1.0,1.0
q12,s3,1,T,7.42810583114624,8.613826614492679,15.962626412438555,15.962626412438555
q12,s3,1,C,0.009150992705010507,0.009723899439477778,6.260596559688916,6.260596559688916
q12,base,1,T,7.403367042541504,7.116077456557758,-3.880526040825913,3.880526040825913
q12,base,1,C,0.0116356731734056,0.014818719819122613,27.35593032117951,27.35593032117951
q12,s3,1,decision,0.0,0.0,0.0,0.0
q12,s3,2,T,7.63881516456604,8.61373837692422,12.762754319289316,12.762754319289316
q12,s3,2,C,0.009178447846342624,0.009723896498082708,5.942711239105984,5.942711239105984
q12,base,2,T,7.495203971862793,7.11605231455475,-5.0585902495967945,5.0585902495967945
q12,base,2,C,0.011643208152235438,0.014818706427193837,27.273396072960516,27.273396072960516
q12,s3,2,decision,0.0,0.0,0.0,0.0
q12,s3,3,T,7.955876111984253,8.613822868060831,8.269947229136546,8.269947229136546
q12,s3,3,C,0.00893850354265846,0.00972389931457228,8.78665839494908,8.78665839494908
q12,base,3,T,7.517276048660278,7.116120610110173,-5.336446818679743,5.336446818679743
q12,base,3,C,0.011699630804383809,0.014818722101468566,26.659741228039817,26.659741228039817
q12,s3,3,decision,0.0,0.0,0.0,0.0
q12,s3,4,T,8.12346601486206,8.62277398649388,6.146489327564432,6.146489327564432
q12,s3,4,C,0.008995116055708114,0.009724306729950047,8.106517689443297,8.106517689443297
q12,base,4,T,7.512248992919922,7.1177383184598,-5.251565474359767,5.251565474359767
q12,base,4,C,0.011711718868443464,0.014819551607153987,26.536094091913316,26.536094091913316
q12,s3,4,decision,0.0,0.0,0.0,0.0
q12,s3,5,T,8.47759199142456,8.62283919562582,1.7133073206186784,1.7133073206186784
q12,s3,5,C,0.008959029829428429,0.009724308903700626,8.54198600565459,8.54198600565459
q12,base,5,T,7.56908106803894,7.117730592587979,-5.963081533857867,5.963081533857867
q12,base,5,C,0.011663012366864118,0.014819541739437565,27.064443329765215,27.064443329765215
q12,s3,5,decision,0.0,0.0,0.0,0.0
q12,s3,6,T,7.217015027999878,8.622876493045844,19.479819005387135,19.479819005387135
q12,s3,6,C,0.008798057410786733,0.009724310146983724,10.527923301129773,10.527923301129773
q12,base,6,T,7.581187009811401,7.117722514314822,-6.113349992511379,6.113349992511379
q12,base,6,C,0.011728575765337824,0.014819538564600524,26.354118872622294,26.354118872622294
q12,s3,6,decision,1.0,0.0,1.0,1.0
q12,s3,7,T,7.795892000198364,8.613315582487026,10.485311780459021,10.485311780459021
q12,s3,7,C,0.008964501820906417,0.00972388036639102,8.470950875525856,8.470950875525856
q12,base,7,T,7.572984933853149,7.115953590243547,-6.035022485870235,6.035022485870235
q12,base,7,C,0.011695479699192015,0.014818648250518797,26.704065430873662,26.704065430873662
q12,s3,7,decision,0.0,0.0,0.0,0.0
q12,s3,8,T,7.625331878662109,8.613362706451893,12.957217384263373,12.957217384263373
q12,s3,8,C,0.008893966092216923,0.009723881937260802,9.331223398413172,9.331223398413172
q12,base,8,T,7.540689945220947,7.116026048649293,-5.631631848764617,5.631631848764617
q12,base,8,C,0.011726842387530361,0.014818695607171518,26.36560736016075,26.36560736016075
q12,s3,8,decision,0.0,0.0,0.0,0.0
q12,s3,9,T,8.672128915786743,8.613329219034812,-0.6780307041433891,0.6780307041433891
q12,s3,9,C,0.008902335542244505,0.00972388082097075,9.228424100931075,9.228424100931075
q12,base,9,T,7.473613023757935,7.1160365028967885,-4.784520147409867,4.784520147409867
q12,base,9,C,0.011647361544316776,0.014818703266136624,27.227983863583898,27.227983863583898
q12,s3,9,decision,0.0,0.0,0.0,0.0
q12,s3,10,T,7.709167003631592,8.612714989992302,11.720436020325824,11.720436020325824
q12,s3,10,C,0.009045803358325088,0.00972384967966888,7.49570043129191,7.49570043129191
q12,base,10,T,7.375104188919067,7.115875220810252,-3.5149194027428305,3.5149194027428305
q12,base,10,C,0.011629691020246486,0.014818614201901222,27.42053229189874,27.42053229189874
q12,s3,10,decision,0.0,0.0,0.0,0.0
q12,s3,11,T,7.773819923400879,8.612719076894402,10.791337614706709,10.791337614706709
q12,s3,11,C,0.008992320763244556,0.009723849815910247,8.135041797616493,8.135041797616493
q12,base,11,T,7.450576066970825,7.115861684032583,-4.492463132106864,4.492463132106864
q12,base,11,C,0.011726080865643739,0.014818606477747829,26.373053772508815,26.373053772508815
q12,s3,11,decision,0.0,0.0,0.0,0.0
q12,s3,12,T,7.704575061798096,8.61266220047024,11.786336447998917,11.786336447998917
q12,s3,12,C,0.009276445487368598,0.009723847919919894,4.82299425098232,4.82299425098232
q12,base,12,T,7.550785064697266,7.1159027874411205,-5.759431284693586,5.759431284693586
q12,base,12,C,0.01174813720022501,0.014818626674628603,26.135968809972553,26.135968809972553
q12,s3,12,decision,0.0,0.0,0.0,0.0
q12,s3,13,T,7.837086915969849,8.611823597446639,9.885518557897937,9.885518557897937
q12,s3,13,C,0.009054126770996686,0.009723811003306194,7.396453012506134,7.396453012506134
q12,base,13,T,7.624819040298462,7.115748479620776,-6.6764936713535326,6.6764936713535326
q12,base,13,C,0.011785757553845413,0.014818534436474335,25.73255786718096,25.73255786718096
q12,s3,13,decision,0.0,0.0,0.0,0.0
q12,s3,14,T,8.422230958938599,8.611985128339477,2.2530155053452905,2.2530155053452905
q12,s3,14,C,0.00921524546758513,0.009723816387951122,5.5187994954112,5.5187994954112
q12,base,14,T,7.505765914916992,7.115723648041515,-5.196568495432369,5.196568495432369
q12,base,14,C,0.011645096066561087,0.014818545380451426,27.25137942831493,27.25137942831493
q12,s3,14,decision,0.0,0.0,0.0,0.0
q12,s3,15,T,7.873707056045532,8.611826380456293,9.374482936141538,9.374482936141538
q12,s3,15,C,0.008884782667843441,0.009723811096087583,9.44343221000582,9.44343221000582
q12,base,15,T,7.458753824234009,7.115766332972623,-4.598455711824085,4.598455711824085
q12,base,15,C,0.011725396626015414,0.014818567757158816,26.38009808794451,26.38009808794451
q12,s3,15,decision,0.0,0.0,0.0,0.0
q12,nfs,1,T,6.771800994873047,8.663878074674159,27.940529871353426,27.940529871353426
q12,nfs,1,C,0.0074176074873316955,0.008703021649240961,17.32922865094419,17.32922865094419
q12,nfs,1,decision,1.0,0.0,1.0,1.0
q12,nfs,2,T,7.072354078292847,8.663777243588022,22.502028994556785,22.502028994556785
q12,nfs,2,C,0.007561633887843612,0.008703018286423314,15.094414983706598,15.094414983706598
q12,nfs,2,decision,1.0,0.0,1.0,1.0
q12,nfs,3,T,7.550388813018799,8.663828965217935,14.746792248357865,14.746792248357865
q12,nfs,3,C,0.0077922356482547075,0.008703020010783618,11.688357534886745,11.688357534886745
q12,nfs,3,decision,0.0,0.0,0.0,0.0
q12,nfs,4,T,6.839021921157837,8.674497558283264,26.83827685135835,26.83827685135835
q12,nfs,4,C,0.007620814425175535,0.008703375795595096,14.205323867266669,14.205323867266669
q12,nfs,4,decision,1.0,0.0,1.0,1.0
q12,nfs,5,T,6.642513990402222,8.67447630720768,30.590260249981316,30.590260249981316
q12,nfs,5,C,0.0076879198687144455,0.008703375088359298,13.208452181937929,13.208452181937929
q12,nfs,5,decision,1.0,0.0,1.0,1.0
q12,nfs,6,T,6.665502071380615,8.674516653189254,30.14048394695818,30.14048394695818
q12,nfs,6,C,0.007621927553092262,0.00870337643320438,14.188653363326276,14.188653363326276
q12,nfs,6,decision,1.0,0.0,1.0,1.0
q12,nfs,7,T,6.634480953216553,8.663452244153927,30.582215929848754,30.582215929848754
q12,nfs,7,C,0.00741951973781947,0.008703007448931094,17.298797718258104,17.298797718258104
q12,nfs,7,decision,1.0,0.0,1.0,1.0
q12,nfs,8,T,6.886729955673218,8.663446963677368,25.799138625154143,25.799138625154143
q12,nfs,8,C,0.007713227297814565,0.008703007271550243,12.832241751985162,12.832241751985162
q12,nfs,8,decision,1.0,0.0,1.0,1.0
q12,nfs,9,T,6.864113092422485,8.663519465112925,26.214695889507738,26.214695889507738
q12,nfs,9,C,0.007428172601672314,0.00870300969036532,17.162189909345944,17.162189909345944
q12,nfs,9,decision,1.0,0.0,1.0,1.0
q12,nfs,10,T,6.840541839599609,8.66260697048579,26.636269079421776,26.636269079421776
q12,nfs,10,C,0.00761674272052092,0.008702979258975613,14.26116882651386,14.26116882651386
q12,nfs,10,decision,1.0,0.0,1.0,1.0
q12,nfs,11,T,6.843677997589111,8.662615596996211,26.57836327261269,26.57836327261269
q12,nfs,11,C,0.007678082331527377,0.008702979546818038,13.348348858962833,13.348348858962833
q12,nfs,11,decision,1.0,0.0,1.0,1.0
q12,nfs,12,T,6.277894020080566,8.662756373850009,37.98825443916679,37.98825443916679
q12,nfs,12,C,0.00742553917930866,0.008702984241764957,17.20339805109252,17.20339805109252
q12,nfs,12,decision,1.0,0.0,1.0,1.0
q12,nfs,13,T,7.1514670848846436,8.661802771379412,21.119242647246704,21.119242647246704
q12,nfs,13,C,0.0077771877791911765,0.008702952440531953,11.903591473228584,11.903591473228584
q12,nfs,13,decision,1.0,0.0,1.0,1.0
q12,nfs,14,T,6.48509407043457,8.661652629138382,33.56248244149155,33.56248244149155
q12,nfs,14,C,0.0075215665204466636,0.008702947432384301,15.706580653460497,15.706580653460497
q12,nfs,14,decision,1.0,0.0,1.0,1.0
q12,nfs,15,T,6.80297589302063,8.661740873457681,27.322821801323922,27.322821801323922
q12,nfs,15,C,0.007826808626951932,0.008702950375285616,11.19411231439407,11.19411231439407
q12,nfs,15,decision,1.0,0.0,1.0,1.0
q13,s3,1,T,14.834372997283936,19.65020577463032,32.46401299352609,32.46401299352609
q13,s3,1,C,0.014342096057811171,0.021681399187045924,51.173155580962174,51.173155580962174
q13,base,1,T,14.670521020889282,19.645404326348846,33.91074726232185,33.91074726232185
q13,base,1,C,0.013873527188001075,0.021679886459703503,56.2680215774831,56.2680215774831
q13,s3,1,decision,0.0,0.0,0.0,0.0
q13,s3,2,T,15.565643072128296,19.64815931233632,26.227739010141764,26.227739010141764
q13,s3,2,C,0.01414924820210857,0.021681126147008626,53.2316476275936,53.2316476275936
q13,base,2,T,14.452637910842896,19.648689947220056,35.95227437669972,35.95227437669972
q13,base,2,C,0.013802274679857993,0.02168110075449842,57.0835333840892,57.0835333840892
q13,s3,2,decision,0.0,0.0,0.0,0.0
q13,s3,3,T,14.735355854034424,19.64709428723762,33.33301538054408,33.33301538054408
q13,s3,3,C,0.014086148605649943,0.021680743468619902,53.91533964027451,53.91533964027451
q13,base,3,T,14.487513065338135,19.647824728287194,35.61903026196594,35.61903026196594
q13,base,3,C,0.013898475663369944,0.021682045798214405,56.00304899161286,56.00304899161286
q13,s3,3,decision,0.0,1.0,1.0,1.0
q13,s3,4,T,14.835153102874756,19.647208500565466,32.43684351837414,32.43684351837414
q13,s3,4,C,0.014108414994267945,0.021682094897248518,53.68200401007238,53.68200401007238
q13,base,4,T,14.38427209854126,19.64539484566444,36.575522981498125,36.575522981498125
q13,base,4,C,0.013853067152844371,0.02167939957773382,56.49530417011307,56.49530417011307
q13,s3,4,decision,0.0,0.0,0.0,0.0
q13,s3,5,T,14.616853952407837,19.646239243881258,34.408124401112524,34.408124401112524
q13,s3,5,C,0.014254582157028009,0.021680315387573437,52.09365766561093,52.09365766561093
q13,base,5,T,14.463473081588745,19.645761395083493,35.83017912960017,35.83017912960017
q13,base,5,C,0.013882976981092298,0.021680200975182848,56.1639193431629,56.1639193431629
q13,s3,5,decision,0.0,0.0,0.0,0.0
q13,s3,6,T,14.726433992385864,19.64904560014472,33.42704425459712,33.42704425459712
q13,s3,6,C,0.014103831802283544,0.021680544962305964,53.72095517188228,53.72095517188228
q13,base,6,T,14.52546501159668,19.646257923554558,35.25390001538399,35.25390001538399
q13,base,6,C,0.013689398533480158,0.021681160617084024,58.37920536872687,58.37920536872687
q13,s3,6,decision,0.0,0.0,0.0,0.0
q13,s3,7,T,14.810343980789185,19.645490225263337,32.64708943118354,32.64708943118354
q13,s3,7,C,0.01422062474773445,0.021680567988331546,52.45861818965143,52.45861818965143
q13,base,7,T,14.531765937805176,19.647029806514904,35.200566060605844,35.200566060605844
q13,base,7,C,0.013699580237610273,0.021680545558178194,58.257006288829935,58.257006288829935
q13,s3,7,decision,0.0,0.0,0.0,0.0
q13,s3,8,T,14.863425970077515,19.647682190531523,32.188112149147116,32.188112149147116
q13,s3,8,C,0.014172941651071563,0.021681624967867658,52.97900394748603,52.97900394748603
q13,base,8,T,14.67986798286438,19.644659508605706,33.82040990788652,33.82040990788652
q13,base,8,C,0.013863375064129307,0.021680029134255242,56.38348550744388,56.38348550744388
q13,s3,8,decision,0.0,0.0,0.0,0.0
q13,s3,9,T,14.638170957565308,19.64806880133434,34.22488955957858,34.22488955957858
q13,s3,9,C,0.014139444929795745,0.021680443837170583,53.33306183387621,53.33306183387621
q13,base,9,T,14.735543012619019,19.646904069830466,33.33003102095067,33.33003102095067
q13,base,9,C,0.013912212460383506,0.021681020477663123,55.84164301258422,55.84164301258422
q13,s3,9,decision,0.0,0.0,0.0,0.0
q13,s3,10,T,14.786406993865967,19.645037924638377,32.858766384477164,32.858766384477164
q13,s3,10,C,0.014340484056459912,0.021680897939109246,51.18665348916672,51.18665348916672
q13,base,10,T,14.409718990325928,19.646001915797424,36.33854989807166,36.33854989807166
q13,base,10,C,0.013775857992931656,0.021679958996725347,57.37646982024101,57.37646982024101
q13,s3,10,decision,0.0,0.0,0.0,0.0
q13,s3,11,T,14.516277074813843,19.646149568431262,35.33876122079466,35.33876122079466
q13,s3,11,C,0.014117417517214481,0.021680218859384547,53.57071385717781,53.57071385717781
q13,base,11,T,14.469002962112427,19.649440739116418,35.803695600651565,35.803695600651565
q13,base,11,C,0.013824651555909057,0.02168207298949047,56.836307242933174,56.836307242933174
q13,s3,11,decision,0.0,1.0,1.0,1.0
q13,s3,12,T,14.565840005874634,19.648176829278995,34.892164278576274,34.892164278576274
q13,s3,12,C,0.014192451138639458,0.02168122266965633,52.76587854953697,52.76587854953697
q13,base,12,T,14.872455835342407,19.646678063664595,32.101102072039005,32.101102072039005
q13,base,12,C,0.013922647400753345,0.021680018854870378,55.717646441992684,55.717646441992684
q13,s3,12,decision,0.0,0.0,0.0,0.0
q13,s3,13,T,15.009246826171875,19.645648740849644,30.890303613324537,30.890303613324537
q13,s3,13,C,0.014404383262405703,0.021680496711313054,50.51318974480101,50.51318974480101
q13,base,13,T,14.67021894454956,19.643246275940793,33.898794218329414,33.898794218329414
q13,base,13,C,0.013660756486428328,0.021679400584129822,58.69838984149851,58.69838984149851
q13,s3,13,decision,0.0,0.0,0.0,0.0
q13,s3,14,T,14.766463041305542,19.648193989316372,33.0595819347896,33.0595819347896
q13,s3,14,C,0.014222723434095207,0.021680483220931458,52.43552559672396,52.43552559672396
q13,base,14,T,14.621917963027954,19.64947682882566,34.383716818204476,34.383716818204476
q13,base,14,C,0.013687109273631306,0.02168075862999582,58.402758365965255,58.402758365965255
q13,s3,14,decision,0.0,1.0,1.0,1.0
q13,s3,15,T,14.982789039611816,19.649065442917212,31.14424417889483,31.14424417889483
q13,s3,15,C,0.014306310204286844,0.021681638442586307,51.55297300969658,51.55297300969658
q13,base,15,T,14.687966108322144,19.6471782022499,33.76377680445414,33.76377680445414
q13,base,15,C,0.01395025887960833,0.02168042251853396,55.41233109462311,55.41233109462311
q13,s3,15,decision,0.0,0.0,0.0,0.0
q13,nfs,1,T,13.49985122680664,21.59700715592139,59.97959379756893,59.97959379756893
q13,nfs,1,C,0.0088355384470425,0.01619763034495731,83.32363604143566,83.32363604143566
q13,nfs,1,decision,1.0,0.0,1.0,1.0
q13,nfs,2,T,13.741515874862671,21.59974350222084,57.18603172254969,57.18603172254969
q13,nfs,2,C,0.009111457695818096,0.016198118649722936,77.77746646573819,77.77746646573819
q13,nfs,2,decision,1.0,0.0,1.0,1.0
q13,nfs,3,T,14.443512916564941,21.5998142260922,49.546819744384045,49.546819744384045
q13,nfs,3,C,0.009554705180823783,0.016197903182084448,69.52802703524029,69.52802703524029
q13,nfs,3,decision,1.0,0.0,1.0,1.0
q13,nfs,4,T,14.001754999160767,21.600308696896953,54.26858060430014,54.26858060430014
q13,nfs,4,C,0.008810501156495721,0.01619807365935768,83.84962866062756,83.84962866062756
q13,nfs,4,decision,1.0,0.0,1.0,1.0
q13,nfs,5,T,14.513650894165039,21.596940925618554,48.804329683175915,48.804329683175915
q13,nfs,5,C,0.009554795274065605,0.016197535347818166,69.52257880169157,69.52257880169157
q13,nfs,5,decision,0.0,0.0,0.0,0.0
q13,nfs,6,T,14.552919864654541,21.59985972567884,48.42285896275414,48.42285896275414
q13,nfs,6,C,0.009400966634071615,0.016197857885119557,72.2999188872152,72.2999188872152
q13,nfs,6,decision,0.0,0.0,0.0,0.0
q13,nfs,7,T,14.486754894256592,21.598698012629406,49.09272760038488,49.09272760038488
q13,nfs,7,C,0.009319897924050824,0.0161980001769756,73.80018868205866,73.80018868205866
q13,nfs,7,decision,1.0,0.0,1.0,1.0
q13,nfs,8,T,14.797533988952637,21.597078301484125,45.950523361580444,45.950523361580444
q13,nfs,8,C,0.009965577090571916,0.016197749171981322,62.53699133294997,62.53699133294997
q13,nfs,8,decision,0.0,0.0,0.0,0.0
q13,nfs,9,T,14.737978219985962,21.60048582375062,46.56342614523958,46.56342614523958
q13,nfs,9,C,0.0098994797992554,0.016198178845080256,63.626565976715455,63.626565976715455
q13,nfs,9,decision,0.0,0.0,0.0,0.0
q13,nfs,10,T,14.591915845870972,21.59908057979226,48.02086859556612,48.02086859556612
q13,nfs,10,C,0.009729711154096656,0.01619821068834708,66.48192769347409,66.48192769347409
q13,nfs,10,decision,0.0,0.0,0.0,0.0
q13,nfs,11,T,14.939746141433716,21.59617837877849,44.55518972229323,44.55518972229323
q13,nfs,11,C,0.009823960883544203,0.01619812860592522,64.88388744562468,64.88388744562468
q13,nfs,11,decision,0.0,0.0,0.0,0.0
q13,nfs,12,T,14.633659839630127,21.59724874090935,47.58610612514573,47.58610612514573
q13,nfs,12,C,0.009836302033577226,0.016198165002993727,64.67738533952729,64.67738533952729
q13,nfs,12,decision,1.0,0.0,1.0,1.0
q13,nfs,13,T,14.687549114227295,21.59575084030705,47.03440766293699,47.03440766293699
q13,nfs,13,C,0.00975766294015485,0.016198345350813118,66.00640389158653,66.00640389158653
q13,nfs,13,decision,0.0,0.0,0.0,0.0
q13,nfs,14,T,13.99033808708191,21.598674390498804,54.382790866520324,54.382790866520324
q13,nfs,14,C,0.009261876776500685,0.01619833476186611,74.89257472054331,74.89257472054331
q13,nfs,14,decision,1.0,0.0,1.0,1.0
q13,nfs,15,T,15.008939027786255,21.59671947896243,43.892379327946685,43.892379327946685
q13,nfs,15,C,0.010116284004404232,0.016198043874976017,60.118516521719116,60.118516521719116
q13,nfs,15,decision,0.0,0.0,0.0,0.0
q14,s3,1,T,11.031262874603271,14.494833145320145,31.397767509383527,31.397767509383527
q14,s3,1,C,0.0133475487297729,0.013679148189165229,2.484347246866879,2.484347246866879
q14,base,1,T,9.568717002868652,11.130767675869745,16.324557122264117,16.324557122264117
q14,base,1,C,0.012644601691607308,0.014302733599202587,13.113358158967097,13.113358158967097
q14,s3,1,decision,0.0,0.0,0.0,0.0
q14,s3,2,T,12.971395015716553,14.497093282622673,11.762021471534375,11.762021471534375
q14,s3,2,C,0.013484743724696838,0.01368042561858707,1.451135430418657,1.451135430418657
q14,base,2,T,9.512826919555664,11.130703785631441,17.007319483022265,17.007319483022265
q14,base,2,C,0.012545115189443283,0.014302732325650101,14.01037064757965,14.01037064757965
q14,s3,2,decision,0.0,0.0,0.0,0.0
q14,s3,3,T,11.050121068954468,14.494751572176368,31.172785182414486,31.172785182414486
q14,s3,3,C,0.013396518570918324,0.013679145048163838,2.10970093274121,2.10970093274121
q14,base,3,T,9.582777976989746,11.130688780663345,16.15304880683301,16.15304880683301
q14,base,3,C,0.012787257761704316,0.014302730219229363,11.851426519794044,11.851426519794044
q14,s3,3,decision,0.0,0.0,0.0,0.0
q14,s3,4,T,11.180536031723022,15.319702327397097,37.02117934175819,37.02117934175819
q14,s3,4,C,0.013781487378266906,0.013750905040793326,-0.2219088305505215,0.2219088305505215
q14,base,4,T,9.52578091621399,11.665410080106238,22.461456784612274,22.461456784612274
q14,base,4,C,0.012494411235644166,0.014360003899048745,14.931417160997547,14.931417160997547
q14,s3,4,decision,0.0,0.0,0.0,0.0
q14,s3,5,T,11.710292100906372,15.31951646562343,30.82095932037174,30.82095932037174
q14,s3,5,C,0.013358864586356068,0.013750897388004729,2.9346266601808333,2.9346266601808333
q14,base,5,T,9.583731889724731,11.665253179504441,21.7193188804815,21.7193188804815
q14,base,5,C,0.012399987764274045,0.014359995958008721,15.806533288538493,15.806533288538493
q14,s3,5,decision,0.0,0.0,0.0,0.0
q14,s3,6,T,11.287434101104736,15.319426379852445,35.721070374648605,35.721070374648605
q14,s3,6,C,0.013450500991404426,0.013750894933812596,2.233329023209898,2.233329023209898
q14,base,6,T,9.707473039627075,11.665283855321135,20.168078836809954,20.168078836809954
q14,base,6,C,0.012575572651543495,0.014360000136510186,14.18963203037657,14.18963203037657
q14,s3,6,decision,0.0,0.0,0.0,0.0
q14,s3,7,T,11.020367860794067,15.752192468305108,42.93708401826517,42.93708401826517
q14,s3,7,C,0.013349177264528389,0.013796065946778556,3.3476870775972523,3.3476870775972523
q14,base,7,T,9.377323865890503,11.936598522973009,27.292164520324675,27.292164520324675
q14,base,7,C,0.012448627404949973,0.01438893495313628,15.586517975586442,15.586517975586442
q14,s3,7,decision,0.0,0.0,0.0,0.0
q14,s3,8,T,11.189441919326782,15.74982899794559,40.7561620275445,40.7561620275445
q14,s3,8,C,0.013325183277304928,0.013794784704034243,3.524164861050181,3.524164861050181
q14,base,8,T,9.448162078857422,11.936639103169972,26.338212697272912,26.338212697272912
q14,base,8,C,0.012636898486671346,0.014388936093278413,13.864458976662764,13.864458976662764
q14,s3,8,decision,0.0,0.0,0.0,0.0
q14,s3,9,T,11.03063416481018,15.751985504669996,42.80217500931926,42.80217500931926
q14,s3,9,C,0.012720282260005546,0.01379605793206481,8.457168245720943,8.457168245720943
q14,base,9,T,9.412857055664062,11.936606151489125,26.81172231662043,26.81172231662043
q14,base,9,C,0.012413216591267939,0.014388936354938306,15.916259489584553,15.916259489584553
q14,s3,9,decision,0.0,0.0,0.0,0.0
q14,s3,10,T,12.076206922531128,15.742110191140936,30.356413169520692,30.356413169520692
q14,s3,10,C,0.01359141295884902,0.013794327331822067,1.4929601034669058,1.4929601034669058
q14,base,10,T,9.61747694015503,11.931064235292016,24.056073225164322,24.056073225164322
q14,base,10,C,0.012614127222374366,0.014388537740959632,14.06685129541025,14.06685129541025
q14,s3,10,decision,0.0,0.0,0.0,0.0
q14,s3,11,T,11.39446496963501,15.742181582137256,38.15639105555576,38.15639105555576
q14,s3,11,C,0.013401989910017738,0.013794330198490981,2.927477867894649,2.927477867894649
q14,base,11,T,9.839519023895264,11.9311654976484,21.25760892045206,21.25760892045206
q14,base,11,C,0.013139213271265606,0.01438854450868629,9.508417373457748,9.508417373457748
q14,s3,11,decision,0.0,0.0,0.0,0.0
q14,s3,12,T,11.801713943481445,15.742062611682393,33.38793574451411,33.38793574451411
q14,s3,12,C,0.013629777602126811,0.013794325531859166,1.207267899269892,1.207267899269892
q14,base,12,T,9.522499084472656,11.931127377379916,25.29407744270365,25.29407744270365
q14,base,12,C,0.012734852733252613,0.014388541320225502,12.985533650144692,12.985533650144692
q14,s3,12,decision,0.0,0.0,0.0,0.0
q14,s3,13,T,11.383609056472778,15.322582759598836,34.602151950100016,34.602151950100016
q14,s3,13,C,0.013487554119549366,0.013752689326770305,1.9657767811040168,1.9657767811040168
q14,base,13,T,9.414206981658936,11.6679367061172,23.939666175271622,23.939666175271622
q14,base,13,C,0.012338089117651021,0.014360191026019334,16.38910117349914,16.38910117349914
q14,s3,13,decision,0.0,0.0,0.0,0.0
q14,s3,14,T,11.314362049102783,15.322538136972948,35.42555974853226,35.42555974853226
q14,s3,14,C,0.013379189838232127,0.013752685822625394,2.7916188417176877,2.7916188417176877
q14,base,14,T,9.418478012084961,11.668032161439807,23.884476307832507,23.884476307832507
q14,base,14,C,0.012377410961264185,0.014360192432311517,16.01935556032324,16.01935556032324
q14,s3,14,decision,0.0,0.0,0.0,0.0
q14,s3,15,T,10.91203498840332,15.322709223816847,40.42027211332201,40.42027211332201
q14,s3,15,C,0.013374119710972358,0.013752693600671427,2.830645290160527,2.830645290160527
q14,base,15,T,9.52827501296997,11.668042654628085,22.45703066657337,22.45703066657337
q14,base,15,C,0.012777635004185075,0.014360195804156742,12.385396823851433,12.385396823851433
q14,s3,15,decision,0.0,0.0,0.0,0.0
q14,nfs,1,T,9.662487030029297,16.34750801424144,69.18530357077101,69.18530357077101
q14,nfs,1,C,0.011158627821650636,0.012258526013627005,9.856930525474477,9.856930525474477
q14,nfs,1,decision,0.0,0.0,0.0,0.0
q14,nfs,2,T,10.265201091766357,16.34727133891944,59.2494018654098,59.2494018654098
q14,nfs,2,C,0.011567051645776634,0.01225851767038347,5.977893466562882,5.977893466562882
q14,nfs,2,decision,0.0,0.0,0.0,0.0
q14,nfs,3,T,10.166806936264038,16.347625550911744,60.79409841649801,60.79409841649801
q14,nfs,3,C,0.011449828336491578,0.012258529427301356,7.062997514402719,7.062997514402719
q14,nfs,3,decision,0.0,0.0,0.0,0.0
q14,nfs,4,T,10.45291519165039,17.330058325728352,65.79162853604042,65.79162853604042
q14,nfs,4,C,0.011193919107379918,0.012303973716045132,9.916585942928414,9.916585942928414
q14,nfs,4,decision,0.0,0.0,0.0,0.0
q14,nfs,5,T,10.874279975891113,17.330385435247337,59.370417845317306,59.370417845317306
q14,nfs,5,C,0.011560603408254717,0.01230398480460252,6.430299268090107,6.430299268090107
q14,nfs,5,decision,0.0,0.0,0.0,0.0
q14,nfs,6,T,9.928692102432251,17.330318992676442,74.54785397596326,74.54785397596326
q14,nfs,6,C,0.011382395470292114,0.012303981851166011,8.09659428262903,8.09659428262903
q14,nfs,6,decision,0.0,0.0,0.0,0.0
q14,nfs,7,T,9.33149790763855,17.831752318463447,91.09206790762697,91.09206790762697
q14,nfs,7,C,0.011377076087557824,0.012327164915349421,8.350905104964813,8.350905104964813
q14,nfs,7,decision,1.0,0.0,1.0,1.0
q14,nfs,8,T,10.707271099090576,17.83170554959052,66.53828398073398,66.53828398073398
q14,nfs,8,C,0.011686679649911973,0.01232716340215589,5.4804595610588285,5.4804595610588285
q14,nfs,8,decision,0.0,0.0,0.0,0.0
q14,nfs,9,T,10.742990970611572,17.83167650900023,65.98428275496461,65.98428275496461
q14,nfs,9,C,0.01106403829390719,0.012327162180457991,11.41648151422601,11.41648151422601
q14,nfs,9,decision,0.0,0.0,0.0,0.0
q14,nfs,10,T,10.638134002685547,17.82243724490031,67.53349074566198,67.53349074566198
q14,nfs,10,C,0.011711050604795126,0.012326734803703951,5.257292617766773,5.257292617766773
q14,nfs,10,decision,0.0,0.0,0.0,0.0
q14,nfs,11,T,9.313998222351074,17.821879723090944,91.3451054813738,91.3451054813738
q14,nfs,11,C,0.011181482677524172,0.012326716282827175,10.242233864074482,10.242233864074482
q14,nfs,11,decision,1.0,0.0,1.0,1.0
q14,nfs,12,T,10.532779932022095,17.822210578822464,69.20709151663569,69.20709151663569
q14,nfs,12,C,0.011503723500790618,0.012326727809785462,7.15424278876558,7.15424278876558
q14,nfs,12,decision,0.0,0.0,0.0,0.0
q14,nfs,13,T,9.50556492805481,17.334063970681,82.35700983453481,82.35700983453481
q14,nfs,13,C,0.011356700313501129,0.012304164048767387,8.342773068863057,8.342773068863057
q14,nfs,13,decision,0.0,0.0,0.0,0.0
q14,nfs,14,T,10.803273916244507,17.333823130945934,60.449723531323855,60.449723531323855
q14,nfs,14,C,0.011456532415586798,0.012304153216842173,7.398580744223906,7.398580744223906
q14,nfs,14,decision,0.0,0.0,0.0,0.0
q14,nfs,15,T,9.223932027816772,17.334306826957103,87.92752130741785,87.92752130741785
q14,nfs,15,C,0.011255850674438801,0.012304170992942934,9.313559222003454,9.313559222003454
q14,nfs,15,decision,1.0,0.0,1.0,1.0
q15,s3,1,T,11.3902108669281,22.657743792513994,98.92295285157181,98.92295285157181
q15,s3,1,C,0.013899713355857966,0.014605305845723655,5.0763096461145425,5.0763096461145425
q15,base,1,T,10.500283002853394,21.64044593077092,106.09393027683396,106.09393027683396
q15,base,1,C,0.012188660220180388,0.014520399548142425,19.130398959694094,19.130398959694094
q15,s3,1,decision,0.0,0.0,0.0,0.0
q15,s3,2,T,11.74285101890564,22.664807963755894,93.00941421522107,93.00941421522107
q15,s3,2,C,0.013781800219386754,0.014605431198861474,5.976222020082146,5.976222020082146
q15,base,2,T,10.646206140518188,21.648715137372935,103.34675894524071,103.34675894524071
q15,base,2,C,0.01209775072438179,0.014521837308927225,20.037498207496824,20.037498207496824
q15,s3,2,decision,0.0,0.0,0.0,0.0
q15,s3,3,T,11.922505855560303,22.656408654357474,90.03059364228534,90.03059364228534
q15,s3,3,C,0.01393865363865733,0.014605180466780535,4.78185946363331,4.78185946363331
q15,base,3,T,10.497627019882202,21.645218540767612,106.1915373805165,106.1915373805165
q15,base,3,C,0.012308152326587878,0.014520579869780626,17.97530193393445,17.97530193393445
q15,s3,3,decision,0.0,0.0,0.0,0.0
q15,s3,4,T,11.937851905822754,22.701818148074842,90.16669269453665,90.16669269453665
q15,s3,4,C,0.014133836114418163,0.014618538700942445,3.4293774358245823,3.4293774358245823
q15,base,4,T,10.763430833816528,21.716560888116653,101.76244195194344,101.76244195194344
q15,base,4,C,0.01246410785383395,0.014535992255531007,16.62280546665638,16.62280546665638
q15,s3,4,decision,0.0,0.0,0.0,0.0
q15,s3,5,T,11.582608938217163,22.70658290381451,96.04031375775335,96.04031375775335
q15,s3,5,C,0.014065571206831684,0.014620012518366836,3.941832886714601,3.941832886714601
q15,base,5,T,10.570487976074219,21.69470288599524,105.23842357230942,105.23842357230942
q15,base,5,C,0.012296153340858285,0.014535267077974891,18.209871616323824,18.209871616323824
q15,s3,5,decision,0.0,0.0,0.0,0.0
q15,s3,6,T,11.91707181930542,22.705957257444986,90.53302356256498,90.53302356256498
q15,s3,6,C,0.014177959249821258,0.014619983256064365,3.1176842763790584,3.1176842763790584
q15,base,6,T,10.4585862159729,21.704627359459547,107.52926744832014,107.52926744832014
q15,base,6,C,0.012196080223552883,0.014535656676718094,19.183019546288794,19.183019546288794
q15,s3,6,decision,0.0,0.0,0.0,0.0
q15,s3,7,T,11.850566864013672,22.711273253464064,91.64714662241884,91.64714662241884
q15,s3,7,C,0.013887824260914082,0.014619699211254477,5.269903597500045,5.269903597500045
q15,base,7,T,10.396872997283936,21.697302188887978,108.69065337776225,108.69065337776225
q15,base,7,C,0.01204700452781989,0.014535028229546186,20.65263357360542,20.65263357360542
q15,s3,7,decision,0.0,0.0,0.0,0.0
q15,s3,8,T,11.643449068069458,22.707620690424047,95.02486383262966,95.02486383262966
q15,s3,8,C,0.013826658256139619,0.014619574703997704,5.734693323355965,5.734693323355965
q15,base,8,T,10.507821083068848,21.69083162353904,106.42558958763841,106.42558958763841
q15,base,8,C,0.012348179405237285,0.01453478866206285,17.7079485571626,17.7079485571626
q15,s3,8,decision,0.0,0.0,0.0,0.0
q15,s3,9,T,11.642163038253784,22.70318967429878,95.00834681408179,95.00834681408179
q15,s3,9,C,0.013693469930377226,0.014619505289208537,6.762605559727549,6.762605559727549
q15,base,9,T,10.532578945159912,21.691492221218105,105.94663789523366,105.94663789523366
q15,base,9,C,0.01230383567514625,0.01453475412014273,18.131894019870035,18.131894019870035
q15,s3,9,decision,0.0,0.0,0.0,0.0
q15,s3,10,T,11.985064029693604,22.69161717172825,89.33246510413811,89.33246510413811
q15,s3,10,C,0.013859088353865262,0.014617905535372159,5.475231574631418,5.475231574631418
q15,base,10,T,10.561698913574219,21.69882011201082,105.44819815042099,105.44819815042099
q15,base,10,C,0.012473355615548446,0.014535202089757965,16.530006341191463,16.530006341191463
q15,s3,10,decision,0.0,0.0,0.0,0.0
q15,s3,11,T,11.881289005279541,22.700046773414496,91.05710469064053,91.05710469064053
q15,s3,11,C,0.013747584288285642,0.014619513998012604,6.342421267930945,6.342421267930945
q15,base,11,T,10.544087886810303,21.691276430816792,105.71979922464996,105.71979922464996
q15,base,11,C,0.012378873335986423,0.014534973318387568,17.417578513653428,17.417578513653428
q15,s3,11,decision,0.0,0.0,0.0,0.0
q15,s3,12,T,12.004078149795532,22.70898087770816,89.17721622876111,89.17721622876111
q15,s3,12,C,0.014120748502627642,0.014619757850180475,3.5338732041008742,3.5338732041008742
q15,base,12,T,10.707349061965942,21.70471943665308,102.70861920203377,102.70861920203377
q15,base,12,C,0.01255077702945951,0.014535385090106713,15.812631010724509,15.812631010724509
q15,s3,12,decision,0.0,0.0,0.0,0.0
q15,s3,13,T,11.49651312828064,22.700232574476807,97.45319577495006,97.45319577495006
q15,s3,13,C,0.013782666293484479,0.014617955063479859,6.060429471402413,6.060429471402413
q15,base,13,T,10.465615034103394,21.68182139318152,107.17197529747506,107.17197529747506
q15,base,13,C,0.012281180829095045,0.014534370527818688,18.34668612146534,18.34668612146534
q15,s3,13,decision,0.0,0.0,0.0,0.0
q15,s3,14,T,11.844632863998413,22.700004530147893,91.6480214354657,91.6480214354657
q15,s3,14,C,0.014026026052805446,0.014617956347340965,4.2202281124176455,4.2202281124176455
q15,base,14,T,10.502828121185303,21.685542921099916,106.47336765759223,106.47336765759223
q15,base,14,C,0.012405915768221523,0.014533263321064896,17.147847789622254,17.147847789622254
q15,s3,14,decision,0.0,0.0,0.0,0.0
q15,s3,15,T,11.726523876190186,22.69962998172436,93.57509711649699,93.57509711649699
q15,s3,15,C,0.013717564334398276,0.014617917075949291,6.563502963082763,6.563502963082763
q15,base,15,T,10.548036098480225,21.69613260776193,105.68883539266554,105.68883539266554
q15,base,15,C,0.012366547645827449,0.01453611951190555,17.543876659951472,17.543876659951472
q15,s3,15,decision,0.0,0.0,0.0,0.0
q15,nfs,1,T,10.655200004577637,23.40910781259464,119.6965594502002,119.6965594502002
q15,nfs,1,C,0.01172248840617428,0.012949331156442154,10.465719459544884,10.465719459544884
q15,nfs,1,decision,0.0,0.0,0.0,0.0
q15,nfs,2,T,10.831583976745605,23.416511560252317,116.18732413029682,116.18732413029682
q15,nfs,2,C,0.011342851100494331,0.012949591803546856,14.165227849834878,14.165227849834878
q15,nfs,2,decision,0.0,0.0,0.0,0.0
q15,nfs,3,T,11.10121202468872,23.408732657558616,110.86645859477673,110.86645859477673
q15,nfs,3,C,0.011162480664749473,0.0129492461550774,16.00688542261433,16.00688542261433
q15,nfs,3,decision,0.0,0.0,0.0,0.0
q15,nfs,4,T,10.125146865844727,23.51426558753279,132.23629147399066,132.23629147399066
q15,nfs,4,C,0.011305113395405818,0.012963235430178898,14.667009314978735,14.667009314978735
q15,nfs,4,decision,1.0,0.0,1.0,1.0
q15,nfs,5,T,11.142827033996582,23.49936515990633,110.89230846184861,110.89230846184861
q15,nfs,5,C,0.01116184042526863,0.012962723467107255,16.13428407166359,16.13428407166359
q15,nfs,5,decision,0.0,0.0,0.0,0.0
q15,nfs,6,T,10.846549987792969,23.50210360324833,116.67814770317105,116.67814770317105
q15,nfs,6,C,0.01159314158153035,0.012962807122811964,11.814446771388534,11.814446771388534
q15,nfs,6,decision,0.0,0.0,0.0,0.0
q15,nfs,7,T,12.346191883087158,23.48486577272716,90.21951055935463,90.21951055935463
q15,nfs,7,C,0.011481919460937703,0.012961828407712721,12.889037863484171,12.889037863484171
q15,nfs,7,decision,0.0,0.0,0.0,0.0
q15,nfs,8,T,10.352609157562256,23.49265899938994,126.925006458196,126.925006458196
q15,nfs,8,C,0.010756663586881472,0.012962108399906483,20.503056502712518,20.503056502712518
q15,nfs,8,decision,1.0,0.0,1.0,1.0
q15,nfs,9,T,10.586534023284912,23.493150317302383,121.91540938355816,121.91540938355816
q15,nfs,9,C,0.011756787189059674,0.012962103522594795,10.252089402934274,10.252089402934274
q15,nfs,9,decision,0.0,0.0,0.0,0.0
q15,nfs,10,T,11.264955997467041,23.49658249490316,108.58121860561583,108.58121860561583
q15,nfs,10,C,0.01106727031334584,0.012962396273233066,17.123698131796104,17.123698131796104
q15,nfs,10,decision,0.0,0.0,0.0,0.0
q15,nfs,11,T,10.907609939575195,23.501938690215596,115.46368838278144,115.46368838278144
q15,nfs,11,C,0.012057829442657361,0.012962552058892175,7.503196330130097,7.503196330130097
q15,nfs,11,decision,0.0,0.0,0.0,0.0
q15,nfs,12,T,11.018696069717407,23.481690385084388,113.1077056351425,113.1077056351425
q15,nfs,12,C,0.011721917915822761,0.01296190232047946,10.578340622765433,10.578340622765433
q15,nfs,12,decision,0.0,0.0,0.0,0.0
q15,nfs,13,T,11.308578968048096,23.495164694724163,107.76407682263832,107.76407682263832
q15,nfs,13,C,0.011192305011692341,0.01296207542146755,15.812385455242426,15.812385455242426
q15,nfs,13,decision,0.0,0.0,0.0,0.0
q15,nfs,14,T,11.379426002502441,23.49738743714696,106.4900938938367,106.4900938938367
q15,nfs,14,C,0.011234627884531414,0.012962074833731524,15.376094045612085,15.376094045612085
q15,nfs,14,decision,0.0,0.0,0.0,0.0
q15,nfs,15,T,10.298336029052734,23.49346570826914,128.12875441228078,128.12875441228078
q15,nfs,15,C,0.011018715184441415,0.01296195730007466,17.635832155614022,17.635832155614022
q15,nfs,15,decision,1.0,0.0,1.0,1.0
q16,s3,1,T,9.593569040298462,16.73725407065219,74.46326805327797,74.46326805327797
q16,s3,1,C,0.002059505934109458,0.0035566915977227804,72.69635104308229,72.69635104308229
q16,base,1,T,7.642394781112671,14.99740652344992,96.23962060314317,96.23962060314317
q16,base,1,C,0.005205956486286029,0.008841020392282259,69.82509199936692,69.82509199936692
q16,s3,1,decision,0.0,0.0,0.0,0.0
q16,s3,2,T,9.56343698501587,16.74142429595332,75.05656514686116,75.05656514686116
q16,s3,2,C,0.0020373657135603217,0.003556971313760245,74.5867857736937,74.5867857736937
q16,base,2,T,7.806611061096191,14.996164771800212,92.09570778455658,92.09570778455658
q16,base,2,C,0.00521275315902636,0.00885659035971571,69.90235465839602,69.90235465839602
q16,s3,2,decision,0.0,0.0,0.0,0.0
q16,s3,3,T,9.693289041519165,16.749555152464712,72.79537503443377,72.79537503443377
q16,s3,3,C,0.002047600442429934,0.003557513999932864,73.74063446240915,73.74063446240915
q16,base,3,T,7.8408849239349365,14.993124935291814,91.21725520449975,91.21725520449975
q16,base,3,C,0.005194023052504651,0.008839633217626108,70.18856343665011,70.18856343665011
q16,s3,3,decision,0.0,0.0,0.0,0.0
q16,s3,4,T,9.588254928588867,16.736659446590064,74.55375948220903,74.55375948220903
q16,s3,4,C,0.0020609112630566185,0.003556670035009693,72.5775436703983,72.5775436703983
q16,base,4,T,7.747288942337036,15.003064480190407,93.65567222105703,93.65567222105703
q16,base,4,C,0.005230140278639713,0.008847513634520297,69.16398343375624,69.16398343375624
q16,s3,4,decision,0.0,0.0,0.0,0.0
q16,s3,5,T,9.57052493095398,16.738322963812866,74.89451294020513,74.89451294020513
q16,s3,5,C,0.0020557128400998737,0.003556781149006732,73.01935754966297,73.01935754966297
q16,base,5,T,7.839870929718018,15.006053674363113,91.40689698705086,91.40689698705086
q16,base,5,C,0.005243399856411441,0.008861659422482094,69.00598209473524,69.00598209473524
q16,s3,5,decision,0.0,0.0,0.0,0.0
q16,s3,6,T,9.636358976364136,16.745412876253997,73.77323652353346,73.77323652353346
q16,s3,6,C,0.002046999016402503,0.0035540557541387666,73.62273873413186,73.62273873413186
q16,base,6,T,7.75213885307312,15.008252468323082,93.60144023185907,93.60144023185907
q16,base,6,C,0.00520100975007254,0.008845387817002573,70.07058709857645,70.07058709857645
q16,s3,6,decision,0.0,0.0,0.0,0.0
q16,s3,7,T,9.441341876983643,16.743524859403337,77.34263918798611,77.34263918798611
q16,s3,7,C,0.002037739335055681,0.0035571306634118514,74.562595039402,74.562595039402
q16,base,7,T,7.808381080627441,14.9989835738935,92.08826284242085,92.08826284242085
q16,base,7,C,0.005233633066457618,0.008860849945706423,69.30590725772615,69.30590725772615
q16,s3,7,decision,0.0,0.0,0.0,0.0
q16,s3,8,T,9.702723979949951,16.751511612121295,72.64751266486819,72.64751266486819
q16,s3,8,C,0.0020517115010939757,0.0035576633272180716,73.39978478071211,73.39978478071211
q16,base,8,T,7.888649940490723,15.000679952920024,90.15522384793371,90.15522384793371
q16,base,8,C,0.005223935267152967,0.008860930719064235,69.62175574379621,69.62175574379621
q16,s3,8,decision,0.0,0.0,0.0,0.0
q16,s3,9,T,9.600394010543823,16.74746301590387,74.44558002005583,74.44558002005583
q16,s3,9,C,0.0020523433409355015,0.003554195642044891,73.17743923026121,73.17743923026121
q16,base,9,T,8.02817702293396,14.99995771281373,86.84139213626705,86.84139213626705
q16,base,9,C,0.005259985855258997,0.008865380770342856,68.54381388647921,68.54381388647921
q16,s3,9,decision,0.0,0.0,0.0,0.0
q16,s3,10,T,9.71294093132019,16.760466054464228,72.5580972125415,72.5580972125415
q16,s3,10,C,0.0020622187572591436,0.003558254825647434,72.54497434484807,72.54497434484807
q16,base,10,T,8.055284023284912,15.000100260989534,86.21441798488631,86.21441798488631
q16,base,10,C,0.005254705345467953,0.00885974713417769,68.60597410697807,68.60597410697807
q16,s3,10,decision,0.0,0.0,0.0,0.0
q16,s3,11,T,9.771168947219849,16.73679526237225,71.28754351478392,71.28754351478392
q16,s3,11,C,0.0020569818253729465,0.003556677686118407,72.90758927700075,72.90758927700075
q16,base,11,T,7.999531030654907,15.004219212980791,87.5637353675272,87.5637353675272
q16,base,11,C,0.005269993376569141,0.008862436519626314,68.16788725066513,68.16788725066513
q16,s3,11,decision,0.0,0.0,0.0,0.0
q16,s3,12,T,9.858973026275635,16.75735065691816,69.97054979516952,69.97054979516952
q16,s3,12,C,0.0020721103410878683,0.003558046097638398,71.71122729740375,71.71122729740375
q16,base,12,T,7.987423896789551,15.006593221924952,87.87776153906984,87.87776153906984
q16,base,12,C,0.005208762011590237,0.00884944423674861,69.89534590095184,69.89534590095184
q16,s3,12,decision,0.0,0.0,0.0,0.0
q16,s3,13,T,9.89630913734436,16.733855005666225,69.09187832987092,69.09187832987092
q16,s3,13,C,0.0020599102307314343,0.003553272699356217,72.49648292171057,72.49648292171057
q16,base,13,T,7.771873950958252,14.996111637788463,92.95361366404407,92.95361366404407
q16,base,13,C,0.005224310179352374,0.00885577725578691,69.51093927743597,69.51093927743597
q16,s3,13,decision,0.0,0.0,0.0,0.0
q16,s3,14,T,9.858428955078125,16.74079861969472,69.81203289061033,69.81203289061033
q16,s3,14,C,0.0020611714846277083,0.0035569327242512437,72.56850052404552,72.56850052404552
q16,base,14,T,7.890362977981567,15.002786014130363,90.14063175542557,90.14063175542557
q16,base,14,C,0.0052378669215200875,0.008862136578672257,69.19361853699723,69.19361853699723
q16,s3,14,decision,0.0,0.0,0.0,0.0
q16,s3,15,T,9.680125951766968,16.751009726358966,73.04536955225576,73.04536955225576
q16,s3,15,C,0.002045247759863064,0.003554416099431098,73.78902298218762,73.78902298218762
q16,base,15,T,7.828183889389038,15.000028400778493,91.61568778565308,91.61568778565308
q16,base,15,C,0.005207173078487171,0.008860060501147595,70.15106599302227,70.15106599302227
q16,s3,15,decision,0.0,0.0,0.0,0.0
q16,nfs,1,T,7.615134954452515,16.75834615844804,120.06630557019291,120.06630557019291
q16,nfs,1,C,0.000778562149667392,0.0023239370076546693,198.49087945611973,198.49087945611973
q16,nfs,1,decision,1.0,0.0,1.0,1.0
q16,nfs,2,T,7.479687929153442,16.74630457941595,123.89041813020279,123.89041813020279
q16,nfs,2,C,0.0007859197590488169,0.002323130702657094,195.593879134523,195.593879134523
q16,nfs,2,decision,1.0,0.0,1.0,1.0
q16,nfs,3,T,7.47608208656311,16.753457467006488,124.09408127176349,124.09408127176349
q16,nfs,3,C,0.0007834374465189039,0.0023236074956195438,196.5913240353997,196.5913240353997
q16,nfs,3,decision,1.0,0.0,1.0,1.0
q16,nfs,4,T,7.594205141067505,16.768539430937384,120.80703799081543,120.80703799081543
q16,nfs,4,C,0.0007637984497162071,0.0023245991898097388,204.34719927403032,204.34719927403032
q16,nfs,4,decision,1.0,0.0,1.0,1.0
q16,nfs,5,T,7.761899948120117,16.75915435432729,115.91561945327898,115.91561945327898
q16,nfs,5,C,0.0007893533066838076,0.0023239739984455632,194.41493166208787,194.41493166208787
q16,nfs,5,decision,1.0,0.0,1.0,1.0
q16,nfs,6,T,7.593348026275635,16.749883994096653,120.5862807306633,120.5862807306633
q16,nfs,6,C,0.000776996174856101,0.002323356886169225,199.0178023205209,199.0178023205209
q16,nfs,6,decision,1.0,0.0,1.0,1.0
q16,nfs,7,T,7.603672027587891,16.770409938371767,120.5567241396633,120.5567241396633
q16,nfs,7,C,0.0007660647721715568,0.002324719668304025,203.4625468697853,203.4625468697853
q16,nfs,7,decision,1.0,0.0,1.0,1.0
q16,nfs,8,T,7.47736382484436,16.762526607585034,124.17695594655571,124.17695594655571
q16,nfs,8,C,0.0007673390084737312,0.002324193607893975,202.89006322210724,202.89006322210724
q16,nfs,8,decision,1.0,0.0,1.0,1.0
q16,nfs,9,T,7.441654920578003,16.75388798701403,125.13658810872047,125.13658810872047
q16,nfs,9,C,0.0007890805778158108,0.002323615786184947,194.4712937450263,194.4712937450263
q16,nfs,9,decision,1.0,0.0,1.0,1.0
q16,nfs,10,T,7.477887153625488,16.759127326767278,124.11580948559762,124.11580948559762
q16,nfs,10,C,0.000763603211151929,0.0023239714970173177,204.34281352896676,204.34281352896676
q16,nfs,10,decision,1.0,0.0,1.0,1.0
q16,nfs,11,T,7.829259872436523,16.772510255224102,114.22855453135409,114.22855453135409
q16,nfs,11,C,0.000789292310674412,0.002324866860045677,194.55080565262205,194.55080565262205
q16,nfs,11,decision,1.0,0.0,1.0,1.0
q16,nfs,12,T,7.502619981765747,16.76219513470957,123.41788835697602,123.41788835697602
q16,nfs,12,C,0.0007843749425367821,0.0023241730344884144,196.30893447101997,196.30893447101997
q16,nfs,12,decision,1.0,0.0,1.0,1.0
q16,nfs,13,T,7.4726338386535645,16.75620283362433,124.23422845837577,124.23422845837577
q16,nfs,13,C,0.0007763753669144909,0.002323786302380838,199.31221435014655,199.31221435014655
q16,nfs,13,decision,1.0,0.0,1.0,1.0
q16,nfs,14,T,7.544734954833984,16.760558464543838,122.14906905119558,122.14906905119558
q16,nfs,14,C,0.0007677617548136852,0.0023240769191025246,202.70808679008954,202.70808679008954
q16,nfs,14,decision,1.0,0.0,1.0,1.0
q16,nfs,15,T,7.512503147125244,16.739286118034478,122.81902303681538,122.81902303681538
q16,nfs,15,C,0.0007834631894759929,0.002322656434717741,196.46018676017357,196.46018676017357
q16,nfs,15,decision,1.0,0.0,1.0,1.0
q17,s3,1,T,8.29296612739563,5.542451125551065,-33.16684235280184,33.16684235280184
q17,s3,1,C,0.011490132858798723,0.013476856959113213,17.290697372512355,17.290697372512355
q17,base,1,T,24.1161048412323,8.763666416546927,-63.660522815594476,63.660522815594476
q17,base,1,C,0.06193366593301584,0.05167859789577488,-16.55814795192698,16.55814795192698
q17,s3,1,decision,1.0,1.0,0.0,0.0
q17,s3,2,T,6.691534042358398,5.542524532249526,-17.171092649838933,17.171092649838933
q17,s3,2,C,0.011253263647072909,0.0134768594060326,19.759563347101288,19.759563347101288
q17,base,2,T,24.446834087371826,8.784492626307628,-64.06695200322353,64.06695200322353
q17,base,2,C,0.06240280616027828,0.051658355351001634,-17.21789687098381,17.21789687098381
q17,s3,2,decision,1.0,1.0,0.0,0.0
q17,s3,3,T,6.994494915008545,5.542578352206273,-20.757990111434633,20.757990111434633
q17,s3,3,C,0.011271899026770602,0.01347686120005214,19.561585568188498,19.561585568188498
q17,base,3,T,24.17860507965088,8.784360768909757,-63.66886865486371,63.66886865486371
q17,base,3,C,0.0630820034895899,0.05165835255433088,-18.109207544659238,18.109207544659238
q17,s3,3,decision,1.0,1.0,0.0,0.0
q17,s3,4,T,8.1334969997406,5.554506664105803,-31.70825950654495,31.70825950654495
q17,s3,4,C,0.011458728452248124,0.013478559224699739,17.62700618021311,17.62700618021311
q17,base,4,T,24.43848204612732,8.75143072157384,-64.18995784985488,64.18995784985488
q17,base,4,C,0.06287433362899256,0.05167826022323732,-17.807064917492042,17.807064917492042
q17,s3,4,decision,1.0,1.0,0.0,0.0
q17,s3,5,T,8.300406217575073,5.554617331284495,-33.080174804899464,33.080174804899464
q17,s3,5,C,0.011297453085762247,0.013478562913649076,19.306208322613877,19.306208322613877
q17,base,5,T,24.800862073898315,8.7514295554607,-64.71320420482017,64.71320420482017
q17,base,5,C,0.06256538787250061,0.05167826102374922,-17.40119772123496,17.40119772123496
q17,s3,5,decision,1.0,1.0,0.0,0.0
q17,s3,6,T,7.238103866577148,5.554730745816799,-23.257100917459006,23.257100917459006
q17,s3,6,C,0.011320090963828982,0.013478566694181165,19.067653583784335,19.067653583784335
q17,base,6,T,24.090044021606445,8.748389024982526,-63.684628317258095,63.684628317258095
q17,base,6,C,0.061880241644210035,0.051689070414627204,-16.469184603671295,16.469184603671295
q17,s3,6,decision,1.0,1.0,0.0,0.0
q17,s3,7,T,7.117406845092773,5.553341876613541,-21.975208141397808,21.975208141397808
q17,s3,7,C,0.011496849893318874,0.013478526989543696,17.236696265612967,17.236696265612967
q17,base,7,T,24.122675895690918,8.793287793157821,-63.54762700796148,63.54762700796148
q17,base,7,C,0.06264746677566009,0.05163896357191384,-17.572144206832153,17.572144206832153
q17,s3,7,decision,1.0,1.0,0.0,0.0
q17,s3,8,T,7.068550109863281,5.55330463473111,-21.436439603333003,21.436439603333003
q17,s3,8,C,0.011173350861288152,0.013478525748132058,20.631007792215225,20.631007792215225
q17,base,8,T,24.323907136917114,8.771682119311677,-63.93802167580785,63.93802167580785
q17,base,8,C,0.06185623509152106,0.05165798980992899,-16.487012613203785,16.487012613203785
q17,s3,8,decision,1.0,1.0,0.0,0.0
q17,s3,9,T,6.744930982589722,5.55324799905823,-17.667830651010522,17.667830651010522
q17,s3,9,C,0.011170905914579976,0.0134785238602526,20.657393082693325,20.657393082693325
q17,base,9,T,24.246150970458984,8.753393801108485,-63.89780047244018,63.89780047244018
q17,base,9,C,0.062466185676100947,0.051667401278392526,-17.28740802856472,17.28740802856472
q17,s3,9,decision,1.0,1.0,0.0,0.0
q17,s3,10,T,7.206788063049316,5.562492838770172,-22.81592312544591,22.81592312544591
q17,s3,10,C,0.01168614280973802,0.013478903954740424,15.340914227990634,15.340914227990634
q17,base,10,T,24.63284182548523,8.75335139351798,-64.46471156055681,64.46471156055681
q17,base,10,C,0.06289220922265035,0.05167837836001782,-17.830238436899936,17.830238436899936
q17,s3,10,decision,1.0,1.0,0.0,0.0
q17,s3,11,T,8.491090059280396,5.56296488133749,-34.4846793226812,34.4846793226812
q17,s3,11,C,0.011503656266555995,0.013478919689685936,17.17074447775813,17.17074447775813
q17,base,11,T,24.4240939617157,8.75954361276148,-64.13564561906821,64.13564561906821
q17,base,11,C,0.06366446409913039,0.051656752122612754,-18.86093309105802,18.86093309105802
q17,s3,11,decision,1.0,1.0,0.0,0.0
q17,s3,12,T,7.64345908164978,5.56227553540863,-27.228294467325693,27.228294467325693
q17,s3,12,C,0.011336677447533515,0.013478896711207148,18.896358951623064,18.896358951623064
q17,base,12,T,24.508283853530884,8.753192821071341,-64.28475827445472,64.28475827445472
q17,base,12,C,0.06309945224180329,0.051678371927530095,-18.100125925826568,18.100125925826568
q17,s3,12,decision,1.0,1.0,0.0,0.0
q17,s3,13,T,6.69943904876709,5.568263364024743,-16.884632825348554,16.884632825348554
q17,s3,13,C,0.011235192237495095,0.013479155548952234,19.972629431015726,19.972629431015726
q17,base,13,T,24.471000909805298,8.754533924244015,-64.22486372130305,64.22486372130305
q17,base,13,C,0.06294964466908061,0.051678442534930834,-17.905108429763587,17.905108429763587
q17,s3,13,decision,1.0,1.0,0.0,0.0
q17,s3,14,T,8.195798873901367,5.568284110168935,-32.059287985939584,32.059287985939584
q17,s3,14,C,0.011746267741167495,0.013479156240499252,14.752673253466295,14.752673253466295
q17,base,14,T,24.7860369682312,8.754445361639954,-64.67993099154693,64.67993099154693
q17,base,14,C,0.0618833936431105,0.051678439557864456,-16.490618055143074,16.490618055143074
q17,s3,14,decision,1.0,1.0,0.0,0.0
q17,s3,15,T,6.962287902832031,5.5685640576827495,-20.018187478032335,20.018187478032335
q17,s3,15,C,0.011413867581886611,0.013479165572196288,18.09463773337645,18.09463773337645
q17,base,15,T,24.277679920196533,8.757668193406209,-63.92707943183348,63.92707943183348
q17,base,15,C,0.0630829711011448,0.051667632533461655,-18.09575289245688,18.09575289245688
q17,s3,15,decision,1.0,1.0,0.0,0.0
q17,nfs,1,T,7.367387056350708,5.2346638689195,-28.948162640549675,28.948162640549675
q17,nfs,1,C,0.009972795046760347,0.012418423692668377,24.523001169090406,24.523001169090406
q17,nfs,1,decision,1.0,1.0,0.0,0.0
q17,nfs,2,T,5.703450918197632,5.234743100883708,-8.217968805840824,8.217968805840824
q17,nfs,2,C,0.010163683385976766,0.012418426334240545,22.184309198127288,22.184309198127288
q17,nfs,2,decision,1.0,1.0,0.0,0.0
q17,nfs,3,T,6.1989219188690186,5.2348697293366016,-15.551933096590876,15.551933096590876
q17,nfs,3,C,0.009918952817172871,0.01241843055572971,25.199008248425635,25.199008248425635
q17,nfs,3,decision,1.0,1.0,0.0,0.0
q17,nfs,4,T,5.816632986068726,5.248855369544355,-9.76127628963768,9.76127628963768
q17,nfs,4,C,0.010009080522085136,0.012418896821118885,24.07630045253873,24.07630045253873
q17,nfs,4,decision,1.0,1.0,0.0,0.0
q17,nfs,5,T,7.615149021148682,5.2488324261468975,-31.073805495205463,31.073805495205463
q17,nfs,5,C,0.010155186823409388,0.012418896056207392,22.291162852659482,22.291162852659482
q17,nfs,5,decision,1.0,1.0,0.0,0.0
q17,nfs,6,T,5.688621997833252,5.248897202752047,-7.729900057495344,7.729900057495344
q17,nfs,6,C,0.009793446700718751,0.012418898215797777,26.808248365576347,26.808248365576347
q17,nfs,6,decision,1.0,1.0,0.0,0.0
q17,nfs,7,T,6.513859987258911,5.2476134030520125,-19.439266221313826,19.439266221313826
q17,nfs,7,C,0.010008062303658898,0.012418855417556135,24.088510250539336,24.088510250539336
q17,nfs,7,decision,1.0,1.0,0.0,0.0
q17,nfs,8,T,5.83033299446106,5.247453641464697,-9.997359559910398,9.997359559910398
q17,nfs,8,C,0.010213251607241526,0.012418850091398745,21.595458224032964,21.595458224032964
q17,nfs,8,decision,1.0,1.0,0.0,0.0
q17,nfs,9,T,6.919891119003296,5.247847430623527,-24.162861230403305,24.162861230403305
q17,nfs,9,C,0.009988280913631591,0.012418863219631147,24.33434068401499,24.33434068401499
q17,nfs,9,decision,1.0,1.0,0.0,0.0
q17,nfs,10,T,6.802606105804443,5.258905297419368,-22.692785446858164,22.692785446858164
q17,nfs,10,C,0.009987079736565301,0.01241923187565668,24.35298609048485,24.35298609048485
q17,nfs,10,decision,1.0,1.0,0.0,0.0
q17,nfs,11,T,5.711680889129639,5.25886777897598,-7.927843290675495,7.927843290675495
q17,nfs,11,C,0.009861021025960712,0.01241923062479088,25.942644195720433,25.942644195720433
q17,nfs,11,decision,1.0,1.0,0.0,0.0
q17,nfs,12,T,7.083030939102173,5.258827066734112,-25.75456592032468,25.75456592032468
q17,nfs,12,C,0.010270770247161875,0.012419229267547308,20.91818791272366,20.91818791272366
q17,nfs,12,decision,1.0,1.0,0.0,0.0
q17,nfs,13,T,5.963891983032227,5.2655643884244245,-11.709259600854654,11.709259600854654
q17,nfs,13,C,0.009661037915429811,0.012419453883487159,28.551962969235777,28.551962969235777
q17,nfs,13,decision,1.0,1.0,0.0,0.0
q17,nfs,14,T,6.4439849853515625,5.265700281215154,-18.285031805860502,18.285031805860502
q17,nfs,14,C,0.01000210096466572,0.012419458413876977,24.168496776337502,24.168496776337502
q17,nfs,14,decision,1.0,1.0,0.0,0.0
q17,nfs,15,T,6.665367126464844,5.265836125071749,-20.99705799904489,20.99705799904489
q17,nfs,15,C,0.010047631421764297,0.012419462942702868,23.60587706074606,23.60587706074606
q17,nfs,15,decision,1.0,1.0,0.0,0.0
q18,s3,1,T,12.87441110610962,9.754165528112562,-24.236025650263166,24.236025650263166
q18,s3,1,C,0.019733496053602997,0.024710086961398786,25.219002726519662,25.219002726519662
q18,base,1,T,22.74048399925232,9.115542453261588,-59.914914504188665,59.914914504188665
q18,base,1,C,0.05179790253991287,0.053744258010922565,3.7575951449191,3.7575951449191
q18,s3,1,decision,1.0,0.0,1.0,1.0
q18,s3,2,T,12.83077597618103,9.813260408890281,-23.517794815313163,23.517794815313163
q18,s3,2,C,0.019332785303204963,0.02470178810160233,27.7714913510538,27.7714913510538
q18,base,2,T,23.19036889076233,9.115542034055427,-60.69255268428903,60.69255268428903
q18,base,2,C,0.053213055341192354,0.053744257418288845,0.9982551719507929,0.9982551719507929
q18,s3,2,decision,1.0,0.0,1.0,1.0
q18,s3,3,T,12.877382040023804,9.754163731104995,-24.253519070969762,24.253519070969762
q18,s3,3,C,0.019327848955069483,0.02471008326766117,27.84704249864279,27.84704249864279
q18,base,3,T,22.011322021484375,9.115537634407195,-58.58705067551199,58.58705067551199
q18,base,3,C,0.05161225077390506,0.05373598653216218,4.114790047735857,4.114790047735857
q18,s3,3,decision,1.0,0.0,1.0,1.0
q18,s3,4,T,12.718618869781494,9.814682189947403,-22.83216998296593,22.83216998296593
q18,s3,4,C,0.019695798157515286,0.024701890184721072,25.417055897760722,25.417055897760722
q18,base,4,T,22.386089086532593,9.117006152010271,-59.2737877671762,59.2737877671762
q18,base,4,C,0.052286792066031484,0.05373621328033558,2.7720599352770816,2.7720599352770816
q18,s3,4,decision,1.0,0.0,1.0,1.0
q18,s3,5,T,13.062814950942993,9.72089373993528,-25.58346898090647,25.58346898090647
q18,s3,5,C,0.019319328739744703,0.02470972491081231,27.901570720613133,27.901570720613133
q18,base,5,T,22.782835006713867,9.176093786880926,-59.72365254729349,59.72365254729349
q18,base,5,C,0.05209120383305822,0.05372791115823635,3.1420032649340275,3.1420032649340275
q18,s3,5,decision,1.0,0.0,1.0,1.0
q18,s3,6,T,13.320955038070679,9.720889115889166,-27.025584215941645,27.025584215941645
q18,s3,6,C,0.01959830385216041,0.024709722706014944,26.080924616805962,26.080924616805962
q18,base,6,T,22.465049028396606,9.11698742030692,-59.417015254305795,59.417015254305795
q18,base,6,C,0.05188695603031384,0.0537362008457644,3.5639878630964197,3.5639878630964197
q18,s3,6,decision,1.0,0.0,1.0,1.0
q18,s3,7,T,12.575116872787476,9.755576145384012,-22.421586661392734,22.421586661392734
q18,s3,7,C,0.019453028978860417,0.02471018224082277,27.024856991038742,27.024856991038742
q18,base,7,T,22.311645984649658,9.116998094823519,-59.137940333510194,59.137940333510194
q18,base,7,C,0.051979018082979035,0.05374447492489954,3.396479785559123,3.396479785559123
q18,s3,7,decision,1.0,0.0,1.0,1.0
q18,s3,8,T,12.642240047454834,9.814677244692149,-22.365995204559788,22.365995204559788
q18,s3,8,C,0.019488147280405616,0.02470188402479152,26.75337305988067,26.75337305988067
q18,base,8,T,22.491744995117188,9.176098120255796,-59.202373483036254,59.202373483036254
q18,base,8,C,0.05211247874279214,0.05373617563219473,3.1157544768049887,3.1157544768049887
q18,s3,8,decision,1.0,0.0,1.0,1.0
q18,s3,9,T,12.93103313446045,9.720883297897913,-24.825161324563265,24.825161324563265
q18,s3,9,C,0.019275360382661758,0.02470972079307595,28.19330120178928,28.19330120178928
q18,base,9,T,23.119795083999634,9.116975206419315,-60.56636672905098,60.56636672905098
q18,base,9,C,0.05227050270926246,0.053744472269703567,2.8198878603475106,2.8198878603475106
q18,s3,9,decision,1.0,0.0,1.0,1.0
q18,s3,10,T,12.556771993637085,9.719473466083338,-22.595763696207086,22.595763696207086
q18,s3,10,C,0.019266782908919793,0.024709625535379063,28.249877793242995,28.249877793242995
q18,base,10,T,22.19808602333069,9.115534179778061,-58.93549484312553,58.93549484312553
q18,base,10,C,0.05138583075568251,0.053752523480531854,4.6057301984703685,4.6057301984703685
q18,s3,10,decision,1.0,0.0,1.0,1.0
q18,s3,11,T,12.686142921447754,9.754153587634521,-23.111747612872012,23.111747612872012
q18,s3,11,C,0.019290141118484417,0.02471008143582076,28.09694488000809,28.09694488000809
q18,base,11,T,22.52913808822632,9.174641927855493,-59.27655158432296,59.27655158432296
q18,base,11,C,0.051949784727799334,0.053735965075753594,3.4382824824266143,3.4382824824266143
q18,s3,11,decision,1.0,0.0,1.0,1.0
q18,s3,12,T,12.745989084243774,9.719460319659632,-23.7449502316415,23.7449502316415
q18,s3,12,C,0.019224063215359462,0.024709623574739256,28.534864341254305,28.534864341254305
q18,base,12,T,22.335541009902954,9.174635676580296,-58.92360219744612,58.92360219744612
q18,base,12,C,0.051546282597046696,0.053735963312768746,4.247989584116986,4.247989584116986
q18,s3,12,decision,1.0,0.0,1.0,1.0
q18,s3,13,T,12.518282890319824,9.75414615063021,-22.080797853091138,22.080797853091138
q18,s3,13,C,0.019505101268258083,0.024710087056962347,26.685253858049307,26.685253858049307
q18,base,13,T,23.357133865356445,9.082243644028106,-61.11576147834222,61.11576147834222
q18,base,13,C,0.05153215343431958,0.05366108014552111,4.1312589700233655,4.1312589700233655
q18,s3,13,decision,1.0,0.0,1.0,1.0
q18,s3,14,T,13.121170043945312,9.719455630781205,-25.925389288997202,25.925389288997202
q18,s3,14,C,0.019428046414297417,0.02470962441868107,27.185327293107825,27.185327293107825
q18,base,14,T,22.319358110427856,9.174626578921252,-58.893860058480975,58.893860058480975
q18,base,14,C,0.05160936187419019,0.053735957071701076,4.120560922057038,4.120560922057038
q18,s3,14,decision,1.0,0.0,1.0,1.0
q18,s3,15,T,12.183538913726807,9.75416455697169,-19.93980873667189,19.93980873667189
q18,s3,15,C,0.019439891530426245,0.024710083327750723,27.110191376715576,27.110191376715576
q18,base,15,T,22.453222036361694,9.11553531000266,-59.40210587486919,59.40210587486919
q18,base,15,C,0.051696087250223406,0.053744256907702494,3.9619432851182292,3.9619432851182292
q18,s3,15,decision,1.0,0.0,1.0,1.0
q18,nfs,1,T,12.610333919525146,10.197575020201038,-19.13318802437361,19.13318802437361
q18,nfs,1,C,0.013159329073880269,0.01830007305312241,39.06539573849488,39.06539573849488
q18,nfs,1,decision,1.0,0.0,1.0,1.0
q18,nfs,2,T,12.242663145065308,10.197578246556995,-16.704575420198765,16.704575420198765
q18,nfs,2,C,0.01283039887967948,0.01830006833688985,42.630548812267385,42.630548812267385
q18,nfs,2,decision,1.0,0.0,1.0,1.0
q18,nfs,3,T,12.701945066452026,10.141074008113767,-20.16125124884968,20.16125124884968
q18,nfs,3,C,0.013975140376367113,0.01830261757713648,30.96553654722079,30.96553654722079
q18,nfs,3,decision,1.0,0.0,1.0,1.0
q18,nfs,4,T,14.156016111373901,10.13197235802576,-28.42638579730743,28.42638579730743
q18,nfs,4,C,0.013965860429776133,0.018302614610916246,31.052538459383918,31.052538459383918
q18,nfs,4,decision,1.0,0.0,1.0,1.0
q18,nfs,5,T,12.223749876022339,10.198748983321286,-16.566118525324384,16.566118525324384
q18,nfs,5,C,0.013591511431914857,0.0183001520049462,34.643980521362515,34.643980521362515
q18,nfs,5,decision,1.0,0.0,1.0,1.0
q18,nfs,6,T,12.882759809494019,10.13196172808009,-21.352552730096793,21.352552730096793
q18,nfs,6,C,0.013985839627173103,0.018302613657517456,30.865319104312388,30.865319104312388
q18,nfs,6,decision,1.0,0.0,1.0,1.0
q18,nfs,7,T,12.85273790359497,10.198747962105056,-20.649218566478208,20.649218566478208
q18,nfs,7,C,0.013640187803919466,0.018300150688702752,34.163480384370224,34.163480384370224
q18,nfs,7,decision,1.0,0.0,1.0,1.0
q18,nfs,8,T,12.559983015060425,10.14225847126114,-19.249425265147565,19.249425265147565
q18,nfs,8,C,0.013991264731935748,0.01830270624755563,30.81523792326512,30.81523792326512
q18,nfs,8,decision,1.0,0.0,1.0,1.0
q18,nfs,9,T,11.992637157440186,10.212861365927909,-14.840570661375432,14.840570661375432
q18,nfs,9,C,0.013593256362267851,0.018300246682873042,34.627393136429404,34.627393136429404
q18,nfs,9,decision,1.0,0.0,1.0,1.0
q18,nfs,10,T,12.184421062469482,10.190792883897862,-16.36210837060125,16.36210837060125
q18,nfs,10,C,0.013040097442330185,0.018299982543869865,40.336240774284974,40.336240774284974
q18,nfs,10,decision,1.0,0.0,1.0,1.0
q18,nfs,11,T,13.131612062454224,10.190791908578369,-22.39496674048283,22.39496674048283
q18,nfs,11,C,0.013840253342297744,0.018299979383619575,32.22286421370833,32.22286421370833
q18,nfs,11,decision,1.0,0.0,1.0,1.0
q18,nfs,12,T,12.9483962059021,10.197570033742519,-21.244531974590856,21.244531974590856
q18,nfs,12,C,0.013553647762083159,0.0183000648889987,35.019481177560344,35.019481177560344
q18,nfs,12,decision,1.0,0.0,1.0,1.0
q18,nfs,13,T,12.833323001861572,10.190788844803365,-20.591191826737997,20.591191826737997
q18,nfs,13,C,0.013921951121494105,0.018299981738287535,31.44696155436279,31.44696155436279
q18,nfs,13,decision,1.0,0.0,1.0,1.0
q18,nfs,14,T,13.10291600227356,10.067510621888799,-23.165876815955098,23.165876815955098
q18,nfs,14,C,0.014072276414402167,0.01830498528544547,30.078352260842227,30.078352260842227
q18,nfs,14,decision,1.0,0.0,1.0,1.0
q18,nfs,15,T,12.8507559299469,10.197578832441382,-20.646078035943844,20.646078035943844
q18,nfs,15,C,0.01356815615659035,0.018300072673350386,34.87516256556085,34.87516256556085
q18,nfs,15,decision,1.0,0.0,1.0,1.0
q19,s3,1,T,7.203063011169434,4.103101350618789,-43.03671446082989,43.03671446082989
q19,s3,1,C,0.013452090111357574,0.015095381403493034,12.215880792740395,12.215880792740395
q19,base,1,T,6.692415952682495,6.618834553289273,-1.099474388822605,1.099474388822605
q19,base,1,C,0.012765537535913597,0.013879206902195554,8.724030328913642,8.724030328913642
q19,s3,1,decision,0.0,0.0,0.0,0.0
q19,s3,2,T,6.714386940002441,4.103101274805838,-38.89090230471069,38.89090230471069
q19,s3,2,C,0.013047146783788016,0.01509538140096581,15.698716747196158,15.698716747196158
q19,base,2,T,6.745496988296509,6.618826583005142,-1.8778513356560784,1.8778513356560784
q19,base,2,C,0.012573220542101958,0.0138792057614967,10.387038189790712,10.387038189790712
q19,s3,2,decision,0.0,0.0,0.0,0.0
q19,s3,3,T,7.965518951416016,4.103106267193003,-48.48915315851956,48.48915315851956
q19,s3,3,C,0.013408831972437831,0.015095381567379718,12.577900882109857,12.577900882109857
q19,base,3,T,6.826589822769165,6.618856107454669,-3.0430085988413738,3.0430085988413738
q19,base,3,C,0.01265392303712452,0.013879208929925377,9.683051565953663,9.683051565953663
q19,s3,3,decision,0.0,0.0,0.0,0.0
q19,s3,4,T,8.046289920806885,4.103206527700394,-49.00498778834802,49.00498778834802
q19,s3,4,C,0.01307867826297156,0.015095392101945574,15.419859701601107,15.419859701601107
q19,base,4,T,6.768723964691162,6.618517604676792,-2.219123734368796,2.219123734368796
q19,base,4,C,0.012858754601722984,0.01387920101069703,7.935810586488011,7.935810586488011
q19,s3,4,decision,0.0,0.0,0.0,0.0
q19,s3,5,T,6.701706171035767,4.1032076083280655,-38.77368682527745,38.77368682527745
q19,s3,5,C,0.013083026443675858,0.015095392137967237,15.381499861327026,15.381499861327026
q19,base,5,T,6.6894850730896,6.618522137736772,-1.0608131205538807,1.0608131205538807
q19,base,5,C,0.013042152295544418,0.013879201486917072,6.418029573681744,6.418029573681744
q19,s3,5,decision,0.0,0.0,0.0,0.0
q19,s3,6,T,7.065319061279297,4.1032064725940165,-41.92468256555903,41.92468256555903
q19,s3,6,C,0.01340615105491986,0.015095392100108714,12.60049240284315,12.60049240284315
q19,base,6,T,6.917754173278809,6.618512847120676,-4.325700489820981,4.325700489820981
q19,base,6,C,0.013008463894213241,0.013879200306168208,6.693614396257121,6.693614396257121
q19,s3,6,decision,0.0,0.0,0.0,0.0
q19,s3,7,T,7.4577507972717285,4.102993404164708,-44.983500847658966,44.983500847658966
q19,s3,7,C,0.013202770764698526,0.015095374025811984,14.33489450694613,14.33489450694613
q19,base,7,T,6.750024080276489,6.618783241568833,-1.9443017853986746,1.9443017853986746
q19,base,7,C,0.012921250973667737,0.013879160206186337,7.4134403431271965,7.4134403431271965
q19,s3,7,decision,0.0,0.0,0.0,0.0
q19,s3,8,T,7.572926044464111,4.102993836415776,-45.820231013412474,45.820231013412474
q19,s3,8,C,0.012940019290393597,0.015095374040220237,16.656503374973568,16.656503374973568
q19,base,8,T,6.732434988021851,6.618809134103746,-1.687737855920848,1.687737855920848
q19,base,8,C,0.012892483287483906,0.013879162740426523,7.653137343218357,7.653137343218357
q19,s3,8,decision,0.0,0.0,0.0,0.0
q19,s3,9,T,6.757025957107544,4.102988931948184,-39.27818306466095,39.27818306466095
q19,s3,9,C,0.012995158469277089,0.015095373876737154,16.16152209628959,16.16152209628959
q19,base,9,T,6.714209079742432,6.618791238896936,-1.4211329988722388,1.4211329988722388
q19,base,9,C,0.01277079867507247,0.013879160843334935,8.678879030689716,8.678879030689716
q19,s3,9,decision,0.0,0.0,0.0,0.0
q19,s3,10,T,7.870031833648682,4.103324562008112,-47.861398165326854,47.861398165326854
q19,s3,10,C,0.0132766729097302,0.01509538816683714,13.698576966327469,13.698576966327469
q19,base,10,T,7.80428409576416,6.619066186963428,-15.186760172454756,15.186760172454756
q19,base,10,C,0.012755825745350422,0.01387922077183939,8.806917316963606,8.806917316963606
q19,s3,10,decision,0.0,0.0,0.0,0.0
q19,s3,11,T,7.142236948013306,4.103316917834943,-42.548574799435535,42.548574799435535
q19,s3,11,C,0.013316577057083348,0.015095387912030163,13.357868522231325,13.357868522231325
q19,base,11,T,6.964372158050537,6.6190457131075755,-4.958472021685084,4.958472021685084
q19,base,11,C,0.012801572151953445,0.013879218556699402,8.41807859186666,8.41807859186666
q19,s3,11,decision,0.0,0.0,0.0,0.0
q19,s3,12,T,7.736191987991333,4.103317728024007,-46.95946359147409,46.95946359147409
q19,s3,12,C,0.013497992508652329,0.015095387939036505,11.83431854299987,11.83431854299987
q19,base,12,T,6.8248679637908936,6.619088022730335,-3.0151490424769753,3.0151490424769753
q19,base,12,C,0.012729370423798916,0.013879222834159856,9.033065831843244,9.033065831843244
q19,s3,12,decision,0.0,0.0,0.0,0.0
q19,s3,13,T,7.501924991607666,4.103863787413225,-45.295856836689524,45.295856836689524
q19,s3,13,C,0.013457851206020688,0.01509541810519405,12.168115653119706,12.168115653119706
q19,base,13,T,6.7778449058532715,6.618814367532161,-2.346328966361768,2.346328966361768
q19,base,13,C,0.012834734761054045,0.013879217113523126,8.137934845669562,8.137934845669562
q19,s3,13,decision,0.0,0.0,0.0,0.0
q19,s3,14,T,8.200165033340454,4.103863690100396,-49.95388905693001,49.95388905693001
q19,s3,14,C,0.01332493573083755,0.015095418101950529,13.286986195480088,13.286986195480088
q19,base,14,T,6.809840202331543,6.618802825633973,-2.805313649388757,2.805313649388757
q19,base,14,C,0.01271393284067278,0.013877615865928809,9.152817148233813,9.152817148233813
q19,s3,14,decision,0.0,0.0,0.0,0.0
q19,s3,15,T,7.59834885597229,4.10386112080723,-45.990093392703315,45.990093392703315
q19,s3,15,C,0.013253836729443956,0.015095418016306764,13.894703280685944,13.894703280685944
q19,base,15,T,6.740333080291748,6.618837120337568,-1.8025216040053735,1.8025216040053735
q19,base,15,C,0.012857348338044833,0.013879219195062084,7.947757423616973,7.947757423616973
q19,s3,15,decision,0.0,0.0,0.0,0.0
q19,nfs,1,T,6.309736013412476,3.4811218624550175,-44.82935807369328,44.82935807369328
q19,nfs,1,C,0.012053404478360782,0.014002207503268253,16.16807125659904,16.16807125659904
q19,nfs,1,decision,1.0,0.0,1.0,1.0
q19,nfs,2,T,6.631870985031128,3.481122631417679,-47.50919251482785,47.50919251482785
q19,nfs,2,C,0.01149030220709148,0.01400220752891188,21.861090131033503,21.861090131033503
q19,nfs,2,decision,1.0,0.0,1.0,1.0
q19,nfs,3,T,7.384859800338745,3.4811291532247517,-52.86126957934839,52.86126957934839
q19,nfs,3,C,0.011691139195320967,0.01400220774630859,19.76769339905353,19.76769339905353
q19,nfs,3,decision,0.0,0.0,0.0,0.0
q19,nfs,4,T,5.9117021560668945,3.4812849129368155,-41.11197044384009,41.11197044384009
q19,nfs,4,C,0.011806426590277723,0.01400221293957,18.59822980731908,18.59822980731908
q19,nfs,4,decision,1.0,0.0,1.0,1.0
q19,nfs,5,T,8.121089935302734,3.4812841507358683,-57.13279647843114,57.13279647843114
q19,nfs,5,C,0.011890205876271053,0.014002212914165282,17.762577535424352,17.762577535424352
q19,nfs,5,decision,0.0,0.0,0.0,0.0
q19,nfs,6,T,5.925890922546387,3.4812809817265933,-41.2530364256069,41.2530364256069
q19,nfs,6,C,0.011780434082184559,0.014002212808524463,18.85990542317858,18.85990542317858
q19,nfs,6,decision,1.0,0.0,1.0,1.0
q19,nfs,7,T,6.07045316696167,3.480988775556913,-42.65685477153286,42.65685477153286
q19,nfs,7,C,0.01176659166941502,0.014002203061120858,18.999651339281858,18.999651339281858
q19,nfs,7,decision,1.0,0.0,1.0,1.0
q19,nfs,8,T,6.925904035568237,3.480994533572047,-49.739492264182836,49.739492264182836
q19,nfs,8,C,0.011698894469326726,0.014002203253057812,19.6882602007405,19.6882602007405
q19,nfs,8,decision,0.0,0.0,0.0,0.0
q19,nfs,9,T,6.842090845108032,3.4809882377858976,-49.12391085431525,49.12391085431525
q19,nfs,9,C,0.011995565303101528,0.014002203043198345,16.728163195260077,16.728163195260077
q19,nfs,9,decision,0.0,0.0,0.0,0.0
q19,nfs,10,T,5.9420740604400635,3.481359867884295,-41.41170519799161,41.41170519799161
q19,nfs,10,C,0.011815508523744807,0.014002215437395356,18.50709099194568,18.50709099194568
q19,nfs,10,decision,1.0,0.0,1.0,1.0
q19,nfs,11,T,6.313565969467163,3.4813515045556387,-44.85918858864083,44.85918858864083
q19,nfs,11,C,0.011789219867276919,0.014002215158608581,18.771346333731763,18.771346333731763
q19,nfs,11,decision,1.0,0.0,1.0,1.0
q19,nfs,12,T,5.956896066665649,3.4813554943770493,-41.557558577218465,41.557558577218465
q19,nfs,12,C,0.011681208579904947,0.014002215291619595,19.869576815086152,19.869576815086152
q19,nfs,12,decision,1.0,0.0,1.0,1.0
q19,nfs,13,T,7.329272985458374,3.4820484698736736,-52.491216021258545,52.491216021258545
q19,nfs,13,C,0.01179564197067247,0.014002238392561275,18.7068785859648,18.7068785859648
q19,nfs,13,decision,0.0,0.0,0.0,0.0
q19,nfs,14,T,6.880305051803589,3.4820485944543864,-49.39107251441403,49.39107251441403
q19,nfs,14,C,0.01161553230627303,0.01400223839671524,20.54753951442463,20.54753951442463
q19,nfs,14,decision,0.0,0.0,0.0,0.0
q19,nfs,15,T,6.757962942123413,3.4820473955248863,-48.47489657244561,48.47489657244561
q19,nfs,15,C,0.011515357178732815,0.014002238356750284,21.59621398987411,21.59621398987411
q19,nfs,15,decision,0.0,0.0,0.0,0.0
q20,s3,1,T,9.984920024871826,8.948493881969728,-10.379914313989731,10.379914313989731
q20,s3,1,C,0.013627125131051736,0.01699538106571777,24.717289246804413,24.717289246804413
q20,base,1,T,36.17886996269226,34.062293448352314,-5.85031129087936,5.85031129087936
q20,base,1,C,0.07918720623614522,0.0790442300321704,-0.18055467640625544,0.18055467640625544
q20,s3,1,decision,1.0,1.0,0.0,0.0
q20,s3,2,T,9.93909502029419,8.94874283714697,-9.964208825099915,9.964208825099915
q20,s3,2,C,0.013471569949842496,0.016995411775422894,26.157618144733004,26.157618144733004
q20,base,2,T,35.257112979888916,34.301516727589735,-2.710364438643244,2.710364438643244
q20,base,2,C,0.07848063785042701,0.07904010103912179,0.7128677900924248,0.7128677900924248
q20,s3,2,decision,1.0,1.0,0.0,0.0
q20,s3,3,T,10.50097393989563,8.949433384938459,-14.775206222182016,14.775206222182016
q20,s3,3,C,0.013888016374202424,0.01699541518807833,22.374677060779042,22.374677060779042
q20,base,3,T,35.70064687728882,34.30069460606706,-3.9213638790179597,3.9213638790179597
q20,base,3,C,0.07846557006114112,0.07901942903581068,0.7058624237840693,0.7058624237840693
q20,s3,3,decision,1.0,1.0,0.0,0.0
q20,s3,4,T,10.037280082702637,8.956931776625487,-10.763357176202817,10.763357176202817
q20,s3,4,C,0.01363604149974745,0.01700156131888694,24.6810617230948,24.6810617230948
q20,base,4,T,35.326618909835815,34.1774240584501,-3.2530564397312043,3.2530564397312043
q20,base,4,C,0.07834721656915483,0.07889684746468001,0.7015321278708527,0.7015321278708527
q20,s3,4,decision,1.0,1.0,0.0,0.0
q20,s3,5,T,9.975154161453247,8.956052617432116,-10.216398940070734,10.216398940070734
q20,s3,5,C,0.013416359019045462,0.0170015533937767,26.72255840531551,26.72255840531551
q20,base,5,T,36.38284707069397,34.18103802859747,-6.051777745205749,6.051777745205749
q20,base,5,C,0.07951281618584981,0.07892874208575727,-0.7345659833344927,0.7345659833344927
q20,s3,5,decision,1.0,1.0,0.0,0.0
q20,s3,6,T,10.920830011367798,8.956180649209038,-17.989927140278724,17.989927140278724
q20,s3,6,C,0.013632071946380967,0.017002357473369825,24.723208183210907,24.723208183210907
q20,base,6,T,35.71317791938782,34.178590247071604,-4.29697876727773,4.29697876727773
q20,base,6,C,0.07842610061189564,0.07892277222192537,0.6332988713637386,0.6332988713637386
q20,s3,6,decision,1.0,1.0,0.0,0.0
q20,s3,7,T,11.010091066360474,8.966912377608272,-18.557327786277796,18.557327786277796
q20,s3,7,C,0.013168436131887664,0.016996919475557443,29.073181548103655,29.073181548103655
q20,base,7,T,35.789239168167114,34.316369542124086,-4.11539798072343,4.11539798072343
q20,base,7,C,0.07908750501218696,0.07904405554544436,-0.05493847193170214,0.05493847193170214
q20,s3,7,decision,1.0,1.0,0.0,0.0
q20,s3,8,T,10.313971996307373,8.965975695323953,-13.069613738199326,13.069613738199326
q20,s3,8,C,0.013894920688091898,0.01699689309307954,22.324506016404015,22.324506016404015
q20,base,8,T,36.2203369140625,34.3160966785518,-5.257378582724833,5.257378582724833
q20,base,8,C,0.07913113185467742,0.07901998160878891,-0.14046335908935725,0.14046335908935725
q20,s3,8,decision,1.0,1.0,0.0,0.0
q20,s3,9,T,10.56243896484375,8.966229346888122,-15.11213104538153,15.11213104538153
q20,s3,9,C,0.01375764879581285,0.01699610966367639,23.539348299465004,23.539348299465004
q20,base,9,T,35.93768310546875,34.31674684666721,-4.51040834781828,4.51040834781828
q20,base,9,C,0.07927693791879223,0.07901902435915893,-0.3253323935108237,0.3253323935108237
q20,s3,9,decision,1.0,1.0,0.0,0.0
q20,s3,10,T,10.631748914718628,8.968472966053453,-15.644424656817568,15.644424656817568
q20,s3,10,C,0.013019189607912101,0.01700302381482374,30.599709558654535,30.599709558654535
q20,base,10,T,35.5681529045105,34.07454202123293,-4.199292797934862,4.199292797934862
q20,base,10,C,0.07924197797676265,0.07904518289329482,-0.24834701062805214,0.24834701062805214
q20,s3,10,decision,1.0,1.0,0.0,0.0
q20,s3,11,T,10.854667901992798,8.968262700526454,-17.378746346721677,17.378746346721677
q20,s3,11,C,0.013168954747266445,0.01700303575174057,29.114543090597117,29.114543090597117
q20,base,11,T,36.243988037109375,34.313835136452454,-5.325442936027577,5.325442936027577
q20,base,11,C,0.07971388798785842,0.0790233463149938,-0.8662752379733298,0.8662752379733298
q20,s3,11,decision,1.0,1.0,0.0,0.0
q20,s3,12,T,10.433350801467896,8.968764006265433,-14.037549614419234,14.037549614419234
q20,s3,12,C,0.01370847209696585,0.017003043081311932,24.033101289787666,24.033101289787666
q20,base,12,T,36.41234993934631,34.31399350723733,-5.762760260198291,5.762760260198291
q20,base,12,C,0.0798997210513818,0.07904256088967983,-1.0727949364813747,1.0727949364813747
q20,s3,12,decision,1.0,1.0,0.0,0.0
q20,s3,13,T,10.269068002700806,8.963588454975708,-12.712736417577048,12.712736417577048
q20,s3,13,C,0.013625068397936162,0.01702803115700989,24.975748082036688,24.975748082036688
q20,base,13,T,35.82715582847595,34.230769089895695,-4.455800918786373,4.455800918786373
q20,base,13,C,0.07900421074283591,0.07891338418598583,-0.11496419747262428,0.11496419747262428
q20,s3,13,decision,1.0,1.0,0.0,0.0
q20,s3,14,T,10.143606185913086,8.963970364458321,-11.629353504407357,11.629353504407357
q20,s3,14,C,0.013502026153500886,0.017027234644033273,26.10873694403525,26.10873694403525
q20,base,14,T,36.328189849853516,34.22925902907373,-5.777691730457217,5.777691730457217
q20,base,14,C,0.07950496993163636,0.07891404731390107,-0.743252425909225,0.743252425909225
q20,s3,14,decision,1.0,1.0,0.0,0.0
q20,s3,15,T,10.200026988983154,8.96414038977355,-12.116503226358715,12.116503226358715
q20,s3,15,C,0.013550272259063462,0.017028058470168844,25.6658032002211,25.6658032002211
q20,base,15,T,36.23922395706177,34.22957140253197,-5.545517632802921,5.545517632802921
q20,base,15,C,0.08023186997011272,0.07893545999652261,-1.6158291886665948,1.6158291886665948
q20,s3,15,decision,1.0,1.0,0.0,0.0
q20,nfs,1,T,8.989052057266235,8.959651947858951,-0.32706573752144,0.32706573752144
q20,nfs,1,C,0.011454985301202907,0.015654056444225028,36.65714998849601,36.65714998849601
q20,nfs,1,decision,1.0,1.0,0.0,0.0
q20,nfs,2,T,8.330646991729736,8.959063288987661,7.543427273797413,7.543427273797413
q20,nfs,2,C,0.011681654696231003,0.015654034992299646,34.005287772718546,34.005287772718546
q20,nfs,2,decision,1.0,1.0,0.0,0.0
q20,nfs,3,T,8.331387996673584,8.958847270561307,7.531269389185145,7.531269389185145
q20,nfs,3,C,0.01153680797094366,0.015654010311832733,35.68753463920491,35.68753463920491
q20,nfs,3,decision,1.0,1.0,0.0,0.0
q20,nfs,4,T,9.737689971923828,8.96907064610767,-7.89324088189578,7.89324088189578
q20,nfs,4,C,0.01170620591207678,0.01565926730370084,33.768937786630424,33.768937786630424
q20,nfs,4,decision,1.0,1.0,0.0,0.0
q20,nfs,5,T,8.610896825790405,8.96943764425052,4.163803442473652,4.163803442473652
q20,nfs,5,C,0.011670906990543748,0.01565929023203502,34.17372141447811,34.17372141447811
q20,nfs,5,decision,1.0,1.0,0.0,0.0
q20,nfs,6,T,11.343485116958618,8.968294636999865,-20.938807213735586,20.938807213735586
q20,nfs,6,C,0.011683901918956949,0.015659247347518772,34.0241252976618,34.0241252976618
q20,nfs,6,decision,1.0,1.0,0.0,0.0
q20,nfs,7,T,8.959105968475342,8.979403439190312,0.2265568772865465,0.2265568772865465
q20,nfs,7,C,0.011663770938233455,0.015654715326091636,34.21658749123748,34.21658749123748
q20,nfs,7,decision,1.0,1.0,0.0,0.0
q20,nfs,8,T,9.470457077026367,8.979758602923862,-5.181359992569435,5.181359992569435
q20,nfs,8,C,0.011417909210399518,0.015654721661629723,37.106727450339896,37.106727450339896
q20,nfs,8,decision,1.0,1.0,0.0,0.0
q20,nfs,9,T,9.402565002441406,8.979612377888506,-4.498268551646061,4.498268551646061
q20,nfs,9,C,0.011870148920013587,0.015654725630433575,31.88314431370804,31.88314431370804
q20,nfs,9,decision,1.0,1.0,0.0,0.0
q20,nfs,10,T,9.302502155303955,8.981588612885204,-3.4497550988018566,3.4497550988018566
q20,nfs,10,C,0.011288887176247648,0.015659872641474674,38.71936531019449,38.71936531019449
q20,nfs,10,decision,1.0,1.0,0.0,0.0
q20,nfs,11,T,8.768862962722778,8.981335980991139,2.423039556800034,2.423039556800034
q20,nfs,11,C,0.01140159997348101,0.015659863599162504,37.34794796858154,37.34794796858154
q20,nfs,11,decision,1.0,1.0,0.0,0.0
q20,nfs,12,T,9.455157995223999,8.981699903655002,-5.007405395109743,5.007405395109743
q20,nfs,12,C,0.011869042430726168,0.01565987790158814,31.93884842005778,31.93884842005778
q20,nfs,12,decision,1.0,1.0,0.0,0.0
q20,nfs,13,T,9.031066179275513,8.97714468945964,-0.5970667111222284,0.5970667111222284
q20,nfs,13,C,0.011379241035326778,0.015679498475474764,37.79037131560765,37.79037131560765
q20,nfs,13,decision,1.0,1.0,0.0,0.0
q20,nfs,14,T,9.141066074371338,8.976284627778698,-1.8026502078858717,1.8026502078858717
q20,nfs,14,C,0.011506597114345318,0.015679481206073778,36.265144684053546,36.265144684053546
q20,nfs,14,decision,1.0,1.0,0.0,0.0
q20,nfs,15,T,9.10353398323059,8.976891223973439,-1.391138424818729,1.391138424818729
q20,nfs,15,C,0.011604141697903369,0.015679506587309253,35.11991662547708,35.11991662547708
q20,nfs,15,decision,1.0,1.0,0.0,0.0
q21,s3,1,T,56.751667976379395,21.857627763677208,-61.48548836877434,61.48548836877434
q21,s3,1,C,0.1355026032151676,0.1372331185426373,1.2771085472961594,1.2771085472961594
q21,base,1,T,53.24725103378296,20.504325075775178,-61.49223729359077,61.49223729359077
q21,base,1,C,0.1549648361053049,0.1484043793133926,-4.233513200023139,4.233513200023139
q21,s3,1,decision,0.0,0.0,0.0,0.0
q21,s3,2,T,57.79630994796753,21.889360109973282,-62.126716861890166,62.126716861890166
q21,s3,2,C,0.1375054537111453,0.13670626937097,-0.5812019222554925,0.5812019222554925
q21,base,2,T,55.97208094596863,20.50817560895737,-63.35999079835093,63.35999079835093
q21,base,2,C,0.16089767034588093,0.14839830156190872,-7.768520673482948,7.768520673482948
q21,s3,2,decision,0.0,0.0,0.0,0.0
q21,s3,3,T,54.3177649974823,21.883462751635594,-59.71214435525851,59.71214435525851
q21,s3,3,C,0.12942274005349072,0.13670402694408865,5.625971825035194,5.625971825035194
q21,base,3,T,52.29647397994995,20.50107054668913,-60.79836939953337,60.79836939953337
q21,base,3,C,0.15023889600041426,0.14838417838223492,-1.2345122784809552,1.2345122784809552
q21,s3,3,decision,0.0,0.0,0.0,0.0
q21,s3,4,T,54.444777965545654,21.881559876089828,-59.80962602154948,59.80962602154948
q21,s3,4,C,0.1282655726821275,0.13724450177846842,7.000264302092073,7.000264302092073
q21,base,4,T,53.607649087905884,20.525545968340197,-61.711534981356145,61.711534981356145
q21,base,4,C,0.15311248139186062,0.1483976055251765,-3.07935435689096,3.07935435689096
q21,s3,4,decision,0.0,0.0,0.0,0.0
q21,s3,5,T,55.165812969207764,21.882051171865655,-60.33403661778773,60.33403661778773
q21,s3,5,C,0.131299273971383,0.13722764582189703,4.51515965869403,4.51515965869403
q21,base,5,T,52.2362802028656,20.52402906603919,-60.70924463546837,60.70924463546837
q21,base,5,C,0.14945736266479942,0.14838609843017747,-0.7167691276772784,0.7167691276772784
q21,s3,5,decision,0.0,0.0,0.0,0.0
q21,s3,6,T,62.02601408958435,21.984215265279335,-64.55645975650238,64.55645975650238
q21,s3,6,C,0.14663867819233478,0.13776255707047236,-6.053055872626111,6.053055872626111
q21,base,6,T,54.14098906517029,20.412349783747608,-62.29778927906735,62.29778927906735
q21,base,6,C,0.1559271783303465,0.14843724884904289,-4.803479137829,4.803479137829
q21,s3,6,decision,0.0,0.0,0.0,0.0
q21,s3,7,T,53.31298494338989,21.891080163256774,-58.93855842717923,58.93855842717923
q21,s3,7,C,0.12510844594010107,0.13724200101207382,9.698430014694617,9.698430014694617
q21,base,7,T,51.76084804534912,20.53839831815897,-60.320591540222246,60.320591540222246
q21,base,7,C,0.15044557004195877,0.14842017664761076,-1.346263232465494,1.346263232465494
q21,s3,7,decision,0.0,0.0,0.0,0.0
q21,s3,8,T,57.5463809967041,21.91758777950415,-61.91317785777102,61.91317785777102
q21,s3,8,C,0.13538565485488646,0.1366856404306163,0.9602092460410389,0.9602092460410389
q21,base,8,T,48.842315912246704,20.537421898073227,-57.95158047998359,57.95158047998359
q21,base,8,C,0.1447066106734387,0.1484022200178653,2.553863522355946,2.553863522355946
q21,s3,8,decision,0.0,0.0,0.0,0.0
q21,s3,9,T,59.13562989234924,21.8927444308065,-62.978758371796914,62.978758371796914
q21,s3,9,C,0.13964555645037793,0.13724393253872716,-1.7197997363447612,1.7197997363447612
q21,base,9,T,55.83700203895569,20.53531085111874,-63.22275533920695,63.22275533920695
q21,base,9,C,0.1594038676506769,0.14840604488834636,-6.89934499358043,6.89934499358043
q21,s3,9,decision,0.0,0.0,0.0,0.0
q21,s3,10,T,58.876928091049194,21.86441633261776,-62.86420327703593,62.86420327703593
q21,s3,10,C,0.13850141845532954,0.13722617206500076,-0.9207460866114366,0.9207460866114366
q21,base,10,T,57.10358691215515,20.50801002566689,-64.08630151865027,64.08630151865027
q21,base,10,C,0.16208710726060757,0.14839654029384755,-8.446425627639833,8.446425627639833
q21,s3,10,decision,0.0,0.0,0.0,0.0
q21,s3,11,T,55.78115200996399,21.898696331332758,-60.74176394309484,60.74176394309484
q21,s3,11,C,0.13254825736595852,0.1372321089601705,3.5336953403167835,3.5336953403167835
q21,base,11,T,55.30191397666931,20.50462865858147,-62.92238878525628,62.92238878525628
q21,base,11,C,0.15675645539699923,0.14839264583252182,-5.33554394509326,5.33554394509326
q21,s3,11,decision,0.0,0.0,0.0,0.0
q21,s3,12,T,57.470263957977295,21.88448480946957,-61.920333573773604,61.920333573773604
q21,s3,12,C,0.13569899702865146,0.13669065204120673,0.7307754915431633,0.7307754915431633
q21,base,12,T,55.79525685310364,20.387824706924572,-63.45957370426463,63.45957370426463
q21,base,12,C,0.1572811029740345,0.14841251179841228,-5.638688315332029,5.638688315332029
q21,s3,12,decision,0.0,0.0,0.0,0.0
q21,s3,13,T,57.38156008720398,21.912872549365705,-61.811995846637416,61.811995846637416
q21,s3,13,C,0.13455043353820434,0.13669155470805203,1.5913149542098919,1.5913149542098919
q21,base,13,T,58.9753680229187,20.44530052341373,-65.3324748809225,65.3324748809225
q21,base,13,C,0.16756212624494238,0.1484300674849924,-11.417889703776329,11.417889703776329
q21,s3,13,decision,1.0,0.0,1.0,1.0
q21,s3,14,T,54.92126202583313,22.011259513787557,-59.922152729421626,59.922152729421626
q21,s3,14,C,0.12925981794568725,0.1372319554059522,6.167529543956738,6.167529543956738
q21,base,14,T,53.72321701049805,20.529777741650854,-61.78602309381597,61.78602309381597
q21,base,14,C,0.15335687321345434,0.14842094350755572,-3.2185904697133476,3.2185904697133476
q21,s3,14,decision,0.0,0.0,0.0,0.0
q21,s3,15,T,58.3501341342926,21.856396830540593,-62.54267937030242,62.54267937030242
q21,s3,15,C,0.13640803432456955,0.1377841475025387,1.00882120674419,1.00882120674419
q21,base,15,T,57.15687894821167,20.52932849544021,-64.08248862916169,64.08248862916169
q21,base,15,C,0.16287672603112596,0.14841913026326847,-8.876403719641702,8.876403719641702
q21,s3,15,decision,0.0,0.0,0.0,0.0
q21,nfs,1,T,63.84309697151184,25.67620385135978,-59.78233345600849,59.78233345600849
q21,nfs,1,C,0.09158504004498637,0.09513608453308257,3.8773193595285216,3.8773193595285216
q21,nfs,1,decision,0.0,0.0,0.0,0.0
q21,nfs,2,T,62.65893006324768,25.64662139494584,-59.06948719191624,59.06948719191624
q21,nfs,2,C,0.08457038538512221,0.0954993664820716,12.92294110660637,12.92294110660637
q21,nfs,2,decision,0.0,0.0,0.0,0.0
q21,nfs,3,T,64.03005695343018,25.814774860256367,-59.683348588879504,59.683348588879504
q21,nfs,3,C,0.08846623236151781,0.09512998016323523,7.532532610280021,7.532532610280021
q21,nfs,3,decision,0.0,0.0,0.0,0.0
q21,nfs,4,T,65.00684189796448,25.698238199441466,-60.468410017859775,60.468410017859775
q21,nfs,4,C,0.08831916681178795,0.095136868013768,7.719390306872885,7.719390306872885
q21,nfs,4,decision,0.0,0.0,0.0,0.0
q21,nfs,5,T,64.74998998641968,25.705231309524827,-60.30079492689326,60.30079492689326
q21,nfs,5,C,0.08959801728543124,0.09513996220688402,6.185343257985141,6.185343257985141
q21,nfs,5,decision,0.0,0.0,0.0,0.0
q21,nfs,6,T,66.45572805404663,25.673553654910123,-61.36743301641279,61.36743301641279
q21,nfs,6,C,0.09360408276425183,0.09550239072922642,2.028018339494447,2.028018339494447
q21,nfs,6,decision,0.0,0.0,0.0,0.0
q21,nfs,7,T,69.44306302070618,25.68393659221973,-63.01439557099976,63.01439557099976
q21,nfs,7,C,0.0989666089036877,0.09549794015486314,-3.5048879488234297,3.5048879488234297
q21,nfs,7,decision,0.0,0.0,0.0,0.0
q21,nfs,8,T,66.18810606002808,25.73600799934742,-61.11686897944077,61.11686897944077
q21,nfs,8,C,0.09249332922531385,0.09549993547882048,3.250619562176783,3.250619562176783
q21,nfs,8,decision,0.0,0.0,0.0,0.0
q21,nfs,9,T,62.55235695838928,25.687422088079437,-58.93452567236264,58.93452567236264
q21,nfs,9,C,0.08704496476450879,0.09550435141782095,9.718410107004068,9.718410107004068
q21,nfs,9,decision,0.0,0.0,0.0,0.0
q21,nfs,10,T,63.96754002571106,25.673457316272696,-59.86486692163944,59.86486692163944
q21,nfs,10,C,0.09012936758242723,0.09513504489909426,5.5538804397901895,5.5538804397901895
q21,nfs,10,decision,0.0,0.0,0.0,0.0
q21,nfs,11,T,66.27502202987671,25.67358430590203,-61.26205089101532,61.26205089101532
q21,nfs,11,C,0.09334092225527499,0.09513508441255955,1.92216030647069,1.92216030647069
q21,nfs,11,decision,0.0,0.0,0.0,0.0
q21,nfs,12,T,66.31738996505737,25.647022252923136,-61.32685217793319,61.32685217793319
q21,nfs,12,C,0.0930575744350362,0.09549943448112508,2.624031478268911,2.624031478268911
q21,nfs,12,decision,0.0,0.0,0.0,0.0
q21,nfs,13,T,68.40943813323975,25.703795450657353,-62.426536232333085,62.426536232333085
q21,nfs,13,C,0.09670054766086249,0.09513944722772483,-1.6143656586233408,1.6143656586233408
q21,nfs,13,decision,0.0,0.0,0.0,0.0
q21,nfs,14,T,63.4591920375824,25.675011678663772,-59.54090990717582,59.54090990717582
q21,nfs,14,C,0.08644331932457583,0.09550280618283034,10.48026259176619,10.48026259176619
q21,nfs,14,decision,0.0,0.0,0.0,0.0
q21,nfs,15,T,64.1846878528595,25.6637885509401,-60.01571494781874,60.01571494781874
q21,nfs,15,C,0.08793526123640293,0.09549305869133187,8.594729063931197,8.594729063931197
q21,nfs,15,decision,0.0,0.0,0.0,0.0
