query,system,run,metric,meas,model,err_%,abs_err_%
q2,s3,1,T,4.612088203430176,4.360788786676302,-5.44871228973837,5.44871228973837
q2,s3,1,C,0.0011966472557337396,0.0015457346538136334,29.17212206080282,29.17212206080282
q2,base,1,T,7.611147165298462,7.019193882218026,-7.777451548688101,7.777451548688101
q2,base,1,C,0.004427081318052321,0.004780327507567151,7.979211677779601,7.979211677779601
q2,s3,1,decision,1.0,1.0,0.0,0.0
q2,s3,2,T,3.9513049125671387,4.3599806106300045,10.34280338029777,10.34280338029777
q2,s3,2,C,0.0011847364129102646,0.0015457077141538904,30.46849048531497,30.46849048531497
q2,base,2,T,6.5084288120269775,7.019951543963125,7.859388904905905,7.859388904905905
q2,base,2,C,0.00418797059722915,0.004780348492285609,14.144748185395311,14.144748185395311
q2,s3,2,decision,1.0,1.0,0.0,0.0
q2,s3,3,T,3.89330792427063,4.359274671256021,11.96840209017592,11.96840209017592
q2,s3,3,C,0.0011957717744539766,0.0015456841820499269,29.262474250634508,29.262474250634508
q2,base,3,T,6.601367950439453,7.017853255063909,6.309075751439225,6.309075751439225
q2,base,3,C,0.004214773466261963,0.004780269855463926,13.417005533716036,13.417005533716036
q2,s3,3,decision,1.0,1.0,0.0,0.0
q2,s3,4,T,3.7916719913482666,4.353460208599947,14.816371736098311,14.816371736098311
q2,s3,4,C,0.0011707180051417731,0.0015454836897817424,32.01161022500764,32.01161022500764
q2,base,4,T,6.458881855010986,7.0130731980362855,8.580298501595001,8.580298501595001
q2,base,4,C,0.0041960959651098795,0.004780093947490082,13.917650769574566,13.917650769574566
q2,s3,4,decision,1.0,1.0,0.0,0.0
q2,s3,5,T,3.8072140216827393,4.354525517114715,14.375642985000129,14.375642985000129
q2,s3,5,C,0.0011610354406645753,0.0015455192011767285,33.11559208667008,33.11559208667008
q2,base,5,T,6.506670951843262,7.010266412688562,7.73967923954473,7.73967923954473
q2,base,5,C,0.00418970134798812,0.004780001150709964,14.08930502899221,14.08930502899221
q2,s3,5,decision,1.0,1.0,0.0,0.0
q2,s3,6,T,3.855639934539795,4.353128322118259,12.902874646614112,12.902874646614112
q2,s3,6,C,0.00116872138643147,0.0015454726267257323,32.23618945184366,32.23618945184366
q2,base,6,T,6.5726940631866455,7.014127396659181,6.716170404841805,6.716170404841805
q2,base,6,C,0.004194575894771052,0.004780127318864172,13.959728916171645,13.959728916171645
q2,s3,6,decision,1.0,1.0,0.0,0.0
q2,s3,7,T,3.923456907272339,4.370098700978662,11.383884269977548,11.383884269977548
q2,s3,7,C,0.001177940847573998,0.0015460588472838589,31.250974993184954,31.250974993184954
q2,base,7,T,6.589375972747803,7.026336373893077,6.631286527775098,6.631286527775098
q2,base,7,C,0.004190806242195797,0.004780585021024883,14.073157878090479,14.073157878090479
q2,s3,7,decision,1.0,1.0,0.0,0.0
q2,s3,8,T,3.9021241664886475,4.370590275571917,12.005412670013065,12.005412670013065
q2,s3,8,C,0.0011854622399051296,0.0015460752335522434,30.419610301208156,30.419610301208156
q2,base,8,T,6.528584003448486,7.026189169190938,7.621946282373177,7.621946282373177
q2,base,8,C,0.004205374879027914,0.004780574396719725,13.677722777113507,13.677722777113507
q2,s3,8,decision,1.0,1.0,0.0,0.0
q2,s3,9,T,3.9355599880218506,4.36908974054655,11.015706884005766,11.015706884005766
q2,s3,9,C,0.001197362203983473,0.0015460252142460676,29.119259744681848,29.119259744681848
q2,base,9,T,6.4985129833221436,7.02463461556988,8.096031101237793,8.096031101237793
q2,base,9,C,0.004176616212073788,0.004780519119877912,14.459142931504148,14.459142931504148
q2,s3,9,decision,1.0,1.0,0.0,0.0
q2,s3,10,T,3.8708739280700684,4.354163390545333,12.48528036448404,12.48528036448404
q2,s3,10,C,0.0011858250883951958,0.0015455173132558732,30.332654316452107,30.332654316452107
q2,base,10,T,6.486756086349487,7.014662490279614,8.138218809260225,8.138218809260225
q2,base,10,C,0.004154151460510088,0.004780178063536702,15.069903179450852,15.069903179450852
q2,s3,10,decision,1.0,1.0,0.0,0.0
q2,s3,11,T,3.8954319953918457,4.357253039322833,11.85545132034919,11.85545132034919
q2,s3,11,C,0.0011989476379443155,0.0015456203047689474,28.91474622019589,28.91474622019589
q2,base,11,T,6.560828924179077,7.014833247290441,6.919923204188272,6.919923204188272
q2,base,11,C,0.004222403699476711,0.004780183854985043,13.210014844801748,13.210014844801748
q2,s3,11,decision,1.0,1.0,0.0,0.0
q2,s3,12,T,3.9245920181274414,4.356873361880285,11.014682335288956,11.014682335288956
q2,s3,12,C,0.0012072079689446496,0.0015456076486160442,28.031597568663013,28.031597568663013
q2,base,12,T,6.648823022842407,7.015471823019587,5.514491796781738,5.514491796781738
q2,base,12,C,0.0042580167767292095,0.004780209806028766,12.263761668423449,12.263761668423449
q2,s3,12,decision,1.0,1.0,0.0,0.0
q2,s3,13,T,3.8146119117736816,4.362463986993892,14.361934788943584,14.361934788943584
q2,s3,13,C,0.0011732688924258263,0.0015457991737839194,31.751483718950162,31.751483718950162
q2,base,13,T,6.6803879737854,7.01853578347336,5.061798970582096,5.061798970582096
q2,base,13,C,0.004257102342953966,0.0047803044052806935,12.290098291686409,12.290098291686409
q2,s3,13,decision,1.0,1.0,0.0,0.0
q2,s3,14,T,3.972033977508545,4.364583413950269,9.88283178503802,9.88283178503802
q2,s3,14,C,0.0011781706587478758,0.0015458698232093163,31.209329627358066,31.209329627358066
q2,base,14,T,6.761094093322754,7.019211867659801,3.817692384905041,3.817692384905041
q2,base,14,C,0.004266663010187392,0.0047803330993131336,12.039153031286176,12.039153031286176
q2,s3,14,decision,1.0,1.0,0.0,0.0
q2,s3,15,T,3.9014101028442383,4.364451496991493,11.868565004475808,11.868565004475808
q2,s3,15,C,0.0011799314811389346,0.001545865426087473,31.013152102299944,31.013152102299944
q2,base,15,T,6.87281608581543,7.018240280798239,2.1159331657796825,2.1159331657796825
q2,base,15,C,0.004315610299061871,0.0047802969324584905,10.767576337873543,10.767576337873543
q2,s3,15,decision,1.0,1.0,0.0,0.0
q2,nfs,1,T,3.2189629077911377,3.5194234656945578,9.334079531522066,9.334079531522066
q2,nfs,1,C,0.00070858983557047,0.0010550009530268696,48.88739579188454,48.88739579188454
q2,nfs,1,decision,1.0,1.0,0.0,0.0
q2,nfs,2,T,3.1758480072021484,3.521590434364801,10.88661757044361,10.88661757044361
q2,nfs,2,C,0.0006935936128825626,0.001055073216475179,52.11691643040277,52.11691643040277
q2,nfs,2,decision,1.0,1.0,0.0,0.0
q2,nfs,3,T,3.1900429725646973,3.5203693545278067,10.354919504345647,10.354919504345647
q2,nfs,3,C,0.0006984456042924901,0.0010550324965951873,51.05435414171041,51.05435414171041
q2,nfs,3,decision,1.0,1.0,0.0,0.0
q2,nfs,4,T,3.159541130065918,3.517327661971293,11.324002985772516,11.324002985772516
q2,nfs,4,C,0.0006940050708639123,0.0010549310643750455,52.00624731197494,52.00624731197494
q2,nfs,4,decision,1.0,1.0,0.0,0.0
q2,nfs,5,T,3.1014299392700195,3.5168112577348793,13.39321946968203,13.39321946968203
q2,nfs,5,C,0.0006885826776242166,0.0010549138484073363,53.20075318290818,53.20075318290818
q2,nfs,5,decision,1.0,1.0,0.0,0.0
q2,nfs,6,T,3.1997759342193604,3.5167067590922776,9.904781815612909,9.904781815612909
q2,nfs,6,C,0.0007103602140068357,0.0010549103621878089,48.503581899317574,48.503581899317574
q2,nfs,6,decision,1.0,1.0,0.0,0.0
q2,nfs,7,T,3.096463918685913,3.5243216007671907,13.817622078504735,13.817622078504735
q2,nfs,7,C,0.0006888160710247512,0.001055164302073326,53.18520378067817,53.18520378067817
q2,nfs,7,decision,1.0,1.0,0.0,0.0
q2,nfs,8,T,3.1776840686798096,3.5248949977864,10.92654026021037,10.92654026021037
q2,nfs,8,C,0.0007172616538944081,0.0010551834224802837,47.11276097796564,47.11276097796564
q2,nfs,8,decision,1.0,1.0,0.0,0.0
q2,nfs,9,T,3.125404119491577,3.52580588583953,12.811199801358416,12.811199801358416
q2,nfs,9,C,0.0006865630397256511,0.0010552137958341182,53.69510660751254,53.69510660751254
q2,nfs,9,decision,1.0,1.0,0.0,0.0
q2,nfs,10,T,3.127793073654175,3.519344154883269,12.518445818145137,12.518445818145137
q2,nfs,10,C,0.0007121813771063357,0.0010549983067291387,48.1361828100171,48.1361828100171
q2,nfs,10,decision,1.0,1.0,0.0,0.0
q2,nfs,11,T,3.1417269706726074,3.5162801855415338,11.921889405581886,11.921889405581886
q2,nfs,11,C,0.00070388094519054,0.001054896139891725,49.868546250554544,49.868546250554544
q2,nfs,11,decision,1.0,1.0,0.0,0.0
q2,nfs,12,T,3.1220288276672363,3.518981147778183,12.714562933986345,12.714562933986345
q2,nfs,12,C,0.0007199797034360652,0.0010549862027067517,46.529992119484156,46.529992119484156
q2,nfs,12,decision,1.0,1.0,0.0,0.0
q2,nfs,13,T,3.072695016860962,3.5221309711560806,14.626767441249623,14.626767441249623
q2,nfs,13,C,0.0006883170824128121,0.0010550912540689768,53.285641316714425,53.285641316714425
q2,nfs,13,decision,1.0,1.0,0.0,0.0
q2,nfs,14,T,3.1174428462982178,3.5227468411430287,13.001168420010838,13.001168420010838
q2,nfs,14,C,0.0006951878041283827,0.0010551117926697348,51.77363388769746,51.77363388769746
q2,nfs,14,decision,1.0,1.0,0.0,0.0
q2,nfs,15,T,3.129119873046875,3.521871847576064,12.551515776439718,12.551515776439718
q2,nfs,15,C,0.0006992343791861475,0.0010550826103426965,50.89112345573277,50.89112345573277
q2,nfs,15,decision,1.0,1.0,0.0,0.0
q3,s3,1,T,14.153686046600342,13.944997334645455,-1.4744477959154165,1.4744477959154165
q3,s3,1,C,0.01883220433363984,0.018134761214577057,-3.7034598112178774,3.7034598112178774
q3,base,1,T,20.056087970733643,16.801980466365823,-16.225036054470326,16.225036054470326
q3,base,1,C,0.048860660767234,0.042090968429075476,-13.855097806410111,13.855097806410111
q3,s3,1,decision,1.0,1.0,0.0,0.0
q3,s3,2,T,15.302409172058105,14.568420017221312,-4.796559460565484,4.796559460565484
q3,s3,2,C,0.017640802189833892,0.01737247915933089,-1.5210364450298863,1.5210364450298863
q3,base,2,T,18.8053719997406,16.80580553702291,-10.63295351320502,10.63295351320502
q3,base,2,C,0.046882513058208806,0.04209206400626203,-10.217986919769013,10.217986919769013
q3,s3,2,decision,1.0,1.0,0.0,0.0
q3,s3,3,T,14.550644874572754,13.95637027048252,-4.084180524044875,4.084180524044875
q3,s3,3,C,0.018620676816756977,0.018139140821802822,-2.5860284225588153,2.5860284225588153
q3,base,3,T,18.703705072402954,16.798960139174415,-10.183784046290178,10.183784046290178
q3,base,3,C,0.04697437494001783,0.042088416015385856,-10.401328236662891,10.401328236662891
q3,s3,3,decision,1.0,1.0,0.0,0.0
q3,s3,4,T,14.973790884017944,14.493948749882144,-3.204546783459847,3.204546783459847
q3,s3,4,C,0.017735750972229472,0.017309236312258707,-2.4048299992405107,2.4048299992405107
q3,base,4,T,18.468808889389038,16.682687317508364,-9.671016591150401,9.671016591150401
q3,base,4,C,0.04651007167971992,0.04218665539107747,-9.295656042877297,9.295656042877297
q3,s3,4,decision,1.0,1.0,0.0,0.0
q3,s3,5,T,15.77212405204773,14.499039340918745,-8.071739145138771,8.071739145138771
q3,s3,5,C,0.017765029904737942,0.017311410079825548,-2.5534425066822632,2.5534425066822632
q3,base,5,T,18.68133807182312,16.810280392819624,-10.01565129762088,10.01565129762088
q3,base,5,C,0.046975924098872045,0.042161195562811886,-10.249353532516812,10.249353532516812
q3,s3,5,decision,1.0,1.0,0.0,0.0
q3,s3,6,T,14.937422037124634,14.500443957607706,-2.9253915329625633,2.9253915329625633
q3,s3,6,C,0.017651724201949454,0.017307108744271806,-1.9523047932030881,1.9523047932030881
q3,base,6,T,18.853184938430786,16.814090619658828,-10.81564905574877,10.81564905574877
q3,base,6,C,0.0471863940655293,0.042162042355837655,-10.647882316911437,10.647882316911437
q3,s3,6,decision,1.0,1.0,0.0,0.0
q3,s3,7,T,15.326167106628418,14.665515449794704,-4.3106123810172265,4.3106123810172265
q3,s3,7,C,0.01774366608749557,0.017438138066655673,-1.7218990671562078,1.7218990671562078
q3,base,7,T,18.644285917282104,16.715759554933705,-10.343793111222215,10.343793111222215
q3,base,7,C,0.04750303197696785,0.04222813836409291,-11.104330383442697,11.104330383442697
q3,s3,7,decision,1.0,1.0,0.0,0.0
q3,s3,8,T,15.747200965881348,14.673598687693302,-6.8177340246953415,6.8177340246953415
q3,s3,8,C,0.018084439844734186,0.017448076298592883,-3.5188457679909786,3.5188457679909786
q3,base,8,T,18.89056897163391,16.757869771233263,-11.289756299045889,11.289756299045889
q3,base,8,C,0.04755517450750739,0.042168528507604004,-11.327150106563085,11.327150106563085
q3,s3,8,decision,1.0,1.0,0.0,0.0
q3,s3,9,T,14.261756181716919,14.038390422814246,-1.5661869131448247,1.5661869131448247
q3,s3,9,C,0.01895107779642598,0.018221799916367947,-3.8482132145305723,3.8482132145305723
q3,base,9,T,18.853057861328125,16.750674063824338,-11.15142070303752,11.15142070303752
q3,base,9,C,0.0468014955259316,0.04218379615735722,-9.866563699905324,9.866563699905324
q3,s3,9,decision,1.0,1.0,0.0,0.0
q3,s3,10,T,15.777291059494019,14.681524465681338,-6.9452137865790355,6.9452137865790355
q3,s3,10,C,0.018165027661806134,0.017463694271557206,-3.860899104071035,3.860899104071035
q3,base,10,T,19.068814992904663,16.7825824050107,-11.98937945931433,11.98937945931433
q3,base,10,C,0.046873634233786564,0.04216293316005321,-10.049788438076499,10.049788438076499
q3,s3,10,decision,1.0,1.0,0.0,0.0
q3,s3,11,T,16.57901883125305,14.711916857175966,-11.261836379348445,11.261836379348445
q3,s3,11,C,0.018324751500393855,0.017471821346333287,-4.654525077964828,4.654525077964828
q3,base,11,T,18.64425492286682,16.790234183552684,-9.94419324872144,9.94419324872144
q3,base,11,C,0.047260751527343076,0.042107480565002686,-10.903912434314389,10.903912434314389
q3,s3,11,decision,1.0,1.0,0.0,0.0
q3,s3,12,T,14.11995792388916,14.03988499714682,-0.5670904061751336,0.5670904061751336
q3,s3,12,C,0.018504501287174683,0.018246606531949726,-1.3936866021009806,1.3936866021009806
q3,base,12,T,18.79894995689392,16.77878676675426,-10.746149092220076,10.746149092220076
q3,base,12,C,0.04728396190101289,0.04210311069073176,-10.956888978819148,10.956888978819148
q3,s3,12,decision,1.0,1.0,0.0,0.0
q3,s3,13,T,15.022804021835327,14.615631698707837,-2.71036167772457,2.71036167772457
q3,s3,13,C,0.017913242405624304,0.017394807332617255,-2.894144238478423,2.894144238478423
q3,base,13,T,19.21192193031311,16.816318593933186,-12.469358063547373,12.469358063547373
q3,base,13,C,0.04759122744060274,0.042090722337694605,-11.557813064966984,11.557813064966984
q3,s3,13,decision,1.0,1.0,0.0,0.0
q3,s3,14,T,14.122272968292236,13.983798564474947,-0.9805390685210262,0.9805390685210262
q3,s3,14,C,0.01898290649608981,0.018171110200020452,-4.276459435948728,4.276459435948728
q3,base,14,T,18.584223985671997,16.787769092794196,-9.666558551289661,9.666558551289661
q3,base,14,C,0.046656383690524765,0.04208637261497234,-9.7950392080656,9.7950392080656
q3,s3,14,decision,1.0,1.0,0.0,0.0
q3,s3,15,T,15.39295220375061,14.621400298743845,-5.012371212448582,5.012371212448582
q3,s3,15,C,0.01780055464002303,0.01740357483928814,-2.2301541090316084,2.2301541090316084
q3,base,15,T,19.166795015335083,16.76578260632916,-12.526937378340541,12.526937378340541
q3,base,15,C,0.04749528682667576,0.04213477413706594,-11.286409763503276,11.286409763503276
q3,s3,15,decision,1.0,1.0,0.0,0.0
q3,nfs,1,T,14.22307801246643,12.05604130804007,-15.236060032342982,15.236060032342982
q3,nfs,1,C,0.012466152257757237,0.012089785849652996,-3.0191064598143478,3.0191064598143478
q3,nfs,1,decision,1.0,1.0,0.0,0.0
q3,nfs,2,T,14.204681158065796,12.051820957890651,-15.155991016051024,15.155991016051024
q3,nfs,2,C,0.012176509390039454,0.01208963808976875,-0.7134335258819455,0.7134335258819455
q3,nfs,2,decision,1.0,1.0,0.0,0.0
q3,nfs,3,T,14.135464191436768,12.053323009558053,-14.729910200897903,14.729910200897903
q3,nfs,3,C,0.012334919331888758,0.012089674835231585,-1.9882132185749757,1.9882132185749757
q3,nfs,3,decision,1.0,1.0,0.0,0.0
q3,nfs,4,T,14.432218074798584,12.003732756718623,-16.826833585064524,16.826833585064524
q3,nfs,4,C,0.012136236467301074,0.012077543485889419,-0.4836176484348641,0.4836176484348641
q3,nfs,4,decision,1.0,1.0,0.0,0.0
q3,nfs,5,T,14.66438603401184,11.995910469068159,-18.196981167534418,18.196981167534418
q3,nfs,5,C,0.012293583098598642,0.012076316124086356,-1.7673201764671218,1.7673201764671218
q3,nfs,5,decision,1.0,1.0,0.0,0.0
q3,nfs,6,T,14.641611099243164,11.999235934350859,-18.047024654471883,18.047024654471883
q3,nfs,6,C,0.012197036055790568,0.012077393142276986,-0.9809179292930058,0.9809179292930058
q3,nfs,6,decision,1.0,1.0,0.0,0.0
q3,nfs,7,T,13.860413074493408,11.773285014428064,-15.058195227284942,15.058195227284942
q3,nfs,7,C,0.012904114039513631,0.012323360024418254,-4.500533808962421,4.500533808962421
q3,nfs,7,decision,1.0,1.0,0.0,0.0
q3,nfs,8,T,15.404722929000854,11.774440056263792,-23.566038087596564,23.566038087596564
q3,nfs,8,C,0.012738274093666473,0.0123249028663231,-3.245111734162656,3.245111734162656
q3,nfs,8,decision,1.0,1.0,0.0,0.0
q3,nfs,9,T,14.240296125411987,12.098139542783521,-15.042921606143855,15.042921606143855
q3,nfs,9,C,0.012768545409145822,0.012100369704412434,-5.232982170817897,5.232982170817897
q3,nfs,9,decision,1.0,1.0,0.0,0.0
q3,nfs,10,T,14.021152973175049,11.80249042036028,-15.823681241189389,15.823681241189389
q3,nfs,10,C,0.013225252155302241,0.012333614076120172,-6.741936325384884,6.741936325384884
q3,nfs,10,decision,1.0,1.0,0.0,0.0
q3,nfs,11,T,15.07076907157898,12.126280828237226,-19.53774375651857,19.53774375651857
q3,nfs,11,C,0.01248058638606042,0.012106854041301969,-2.994509498174484,2.994509498174484
q3,nfs,11,decision,1.0,1.0,0.0,0.0
q3,nfs,12,T,14.491697072982788,12.128005712839245,-16.31065946410257,16.31065946410257
q3,nfs,12,C,0.012658761888462718,0.012107984393216394,-4.35095864903112,4.35095864903112
q3,nfs,12,decision,1.0,1.0,0.0,0.0
q3,nfs,13,T,14.64016079902649,12.076781034023002,-17.509232310986242,17.509232310986242
q3,nfs,13,C,0.012929863709464194,0.012094958648366861,-6.45718377128919,6.45718377128919
q3,nfs,13,decision,1.0,1.0,0.0,0.0
q3,nfs,14,T,13.834892988204956,12.086480120408925,-12.637704312470314,12.637704312470314
q3,nfs,14,C,0.01217862917918359,0.012096371794600609,-0.6754240019359452,0.6754240019359452
q3,nfs,14,decision,1.0,1.0,0.0,0.0
q3,nfs,15,T,14.260118007659912,12.084598814411937,-15.255969074585368,15.255969074585368
q3,nfs,15,C,0.012508752552854127,0.012096287574231502,-3.2974109678787507,3.2974109678787507
q3,nfs,15,decision,1.0,1.0,0.0,0.0
q4,s3,1,T,7.155143976211548,7.428882088200939,3.8257526738732053,3.8257526738732053
q4,s3,1,C,0.004123595521351212,0.005878355669976376,42.55412878249919,42.55412878249919
q4,base,1,T,6.582736015319824,5.775688730980549,-12.260058469017384,12.260058469017384
q4,base,1,C,0.006260408144317297,0.006433249573559215,2.760865190535697,2.760865190535697
q4,s3,1,decision,0.0,0.0,0.0,0.0
q4,s3,2,T,7.053310871124268,7.428854658328207,5.324361765215655,5.324361765215655
q4,s3,2,C,0.004068267119500822,0.005878354559218383,44.49283654559191,44.49283654559191
q4,base,2,T,6.626373052597046,5.776787601947474,-12.821274080193806,12.821274080193806
q4,base,2,C,0.006268644892480217,0.006434088079656078,2.6392177258967813,2.6392177258967813
q4,s3,2,decision,0.0,0.0,0.0,0.0
q4,s3,3,T,7.132720947265625,7.428892000872077,4.1522871257145,4.1522871257145
q4,s3,3,C,0.004090693743343983,0.005878356033605078,43.70071196773951,43.70071196773951
q4,base,3,T,6.53687310218811,5.8614906280312,-10.331889017867534,10.331889017867534
q4,base,3,C,0.00609146660326764,0.006359645530514406,4.402534639242828,4.402534639242828
q4,s3,3,decision,0.0,0.0,0.0,0.0
q4,s3,4,T,7.225902080535889,7.498943866709883,3.77865328274342,3.77865328274342
q4,s3,4,C,0.004118116984593231,0.005884120908322304,42.88377261588431,42.88377261588431
q4,base,4,T,6.4972169399261475,5.806223815591776,-10.635217058678453,10.635217058678453
q4,base,4,C,0.0062381564210081866,0.006462314247717597,3.593334497905755,3.593334497905755
q4,s3,4,decision,0.0,0.0,0.0,0.0
q4,s3,5,T,7.436462163925171,7.4989536007050335,0.8403382603492984,0.8403382603492984
q4,s3,5,C,0.004153248019287323,0.005884121264670356,41.67517175340862,41.67517175340862
q4,base,5,T,6.645758152008057,5.804035724882304,-12.66555911113649,12.66555911113649
q4,base,5,C,0.0062672472767073785,0.006461042354675555,3.0921881555308652,3.0921881555308652
q4,s3,5,decision,0.0,0.0,0.0,0.0
q4,s3,6,T,7.243329048156738,7.498948643181985,3.5290346928294865,3.5290346928294865
q4,s3,6,C,0.004079660541939525,0.005884121045443909,44.2306531377858,44.2306531377858
q4,base,6,T,6.698714017868042,5.889767536967889,-12.076145939987622,12.076145939987622
q4,base,6,C,0.006138130663332545,0.006385504039281453,4.0301093201982034,4.0301093201982034
q4,s3,6,decision,0.0,0.0,0.0,0.0
q4,s3,7,T,7.385648012161255,7.473409267415824,1.1882675035428276,1.1882675035428276
q4,s3,7,C,0.004106133120105938,0.005881451891456694,43.23578216833246,43.23578216833246
q4,base,7,T,6.517007112503052,5.879381573962448,-9.784023978081938,9.784023978081938
q4,base,7,C,0.006067403590416958,0.006372684163033982,5.031486171435724,5.031486171435724
q4,s3,7,decision,0.0,0.0,0.0,0.0
q4,s3,8,T,7.442577838897705,7.4745037387101,0.42896292794598456,0.42896292794598456
q4,s3,8,C,0.004133660871676493,0.00588188837799182,42.29247537682734,42.29247537682734
q4,base,8,T,6.513304948806763,5.793632998327323,-11.049259264473466,11.049259264473466
q4,base,8,C,0.006196883170031889,0.006447707957013805,4.047595865529685,4.047595865529685
q4,s3,8,decision,0.0,0.0,0.0,0.0
q4,s3,9,T,7.1183021068573,7.474497463127142,5.003937047385325,5.003937047385325
q4,s3,9,C,0.004096381245553925,0.005881888206818628,43.587421537061104,43.587421537061104
q4,base,9,T,6.687748908996582,5.879372082947056,-12.087427878191873,12.087427878191873
q4,base,9,C,0.006076498203894254,0.00637268367679057,4.874278950769689,4.874278950769689
q4,s3,9,decision,0.0,0.0,0.0,0.0
q4,s3,10,T,7.233108043670654,7.500032804348623,3.6903190034820796,3.6903190034820796
q4,s3,10,C,0.0040688744354800245,0.005884167616700203,44.61413616972478,44.61413616972478
q4,base,10,T,6.465428829193115,5.890204266737289,-8.8969282263001,8.8969282263001
q4,base,10,C,0.00606890500655034,0.006385178956573818,5.211384091234163,5.211384091234163
q4,s3,10,decision,0.0,0.0,0.0,0.0
q4,s3,11,T,7.255635976791382,7.500022847300638,3.3682350009148343,3.3682350009148343
q4,s3,11,C,0.0040552590228478125,0.005884167162268181,45.099662663126615,45.099662663126615
q4,base,11,T,6.477859973907471,5.80447784902177,-10.395132460381268,10.395132460381268
q4,base,11,C,0.006111017751924294,0.006460319079990436,5.715927235789006,5.715927235789006
q4,s3,11,decision,0.0,0.0,0.0,0.0
q4,s3,12,T,7.398226022720337,7.500037790487826,1.376164602903723,1.376164602903723
q4,s3,12,C,0.004055880809493624,0.005884167822720693,45.077434448950946,45.077434448950946
q4,base,12,T,6.5739970207214355,5.805571406237584,-11.688864659684988,11.688864659684988
q4,base,12,C,0.006229588916779787,0.0064611591006253,3.7172626787903167,3.7172626787903167
q4,s3,12,decision,0.0,0.0,0.0,0.0
q4,s3,13,T,7.1322619915008545,7.474884273150405,4.803837577164657,4.803837577164657
q4,s3,13,C,0.004129911658443196,0.0058819056193910825,42.422068698881446,42.422068698881446
q4,base,13,T,6.610298156738281,5.794826955929903,-12.336375477664632,12.336375477664632
q4,base,13,C,0.0061747162562253485,0.006448164264914607,4.428511324930408,4.428511324930408
q4,s3,13,decision,0.0,0.0,0.0,0.0
q4,s3,14,T,7.152985095977783,7.4748709725884215,4.500021631411463,4.500021631411463
q4,s3,14,C,0.0041020994574875,0.0058819050420020474,43.387675090761036,43.387675090761036
q4,base,14,T,6.604285001754761,5.793727028766983,-12.273213115006577,12.273213115006577
q4,base,14,C,0.006184204460200963,0.006447323792431714,4.25469975845851,4.25469975845851
q4,s3,14,decision,0.0,0.0,0.0,0.0
q4,s3,15,T,7.215853929519653,7.473774738172916,3.5743629398888386,3.5743629398888386
q4,s3,15,C,0.004110373412563648,0.0058814684737001155,43.088422470887686,43.088422470887686
q4,base,15,T,6.4629130363464355,5.794812894499697,-10.33744594874549,10.33744594874549
q4,base,15,C,0.006176395137612212,0.006448161956585952,4.4000879626170555,4.4000879626170555
q4,s3,15,decision,0.0,0.0,0.0,0.0
q4,nfs,1,T,6.612756967544556,6.509071497317856,-1.5679613017019776,1.5679613017019776
q4,nfs,1,C,0.0036091953947216503,0.005422503740603562,50.24134599456228,50.24134599456228
q4,nfs,1,decision,0.0,0.0,0.0,0.0
q4,nfs,2,T,6.528136968612671,6.509080621717968,-0.29191095386518695,0.29191095386518695
q4,nfs,2,C,0.0037333851716349867,0.005422504044917166,45.24362731484392,45.24362731484392
q4,nfs,2,decision,1.0,0.0,1.0,1.0
q4,nfs,3,T,6.4428489208221436,6.509080135932399,1.0279802603504726,1.0279802603504726
q4,nfs,3,C,0.003608376429366142,0.0054225040286893025,50.2754530973875,50.2754530973875
q4,nfs,3,decision,1.0,0.0,1.0,1.0
q4,nfs,4,T,6.605970144271851,6.553505117338826,-0.7942062374974216,0.7942062374974216
q4,nfs,4,C,0.0035988482403885406,0.005423986140255295,50.71450024993851,50.71450024993851
q4,nfs,4,decision,0.0,0.0,0.0,0.0
q4,nfs,5,T,6.687281847000122,6.5535176838423945,-2.000277036591981,2.000277036591981
q4,nfs,5,C,0.0036737913088407317,0.005423986559343226,47.64002915164961,47.64002915164961
q4,nfs,5,decision,0.0,0.0,0.0,0.0
q4,nfs,6,T,6.695328950881958,6.553503661811781,-2.1182721582558717,2.1182721582558717
q4,nfs,6,C,0.0036829174502609413,0.005423986091690976,47.27416959363771,47.27416959363771
q4,nfs,6,decision,1.0,0.0,1.0,1.0
q4,nfs,7,T,6.589789152145386,6.538134110493516,-0.78386486212617,0.78386486212617
q4,nfs,7,C,0.0036960301205178443,0.005423473331460807,46.73780122497849,46.73780122497849
q4,nfs,7,decision,0.0,0.0,0.0,0.0
q4,nfs,8,T,6.588815927505493,6.538537533337812,-0.7630869449211714,0.7630869449211714
q4,nfs,8,C,0.003633864675426237,0.005423486784543974,49.24845223929044,49.24845223929044
q4,nfs,8,decision,0.0,0.0,0.0,0.0
q4,nfs,9,T,6.558104038238525,6.538131064392168,-0.3045540865149507,0.3045540865149507
q4,nfs,9,C,0.0035980152094114855,0.005423473229849104,50.73513907508473,50.73513907508473
q4,nfs,9,decision,1.0,0.0,1.0,1.0
q4,nfs,10,T,6.454493999481201,6.554188210707206,1.5445705152722784,1.5445705152722784
q4,nfs,10,C,0.003586404361792907,0.005424008930386929,51.238075331677635,51.238075331677635
q4,nfs,10,decision,1.0,0.0,1.0,1.0
q4,nfs,11,T,6.437977075576782,6.5541971126447045,1.8052260159300126,1.8052260159300126
q4,nfs,11,C,0.0036036152949968643,0.005424009227266129,50.51576772905357,50.51576772905357
q4,nfs,11,decision,1.0,0.0,1.0,1.0
q4,nfs,12,T,6.499905109405518,6.5541997118869295,0.8353137710094622,0.8353137710094622
q4,nfs,12,C,0.0036090583394680124,0.0054240093139241215,50.28876797607099,50.28876797607099
q4,nfs,12,decision,1.0,0.0,1.0,1.0
q4,nfs,13,T,6.472835063934326,6.5383414337033345,1.0120197582972583,1.0120197582972583
q4,nfs,13,C,0.0035464307019818404,0.00542348024748954,52.92785065442711,52.92785065442711
q4,nfs,13,decision,1.0,0.0,1.0,1.0
q4,nfs,14,T,6.50941801071167,6.538346684344342,0.44441259702584657,0.44441259702584657
q4,nfs,14,C,0.0035753119363671074,0.0054234804227087105,51.69251017072196,51.69251017072196
q4,nfs,14,decision,1.0,0.0,1.0,1.0
q4,nfs,15,T,6.4243080615997314,6.53834461601055,1.7750791730000208,1.7750791730000208
q4,nfs,15,C,0.003591099997993303,0.005423480353726913,51.02560097901866,51.02560097901866
q4,nfs,15,decision,1.0,0.0,1.0,1.0
q5,s3,1,T,33.64669585227966,23.829461835505352,-29.177408860219966,29.177408860219966
q5,s3,1,C,0.0878106368535208,0.06460996734267468,-26.421251846228778,26.421251846228778
q5,base,1,T,49.97764301300049,36.217399508661664,-27.532798016824096,27.532798016824096
q5,base,1,C,0.16349455456008996,0.13218480087134732,-19.150334256077755,19.150334256077755
q5,s3,1,decision,1.0,1.0,0.0,0.0
q5,s3,2,T,32.97724795341492,23.831602054627147,-27.733199300642987,27.733199300642987
q5,s3,2,C,0.08624092114082563,0.06461360816441937,-25.077785221113665,25.077785221113665
q5,base,2,T,50.8896369934082,36.27866212016749,-28.711100602138885,28.711100602138885
q5,base,2,C,0.16503259843791093,0.1322895794405949,-19.840334156548288,19.840334156548288
q5,s3,2,decision,1.0,1.0,0.0,0.0
q5,s3,3,T,32.928585052490234,23.826902691904028,-27.640672522301074,27.640672522301074
q5,s3,3,C,0.08642685971396369,0.06460921117577668,-25.24406024978136,25.24406024978136
q5,base,3,T,51.63114905357361,36.22180721793018,-29.845049196279483,29.845049196279483
q5,base,3,C,0.16747992546731535,0.13236222037974027,-20.968307090886842,20.968307090886842
q5,s3,3,decision,1.0,1.0,0.0,0.0
q5,s3,4,T,32.79719686508179,23.829220117056003,-27.34372935869323,27.34372935869323
q5,s3,4,C,0.08669072780658096,0.06475217328555083,-25.306690895453194,25.306690895453194
q5,base,4,T,50.2350389957428,36.234273789980314,-27.870517243848436,27.870517243848436
q5,base,4,C,0.1646726062479963,0.13235801817307505,-19.62353594273938,19.62353594273938
q5,s3,4,decision,1.0,1.0,0.0,0.0
q5,s3,5,T,34.39622116088867,23.85088313250485,-30.658420234763277,30.658420234763277
q5,s3,5,C,0.08858578720874055,0.06478128007284883,-26.871700174430448,26.871700174430448
q5,base,5,T,50.64934802055359,36.2573394967099,-28.41499266289348,28.41499266289348
q5,base,5,C,0.1653731377405182,0.13256300369625093,-19.840062595745522,19.840062595745522
q5,s3,5,decision,1.0,1.0,0.0,0.0
q5,s3,6,T,35.07818603515625,23.858127288514723,-31.985857921491434,31.985857921491434
q5,s3,6,C,0.09061696471017959,0.06478971283513153,-28.501563650527693,28.501563650527693
q5,base,6,T,50.34888696670532,36.23921505969155,-28.02380103525268,28.02380103525268
q5,base,6,C,0.16456875927788028,0.13238526281464927,-19.55626122749581,19.55626122749581
q5,s3,6,decision,1.0,1.0,0.0,0.0
q5,s3,7,T,32.78228211402893,23.83270551333398,-27.30004143569079,27.30004143569079
q5,s3,7,C,0.08623384982289882,0.06461649418140006,-25.068294742603985,25.068294742603985
q5,base,7,T,51.16339612007141,36.2000764576495,-29.246142354009603,29.246142354009603
q5,base,7,C,0.1664325496556605,0.13247746417430925,-20.401709612454056,20.401709612454056
q5,s3,7,decision,1.0,1.0,0.0,0.0
q5,s3,8,T,33.147911071777344,23.80533348859133,-28.18451383846155,28.18451383846155
q5,s3,8,C,0.08573789621020357,0.06457836918129416,-24.679316806459315,24.679316806459315
q5,base,8,T,51.96224904060364,36.20757135204735,-30.319468420709576,30.319468420709576
q5,base,8,C,0.16871778929518363,0.132332500480794,-21.565769067025293,21.565769067025293
q5,s3,8,decision,1.0,1.0,0.0,0.0
q5,s3,9,T,33.34177017211914,23.83155390622017,-28.52342937044041,28.52342937044041
q5,s3,9,C,0.08714372210898744,0.06461742775081201,-25.84958940588126,25.84958940588126
q5,base,9,T,50.75259208679199,36.20610756940745,-28.661559773161148,28.661559773161148
q5,base,9,C,0.165665696309069,0.13232987333091886,-20.122345012185384,20.122345012185384
q5,s3,9,decision,1.0,1.0,0.0,0.0
q5,s3,10,T,33.42306113243103,23.804063033893655,-28.77952459358631,28.77952459358631
q5,s3,10,C,0.08719472399960884,0.06457593279795738,-25.940550258239163,25.940550258239163
q5,base,10,T,52.6556670665741,36.21946138672774,-31.21450471620763,31.21450471620763
q5,base,10,C,0.1694304826045747,0.13235028272889418,-21.885199939033477,21.885199939033477
q5,s3,10,decision,1.0,1.0,0.0,0.0
q5,s3,11,T,34.826495885849,23.8029168862229,-31.652851425989414,31.652851425989414
q5,s3,11,C,0.09110232061295347,0.06457421848027581,-29.11901909215004,29.11901909215004
q5,base,11,T,52.37850308418274,36.20235431924925,-30.883182627298794,30.883182627298794
q5,base,11,C,0.1693460622411074,0.13234483283852622,-21.84947728509948,21.84947728509948
q5,s3,11,decision,1.0,1.0,0.0,0.0
q5,s3,12,T,34.84921193122864,23.805178876347846,-31.690911911222162,31.690911911222162
q5,s3,12,C,0.09082411822006885,0.0645749498613715,-28.901099039679128,28.901099039679128
q5,base,12,T,51.64510416984558,36.20232127890796,-29.901736358495555,29.901736358495555
q5,base,12,C,0.16757718973470184,0.1323418043508992,-21.02636130823365,21.02636130823365
q5,s3,12,decision,1.0,1.0,0.0,0.0
q5,s3,13,T,36.09449887275696,23.82481095978473,-33.99323524680659,33.99323524680659
q5,s3,13,C,0.09357775491664234,0.06460078513875595,-30.96566037911323,30.96566037911323
q5,base,13,T,52.05459499359131,36.20368994246374,-30.45053957883843,30.45053957883843
q5,base,13,C,0.16800573514942332,0.1323395614395899,-21.229140587440153,21.229140587440153
q5,s3,13,decision,1.0,1.0,0.0,0.0
q5,s3,14,T,34.95991897583008,23.824750934243426,-31.851240986242196,31.851240986242196
q5,s3,14,C,0.09099193477346373,0.06460534764509242,-28.998819724038356,28.998819724038356
q5,base,14,T,49.64884305000305,36.20448187387421,-27.07890123962922,27.07890123962922
q5,base,14,C,0.16273036850064948,0.13233953848478525,-18.675573770204384,18.675573770204384
q5,s3,14,decision,1.0,1.0,0.0,0.0
q5,s3,15,T,34.84173798561096,23.83900808952906,-31.57916491027468,31.57916491027468
q5,s3,15,C,0.09144943973467981,0.06462636971952124,-29.33103810474918,29.33103810474918
q5,base,15,T,50.37678599357605,36.22130857515049,-28.09920708365683,28.09920708365683
q5,base,15,C,0.165099271124957,0.13237734984959917,-19.81954314661506,19.81954314661506
q5,s3,15,decision,1.0,1.0,0.0,0.0
q5,nfs,1,T,34.715261936187744,23.77115699458898,-31.525341683193385,31.525341683193385
q5,nfs,1,C,0.06479104805279678,0.043274404081582056,-33.20928526064479,33.20928526064479
q5,nfs,1,decision,1.0,1.0,0.0,0.0
q5,nfs,2,T,36.07049584388733,23.74448453049605,-34.17200408538355,34.17200408538355
q5,nfs,2,C,0.0687916187424486,0.04324580309653076,-37.135069813605824,37.135069813605824
q5,nfs,2,decision,1.0,1.0,0.0,0.0
q5,nfs,3,T,36.86393618583679,23.725030882908754,-35.64162339228451,35.64162339228451
q5,nfs,3,C,0.07049627350838293,0.04319706919960318,-38.724322506967006,38.724322506967006
q5,nfs,3,decision,1.0,1.0,0.0,0.0
q5,nfs,4,T,36.963322162628174,23.780198587091036,-35.6654185939649,35.6654185939649
q5,nfs,4,C,0.07110297825567241,0.04328709646559706,-39.12055791819982,39.12055791819982
q5,nfs,4,decision,1.0,1.0,0.0,0.0
q5,nfs,5,T,38.206778049468994,23.75372549371912,-37.82850398177123,37.82850398177123
q5,nfs,5,C,0.07302592880287857,0.043255138403864364,-40.76742451215586,40.76742451215586
q5,nfs,5,decision,1.0,1.0,0.0,0.0
q5,nfs,6,T,36.95364284515381,23.75854831787157,-35.707154995715605,35.707154995715605
q5,nfs,6,C,0.0711594698176837,0.04325570395279863,-39.21300416708664,39.21300416708664
q5,nfs,6,decision,1.0,1.0,0.0,0.0
q5,nfs,7,T,35.92493486404419,23.74332811189931,-33.90850059504758,33.90850059504758
q5,nfs,7,C,0.06869273459336363,0.0432415733910238,-37.05073229796656,37.05073229796656
q5,nfs,7,decision,1.0,1.0,0.0,0.0
q5,nfs,8,T,36.4352810382843,23.756603436493247,-34.79780377834594,34.79780377834594
q5,nfs,8,C,0.06935979490793102,0.0432676709247406,-37.61851374823903,37.61851374823903
q5,nfs,8,decision,1.0,1.0,0.0,0.0
q5,nfs,9,T,36.54888916015625,23.771808791238392,-34.958874708692335,34.958874708692335
q5,nfs,9,C,0.06881456741578894,0.04327359817893848,-37.11564309127706,37.11564309127706
q5,nfs,9,decision,1.0,1.0,0.0,0.0
q5,nfs,10,T,38.05883002281189,23.764859780082755,-37.55756610006546,37.55756610006546
q5,nfs,10,C,0.07347127809532951,0.043269833163662084,-41.10646461394183,41.10646461394183
q5,nfs,10,decision,1.0,1.0,0.0,0.0
q5,nfs,11,T,38.58099007606506,23.736904696896033,-38.47512816519975,38.47512816519975
q5,nfs,11,C,0.07320716104108704,0.04323793738805414,-40.937557510545815,40.937557510545815
q5,nfs,11,decision,1.0,1.0,0.0,0.0
q5,nfs,12,T,37.88210988044739,23.7677706044771,-37.25858807894783,37.25858807894783
q5,nfs,12,C,0.07363032414653599,0.04327422999550971,-41.22770679457129,41.22770679457129
q5,nfs,12,decision,1.0,1.0,0.0,0.0
q5,nfs,13,T,37.24709987640381,23.773711221840998,-36.172987156775285,36.172987156775285
q5,nfs,13,C,0.0707666018653416,0.04327953683219551,-38.841860861780425,38.841860861780425
q5,nfs,13,decision,1.0,1.0,0.0,0.0
q5,nfs,14,T,40.33493900299072,23.758117866642102,-41.09792042853838,41.09792042853838
q5,nfs,14,C,0.07793482467064261,0.04324895976937366,-44.50624614587068,44.50624614587068
q5,nfs,14,decision,1.0,1.0,0.0,0.0
q5,nfs,15,T,40.82146692276001,23.758118555055738,-41.79993923292992,41.79993923292992
q5,nfs,15,C,0.07846572670664247,0.04324900096076337,-44.88166645998558,44.88166645998558
q5,nfs,15,decision,1.0,1.0,0.0,0.0
q7,s3,1,T,23.551202058792114,18.65678989511829,-20.782005739900846,20.782005739900846
q7,s3,1,C,0.05096179380482636,0.0447332750416162,-12.221937844386245,12.221937844386245
q7,base,1,T,55.3897430896759,48.15928918954144,-13.05377764332355,13.05377764332355
q7,base,1,C,0.2324737048193883,0.23553808166337495,1.3181606265394146,1.3181606265394146
q7,s3,1,decision,1.0,1.0,0.0,0.0
q7,s3,2,T,23.485602855682373,18.607769617689886,-20.769461478023285,20.769461478023285
q7,s3,2,C,0.05108766430269223,0.044914808017367115,-12.082870433753254,12.082870433753254
q7,base,2,T,51.64963698387146,48.148423539797435,-6.778776480398774,6.778776480398774
q7,base,2,C,0.22313987690858425,0.23546369213156107,5.522910290044495,5.522910290044495
q7,s3,2,decision,1.0,1.0,0.0,0.0
q7,s3,3,T,23.8892719745636,18.65770159303014,-21.89924576648396,21.89924576648396
q7,s3,3,C,0.05151572691894486,0.04473812558586845,-13.156373283328277,13.156373283328277
q7,base,3,T,51.14689111709595,48.17403507602178,-5.812388546291299,5.812388546291299
q7,base,3,C,0.22776861651556338,0.23545056212694718,3.3726971383956648,3.3726971383956648
q7,s3,3,decision,1.0,1.0,0.0,0.0
q7,s3,4,T,22.247266054153442,18.66508652828037,-16.10166173746234,16.10166173746234
q7,s3,4,C,0.04914096495727615,0.04474059340589408,-8.954589221452647,8.954589221452647
q7,base,4,T,54.93896794319153,48.181363292907925,-12.300203122255885,12.300203122255885
q7,base,4,C,0.2324932295133328,0.23538692055964713,1.2446345437119064,1.2446345437119064
q7,s3,4,decision,1.0,1.0,0.0,0.0
q7,s3,5,T,22.859086990356445,18.666392853337037,-18.341476799962216,18.341476799962216
q7,s3,5,C,0.0498267361769754,0.0447407579531318,-10.207327659951762,10.207327659951762
q7,base,5,T,54.02134394645691,48.16457755091246,-10.84157847192651,10.84157847192651
q7,base,5,C,0.2332285957483582,0.2354625476202269,0.9578378949204929,0.9578378949204929
q7,s3,5,decision,1.0,1.0,0.0,0.0
q7,s3,6,T,23.798644065856934,18.663900529077505,-21.575781891482052,21.575781891482052
q7,s3,6,C,0.049936310378235635,0.04474040601672564,-10.405062613065207,10.405062613065207
q7,base,6,T,54.691449880599976,48.42979031381414,-11.4490648546638,11.4490648546638
q7,base,6,C,0.22909596391853765,0.23388559759835506,2.0906669842165,2.0906669842165
q7,s3,6,decision,1.0,1.0,0.0,0.0
q7,s3,7,T,26.304887056350708,22.415962269330386,-14.78403909771371,14.78403909771371
q7,s3,7,C,0.06382958566515691,0.05690725839817634,-10.84501363254079,10.84501363254079
q7,base,7,T,52.26670002937317,48.06570993007566,-8.037603477810167,8.037603477810167
q7,base,7,C,0.22603204956834066,0.2357333253501384,4.291991246517708,4.291991246517708
q7,s3,7,decision,1.0,1.0,0.0,0.0
q7,s3,8,T,25.89564609527588,22.394950302824615,-13.518472485959302,13.518472485959302
q7,s3,8,C,0.062908977791135,0.05695874310518997,-9.458482548707895,9.458482548707895
q7,base,8,T,54.67937707901001,48.13984252594205,-11.959782467196971,11.959782467196971
q7,base,8,C,0.23084390042888414,0.23550709561999836,2.0200642869274352,2.0200642869274352
q7,s3,8,decision,1.0,1.0,0.0,0.0
q7,s3,9,T,27.25220799446106,22.412523670585813,-17.7588704917374,17.7588704917374
q7,s3,9,C,0.06261187300753442,0.056899147824722725,-9.124028572223434,9.124028572223434
q7,base,9,T,52.0121169090271,48.42152634365237,-6.903373249842784,6.903373249842784
q7,base,9,C,0.22516892226768623,0.23365283687369523,3.767799979041122,3.767799979041122
q7,s3,9,decision,1.0,1.0,0.0,0.0
q7,s3,10,T,22.766133069992065,18.66438829496529,-18.016870772108714,18.016870772108714
q7,s3,10,C,0.04947215295554856,0.04473388118990596,-9.57765426117599,9.57765426117599
q7,base,10,T,56.05496001243591,48.146564285924555,-14.108288944915603,14.108288944915603
q7,base,10,C,0.23710893694103966,0.23548223205130453,-0.6860580249405055,0.6860580249405055
q7,s3,10,decision,1.0,1.0,0.0,0.0
q7,s3,11,T,22.966443061828613,18.66867632016611,-18.713244929100963,18.713244929100963
q7,s3,11,C,0.04979465490127625,0.044746990045462835,-10.13696121766684,10.13696121766684
q7,base,11,T,53.16727614402771,48.09479444979398,-9.540608551193426,9.540608551193426
q7,base,11,C,0.22917112232070955,0.23571461430058693,2.8552864399381916,2.8552864399381916
q7,s3,11,decision,1.0,1.0,0.0,0.0
q7,s3,12,T,23.552520990371704,18.67436855534241,-20.711805912511387,20.711805912511387
q7,s3,12,C,0.05044811403449128,0.04474768434683555,-11.299589284464346,11.299589284464346
q7,base,12,T,55.87381291389465,47.05367639873857,-15.785814597526246,15.785814597526246
q7,base,12,C,0.23328536201475367,0.2306076295989371,-1.1478355918650465,1.1478355918650465
q7,s3,12,decision,1.0,1.0,0.0,0.0
q7,s3,13,T,25.352271795272827,20.171957988702253,-20.43333176767414,20.43333176767414
q7,s3,13,C,0.05703951502432765,0.04834233692054844,-15.24763683574416,15.24763683574416
q7,base,13,T,53.470736026763916,47.04060872491941,-12.025507370285702,12.025507370285702
q7,base,13,C,0.22520432817575478,0.23070221489383236,2.44128821262569,2.44128821262569
q7,s3,13,decision,1.0,1.0,0.0,0.0
q7,s3,14,T,24.829326152801514,20.120374256709884,-18.965282694795626,18.965282694795626
q7,s3,14,C,0.056313124810341064,0.04862543365741822,-13.65168631436186,13.65168631436186
q7,base,14,T,50.77646517753601,48.12037632701634,-5.230944771820689,5.230944771820689
q7,base,14,C,0.22549359017859047,0.23561333576625434,4.487819622566237,4.487819622566237
q7,s3,14,decision,1.0,1.0,0.0,0.0
q7,s3,15,T,25.308250188827515,20.17755837698493,-20.27280342798081,20.27280342798081
q7,s3,15,C,0.05720592199615182,0.0483854586130088,-15.418794200601052,15.418794200601052
q7,base,15,T,51.506245851516724,48.08487586564745,-6.642631256280011,6.642631256280011
q7,base,15,C,0.2249434067229684,0.23565216402419195,4.7606451139117185,4.7606451139117185
q7,s3,15,decision,1.0,1.0,0.0,0.0
q7,nfs,1,T,25.764147996902466,17.215619270895864,-33.17993953083317,33.17993953083317
q7,nfs,1,C,0.03576407823804665,0.025605595325807244,-28.40415135159999,28.40415135159999
q7,nfs,1,decision,1.0,1.0,0.0,0.0
q7,nfs,2,T,26.263855934143066,17.21177694388051,-34.46591777293005,34.46591777293005
q7,nfs,2,C,0.03589444682145825,0.02560534214180336,-28.66489273628785,28.66489273628785
q7,nfs,2,decision,1.0,1.0,0.0,0.0
q7,nfs,3,T,25.303908824920654,17.214035295326166,-31.970845238057226,31.970845238057226
q7,nfs,3,C,0.03514980014287142,0.02560551152515471,-27.15318032797505,27.15318032797505
q7,nfs,3,decision,1.0,1.0,0.0,0.0
q7,nfs,4,T,24.682907104492188,17.215237559914584,-30.254416600784108,30.254416600784108
q7,nfs,4,C,0.03431805948668711,0.025607863326138583,-25.38079451703103,25.38079451703103
q7,nfs,4,decision,1.0,1.0,0.0,0.0
q7,nfs,5,T,23.91458010673523,17.216309298730632,-28.00915081138354,28.00915081138354
q7,nfs,5,C,0.03340142882547457,0.02560803537381115,-23.332515181864196,23.332515181864196
q7,nfs,5,decision,1.0,1.0,0.0,0.0
q7,nfs,6,T,24.132587909698486,17.267780423209185,-28.446213527437102,28.446213527437102
q7,nfs,6,C,0.033898139585725344,0.02548095734672416,-24.83080883455238,24.83080883455238
q7,nfs,6,decision,1.0,1.0,0.0,0.0
q7,nfs,7,T,30.02737307548523,20.483465563597292,-31.78402415654441,31.78402415654441
q7,nfs,7,C,0.04542959314244729,0.029573012821012993,-34.90363708896756,34.90363708896756
q7,nfs,7,decision,1.0,1.0,0.0,0.0
q7,nfs,8,T,29.44730305671692,20.559003161276667,-30.183748502608065,30.183748502608065
q7,nfs,8,C,0.04315404767887871,0.029407232828565034,-31.85521541943772,31.85521541943772
q7,nfs,8,decision,1.0,1.0,0.0,0.0
q7,nfs,9,T,31.295391082763672,20.486805619581133,-34.53730753706894,34.53730753706894
q7,nfs,9,C,0.047274995356258454,0.02957327056278683,-37.44415977214517,37.44415977214517
q7,nfs,9,decision,1.0,1.0,0.0,0.0
q7,nfs,10,T,26.331907033920288,17.266137731173366,-34.42883681409236,34.42883681409236
q7,nfs,10,C,0.0364522686197567,0.02547931013559589,-30.10226496085238,30.10226496085238
q7,nfs,10,decision,1.0,1.0,0.0,0.0
q7,nfs,11,T,25.53906488418579,17.214714535480965,-32.59457770460264,32.59457770460264
q7,nfs,11,C,0.0344563883238005,0.025606229336574464,-25.685103453262542,25.685103453262542
q7,nfs,11,decision,1.0,1.0,0.0,0.0
q7,nfs,12,T,26.086169004440308,17.267616912915496,-33.805470209227515,33.805470209227515
q7,nfs,12,C,0.03480983858509461,0.025479343059460157,-26.804190725635024,26.804190725635024
q7,nfs,12,decision,1.0,1.0,0.0,0.0
q7,nfs,13,T,28.782495975494385,18.427033066014154,-35.978335298984994,35.978335298984994
q7,nfs,13,C,0.0430323012949004,0.026487133959735232,-38.44825128403224,38.44825128403224
q7,nfs,13,decision,1.0,1.0,0.0,0.0
q7,nfs,14,T,28.852626085281372,18.41061260571428,-36.190859884653236,36.190859884653236
q7,nfs,14,C,0.04312278577881125,0.026573471740403122,-38.37719140710008,38.37719140710008
q7,nfs,14,decision,1.0,1.0,0.0,0.0
q7,nfs,15,T,30.607550859451294,18.373349743146004,-39.9711861052989,39.9711861052989
q7,nfs,15,C,0.04621790344262496,0.026631278319744014,-42.37886979706001,42.37886979706001
q7,nfs,15,decision,1.0,1.0,0.0,0.0
q8,s3,1,T,15.464925050735474,16.64797972268189,7.649921794416663,7.649921794416663
q8,s3,1,C,0.022886181748605277,0.02264945596350822,-1.034361204054859,1.034361204054859
q8,base,1,T,107.82707285881042,80.21923702969619,-25.603807186034018,25.603807186034018
q8,base,1,C,0.4301431768320292,0.3727595891178101,-13.340578394581245,13.340578394581245
q8,s3,1,decision,1.0,1.0,0.0,0.0
q8,s3,2,T,15.865997791290283,16.552707314395793,4.328183655001403,4.328183655001403
q8,s3,2,C,0.022840322697023966,0.022705311339895125,-0.5911096744111801,0.5911096744111801
q8,base,2,T,90.97922015190125,76.32937782375829,-16.102404816927645,16.102404816927645
q8,base,2,C,0.378899474026235,0.3532831552059458,-6.760716384239564,6.760716384239564
q8,s3,2,decision,1.0,1.0,0.0,0.0
q8,s3,3,T,15.69698715209961,16.65255248618817,6.087571613771411,6.087571613771411
q8,s3,3,C,0.022826966051968607,0.02265281222603688,-0.7629302358238996,0.7629302358238996
q8,base,3,T,95.19511294364929,80.2036268070588,-15.748167813472419,15.748167813472419
q8,base,3,C,0.39826020936908796,0.37278163174764517,-6.397470051503563,6.397470051503563
q8,s3,3,decision,1.0,1.0,0.0,0.0
q8,s3,4,T,15.542046070098877,16.657440058615208,7.176622585505147,7.176622585505147
q8,s3,4,C,0.022333746224237384,0.02265098830499559,1.420460667784993,1.420460667784993
q8,base,4,T,97.86482787132263,76.29174253212818,-22.043757505566532,22.043757505566532
q8,base,4,C,0.3942143326334464,0.35293344871055815,-10.471685199044398,10.471685199044398
q8,s3,4,decision,1.0,1.0,0.0,0.0
q8,s3,5,T,15.864567995071411,16.65925692374747,5.009206231918465,5.009206231918465
q8,s3,5,C,0.02299293197912284,0.022651849356457393,-1.4834237885587764,1.4834237885587764
q8,base,5,T,104.85453701019287,76.11828781641651,-27.40582335601074,27.40582335601074
q8,base,5,C,0.40812748319036096,0.3540310400258461,-13.254790572210226,13.254790572210226
q8,s3,5,decision,1.0,1.0,0.0,0.0
q8,s3,6,T,15.60931396484375,16.662012202997584,6.744039107194494,6.744039107194494
q8,s3,6,C,0.022871695797541104,0.022653142381974165,-0.9555627947379162,0.9555627947379162
q8,base,6,T,103.94250702857971,78.89847937331258,-24.094115459790768,24.094115459790768
q8,base,6,C,0.4183026172493665,0.3724479213475423,-10.962086779028795,10.962086779028795
q8,s3,6,decision,1.0,1.0,0.0,0.0
q8,s3,7,T,15.693074941635132,16.64964747432855,6.09550732569017,6.09550732569017
q8,s3,7,C,0.02288193573935948,0.02265319354212144,-0.9996627900871904,0.9996627900871904
q8,base,7,T,98.51098012924194,78.92423168541751,-19.88280739682775,19.88280739682775
q8,base,7,C,0.4068441966463504,0.37238848380301964,-8.469019130013896,8.469019130013896
q8,s3,7,decision,1.0,1.0,0.0,0.0
q8,s3,8,T,15.841336011886597,16.64965140194648,5.102570827696348,5.102570827696348
q8,s3,8,C,0.023238670941438173,0.02265319407282953,-2.5194077152004777,2.5194077152004777
q8,base,8,T,103.26201701164246,76.21639876886019,-26.191255047567942,26.191255047567942
q8,base,8,C,0.4035096836546697,0.3534465145207815,-12.406931273731981,12.406931273731981
q8,s3,8,decision,1.0,1.0,0.0,0.0
q8,s3,9,T,15.663266897201538,16.651435606346542,6.308828902874369,6.308828902874369
q8,s3,9,C,0.02293594717080894,0.022654053550580755,-1.2290472162708783,1.2290472162708783
q8,base,9,T,105.46043109893799,76.26564402148485,-27.68316682686796,27.68316682686796
q8,base,9,C,0.41085491369557214,0.3530303670522828,-14.074201066056894,14.074201066056894
q8,s3,9,decision,1.0,1.0,0.0,0.0
q8,s3,10,T,15.887465953826904,16.6647182581693,4.892235845548272,4.892235845548272
q8,s3,10,C,0.022732959817182725,0.022652858121294153,-0.3523592903552604,0.3523592903552604
q8,base,10,T,99.04055404663086,76.33990327793495,-22.92056116528574,22.92056116528574
q8,base,10,C,0.3957706264662945,0.35306358018056305,-10.790857994452141,10.790857994452141
q8,s3,10,decision,1.0,1.0,0.0,0.0
q8,s3,11,T,15.541414022445679,16.66285089083316,7.2157968815954945,7.2157968815954945
q8,s3,11,C,0.023017004116883576,0.022651994517674502,-1.5858258414322917,1.5858258414322917
q8,base,11,T,98.56014800071716,76.29488558771847,-22.590532648993875,22.590532648993875
q8,base,11,C,0.3962176993713932,0.3529242907231456,-10.926672058550995,10.926672058550995
q8,s3,11,decision,1.0,1.0,0.0,0.0
q8,s3,12,T,15.680988073348999,16.664735866371608,6.27350641694933,6.27350641694933
q8,s3,12,C,0.02277887954917717,0.022652858995521493,-0.553234207080348,0.553234207080348
q8,base,12,T,104.45305895805359,76.32182724858366,-26.931936690113506,26.931936690113506
q8,base,12,C,0.4083117330702346,0.35314068779091456,-13.511991160398507,13.511991160398507
q8,s3,12,decision,1.0,1.0,0.0,0.0
q8,s3,13,T,15.522294998168945,16.655826745927662,7.302604079438198,7.302604079438198
q8,s3,13,C,0.022796753830879937,0.022653956836597947,-0.6263917895562887,0.6263917895562887
q8,base,13,T,101.52955412864685,76.21902918518313,-24.929219044331727,24.929219044331727
q8,base,13,C,0.40224711554355164,0.35351019053044347,-12.116165195429819,12.116165195429819
q8,s3,13,decision,1.0,1.0,0.0,0.0
q8,s3,14,T,15.528368949890137,16.65947874724093,7.284150711519477,7.284150711519477
q8,s3,14,C,0.02244450749969064,0.02265408084845774,0.9337400197798581,0.9337400197798581
q8,base,14,T,104.47230792045593,78.89298338847871,-24.48431076247788,24.48431076247788
q8,base,14,C,0.4205566689372473,0.37240705637024674,-11.449018913117065,11.449018913117065
q8,s3,14,decision,1.0,1.0,0.0,0.0
q8,s3,15,T,15.366658926010132,16.654054206975594,8.37784769717491,8.37784769717491
q8,s3,15,C,0.022536581495638915,0.022651497216456123,0.5099075067771288,0.5099075067771288
q8,base,15,T,101.69585919380188,76.32186435802153,-24.950863326131216,24.950863326131216
q8,base,15,C,0.39920387081227515,0.3529170300562604,-11.59478756101066,11.59478756101066
q8,s3,15,decision,1.0,1.0,0.0,0.0
q8,nfs,1,T,14.012748956680298,13.7496373081535,-1.8776590470591696,1.8776590470591696
q8,nfs,1,C,0.0181948895293816,0.017784756965781502,-2.2541085667918157,2.2541085667918157
q8,nfs,1,decision,1.0,1.0,0.0,0.0
q8,nfs,2,T,13.823678016662598,13.74958651242158,-0.535975332698798,0.535975332698798
q8,nfs,2,C,0.01860910572908859,0.017784755153859754,-4.429823696150329,4.429823696150329
q8,nfs,2,decision,1.0,1.0,0.0,0.0
q8,nfs,3,T,13.614900827407837,13.752376901313218,1.0097471560617688,1.0097471560617688
q8,nfs,3,C,0.018219546515131194,0.01778484863981921,-2.3858874585652865,2.3858874585652865
q8,nfs,3,decision,1.0,1.0,0.0,0.0
q8,nfs,4,T,13.885987043380737,13.757488436925726,-0.9253833094728736,0.9253833094728736
q8,nfs,4,C,0.018195044416400945,0.017785173796907628,-2.252649733154054,2.252649733154054
q8,nfs,4,decision,1.0,1.0,0.0,0.0
q8,nfs,5,T,14.532342910766602,13.7563217716989,-5.339958902929336,5.339958902929336
q8,nfs,5,C,0.018281022619970128,0.017785134654079344,-2.712583295800302,2.712583295800302
q8,nfs,5,decision,1.0,1.0,0.0,0.0
q8,nfs,6,T,13.918076992034912,13.756358776512178,-1.1619293068667678,1.1619293068667678
q8,nfs,6,C,0.01836066512630011,0.01778513559912893,-3.134578857640523,3.134578857640523
q8,nfs,6,decision,1.0,1.0,0.0,0.0
q8,nfs,7,T,13.938206195831299,13.75014286767413,-1.3492649306150706,1.3492649306150706
q8,nfs,7,C,0.017965943060274575,0.017784706795368088,-1.0087767967339705,1.0087767967339705
q8,nfs,7,decision,1.0,1.0,0.0,0.0
q8,nfs,8,T,13.954827070236206,13.708208214804081,-1.7672655790778677,1.7672655790778677
q8,nfs,8,C,0.018042743826149468,0.017812886512591494,-1.2739598576178917,1.2739598576178917
q8,nfs,8,decision,1.0,1.0,0.0,0.0
q8,nfs,9,T,14.3818941116333,13.74902024016788,-4.400490412132144,4.400490412132144
q8,nfs,9,C,0.01848453995074478,0.017784669161342557,-3.7862494347554656,3.7862494347554656
q8,nfs,9,decision,1.0,1.0,0.0,0.0
q8,nfs,10,T,13.86734414100647,13.714936880580423,-1.0990371254678162,1.0990371254678162
q8,nfs,10,C,0.017970754962800588,0.017813325591095327,-0.8760309293134276,0.8760309293134276
q8,nfs,10,decision,1.0,1.0,0.0,0.0
q8,nfs,11,T,13.721272945404053,13.75692737343817,0.2598478156945346,0.2598478156945346
q8,nfs,11,C,0.018362563306333894,0.017785151440820945,-3.144505785386617,3.144505785386617
q8,nfs,11,decision,1.0,1.0,0.0,0.0
q8,nfs,12,T,14.059971809387207,13.756895676349986,-2.1555955953970756,2.1555955953970756
q8,nfs,12,C,0.018239758962099204,0.017785150141762098,-2.4924058551527333,2.4924058551527333
q8,nfs,12,decision,1.0,1.0,0.0,0.0
q8,nfs,13,T,13.833194971084595,13.754415679721296,-0.5694945493645569,0.5694945493645569
q8,nfs,13,C,0.018094308985352064,0.017784953320630095,-1.709684879220327,1.709684879220327
q8,nfs,13,decision,1.0,1.0,0.0,0.0
q8,nfs,14,T,13.95551609992981,13.753253453423575,-1.4493383480618949,1.4493383480618949
q8,nfs,14,C,0.018133316527170585,0.017784914581334722,-1.921336040838555,1.921336040838555
q8,nfs,14,decision,1.0,1.0,0.0,0.0
q8,nfs,15,T,13.616236925125122,13.753240366707553,1.0061769807312022,1.0061769807312022
q8,nfs,15,C,0.017786138428506973,0.017784913966431903,-0.006884361549259699,0.006884361549259699
q8,nfs,15,decision,1.0,1.0,0.0,0.0
q9,s3,1,T,28.746617078781128,32.76648669250412,13.983800607585906,13.983800607585906
q9,s3,1,C,0.07085615233384684,0.07747001355483983,9.334208820471968,9.334208820471968
q9,base,1,T,82.15648317337036,54.49994194569412,-33.663248668171626,33.663248668171626
q9,base,1,C,0.24762218669364736,0.17924597712702467,-27.613119195662467,27.613119195662467
q9,s3,1,decision,1.0,1.0,0.0,0.0
q9,s3,2,T,28.629754066467285,32.76380970089638,14.439717591815171,14.439717591815171
q9,s3,2,C,0.07136635665421276,0.07740733103839194,8.464736981669331,8.464736981669331
q9,base,2,T,77.70864796638489,54.51571888293391,-29.84600773582336,29.84600773582336
q9,base,2,C,0.2395400734078417,0.17923494803404144,-25.175380685103388,25.175380685103388
q9,s3,2,decision,1.0,1.0,0.0,0.0
q9,s3,3,T,28.250857830047607,33.15799543745616,17.369871162599953,17.369871162599953
q9,s3,3,C,0.07039970526641977,0.0772927231318627,9.791259550529475,9.791259550529475
q9,base,3,T,76.54919409751892,54.22556930075905,-29.162455673042043,29.162455673042043
q9,base,3,C,0.23760975158208592,0.18067477793785802,-23.96154756491921,23.96154756491921
q9,s3,3,decision,1.0,1.0,0.0,0.0
q9,s3,4,T,28.017729997634888,33.15645191332372,18.34096451112427,18.34096451112427
q9,s3,4,C,0.07044054798717743,0.07739004406551055,9.865760952907637,9.865760952907637
q9,base,4,T,76.67575192451477,54.208112873029314,-29.30214375152688,29.30214375152688
q9,base,4,C,0.23757504407862148,0.18062415240893767,-23.97174833348105,23.97174833348105
q9,s3,4,decision,1.0,1.0,0.0,0.0
q9,s3,5,T,28.227379083633423,33.153752791037014,17.452465894220985,17.452465894220985
q9,s3,5,C,0.0703099112532571,0.07733346020465902,9.989415185155073,9.989415185155073
q9,base,5,T,75.64411115646362,54.17535139045654,-28.381270448932526,28.381270448932526
q9,base,5,C,0.236092149082653,0.180667545630554,-23.475835036215248,23.475835036215248
q9,s3,5,decision,1.0,1.0,0.0,0.0
q9,s3,6,T,28.263370990753174,33.159149852596535,17.321991999627702,17.321991999627702
q9,s3,6,C,0.07033602809326227,0.07730398595622864,9.906669528917941,9.906669528917941
q9,base,6,T,75.99068093299866,54.5531496675619,-28.210737161755837,28.210737161755837
q9,base,6,C,0.23554033680475298,0.17923863227679276,-23.903211352979646,23.903211352979646
q9,s3,6,decision,1.0,1.0,0.0,0.0
q9,s3,7,T,27.338171005249023,32.751622779739876,19.80180668798747,19.80180668798747
q9,s3,7,C,0.06988678639059907,0.07734572288839099,10.672885223400783,10.672885223400783
q9,base,7,T,76.60934805870056,54.15858555925742,-29.305513058589984,29.305513058589984
q9,base,7,C,0.23770103365938708,0.18070797609208694,-23.97678154356205,23.97678154356205
q9,s3,7,decision,1.0,1.0,0.0,0.0
q9,s3,8,T,27.652745008468628,33.15157847658581,19.885307829053396,19.885307829053396
q9,s3,8,C,0.07027220827694625,0.07734374474650207,10.063062828033742,10.063062828033742
q9,base,8,T,76.55821204185486,54.166832440577004,-29.24752159707746,29.24752159707746
q9,base,8,C,0.23806152953279622,0.18068455591453156,-24.10174114686607,24.10174114686607
q9,s3,8,decision,1.0,1.0,0.0,0.0
q9,s3,9,T,27.431401014328003,33.02512937472653,20.391697666031735,20.391697666031735
q9,s3,9,C,0.06961381451540204,0.0772644965861274,10.990177917965767,10.990177917965767
q9,base,9,T,79.04087686538696,54.16386347540005,-31.473605021303708,31.473605021303708
q9,base,9,C,0.24433252642398068,0.18067190994596738,-26.054908615623905,26.054908615623905
q9,s3,9,decision,1.0,1.0,0.0,0.0
q9,s3,10,T,27.795626878738403,32.769936603433905,17.89601560848581,17.89601560848581
q9,s3,10,C,0.07078248104915544,0.07731707345813754,9.231934671015708,9.231934671015708
q9,base,10,T,76.3029248714447,54.503535443735544,-28.569533165913114,28.569533165913114
q9,base,10,C,0.23620070023701079,0.17924014367080018,-24.115320788234197,24.115320788234197
q9,s3,10,decision,1.0,1.0,0.0,0.0
q9,s3,11,T,27.367249965667725,32.76703707498752,19.730835637829305,19.730835637829305
q9,s3,11,C,0.06945701914849724,0.07735679092662905,11.373611875341656,11.373611875341656
q9,base,11,T,80.0381600856781,54.527159985924904,-31.873546408918628,31.873546408918628
q9,base,11,C,0.24401568803089888,0.1792740334455429,-26.531759129010574,26.531759129010574
q9,s3,11,decision,1.0,1.0,0.0,0.0
q9,s3,12,T,27.52420687675476,33.167326581862014,20.50238806289849,20.50238806289849
q9,s3,12,C,0.07000149451231996,0.0774076412517016,10.579983743173072,10.579983743173072
q9,base,12,T,80.48122906684875,54.13963792034035,-32.73010545680004,32.73010545680004
q9,base,12,C,0.24690163398201923,0.18068710595722787,-26.81818137729031,26.81818137729031
q9,s3,12,decision,1.0,1.0,0.0,0.0
q9,s3,13,T,28.20722198486328,32.780962686405374,16.214786071441132,16.214786071441132
q9,s3,13,C,0.07028233505519907,0.07733417855271281,10.033593067127452,10.033593067127452
q9,base,13,T,77.15249991416931,54.19953394812146,-29.750126038148583,29.750126038148583
q9,base,13,C,0.24048457732805745,0.18069735629686512,-24.861145648285582,24.861145648285582
q9,s3,13,decision,1.0,1.0,0.0,0.0
q9,s3,14,T,27.90066695213318,32.7820465100603,17.49556584543907,17.49556584543907
q9,s3,14,C,0.0708053082515494,0.07757959523376107,9.56748462720438,9.56748462720438
q9,base,14,T,79.57605290412903,54.4943675224089,-31.519137311243412,31.519137311243412
q9,base,14,C,0.24274792120454064,0.17920230312171304,-26.177615761860118,26.177615761860118
q9,s3,14,decision,1.0,1.0,0.0,0.0
q9,s3,15,T,27.42314100265503,33.175769599631856,20.97727826444051,20.97727826444051
q9,s3,15,C,0.06991187549008251,0.07736408861647423,10.65943814860018,10.65943814860018
q9,base,15,T,79.34456992149353,54.18846671939684,-31.704883178504932,31.704883178504932
q9,base,15,C,0.24397106444976,0.1805546865596153,-25.993401321247173,25.993401321247173
q9,s3,15,decision,1.0,1.0,0.0,0.0
q9,nfs,1,T,34.205787897109985,33.09853818741664,-3.2370244270470154,3.2370244270470154
q9,nfs,1,C,0.039830671775417145,0.04265851987428228,7.099674629666766,7.099674629666766
q9,nfs,1,decision,1.0,1.0,0.0,0.0
q9,nfs,2,T,34.92565298080444,33.10434024044691,-5.214828027291428,5.214828027291428
q9,nfs,2,C,0.04170519788327873,0.04266696095425798,2.306098807326038,2.306098807326038
q9,nfs,2,decision,1.0,1.0,0.0,0.0
q9,nfs,3,T,34.460546016693115,33.102303304372704,-3.9414428072685257,3.9414428072685257
q9,nfs,3,C,0.04071115768323076,0.04266582675665408,4.801310462926134,4.801310462926134
q9,nfs,3,decision,1.0,1.0,0.0,0.0
q9,nfs,4,T,34.957072019577026,33.37592478552082,-4.523111183827732,4.523111183827732
q9,nfs,4,C,0.04209900463286329,0.042609163527109445,1.2118074968639831,1.2118074968639831
q9,nfs,4,decision,1.0,1.0,0.0,0.0
q9,nfs,5,T,35.5536470413208,33.373753834694305,-6.13127875205883,6.13127875205883
q9,nfs,5,C,0.04277760078235867,0.042602110890647145,-0.4102378078760704,0.4102378078760704
q9,nfs,5,decision,1.0,1.0,0.0,0.0
q9,nfs,6,T,35.3724319934845,33.366546661746774,-5.670758889598548,5.670758889598548
q9,nfs,6,C,0.042140348101730805,0.042593622956207694,1.0756314907096638,1.0756314907096638
q9,nfs,6,decision,1.0,1.0,0.0,0.0
q9,nfs,7,T,34.91352415084839,33.08892311444044,-5.2260580413610604,5.2260580413610604
q9,nfs,7,C,0.042288148247179795,0.04265119520044994,0.8585075684754152,0.8585075684754152
q9,nfs,7,decision,1.0,1.0,0.0,0.0
q9,nfs,8,T,34.517374992370605,33.35690077126944,-3.362000213972437,3.362000213972437
q9,nfs,8,C,0.041631857212046736,0.04258111642818242,2.280126998180148,2.280126998180148
q9,nfs,8,decision,1.0,1.0,0.0,0.0
q9,nfs,9,T,35.723432779312134,33.28276397019932,-6.832122837103816,6.832122837103816
q9,nfs,9,C,0.04259004586702324,0.04261193071670461,0.05138489343191512,0.05138489343191512
q9,nfs,9,decision,1.0,1.0,0.0,0.0
q9,nfs,10,T,33.82815504074097,33.29801229299621,-1.5671642367320264,1.5671642367320264
q9,nfs,10,C,0.03988149177017765,0.042629857947722775,6.891332434059761,6.891332434059761
q9,nfs,10,decision,1.0,1.0,0.0,0.0
q9,nfs,11,T,34.474858045578,33.3823305661054,-3.169055774002633,3.169055774002633
q9,nfs,11,C,0.040477371387907586,0.04261377033485288,5.278008115871698,5.278008115871698
q9,nfs,11,decision,1.0,1.0,0.0,0.0
q9,nfs,12,T,34.57320594787598,33.37886328129079,-3.4545325891553924,3.4545325891553924
q9,nfs,12,C,0.04075468916420831,0.0426061764660187,4.543004350616925,4.543004350616925
q9,nfs,12,decision,1.0,1.0,0.0,0.0
q9,nfs,13,T,34.374783992767334,33.385159545414126,-2.8789255739364963,2.8789255739364963
q9,nfs,13,C,0.04201134681910504,0.042612293276100034,1.4304384469809706,1.4304384469809706
q9,nfs,13,decision,1.0,1.0,0.0,0.0
q9,nfs,14,T,34.3034610748291,33.1071260867006,-3.487505198145544,3.487505198145544
q9,nfs,14,C,0.040004659881067224,0.04266086251640263,6.639733079176838,6.639733079176838
q9,nfs,14,decision,1.0,1.0,0.0,0.0
q9,nfs,15,T,34.81340408325195,33.389610417500656,-4.089785826018251,4.089785826018251
q9,nfs,15,C,0.04186889529695926,0.04261445294924944,1.7806957814440532,1.7806957814440532
q9,nfs,15,decision,1.0,1.0,0.0,0.0
q10,s3,1,T,29.09335684776306,22.87611176719065,-21.36998185910762,21.36998185910762
q10,s3,1,C,0.05980608895877673,0.04779048707956482,-20.090934030971415,20.090934030971415
q10,base,1,T,35.299379110336304,24.004855087062385,-31.996381545324905,31.996381545324905
q10,base,1,C,0.08692210899665062,0.06620860067953528,-23.829965190919946,23.829965190919946
q10,s3,1,decision,1.0,1.0,0.0,0.0
q10,s3,2,T,29.406080961227417,22.874114472240468,-22.21297866111263,22.21297866111263
q10,s3,2,C,0.06041011983548665,0.047792649557429734,-20.88635200926228,20.88635200926228
q10,base,2,T,35.448145151138306,23.80872132710231,-32.83507155144401,32.83507155144401
q10,base,2,C,0.08767068148500658,0.06693129266059923,-23.656014157884915,23.656014157884915
q10,s3,2,decision,1.0,1.0,0.0,0.0
q10,s3,3,T,29.111021995544434,22.989485075442605,-21.028244632011734,21.028244632011734
q10,s3,3,C,0.059423058159976755,0.04720624901340777,-20.559038065121634,20.559038065121634
q10,base,3,T,35.257325172424316,23.807923135331148,-32.47382488915537,32.47382488915537
q10,base,3,C,0.08704656885591788,0.06700765339307273,-23.020913662908615,23.020913662908615
q10,s3,3,decision,1.0,1.0,0.0,0.0
q10,s3,4,T,29.534315824508667,22.616921697375837,-23.421548575005488,23.421548575005488
q10,s3,4,C,0.06157137370881398,0.04932204191492772,-19.894524120602426,19.894524120602426
q10,base,4,T,35.64921593666077,23.897191857004326,-32.96572945822057,32.96572945822057
q10,base,4,C,0.08673461141302546,0.06630066788242595,-23.559157293383375,23.559157293383375
q10,s3,4,decision,1.0,1.0,0.0,0.0
q10,s3,5,T,28.735239028930664,22.623481180753778,-21.269208312565496,21.269208312565496
q10,s3,5,C,0.06128484618885359,0.04932530394405676,-19.51468101583001,19.51468101583001
q10,base,5,T,35.758739948272705,23.898132833262096,-33.1684145810723,33.1684145810723
q10,base,5,C,0.08641038268709748,0.0663159985582081,-23.25459453368421,23.25459453368421
q10,s3,5,decision,1.0,1.0,0.0,0.0
q10,s3,6,T,28.995140075683594,22.62979538099869,-21.953143451178285,21.953143451178285
q10,s3,6,C,0.06196812726225666,0.0493269156697317,-20.399537876989264,20.399537876989264
q10,base,6,T,34.831764936447144,24.09496175406398,-30.824746325582897,30.824746325582897
q10,base,6,C,0.0848167309794838,0.06569335644274764,-22.54670076987746,22.54670076987746
q10,s3,6,decision,1.0,1.0,0.0,0.0
q10,s3,7,T,29.186429023742676,24.25928510595399,-16.88162643597316,16.88162643597316
q10,s3,7,C,0.06255358924912781,0.05079116697150732,-18.80375278031627,18.80375278031627
q10,base,7,T,35.190253019332886,24.069781288286745,-31.600999643102185,31.600999643102185
q10,base,7,C,0.08681994982213258,0.06740305313635146,-22.36455644763718,22.36455644763718
q10,s3,7,decision,1.0,0.0,1.0,1.0
q10,s3,8,T,29.520835876464844,24.453270392798224,-17.166063674052943,17.166063674052943
q10,s3,8,C,0.06347790365319754,0.05077142411161116,-20.0171694563299,20.0171694563299
q10,base,8,T,35.053601026535034,24.08107815862594,-31.302127446487066,31.302127446487066
q10,base,8,C,0.08609990836462084,0.0673712410773247,-21.752249965218198,21.752249965218198
q10,s3,8,decision,1.0,0.0,1.0,1.0
q10,s3,9,T,29.454363107681274,24.258194156261567,-17.64142355556356,17.64142355556356
q10,s3,9,C,0.06347011760858516,0.050855578205156474,-19.874769227971946,19.874769227971946
q10,base,9,T,35.06964707374573,24.07733598940632,-31.34423069962574,31.34423069962574
q10,base,9,C,0.0864129247911702,0.06736972826861719,-22.037440080374267,22.037440080374267
q10,s3,9,decision,1.0,0.0,1.0,1.0
q10,s3,10,T,29.532583951950073,22.910227676243704,-22.423897233242563,22.423897233242563
q10,s3,10,C,0.06269690365707949,0.05023686164500871,-19.873456718406604,19.873456718406604
q10,base,10,T,35.87652802467346,24.091357767553845,-32.849249651511904,32.849249651511904
q10,base,10,C,0.08744572987598209,0.06738359573150826,-22.942382861834982,22.942382861834982
q10,s3,10,decision,1.0,1.0,0.0,0.0
q10,s3,11,T,30.191760063171387,24.2743099084949,-19.599553461921985,19.599553461921985
q10,s3,11,C,0.06437882929657618,0.05089716034737087,-20.94115269959141,20.94115269959141
q10,base,11,T,36.223653078079224,24.091234469270802,-33.49308415321139,33.49308415321139
q10,base,11,C,0.08891412023452153,0.06738360124805137,-24.214960379387275,24.214960379387275
q10,s3,11,decision,1.0,0.0,1.0,1.0
q10,s3,12,T,29.07938289642334,22.902468136294466,-21.24156066904918,21.24156066904918
q10,s3,12,C,0.06208933472064556,0.050243253994586984,-19.07909108602446,19.07909108602446
q10,base,12,T,35.804636001586914,24.086824179512107,-32.727079871878765,32.727079871878765
q10,base,12,C,0.08748656556275944,0.06734393068025943,-23.02368912636132,23.02368912636132
q10,s3,12,decision,1.0,1.0,0.0,0.0
q10,s3,13,T,29.13568377494812,24.258756861309152,-16.73867327538858,16.73867327538858
q10,s3,13,C,0.06238533029037656,0.05009104560051427,-19.70701226175728,19.70701226175728
q10,base,13,T,35.91532111167908,24.195361140347515,-32.63220154676669,32.63220154676669
q10,base,13,C,0.08636459410021223,0.06583548915402644,-23.770278966824137,23.770278966824137
q10,s3,13,decision,1.0,0.0,1.0,1.0
q10,s3,14,T,28.98478889465332,24.34407210123475,-16.01086973683158,16.01086973683158
q10,s3,14,C,0.06206287674996521,0.05014138578964895,-19.20873086232334,19.20873086232334
q10,base,14,T,35.891010999679565,24.196425470120673,-32.583605765976614,32.583605765976614
q10,base,14,C,0.08600011749715837,0.0665885866620839,-22.571516644399775,22.571516644399775
q10,s3,14,decision,1.0,0.0,1.0,1.0
q10,s3,15,T,28.512071132659912,22.780285937836577,-20.103012398344184,20.103012398344184
q10,s3,15,C,0.06046618948487947,0.04958346364991127,-17.998034815290616,17.998034815290616
q10,base,15,T,35.627086877822876,24.198011904621193,-32.079734760228305,32.079734760228305
q10,base,15,C,0.08654654691358098,0.06607312429013619,-23.655967053068036,23.655967053068036
q10,s3,15,decision,1.0,1.0,0.0,0.0
q10,nfs,1,T,32.15051293373108,22.050448812830673,-31.414939294184034,31.414939294184034
q10,nfs,1,C,0.04431683059712939,0.027307098721591913,-38.382103698181155,38.382103698181155
q10,nfs,1,decision,1.0,1.0,0.0,0.0
q10,nfs,2,T,32.728179931640625,22.041075247434716,-32.654136913595785,32.654136913595785
q10,nfs,2,C,0.0465269544073984,0.027298314219067706,-41.32795802613955,41.32795802613955
q10,nfs,2,decision,1.0,1.0,0.0,0.0
q10,nfs,3,T,33.005682945251465,22.043867115616006,-33.211904288781085,33.211904288781085
q10,nfs,3,C,0.04552294298134295,0.027300989275308503,-40.02806609735777,40.02806609735777
q10,nfs,3,decision,1.0,1.0,0.0,0.0
q10,nfs,4,T,34.000608921051025,21.660928113422045,-36.29252886700223,36.29252886700223
q10,nfs,4,C,0.04894031163663055,0.028193844813408156,-42.39136640007458,42.39136640007458
q10,nfs,4,decision,1.0,1.0,0.0,0.0
q10,nfs,5,T,34.88432598114014,21.654669762022852,-37.92435670469817,37.92435670469817
q10,nfs,5,C,0.050075089131198694,0.02818826917256345,-43.70800000233832,43.70800000233832
q10,nfs,5,decision,1.0,1.0,0.0,0.0
q10,nfs,6,T,31.840660095214844,23.512185080563043,-26.15672850294784,26.15672850294784
q10,nfs,6,C,0.043421384131576785,0.028570346081572804,-34.20212954290429,34.20212954290429
q10,nfs,6,decision,1.0,1.0,0.0,0.0
q10,nfs,7,T,33.84588003158569,21.789847207789112,-35.62038514745557,35.62038514745557
q10,nfs,7,C,0.047992505124522404,0.028535271094857997,-40.54223462430278,40.54223462430278
q10,nfs,7,decision,1.0,1.0,0.0,0.0
q10,nfs,8,T,32.78510904312134,21.90203320186637,-33.19517963762378,33.19517963762378
q10,nfs,8,C,0.04531215514590136,0.02847319934056049,-37.16211632644891,37.16211632644891
q10,nfs,8,decision,1.0,1.0,0.0,0.0
q10,nfs,9,T,34.59015607833862,21.909826453956843,-36.65878117364893,36.65878117364893
q10,nfs,9,C,0.05014253987913517,0.02847990260867824,-43.20211405858795,43.20211405858795
q10,nfs,9,decision,1.0,1.0,0.0,0.0
q10,nfs,10,T,33.418133020401,21.788950689995275,-34.799018614553894,34.799018614553894
q10,nfs,10,C,0.04788887032765859,0.028536126620835076,-40.41177746397201,40.41177746397201
q10,nfs,10,decision,1.0,1.0,0.0,0.0
q10,nfs,11,T,33.450175046920776,21.802474583916567,-34.82104487245853,34.82104487245853
q10,nfs,11,C,0.04679627518174459,0.028551928976031375,-38.98674869924349,38.98674869924349
q10,nfs,11,decision,1.0,1.0,0.0,0.0
q10,nfs,12,T,33.20754098892212,21.922768850131586,-33.98255878854469,33.98255878854469
q10,nfs,12,C,0.04763909757314919,0.02849598131322508,-40.18362486932108,40.18362486932108
q10,nfs,12,decision,1.0,1.0,0.0,0.0
q10,nfs,13,T,33.33810591697693,21.79344865614173,-34.62901368657616,34.62901368657616
q10,nfs,13,C,0.04812149791456264,0.02834758503050432,-41.09164041228711,41.09164041228711
q10,nfs,13,decision,1.0,1.0,0.0,0.0
q10,nfs,14,T,32.65677189826965,23.675536464142052,-27.50190821709319,27.50190821709319
q10,nfs,14,C,0.04565019257977345,0.028735751985067594,-37.05228749067809,37.05228749067809
q10,nfs,14,decision,1.0,1.0,0.0,0.0
q10,nfs,15,T,31.907626152038574,23.656709423251773,-25.85876081621212,25.85876081621212
q10,nfs,15,C,0.04513575334315022,0.028721383501114132,-36.36666860801853,36.36666860801853
q10,nfs,15,decision,1.0,1.0,0.0,0.0
q11,s3,1,T,4.321650981903076,6.241694381790484,44.42846976601291,44.42846976601291
q11,s3,1,C,0.0012117212887272854,0.0015698380960298295,29.554387682557525,29.554387682557525
q11,base,1,T,5.756289005279541,6.728879991811453,16.896145861333103,16.896145861333103
q11,base,1,C,0.004986868236922042,0.005323020926010174,6.740757387558527,6.740757387558527
q11,s3,1,decision,1.0,1.0,0.0,0.0
q11,s3,2,T,4.258581161499023,6.241960929630333,46.57372239521106,46.57372239521106
q11,s3,2,C,0.0011996790288580188,0.001569846981530664,30.855582515684233,30.855582515684233
q11,base,2,T,5.6347880363464355,6.7287256933827315,19.41399836125156,19.41399836125156
q11,base,2,C,0.004918053691489893,0.005323015750246036,8.234193527754321,8.234193527754321
q11,s3,2,decision,1.0,1.0,0.0,0.0
q11,s3,3,T,4.268611907958984,6.242122049197114,46.23306554429198,46.23306554429198
q11,s3,3,C,0.001203557391962302,0.0015698523526088983,30.43435760461594,30.43435760461594
q11,base,3,T,5.598663091659546,6.728854116351165,20.186801852308104,20.186801852308104
q11,base,3,C,0.004874937430727761,0.005323019938841208,9.191554034911057,9.191554034911057
q11,s3,3,decision,1.0,1.0,0.0,0.0
q11,s3,4,T,4.218333959579468,6.208242183676031,47.17284698566019,47.17284698566019
q11,s3,4,C,0.0011700359595121514,0.0015673874260927262,33.96062004335757,33.96062004335757
q11,base,4,T,5.590534925460815,6.71233016180792,20.06597313681279,20.06597313681279
q11,base,4,C,0.004896955297453722,0.005322358541315387,8.68709673708605,8.68709673708605
q11,s3,4,decision,1.0,1.0,0.0,0.0
q11,s3,5,T,4.306898832321167,6.208131950212683,44.14390009869032,44.14390009869032
q11,s3,5,C,0.0011867347389968707,0.0015673837514095202,32.07532398810592,32.07532398810592
q11,base,5,T,5.594771146774292,6.7124342340603755,19.976922343472094,19.976922343472094
q11,base,5,C,0.004902335299831108,0.005322362461513468,8.567899500812004,8.567899500812004
q11,s3,5,decision,1.0,1.0,0.0,0.0
q11,s3,6,T,4.3072710037231445,6.208277779020062,44.13483093247937,44.13483093247937
q11,s3,6,C,0.001179128842564526,0.0015673886126415508,32.92767983120369,32.92767983120369
q11,base,6,T,5.861681938171387,6.712326905713574,14.511960500667412,14.511960500667412
q11,base,6,C,0.005058844899699688,0.00532235864751237,5.20897068475702,5.20897068475702
q11,s3,6,decision,1.0,1.0,0.0,0.0
q11,s3,7,T,4.33454704284668,6.264046528928977,44.514443308824106,44.514443308824106
q11,s3,7,C,0.001187578746321181,0.0015702954323638376,32.22663652648015,32.22663652648015
q11,base,7,T,5.517314910888672,6.722749675871421,21.84821393108755,21.84821393108755
q11,base,7,C,0.004871522495049791,0.005322774245005032,9.263053807383246,9.263053807383246
q11,s3,7,decision,1.0,1.0,0.0,0.0
q11,s3,8,T,4.264703035354614,6.264028319191226,46.880762089695324,46.880762089695324
q11,s3,8,C,0.0011667292231895715,0.0015702948252692567,34.58948263731913,34.58948263731913
q11,base,8,T,5.643489122390747,6.722719419989419,19.12345845262263,19.12345845262263
q11,base,8,C,0.004898494432600804,0.00532277291279104,8.661405785552146,8.661405785552146
q11,s3,8,decision,1.0,1.0,0.0,0.0
q11,s3,9,T,4.361417770385742,6.2640589953267565,43.62437457516794,43.62437457516794
q11,s3,9,C,0.0011854559213136469,0.0015702958479602222,32.4634530670799,32.4634530670799
q11,base,9,T,5.742586851119995,6.722680195422176,17.067105290902653,17.067105290902653
q11,base,9,C,0.004952089073829198,0.005322771671346376,7.485378231101726,7.485378231101726
q11,s3,9,decision,1.0,1.0,0.0,0.0
q11,s3,10,T,4.264600038528442,6.275279927188986,47.14814684835852,47.14814684835852
q11,s3,10,C,0.0011843409029062394,0.0015719110957646003,32.72454678440195,32.72454678440195
q11,base,10,T,5.577374219894409,6.726135765533916,20.596816716043392,20.596816716043392
q11,base,10,C,0.004849345123055233,0.005322911850645026,9.765581033577412,9.765581033577412
q11,s3,10,decision,1.0,1.0,0.0,0.0
q11,s3,11,T,4.265625,6.275237807378089,47.11180207772808,47.11180207772808
q11,s3,11,C,0.0011690942978415727,0.0015719096917021828,34.45533817112131,34.45533817112131
q11,base,11,T,5.513306140899658,6.726247954373534,22.000262319479116,22.000262319479116
q11,base,11,C,0.004843601992019054,0.005322915699296415,9.89581117662311,9.89581117662311
q11,s3,11,decision,1.0,1.0,0.0,0.0
q11,s3,12,T,4.366525888442993,6.275278487104663,43.71330085809452,43.71330085809452
q11,s3,12,C,0.001203081337812969,0.0015719110477944852,30.65708846020306,30.65708846020306
q11,base,12,T,5.522795915603638,6.726061060198714,21.78724622424438,21.78724622424438
q11,base,12,C,0.004828766023938595,0.005322909777521936,10.233333964280419,10.233333964280419
q11,s3,12,decision,1.0,1.0,0.0,0.0
q11,s3,13,T,4.278126955032349,6.195489422276244,44.81780198197502,44.81780198197502
q11,s3,13,C,0.0012002799093303706,0.0015652711240217254,30.40884145890448,30.40884145890448
q11,base,13,T,5.573338031768799,6.706439217796503,20.330745767955765,20.330745767955765
q11,base,13,C,0.004837096627114763,0.00532212542420471,10.027271201717914,10.027271201717914
q11,s3,13,decision,1.0,1.0,0.0,0.0
q11,s3,14,T,4.230400800704956,6.195266605771201,46.446327372546335,46.446327372546335
q11,s3,14,C,0.001196728838787824,0.0015652636963684869,30.795184810115785,30.795184810115785
q11,base,14,T,5.589254140853882,6.706306889265265,19.985721176041,19.985721176041
q11,base,14,C,0.004923664741993872,0.005322120765084446,8.09267169821998,8.09267169821998
q11,s3,14,decision,1.0,1.0,0.0,0.0
q11,s3,15,T,4.191477060317993,6.195289643882414,47.80683646190344,47.80683646190344
q11,s3,15,C,0.0011794190797387177,0.001565264464364926,32.71486711167048,32.71486711167048
q11,base,15,T,5.623581886291504,6.706387512963074,19.254732100747113,19.254732100747113
q11,base,15,C,0.004888618488768769,0.005322123510604429,8.867638635160523,8.867638635160523
q11,s3,15,decision,1.0,1.0,0.0,0.0
q11,nfs,1,T,3.195765972137451,4.382352675293556,37.1299623783925,37.1299623783925
q11,nfs,1,C,0.000697800561076973,0.0010290233381376837,47.466682535982386,47.466682535982386
q11,nfs,1,decision,1.0,1.0,0.0,0.0
q11,nfs,2,T,3.2047297954559326,4.38245663662409,36.74964556569124,36.74964556569124
q11,nfs,2,C,0.0006810996369559341,0.0010290268044647378,51.08315268876205,51.08315268876205
q11,nfs,2,decision,1.0,1.0,0.0,0.0
q11,nfs,3,T,3.2242119312286377,4.382327875910968,35.919349266876864,35.919349266876864
q11,nfs,3,C,0.0006788729400000751,0.001029022508871883,51.57807127675014,51.57807127675014
q11,nfs,3,decision,1.0,1.0,0.0,0.0
q11,nfs,4,T,3.068632125854492,4.364040179253363,42.21451123073775,42.21451123073775
q11,nfs,4,C,0.0006615662863470598,0.0010284123361995782,55.45114033517569,55.45114033517569
q11,nfs,4,decision,1.0,1.0,0.0,0.0
q11,nfs,5,T,3.221066951751709,4.364090213076282,35.48585851973564,35.48585851973564
q11,nfs,5,C,0.000669951155173492,0.0010284140049965113,53.50581860407285,53.50581860407285
q11,nfs,5,decision,1.0,1.0,0.0,0.0
q11,nfs,6,T,3.1330490112304688,4.363960938535005,39.28798824698595,39.28798824698595
q11,nfs,6,C,0.0006994950518617221,0.0010284096925657618,47.021725147108015,47.021725147108015
q11,nfs,6,decision,1.0,1.0,0.0,0.0
q11,nfs,7,T,3.1756510734558105,4.401149459882047,38.590460919014745,38.590460919014745
q11,nfs,7,C,0.000677837132535059,0.0010296503029700735,51.90231599134443,51.90231599134443
q11,nfs,7,decision,1.0,1.0,0.0,0.0
q11,nfs,8,T,3.1436879634857178,4.401104671738107,39.99813985539987,39.99813985539987
q11,nfs,8,C,0.0006721015673698256,0.0010296488079548222,53.19839410346967,53.19839410346967
q11,nfs,8,decision,1.0,1.0,0.0,0.0
q11,nfs,9,T,3.1232151985168457,4.401134214561704,40.91677757753348,40.91677757753348
q11,nfs,9,C,0.0006571508547499713,0.0010296497927642294,56.683931143326916,56.683931143326916
q11,nfs,9,decision,1.0,1.0,0.0,0.0
q11,nfs,10,T,3.1890690326690674,4.406639723879623,38.17950250488993,38.17950250488993
q11,nfs,10,C,0.000660956455515979,0.001029833480886049,55.80958053917552,55.80958053917552
q11,nfs,10,decision,1.0,1.0,0.0,0.0
q11,nfs,11,T,3.181893825531006,4.406592357448485,38.48961024691315,38.48961024691315
q11,nfs,11,C,0.0006677762534773575,0.001029831899312455,54.21810733007351,54.21810733007351
q11,nfs,11,decision,1.0,1.0,0.0,0.0
q11,nfs,12,T,3.1615569591522217,4.406515279557477,39.37801331718199,39.37801331718199
q11,nfs,12,C,0.0006682210306441702,0.001029829328241055,54.11507285969307,54.11507285969307
q11,nfs,12,decision,1.0,1.0,0.0,0.0
q11,nfs,13,T,3.132021903991699,4.356205538686602,39.08604959418404,39.08604959418404
q11,nfs,13,C,0.0006795749888302074,0.0010281509318038652,51.29322719390866,51.29322719390866
q11,nfs,13,decision,1.0,1.0,0.0,0.0
q11,nfs,14,T,3.0880179405212402,4.35617719709289,41.067094848470724,41.067094848470724
q11,nfs,14,C,0.000675139573684648,0.0010281499863918902,52.28702722618513,52.28702722618513
q11,nfs,14,decision,1.0,1.0,0.0,0.0
q11,nfs,15,T,3.109982967376709,4.356175710878695,40.070725678383944,40.070725678383944
q11,nfs,15,C,0.0006686993528061273,0.0010281499367442025,53.753691016699534,53.753691016699534
q11,nfs,15,decision,1.0,1.0,0.0,0.0
q12,s3,1,T,7.42810583114624,6.897355105515233,-7.145169141311309,7.145169141311309
q12,s3,1,C,0.009150992705010507,0.007919887930669427,-13.453237413980276,13.453237413980276
q12,base,1,T,7.403367042541504,7.398098421428501,-0.07116520203210393,0.07116520203210393
q12,base,1,C,0.0116356731734056,0.011505591364002745,-1.1179568853838928,1.1179568853838928
q12,s3,1,decision,0.0,1.0,1.0,1.0
q12,s3,2,T,7.63881516456604,6.897333554074476,-9.706762037273194,9.706762037273194
q12,s3,2,C,0.009178447846342624,0.007919887212223711,-13.712129274890597,13.712129274890597
q12,base,2,T,7.495203971862793,7.398081505685684,-1.2957948381619704,1.2957948381619704
q12,base,2,C,0.011643208152235438,0.011505585219496368,-1.1820018240646804,1.1820018240646804
q12,s3,2,decision,0.0,1.0,1.0,1.0
q12,s3,3,T,7.955876111984253,6.897351104187229,-13.304945840000268,13.304945840000268
q12,s3,3,C,0.00893850354265846,0.007919887797291051,-11.395819675028687,11.395819675028687
q12,base,3,T,7.517276048660278,7.3981172798131825,-1.5851322749858603,1.5851322749858603
q12,base,3,C,0.011699630804383809,0.011505592224785147,-1.6585017326013034,1.6585017326013034
q12,s3,3,decision,0.0,1.0,1.0,1.0
q12,s3,4,T,8.12346601486206,6.901064708417017,-15.047780149613885,15.047780149613885
q12,s3,4,C,0.008995116055708114,0.007920076027017709,-11.951374746390373,11.951374746390373
q12,base,4,T,7.512248992919922,7.400046630837792,-1.4935921611208178,1.4935921611208178
q12,base,4,C,0.011711718868443464,0.011505999857603477,-1.7565227884207901,1.7565227884207901
q12,s3,4,decision,0.0,1.0,1.0,1.0
q12,s3,5,T,8.47759199142456,6.901081906564165,-18.5962014503069,18.5962014503069
q12,s3,5,C,0.008959029829428429,0.007920076600336168,-11.596715814914802,11.596715814914802
q12,base,5,T,7.56908106803894,7.4000380977123665,-2.2333354446469276,2.2333354446469276
q12,base,5,C,0.011663012366864118,0.011505995284063594,-1.3462823999623506,1.3462823999623506
q12,s3,5,decision,0.0,1.0,1.0,1.0
q12,s3,6,T,7.217015027999878,6.90108726094488,-4.377540656757559,4.377540656757559
q12,s3,6,C,0.008798057410786733,0.007920076778845804,-9.979255544121516,9.979255544121516
q12,base,6,T,7.581187009811401,7.400031977250029,-2.389533886011859,2.389533886011859
q12,base,6,C,0.011728575765337824,0.011505993836844731,-1.8977745716654073,1.8977745716654073
q12,s3,6,decision,1.0,1.0,0.0,0.0
q12,s3,7,T,7.795892000198364,6.89715785615978,-11.528304189125707,11.528304189125707
q12,s3,7,C,0.008964501820906417,0.007919880002956072,-11.652870832310477,11.652870832310477
q12,base,7,T,7.572984933853149,7.397982468337238,-2.3108783002275124,2.3108783002275124
q12,base,7,C,0.011695479699192015,0.011505557698097987,-1.6238923582343425,1.6238923582343425
q12,s3,7,decision,0.0,1.0,1.0,1.0
q12,s3,8,T,7.625331878662109,6.897169026226793,-9.549261120987104,9.549261120987104
q12,s3,8,C,0.008893966092216923,0.007919880375327154,-10.952208573655213,10.952208573655213
q12,base,8,T,7.540689945220947,7.39803938143289,-1.8917441881888315,1.8917441881888315
q12,base,8,C,0.011726842387530361,0.011505579487876954,-1.886807141611157,1.886807141611157
q12,s3,8,decision,0.0,1.0,1.0,1.0
q12,s3,9,T,8.672128915786743,6.897164308627393,-20.467461039793868,20.467461039793868
q12,s3,9,C,0.008902335542244505,0.00791988021804981,-11.03592781391605,11.03592781391605
q12,base,9,T,7.473613023757935,7.39804495467533,-1.0111316821245648,1.0111316821245648
q12,base,9,C,0.011647361544316776,0.011505583036154527,-1.2172585836096788,1.2172585836096788
q12,s3,9,decision,0.0,1.0,1.0,1.0
q12,s3,10,T,7.709167003631592,6.896904942593322,-10.536314243233207,10.536314243233207
q12,s3,10,C,0.009045803358325088,0.007919864325050154,-12.447087214633108,12.447087214633108
q12,base,10,T,7.375104188919067,7.397833247379334,0.3081862693467675,0.3081862693467675
q12,base,10,C,0.011629691020246486,0.011505538718507157,-1.0675460037862403,1.0675460037862403
q12,s3,10,decision,0.0,1.0,1.0,1.0
q12,s3,11,T,7.773819923400879,6.896905827685397,-11.280349999821592,11.280349999821592
q12,s3,11,C,0.008992320763244556,0.007919864354554771,-11.926358466585963,11.926358466585963
q12,base,11,T,7.450576066970825,7.397821519309805,-0.7080599833734496,0.7080599833734496
q12,base,11,C,0.011726080865643739,0.011505535160928637,-1.8808134383694937,1.8808134383694937
q12,s3,11,decision,0.0,1.0,1.0,1.0
q12,s3,12,T,7.704575061798096,6.896888268037163,-10.483210135309328,10.483210135309328
q12,s3,12,C,0.009276445487368598,0.007919863769192759,-14.62393887856127,14.62393887856127
q12,base,12,T,7.550785064697266,7.397849584876182,-2.02542488642822,2.02542488642822
q12,base,12,C,0.01174813720022501,0.011505544413405606,-2.064946831015544,2.064946831015544
q12,s3,12,decision,0.0,1.0,1.0,1.0
q12,s3,13,T,7.837086915969849,6.896563504241166,-12.00093123647962,12.00093123647962
q12,s3,13,C,0.009054126770996686,0.007919848637009376,-12.527747431378714,12.527747431378714
q12,base,13,T,7.624819040298462,7.397695914886417,-2.9787346324110864,2.9787346324110864
q12,base,13,C,0.011785757553845413,0.011505500665439568,-2.3779285050234535,2.3779285050234535
q12,s3,13,decision,0.0,1.0,1.0,1.0
q12,s3,14,T,8.422230958938599,6.896606328221304,-18.114257827353146,18.114257827353146
q12,s3,14,C,0.00921524546758513,0.007919850064590958,-14.057090584843992,14.057090584843992
q12,base,14,T,7.505765914916992,7.397694171448828,-1.4398496395069011,1.4398496395069011
q12,base,14,C,0.011645096066561087,0.011505505888812021,-1.1987035310932221,1.1987035310932221
q12,s3,14,decision,0.0,1.0,1.0,1.0
q12,s3,15,T,7.873707056045532,6.896564859093012,-12.410192429019284,12.410192429019284
q12,s3,15,C,0.008884782667843441,0.007919848682171056,-10.860524356603072,10.860524356603072
q12,base,15,T,7.458753824234009,7.397722212432754,-0.8182548082356449,0.8182548082356449
q12,base,15,C,0.011725396626015414,0.011505516146473318,-1.8752498235687969,1.8752498235687969
q12,s3,15,decision,0.0,1.0,1.0,1.0
q12,nfs,1,T,6.771800994873047,5.662401746390566,-16.382632173071986,16.382632173071986
q12,nfs,1,C,0.0074176074873316955,0.006850996579509312,-7.6387286438394195,7.6387286438394195
q12,nfs,1,decision,1.0,1.0,0.0,0.0
q12,nfs,2,T,7.072354078292847,5.662387917017188,-19.936306153042636,19.936306153042636
q12,nfs,2,C,0.007561633887843612,0.006850996118082368,-9.397939391163773,9.397939391163773
q12,nfs,2,decision,1.0,1.0,0.0,0.0
q12,nfs,3,T,7.550388813018799,5.66240296092105,-25.005147401712325,25.005147401712325
q12,nfs,3,C,0.0077922356482547075,0.006850996619615121,-12.079191019465686,12.079191019465686
q12,nfs,3,decision,0.0,1.0,1.0,1.0
q12,nfs,4,T,6.839021921157837,5.664702234254982,-17.17087180653523,17.17087180653523
q12,nfs,4,C,0.007620814425175535,0.006851073307428198,-10.10050992981116,10.10050992981116
q12,nfs,4,decision,1.0,1.0,0.0,0.0
q12,nfs,5,T,6.642513990402222,5.664679577148473,-14.720848381601053,14.720848381601053
q12,nfs,5,C,0.0076879198687144455,0.006851072552494109,-10.885224228543784,10.885224228543784
q12,nfs,5,decision,1.0,1.0,0.0,0.0
q12,nfs,6,T,6.665502071380615,5.6646937021217365,-15.014748454673915,15.014748454673915
q12,nfs,6,C,0.007621927553092262,0.0068510730232923325,-10.113642834182922,10.113642834182922
q12,nfs,6,decision,1.0,1.0,0.0,0.0
q12,nfs,7,T,6.634480953216553,5.662286605923649,-14.653660989433712,14.653660989433712
q12,nfs,7,C,0.00741951973781947,0.006850992739780207,-7.662584885936942,7.662584885936942
q12,nfs,7,decision,1.0,1.0,0.0,0.0
q12,nfs,8,T,6.886729955673218,5.662302735839958,-17.779515498855723,17.779515498855723
q12,nfs,8,C,0.007713227297814565,0.0068509932770892765,-11.17864140953801,11.17864140953801
q12,nfs,8,decision,1.0,1.0,0.0,0.0
q12,nfs,9,T,6.864113092422485,5.66230203944943,-17.50861381202727,17.50861381202727
q12,nfs,9,C,0.007428172601672314,0.006850993254416211,-7.770139147361248,7.770139147361248
q12,nfs,9,decision,1.0,1.0,0.0,0.0
q12,nfs,10,T,6.840541839599609,5.662124302901905,-17.226961903454708,17.226961903454708
q12,nfs,10,C,0.00761674272052092,0.006850987325349628,-10.053580950137714,10.053580950137714
q12,nfs,10,decision,1.0,1.0,0.0,0.0
q12,nfs,11,T,6.843677997589111,5.662123491365979,-17.264905020945896,17.264905020945896
q12,nfs,11,C,0.007678082331527377,0.0068509872983703495,-10.772156346394581,10.772156346394581
q12,nfs,11,decision,1.0,1.0,0.0,0.0
q12,nfs,12,T,6.277894020080566,5.662142838020998,-9.808244294822718,9.808244294822718
q12,nfs,12,C,0.00742553917930866,0.006850987943832001,-7.737501905284565,7.737501905284565
q12,nfs,12,decision,1.0,1.0,0.0,0.0
q12,nfs,13,T,7.1514670848846436,5.661961031981917,-20.82797886395855,20.82797886395855
q12,nfs,13,C,0.0077771877791911765,0.006850981880218722,-11.909264958866402,11.909264958866402
q12,nfs,13,decision,1.0,1.0,0.0,0.0
q12,nfs,14,T,6.48509407043457,5.66195068797083,-12.69285184645874,12.69285184645874
q12,nfs,14,C,0.0075215665204466636,0.006850981534559773,-8.915496314018748,8.915496314018748
q12,nfs,14,decision,1.0,1.0,0.0,0.0
q12,nfs,15,T,6.80297589302063,5.661964885700908,-16.77223358222271,16.77223358222271
q12,nfs,15,C,0.007826808626951932,0.006850982008180325,-12.467745990508943,12.467745990508943
q12,nfs,15,decision,1.0,1.0,0.0,0.0
q13,s3,1,T,14.834372997283936,11.854813664177318,-20.085509065008363,20.085509065008363
q13,s3,1,C,0.014342096057811171,0.014223880940383621,-0.824252723946624,0.824252723946624
q13,base,1,T,14.670521020889282,11.851420592567344,-19.216089355707513,19.216089355707513
q13,base,1,C,0.013873527188001075,0.014222733324656898,2.517068168200545,2.517068168200545
q13,s3,1,decision,0.0,0.0,0.0,0.0
q13,s3,2,T,15.565643072128296,11.853976584105615,-23.845249893136497,23.845249893136497
q13,s3,2,C,0.01414924820210857,0.014223767184999313,0.5266639034548742,0.5266639034548742
q13,base,2,T,14.452637910842896,11.853204554169553,-17.985874777386854,17.985874777386854
q13,base,2,C,0.013802274679857993,0.014223492935719825,3.0518031674628756,3.0518031674628756
q13,s3,2,decision,0.0,0.0,0.0,0.0
q13,s3,3,T,14.735355854034424,11.852684220818258,-19.56295906099148,19.56295906099148
q13,s3,3,C,0.014086148605649943,0.014223344923254186,0.9739803366067932,0.9739803366067932
q13,base,3,T,14.487513065338135,11.855193736069237,-18.16957346231363,18.16957346231363
q13,base,3,C,0.013898475663369944,0.014224663704337991,2.3469339290763354,2.3469339290763354
q13,s3,3,decision,0.0,1.0,1.0,1.0
q13,s3,4,T,14.835153102874756,11.855230616179023,-20.086900795909436,20.086900795909436
q13,s3,4,C,0.014108414994267945,0.01422468611201115,0.8241260112524657,0.8241260112524657
q13,base,4,T,14.38427209854126,11.84940652514111,-17.622480693042622,17.622480693042622
q13,base,4,C,0.013853067152844371,0.014221990794097406,2.6631188399118257,2.6631188399118257
q13,s3,4,decision,0.0,0.0,0.0,0.0
q13,s3,5,T,14.616853952407837,11.85227374957381,-18.91364729944926,18.91364729944926
q13,s3,5,C,0.014254582157028009,0.014223154383455732,-0.2204748846796693,0.2204748846796693
q13,base,5,T,14.463473081588745,11.851356620870323,-18.060091417762663,18.060091417762663
q13,base,5,C,0.013882976981092298,0.014222853327108678,2.4481517651384794,2.4481517651384794
q13,s3,5,decision,0.0,0.0,0.0,0.0
q13,s3,6,T,14.726433992385864,11.85248220672412,-19.515598868997667,19.515598868997667
q13,s3,6,C,0.014103831802283544,0.014222985325084299,0.8448308549841207,0.8448308549841207
q13,base,6,T,14.52546501159668,11.85309655580079,-18.39781689372667,18.39781689372667
q13,base,6,C,0.013689398533480158,0.014223772820600212,3.9035629345813483,3.9035629345813483
q13,s3,6,decision,0.0,1.0,1.0,1.0
q13,s3,7,T,14.810343980789185,11.852086285653211,-19.974267302455587,19.974267302455587
q13,s3,7,C,0.01422062474773445,0.01422328611687181,0.01871485384483256,0.01871485384483256
q13,base,7,T,14.531765937805176,11.852562401026256,-18.436875106891353,18.436875106891353
q13,base,7,C,0.013699580237610273,0.014223267128475211,3.8226491745143343,3.8226491745143343
q13,s3,7,decision,0.0,0.0,0.0,0.0
q13,s3,8,T,14.863425970077515,11.8546305307547,-20.242946985304776,20.242946985304776
q13,s3,8,C,0.014172941651071563,0.014224245472552825,0.36198428487415246,0.36198428487415246
q13,base,8,T,14.67986798286438,11.85096083681222,-19.270657947021775,19.270657947021775
q13,base,8,C,0.013863375064129307,0.014222796815916944,2.5925992056409197,2.5925992056409197
q13,s3,8,decision,0.0,0.0,0.0,0.0
q13,s3,9,T,14.638170957565308,11.852412759657186,-19.030780593994802,19.030780593994802
q13,s3,9,C,0.014139444929795745,0.014222969886082001,0.5907230213135609,0.5907230213135609
q13,base,9,T,14.735543012619019,11.853570961810968,-19.557963003738834,19.557963003738834
q13,base,9,C,0.013912212460383506,0.014223727337755647,2.2391469240367936,2.2391469240367936
q13,s3,9,decision,0.0,1.0,1.0,1.0
q13,s3,10,T,14.786406993865967,11.852768840900644,-19.840101480923124,19.840101480923124
q13,s3,10,C,0.014340484056459912,0.014223690059516349,-0.8144355273067024,0.8144355273067024
q13,base,10,T,14.409718990325928,11.85074642379075,-17.758656974873443,17.758656974873443
q13,base,10,C,0.013775857992931656,0.014222526949294031,3.2424038966687934,3.2424038966687934
q13,s3,10,decision,0.0,0.0,0.0,0.0
q13,s3,11,T,14.516277074813843,11.85149617769591,-18.357192297888854,18.357192297888854
q13,s3,11,C,0.014117417517214481,0.01422289209700502,0.7471237544821814,0.7471237544821814
q13,base,11,T,14.469002962112427,11.856179960450014,-18.058072200995316,18.058072200995316
q13,base,11,C,0.013824651555909057,0.014224711304951657,2.893814339006634,2.893814339006634
q13,s3,11,decision,0.0,1.0,1.0,1.0
q13,s3,12,T,14.565840005874634,11.853314307289994,-18.622514715873823,18.622514715873823
q13,s3,12,C,0.014192451138639458,0.014223580217814466,0.21933546834808584,0.21933546834808584
q13,base,12,T,14.872455835342407,11.851061699492597,-20.31536801521286,20.31536801521286
q13,base,12,C,0.013922647400753345,0.014222555787241084,2.154104588409754,2.154104588409754
q13,s3,12,decision,0.0,0.0,0.0,0.0
q13,s3,13,T,15.009246826171875,11.851431307720121,-21.039133775489773,21.039133775489773
q13,s3,13,C,0.014404383262405703,0.014223017615569305,-1.259100396958667,1.259100396958667
q13,base,13,T,14.67021894454956,11.848651092187705,-19.23330430872782,19.23330430872782
q13,base,13,C,0.013660756486428328,0.014222029159929483,4.10865001553002,4.10865001553002
q13,s3,13,decision,0.0,0.0,0.0,0.0
q13,s3,14,T,14.766463041305542,11.852592753365881,-19.733028009407715,19.733028009407715
q13,s3,14,C,0.014222723434095207,0.014223013285356563,0.002037944861252847,0.002037944861252847
q13,base,14,T,14.621917963027954,11.853463282640558,-18.933594671968027,18.933594671968027
q13,base,14,C,0.013687109273631306,0.014223374850349453,3.9180338667367907,3.9180338667367907
q13,s3,14,decision,0.0,1.0,1.0,1.0
q13,s3,15,T,14.982789039611816,11.854323029303961,-20.880398182452883,20.880398182452883
q13,s3,15,C,0.014306310204286844,0.014224013677851267,-0.5752463441685794,0.5752463441685794
q13,base,15,T,14.687966108322144,11.852050240223708,-19.307750625129895,19.307750625129895
q13,base,15,C,0.01395025887960833,0.014222982701948321,1.9549731993765502,1.9549731993765502
q13,s3,15,decision,0.0,0.0,0.0,0.0
q13,nfs,1,T,13.49985122680664,11.00617649751142,-18.47186822580335,18.47186822580335
q13,nfs,1,C,0.0088355384470425,0.008531028169015971,-3.4464258160571726,3.4464258160571726
q13,nfs,1,decision,1.0,1.0,0.0,0.0
q13,nfs,2,T,13.741515874862671,11.006771666106424,-19.90132845357265,19.90132845357265
q13,nfs,2,C,0.009111457695818096,0.008531143327814027,-6.369061761329545,6.369061761329545
q13,nfs,2,decision,1.0,1.0,0.0,0.0
q13,nfs,3,T,14.443512916564941,11.006801130125861,-23.794154554309237,23.794154554309237
q13,nfs,3,C,0.009554705180823783,0.00853109354546339,-10.71316818246547,10.71316818246547
q13,nfs,3,decision,1.0,1.0,0.0,0.0
q13,nfs,4,T,14.001754999160767,11.006599564496485,-21.39128584126636,21.39128584126636
q13,nfs,4,C,0.008810501156495721,0.008531080665894314,-3.171448316483098,3.171448316483098
q13,nfs,4,decision,1.0,1.0,0.0,0.0
q13,nfs,5,T,14.513650894165039,11.006061833616878,-24.16751709219027,24.16751709219027
q13,nfs,5,C,0.009554795274065605,0.008530935283028371,-10.715666444641432,10.715666444641432
q13,nfs,5,decision,0.0,1.0,1.0,1.0
q13,nfs,6,T,14.552919864654541,11.006997318201423,-24.365712031887778,24.365712031887778
q13,nfs,6,C,0.009400966634071615,0.008531032608156582,-9.25366571095104,9.25366571095104
q13,nfs,6,decision,0.0,1.0,1.0,1.0
q13,nfs,7,T,14.486754894256592,11.007069382892595,-24.019772107441053,24.019772107441053
q13,nfs,7,C,0.009319897924050824,0.008531144805369864,-8.463108985834632,8.463108985834632
q13,nfs,7,decision,1.0,1.0,0.0,0.0
q13,nfs,8,T,14.797533988952637,11.006187897196307,-25.621472433088016,25.621472433088016
q13,nfs,8,C,0.009965577090571916,0.008531066139299902,-14.394660120879049,14.394660120879049
q13,nfs,8,decision,0.0,1.0,1.0,1.0
q13,nfs,9,T,14.737978219985962,11.006962253898562,-25.315656668754077,25.315656668754077
q13,nfs,9,C,0.0098994797992554,0.0085311778007395,-13.82195859037784,13.82195859037784
q13,nfs,9,decision,0.0,1.0,1.0,1.0
q13,nfs,10,T,14.591915845870972,11.006967322705467,-24.56804549198333,24.56804549198333
q13,nfs,10,C,0.009729711154096656,0.008531249123396046,-12.317549942846986,12.317549942846986
q13,nfs,10,decision,0.0,1.0,1.0,1.0
q13,nfs,11,T,14.939746141433716,11.006090949827113,-26.33013408907297,26.33013408907297
q13,nfs,11,C,0.009823960883544203,0.00853123753897498,-13.158881228187926,13.158881228187926
q13,nfs,11,decision,0.0,1.0,1.0,1.0
q13,nfs,12,T,14.633659839630127,11.007091836012458,-24.78237189712708,24.78237189712708
q13,nfs,12,C,0.009836302033577226,0.008531262153253708,-13.267586496110335,13.267586496110335
q13,nfs,12,decision,1.0,1.0,0.0,0.0
q13,nfs,13,T,14.687549114227295,11.006268111290648,-25.063957058504222,25.063957058504222
q13,nfs,13,C,0.00975766294015485,0.008531317763115448,-12.568021508436535,12.568021508436535
q13,nfs,13,decision,0.0,1.0,1.0,1.0
q13,nfs,14,T,13.99033808708191,11.00664224919988,-21.326831555536526,21.326831555536526
q13,nfs,14,C,0.009261876776500685,0.008531294641968638,-7.888057163378451,7.888057163378451
q13,nfs,14,decision,1.0,1.0,0.0,0.0
q13,nfs,15,T,15.008939027786255,11.006971549457868,-26.66389323668708,26.66389323668708
q13,nfs,15,C,0.010116284004404232,0.008531240915915617,-15.66823438130592,15.66823438130592
q13,nfs,15,decision,0.0,1.0,1.0,1.0
q14,s3,1,T,11.031262874603271,10.741668618759855,-2.6252139862439074,2.6252139862439074
q14,s3,1,C,0.0133475487297729,0.011199720135315368,-16.091558367317358,16.091558367317358
q14,base,1,T,9.568717002868652,10.667715208773503,11.48532457983005,11.48532457983005
q14,base,1,C,0.012644601691607308,0.011601315529438973,-8.25084243547824,8.25084243547824
q14,s3,1,decision,0.0,0.0,0.0,0.0
q14,s3,2,T,12.971395015716553,10.745108368861061,-17.163047183113708,17.163047183113708
q14,s3,2,C,0.013484743724696838,0.011201035264138074,-16.935497679323568,16.935497679323568
q14,base,2,T,9.512826919555664,10.66769337927245,12.140097465062768,12.140097465062768
q14,base,2,C,0.012545115189443283,0.011601315067706333,-7.523247953364017,7.523247953364017
q14,s3,2,decision,0.0,0.0,0.0,0.0
q14,s3,3,T,11.050121068954468,10.741635974674862,-2.791689723167835,2.791689723167835
q14,s3,3,C,0.013396518570918324,0.011199719029001054,-16.398286840628636,16.398286840628636
q14,base,3,T,9.582777976989746,10.66768098578061,11.321383124976315,11.321383124976315
q14,base,3,C,0.012787257761704316,0.011601314366918998,-9.274415335061269,9.274415335061269
q14,s3,3,decision,0.0,0.0,0.0,0.0
q14,s3,4,T,11.180536031723022,11.085858834890614,-0.8468037360979581,0.8468037360979581
q14,s3,4,C,0.013781487378266906,0.011244452005699726,-18.409009876307167,18.409009876307167
q14,base,4,T,9.52578091621399,10.8949301767665,14.373092060327144,14.373092060327144
q14,base,4,C,0.012494411235644166,0.011637761146272447,-6.856266159447834,6.856266159447834
q14,s3,4,decision,0.0,0.0,0.0,0.0
q14,s3,5,T,11.710292100906372,11.085789220267058,-5.332940248270815,5.332940248270815
q14,s3,5,C,0.013358864586356068,0.011244449498125291,-15.827805383926952,15.827805383926952
q14,base,5,T,9.583731889724731,10.894861034542636,13.680778635133159,13.680778635133159
q14,base,5,C,0.012399987764274045,0.011637758425244274,-6.147016864208943,6.147016864208943
q14,s3,5,decision,0.0,0.0,0.0,0.0
q14,s3,6,T,11.287434101104736,11.085756636664845,-1.7867432282076605,1.7867432282076605
q14,s3,6,C,0.013450500991404426,0.011244448539970848,-16.40126604089588,16.40126604089588
q14,base,6,T,9.707473039627075,10.894874002128926,12.231823438033123,12.231823438033123
q14,base,6,C,0.012575572651543495,0.011637759732857203,-7.457417206135633,7.457417206135633
q14,s3,6,decision,0.0,0.0,0.0,0.0
q14,s3,7,T,11.020367860794067,11.280294131204554,2.3585988570780625,2.3585988570780625
q14,s3,7,C,0.013349177264528389,0.011276055076765693,-15.52996223423764,15.52996223423764
q14,base,7,T,9.377323865890503,11.009988573097834,17.41077444435996,17.41077444435996
q14,base,7,C,0.012448627404949973,0.011656111490477161,-6.366291549200698,6.366291549200698
q14,s3,7,decision,0.0,0.0,0.0,0.0
q14,s3,8,T,11.189441919326782,11.276810342512858,0.780811266692134,0.780811266692134
q14,s3,8,C,0.013325183277304928,0.011274738558189919,-15.387741214841435,15.387741214841435
q14,base,8,T,9.448162078857422,11.00999906115769,16.530590492253094,16.530590492253094
q14,base,8,C,0.012636898486671346,0.011656111883643575,-7.761292092852108,7.761292092852108
q14,s3,8,decision,0.0,0.0,0.0,0.0
q14,s3,9,T,11.03063416481018,11.280222382512832,2.2626823986139026,2.2626823986139026
q14,s3,9,C,0.012720282260005546,0.011276052410412718,-11.353756308802213,11.353756308802213
q14,base,9,T,9.412857055664062,11.009989773584572,16.967565835491527,16.967565835491527
q14,base,9,C,0.012413216591267939,0.011656111914568687,-6.099182038214304,6.099182038214304
q14,s3,9,decision,0.0,0.0,0.0,0.0
q14,s3,10,T,12.076206922531128,11.273803489095444,-6.64449887769481,6.64449887769481
q14,s3,10,C,0.01359141295884902,0.011274540435980508,-17.04659059277612,17.04659059277612
q14,base,10,T,9.61747694015503,11.007855648023654,14.456792738056848,14.456792738056848
q14,base,10,C,0.012614127222374366,0.01165594032841906,-7.596141033489172,7.596141033489172
q14,s3,10,decision,0.0,0.0,0.0,0.0
q14,s3,11,T,11.39446496963501,11.273829943033446,-1.058716025044113,1.058716025044113
q14,s3,11,C,0.013401989910017738,0.011274541412662457,-15.874124004264864,15.874124004264864
q14,base,11,T,9.839519023895264,11.007903434401722,11.87440572724173,11.87440572724173
q14,base,11,C,0.013139213271265606,0.011655942620408553,-11.288884807896718,11.288884807896718
q14,s3,11,decision,0.0,0.0,0.0,0.0
q14,s3,12,T,11.801713943481445,11.273790225471956,-4.473280072180387,4.473280072180387
q14,s3,12,C,0.013629777602126811,0.011274539905066563,-17.280088977333957,17.280088977333957
q14,base,12,T,9.522499084472656,11.007879691197513,15.59864268348328,15.59864268348328
q14,base,12,C,0.012734852733252613,0.011655941513405547,-8.472113831594353,8.472113831594353
q14,s3,12,decision,0.0,0.0,0.0,0.0
q14,s3,13,T,11.383609056472778,11.086989264519314,-2.6056744436844905,2.6056744436844905
q14,s3,13,C,0.013487554119549366,0.011246136133784907,-16.618416993157147,16.618416993157147
q14,base,13,T,9.414206981658936,10.89590399074313,15.738946593917955,15.738946593917955
q14,base,13,C,0.012338089117651021,0.011637843414994275,-5.67547937107186,5.67547937107186
q14,s3,13,decision,0.0,0.0,0.0,0.0
q14,s3,14,T,11.314362049102783,11.086990219661386,-2.009585944436235,2.009585944436235
q14,s3,14,C,0.013379189838232127,0.01124613530299343,-15.943076980216844,15.943076980216844
q14,base,14,T,9.418478012084961,10.8959383202749,15.686826537092207,15.686826537092207
q14,base,14,C,0.012377410961264185,0.011637844000387053,-5.975134567250364,5.975134567250364
q14,s3,14,decision,0.0,0.0,0.0,0.0
q14,s3,15,T,10.91203498840332,11.087040985630109,1.603788820442521,1.603788820442521
q14,s3,15,C,0.013374119710972358,0.011246137721137897,-15.911192929495218,15.911192929495218
q14,base,15,T,9.52827501296997,10.895946270011198,14.35381803295498,14.35381803295498
q14,base,15,C,0.012777635004185075,0.011637845063750017,-8.920194856573548,8.920194856573548
q14,s3,15,decision,0.0,0.0,0.0,0.0
q14,nfs,1,T,9.662487030029297,8.775230445895174,-9.182486676325535,9.182486676325535
q14,nfs,1,C,0.011158627821650636,0.00961674366963377,-13.817865213007725,13.817865213007725
q14,nfs,1,decision,0.0,1.0,1.0,1.0
q14,nfs,2,T,10.265201091766357,8.775180547580756,-14.515259183580294,14.515259183580294
q14,nfs,2,C,0.011567051645776634,0.009616741995659046,-16.8609055258233,16.8609055258233
q14,nfs,2,decision,0.0,1.0,1.0,1.0
q14,nfs,3,T,10.166806936264038,8.774045657675416,-13.699102258161064,13.699102258161064
q14,nfs,3,C,0.011449828336491578,0.009616704130490893,-16.010058422957858,16.010058422957858
q14,nfs,3,decision,0.0,1.0,1.0,1.0
q14,nfs,4,T,10.45291519165039,8.990619492963633,-13.989357723430246,13.989357723430246
q14,nfs,4,C,0.011193919107379918,0.009626281106129408,-14.004371357454234,14.004371357454234
q14,nfs,4,decision,0.0,1.0,1.0,1.0
q14,nfs,5,T,10.874279975891113,8.99069115664793,-17.32150379996841,17.32150379996841
q14,nfs,5,C,0.011560603408254717,0.009626283501325762,-16.731997791289828,16.731997791289828
q14,nfs,5,decision,0.0,1.0,1.0,1.0
q14,nfs,6,T,9.928692102432251,8.990680876471535,-9.447480255037116,9.447480255037116
q14,nfs,6,C,0.011382395470292114,0.009626283144193733,-15.428319378656358,15.428319378656358
q14,nfs,6,decision,0.0,1.0,1.0,1.0
q14,nfs,7,T,9.33149790763855,9.107922876459481,-2.395917926489113,2.395917926489113
q14,nfs,7,C,0.011377076087557824,0.009631390510821448,-15.34388592729453,15.34388592729453
q14,nfs,7,decision,1.0,1.0,0.0,0.0
q14,nfs,8,T,10.707271099090576,9.107912190891266,-14.937129109723877,14.937129109723877
q14,nfs,8,C,0.011686679649911973,0.009631390155114638,-17.586599071472076,17.586599071472076
q14,nfs,8,decision,0.0,1.0,1.0,1.0
q14,nfs,9,T,10.742990970611572,9.107907271853135,-15.22000440316256,15.22000440316256
q14,nfs,9,C,0.01106403829390719,0.009631389985977824,-12.948692600949377,12.948692600949377
q14,nfs,9,decision,0.0,1.0,1.0,1.0
q14,nfs,10,T,10.638134002685547,9.104705214445444,-14.414452646046724,14.414452646046724
q14,nfs,10,C,0.011711050604795126,0.009631258856151457,-17.75922433288856,17.75922433288856
q14,nfs,10,decision,0.0,1.0,1.0,1.0
q14,nfs,11,T,9.313998222351074,9.104580756704678,-2.24841642275442,2.24841642275442
q14,nfs,11,C,0.011181482677524172,0.009631254703465033,-13.864243399269776,13.864243399269776
q14,nfs,11,decision,1.0,1.0,0.0,0.0
q14,nfs,12,T,10.532779932022095,9.105865362817081,-13.547369055598157,13.547369055598157
q14,nfs,12,C,0.011503723500790618,0.009631297577808957,-16.27669443596218,16.27669443596218
q14,nfs,12,decision,0.0,1.0,1.0,1.0
q14,nfs,13,T,9.50556492805481,8.991491008369248,-5.408136429306993,5.408136429306993
q14,nfs,13,C,0.011356700313501129,0.009626322157122218,-15.2366277933899,15.2366277933899
q14,nfs,13,decision,0.0,1.0,1.0,1.0
q14,nfs,14,T,10.803273916244507,8.99145452231027,-16.77102152533471,16.77102152533471
q14,nfs,14,C,0.011456532415586798,0.009626320886378839,-15.975266012584456,15.975266012584456
q14,nfs,14,decision,0.0,1.0,1.0,1.0
q14,nfs,15,T,9.223932027816772,8.990338059150346,-2.5324771253948177,2.5324771253948177
q14,nfs,15,C,0.011255850674438801,0.00962628366587988,-14.477510902481555,14.477510902481555
q14,nfs,15,decision,1.0,1.0,0.0,0.0
q15,s3,1,T,11.3902108669281,14.522613554154583,27.50083140533886,27.50083140533886
q15,s3,1,C,0.013899713355857966,0.011682198412013645,-15.953673914503854,15.953673914503854
q15,base,1,T,10.500283002853394,13.98096226338897,33.148432852616644,33.148432852616644
q15,base,1,C,0.012188660220180388,0.011597752550166629,-4.848011671007221,4.848011671007221
q15,s3,1,decision,0.0,0.0,0.0,0.0
q15,s3,2,T,11.74285101890564,14.524180110523693,23.685296587176285,23.685296587176285
q15,s3,2,C,0.013781800219386754,0.011682227791928144,-15.234384434808138,15.234384434808138
q15,base,2,T,10.646206140518188,13.983707218160529,31.349205844701896,31.349205844701896
q15,base,2,C,0.01209775072438179,0.011599109439934491,-4.121768548614061,4.121768548614061
q15,s3,2,decision,0.0,0.0,0.0,0.0
q15,s3,3,T,11.922505855560303,14.521946113335083,21.802801267339945,21.802801267339945
q15,s3,3,C,0.01393865363865733,0.01168215548200984,-16.188781320954416,16.188781320954416
q15,base,3,T,10.497627019882202,13.982428041316307,33.1960834085074,33.1960834085074
q15,base,3,C,0.012308152326587878,0.011597807373972622,-5.771337027417021,5.771337027417021
q15,s3,3,decision,0.0,0.0,0.0,0.0
q15,s3,4,T,11.937851905822754,14.552894502258397,21.905470239249166,21.905470239249166
q15,s3,4,C,0.014133836114418163,0.011690384108758504,-17.287960507530244,17.287960507530244
q15,base,4,T,10.763430833816528,14.013418650692458,30.19472013203377,30.19472013203377
q15,base,4,C,0.01246410785383395,0.01160788972516945,-6.869469830535266,6.869469830535266
q15,s3,4,decision,0.0,0.0,0.0,0.0
q15,s3,5,T,11.582608938217163,14.55518095630548,25.664097216303546,25.664097216303546
q15,s3,5,C,0.014065571206831684,0.011691754876898218,-16.876785841306592,16.876785841306592
q15,base,5,T,10.570487976074219,14.007079913179622,32.51119479899093,32.51119479899093
q15,base,5,C,0.012296153340858285,0.011607677589625828,-5.599114878835766,5.599114878835766
q15,s3,5,decision,0.0,0.0,0.0,0.0
q15,s3,6,T,11.91707181930542,14.554990305698057,22.13562632155377,22.13562632155377
q15,s3,6,C,0.014177959249821258,0.011691748232520659,-17.535746671947464,17.535746671947464
q15,base,6,T,10.4585862159729,14.010300850784846,33.95979687376465,33.95979687376465
q15,base,6,C,0.012196080223552883,0.011607789353846295,-4.823606100675606,4.823606100675606
q15,s3,6,decision,0.0,0.0,0.0,0.0
q15,s3,7,T,11.850566864013672,14.55579145052565,22.827807458956816,22.827807458956816
q15,s3,7,C,0.013887824260914082,0.011691528716148166,-15.814540157648551,15.814540157648551
q15,base,7,T,10.396872997283936,14.007765217891642,34.73056005926984,34.73056005926984
q15,base,7,C,0.01204700452781989,0.01160749667892139,-3.648274954023255,3.648274954023255
q15,s3,7,decision,0.0,0.0,0.0,0.0
q15,s3,8,T,11.643449068069458,14.554506523509911,25.001676379756095,25.001676379756095
q15,s3,8,C,0.013826658256139619,0.011691490234282243,-15.44240106541485,15.44240106541485
q15,base,8,T,10.507821083068848,14.005623059196157,33.28760499894012,33.28760499894012
q15,base,8,C,0.012348179405237285,0.011607424560630929,-5.998899273298356,5.998899273298356
q15,s3,8,decision,0.0,0.0,0.0,0.0
q15,s3,9,T,11.642163038253784,14.553642047809884,25.008059069346228,25.008059069346228
q15,s3,9,C,0.013693469930377226,0.01169147633452233,-14.620060554656991,14.620060554656991
q15,base,9,T,10.532578945159912,14.005775907637535,32.97575057886158,32.97575057886158
q15,base,9,C,0.01230383567514625,0.011607416187653936,-5.660181961785149,5.660181961785149
q15,s3,9,decision,0.0,0.0,0.0,0.0
q15,s3,10,T,11.985064029693604,14.549468021406357,21.39666492694,21.39666492694
q15,s3,10,C,0.013859088353865262,0.011690115728431922,-15.650182537644476,15.650182537644476
q15,base,10,T,10.561698913574219,14.008150581222093,32.631603076834445,32.631603076834445
q15,base,10,C,0.012473355615548446,0.011607590387804376,-6.940916738274219,6.940916738274219
q15,s3,10,decision,0.0,0.0,0.0,0.0
q15,s3,11,T,11.881289005279541,14.552646301929439,22.483732997849476,22.483732997849476
q15,s3,11,C,0.013747584288285642,0.011691526262199325,-14.95577683301269,14.95577683301269
q15,base,11,T,10.544087886810303,14.006200528630103,32.83463376809092,32.83463376809092
q15,base,11,C,0.012378873335986423,0.011607527589669289,-6.231146610691683,6.231146610691683
q15,s3,11,decision,0.0,0.0,0.0,0.0
q15,s3,12,T,12.004078149795532,14.555212538956672,21.252230761298353,21.252230761298353
q15,s3,12,C,0.014120748502627642,0.011691595014159676,-17.20272468570586,17.20272468570586
q15,base,12,T,10.707349061965942,14.009775142140937,30.842611565786072,30.842611565786072
q15,base,12,C,0.01255077702945951,0.011607645628152365,-7.514525985868467,7.514525985868467
q15,s3,12,decision,0.0,0.0,0.0,0.0
q15,s3,13,T,11.49651312828064,14.551571251136842,26.573780143311172,26.573780143311172
q15,s3,13,C,0.013782666293484479,0.011690033235092507,-15.183078613615047,15.183078613615047
q15,base,13,T,10.465615034103394,14.002990537349383,33.79997727528722,33.79997727528722
q15,base,13,C,0.012281180829095045,0.011607267375231,-5.487366917255166,5.487366917255166
q15,s3,13,decision,0.0,0.0,0.0,0.0
q15,s3,14,T,11.844632863998413,14.551610101089988,22.854040882258094,22.854040882258094
q15,s3,14,C,0.014026026052805446,0.011690034733441889,-16.654691147506597,16.654691147506597
q15,base,14,T,10.502828121185303,14.003649011679379,33.3321734879442,33.3321734879442
q15,base,14,C,0.012405915768221523,0.011606003837019273,-6.447826554257851,6.447826554257851
q15,s3,14,decision,0.0,0.0,0.0,0.0
q15,s3,15,T,11.726523876190186,14.551288556104204,24.088678876521012,24.088678876521012
q15,s3,15,C,0.013717564334398276,0.011690022092903181,-14.780628631066914,14.780628631066914
q15,base,15,T,10.548036098480225,14.007903698438955,32.801059530477275,32.801059530477275
q15,base,15,C,0.012366547645827449,0.011608717130556714,-6.1280685359784455,6.1280685359784455
q15,s3,15,decision,0.0,0.0,0.0,0.0
q15,nfs,1,T,10.655200004577637,11.108799821680442,4.257074638748518,4.257074638748518
q15,nfs,1,C,0.01172248840617428,0.009608930865538946,-18.029939270591345,18.029939270591345
q15,nfs,1,decision,0.0,1.0,1.0,1.0
q15,nfs,2,T,10.831583976745605,11.11024876447795,2.5727057864354044,2.5727057864354044
q15,nfs,2,C,0.011342851100494331,0.009608979646063498,-15.286028522011271,15.286028522011271
q15,nfs,2,decision,0.0,1.0,1.0,1.0
q15,nfs,3,T,11.10121202468872,11.108651297054827,0.06701315450566675,0.06701315450566675
q15,nfs,3,C,0.011162480664749473,0.009608914069228838,-13.917753966882266,13.917753966882266
q15,nfs,3,decision,0.0,1.0,1.0,1.0
q15,nfs,4,T,10.125146865844727,11.140054994634022,10.023638592472144,10.023638592472144
q15,nfs,4,C,0.011305113395405818,0.009613564461242481,-14.962688785154066,14.962688785154066
q15,nfs,4,decision,1.0,1.0,0.0,0.0
q15,nfs,5,T,11.142827033996582,11.138023893585618,-0.04310522272587857,0.04310522272587857
q15,nfs,5,C,0.01116184042526863,0.00961351561336734,-13.871590641952993,13.871590641952993
q15,nfs,5,decision,0.0,1.0,1.0,1.0
q15,nfs,6,T,10.846549987792969,11.138177384973362,2.6886650364272486,2.6886650364272486
q15,nfs,6,C,0.01159314158153035,0.009613489697108105,-17.076060621705277,17.076060621705277
q15,nfs,6,decision,0.0,1.0,1.0,1.0
q15,nfs,7,T,12.346191883087158,11.135143753573395,-9.809082354962891,9.809082354962891
q15,nfs,7,C,0.011481919460937703,0.009613285160444449,-16.27458115213645,16.27458115213645
q15,nfs,7,decision,0.0,1.0,1.0,1.0
q15,nfs,8,T,10.352609157562256,11.136151380190084,7.568548282878765,7.568548282878765
q15,nfs,8,C,0.010756663586881472,0.009613292156650735,-10.629424458576182,10.629424458576182
q15,nfs,8,decision,1.0,1.0,0.0,0.0
q15,nfs,9,T,10.586534023284912,11.136480407428548,5.194772745584513,5.194772745584513
q15,nfs,9,C,0.011756787189059674,0.009613331308865903,-18.231646501081286,18.231646501081286
q15,nfs,9,decision,0.0,1.0,1.0,1.0
q15,nfs,10,T,11.264955997467041,11.137028549565237,-1.1356231478451322,1.1356231478451322
q15,nfs,10,C,0.01106727031334584,0.009613369535026282,-13.136941062750788,13.136941062750788
q15,nfs,10,decision,0.0,1.0,1.0,1.0
q15,nfs,11,T,10.907609939575195,11.137774110955764,2.110124698770926,2.110124698770926
q15,nfs,11,C,0.012057829442657361,0.009613391043006054,-20.272623785865974,20.272623785865974
q15,nfs,11,decision,0.0,1.0,1.0,1.0
q15,nfs,12,T,11.018696069717407,11.134900838599263,1.05461452195982,1.05461452195982
q15,nfs,12,C,0.011721917915822761,0.009613332785981712,-17.988396992567125,17.988396992567125
q15,nfs,12,decision,0.0,1.0,1.0,1.0
q15,nfs,13,T,11.308578968048096,11.136486433950983,-1.5217874375140545,1.5217874375140545
q15,nfs,13,C,0.011192305011692341,0.009613261542560357,-14.108295543075297,14.108295543075297
q15,nfs,13,decision,0.0,1.0,1.0,1.0
q15,nfs,14,T,11.379426002502441,11.13653428208155,-2.1344813030769476,2.1344813030769476
q15,nfs,14,C,0.011234627884531414,0.009613246605486313,-14.431998066242382,14.431998066242382
q15,nfs,14,decision,0.0,1.0,1.0,1.0
q15,nfs,15,T,10.298336029052734,11.13594809426797,8.13346993972852,8.13346993972852
q15,nfs,15,C,0.011018715184441415,0.009613231975867565,-12.755418259275931,12.755418259275931
q15,nfs,15,decision,1.0,1.0,0.0,0.0
q16,s3,1,T,9.593569040298462,7.387998568129187,-22.9900932896258,22.9900932896258
q16,s3,1,C,0.002059505934109458,0.002364680051472919,14.817831418165836,14.817831418165836
q16,base,1,T,7.642394781112671,7.729888268011735,1.1448438533337073,1.1448438533337073
q16,base,1,C,0.005205956486286029,0.005820567974660092,11.805928266844417,11.805928266844417
q16,s3,1,decision,0.0,1.0,1.0,1.0
q16,s3,2,T,9.56343698501587,7.389439464332111,-22.732387154220906,22.732387154220906
q16,s3,2,C,0.0020373657135603217,0.002364776663820734,16.07030824565402,16.07030824565402
q16,base,2,T,7.806611061096191,7.727473913861419,-1.0137196104100499,1.0137196104100499
q16,base,2,C,0.00521275315902636,0.005836019982817204,11.956576587778763,11.956576587778763
q16,s3,2,decision,0.0,1.0,1.0,1.0
q16,s3,3,T,9.693289041519165,7.392249198032189,-23.738483745104013,23.738483745104013
q16,s3,3,C,0.002047600442429934,0.0023649639234122432,15.4992875761292,15.4992875761292
q16,base,3,T,7.8408849239349365,7.726612770953762,-1.4573884719612336,1.4573884719612336
q16,base,3,C,0.005194023052504651,0.005819224034553347,12.036931213603548,12.036931213603548
q16,s3,3,decision,0.0,1.0,1.0,1.0
q16,s3,4,T,9.588254928588867,7.387828238628216,-22.949188422178246,22.949188422178246
q16,s3,4,C,0.0020609112630566185,0.0023646712833450727,14.7391120488097,14.7391120488097
q16,base,4,T,7.747288942337036,7.738601857561618,-0.11213064131305492,0.11213064131305492
q16,base,4,C,0.005230140278639713,0.005827177952118986,11.415328111133462,11.415328111133462
q16,s3,4,decision,0.0,1.0,1.0,1.0
q16,s3,5,T,9.57052493095398,7.38840642074642,-22.80040568255485,22.80040568255485
q16,s3,5,C,0.0020557128400998737,0.0023647097288329246,15.031130939379583,15.031130939379583
q16,base,5,T,7.839870929718018,7.737189324375218,-1.309735916105097,1.309735916105097
q16,base,5,C,0.005243399856411441,0.005840972765839718,11.396668684300055,11.396668684300055
q16,s3,5,decision,0.0,1.0,1.0,1.0
q16,s3,6,T,9.636358976364136,7.390863828243528,-23.302319409522955,23.302319409522955
q16,s3,6,C,0.002046999016402503,0.002361673622653352,15.372484487260463,15.372484487260463
q16,base,6,T,7.75213885307312,7.740056048862014,-0.1558641355645505,0.1558641355645505
q16,base,6,C,0.00520100975007254,0.005824704825854003,11.99180747109279,11.99180747109279
q16,s3,6,decision,0.0,1.0,1.0,1.0
q16,s3,7,T,9.441341876983643,7.390206134644536,-21.7250446924226,21.7250446924226
q16,s3,7,C,0.002037739335055681,0.0023648298020783687,16.051634347714554,16.051634347714554
q16,base,7,T,7.808381080627441,7.732893512535779,-0.9667505634291695,0.9667505634291695
q16,base,7,C,0.005233633066457618,0.005840401555255359,11.593638321465907,11.593638321465907
q16,s3,7,decision,0.0,1.0,1.0,1.0
q16,s3,8,T,9.702723979949951,7.392956225928636,-23.805353618162286,23.805353618162286
q16,s3,8,C,0.0020517115010939757,0.0023650135233921916,15.270276651038062,15.270276651038062
q16,base,8,T,7.888649940490723,7.733384941206375,-1.9682074937487863,1.9682074937487863
q16,base,8,C,0.005223935267152967,0.005840426147588205,11.801273348688024,11.801273348688024
q16,s3,8,decision,0.0,1.0,1.0,1.0
q16,s3,9,T,9.600394010543823,7.391574614026325,-23.0075910852369,23.0075910852369
q16,s3,9,C,0.0020523433409355015,0.0023617215387405667,15.074387975651485,15.074387975651485
q16,base,9,T,8.02817702293396,7.735707599229035,-3.6430365557390236,3.6430365557390236
q16,base,9,C,0.005259985855258997,0.005845156775463546,11.124952353616832,11.124952353616832
q16,s3,9,decision,0.0,1.0,1.0,1.0
q16,s3,10,T,9.71294093132019,7.396041388062832,-23.853738632202756,23.853738632202756
q16,s3,10,C,0.0020622187572591436,0.002365217969022681,14.692874395452005,14.692874395452005
q16,base,10,T,8.055284023284912,7.731237112230167,-4.022786907550908,4.022786907550908
q16,base,10,C,0.005254705345467953,0.005839148361483987,11.12227951125938,11.12227951125938
q16,s3,10,decision,0.0,1.0,1.0,1.0
q16,s3,11,T,9.771168947219849,7.38788589412998,-24.3909717042399,24.3909717042399
q16,s3,11,C,0.0020569818253729465,0.0023646743316031115,14.958445545544771,14.958445545544771
q16,base,11,T,7.999531030654907,7.736918087766054,-3.282854230860498,3.282854230860498
q16,base,11,C,0.005269993376569141,0.005841828534256277,10.850775642898633,10.850775642898633
q16,s3,11,decision,0.0,1.0,1.0,1.0
q16,s3,12,T,9.858973026275635,7.394970831452244,-24.992483377898054,24.992483377898054
q16,s3,12,C,0.0020721103410878683,0.0023651459441886543,14.14189183318012,14.14189183318012
q16,base,12,T,7.987423896789551,7.74019273379551,-3.095255318719372,3.095255318719372
q16,base,12,C,0.005208762011590237,0.005829008780224407,11.907757875173266,11.907757875173266
q16,s3,12,decision,0.0,1.0,1.0,1.0
q16,s3,13,T,9.89630913734436,7.386863823630852,-25.35738606066735,25.35738606066735
q16,s3,13,C,0.0020599102307314343,0.002361405003420352,14.636306388063469,14.636306388063469
q16,base,13,T,7.771873950958252,7.727385765969833,-0.5724254570924093,0.5724254570924093
q16,base,13,C,0.005224310179352374,0.005835160659328899,11.692461952024596,11.692461952024596
q16,s3,13,decision,0.0,1.0,1.0,1.0
q16,s3,14,T,9.858428955078125,7.389238916432165,-25.04648610744482,25.04648610744482
q16,s3,14,C,0.0020611714846277083,0.002364763187372662,14.729085134795989,14.729085134795989
q16,base,14,T,7.890362977981567,7.735830948907271,-1.9584907501153672,1.9584907501153672
q16,base,14,C,0.0052378669215200875,0.005841704508812625,11.528310977349104,11.528310977349104
q16,s3,14,decision,0.0,1.0,1.0,1.0
q16,s3,15,T,9.680125951766968,7.392771660736006,-23.629385634320574,23.629385634320574
q16,s3,15,C,0.002045247759863064,0.002361799158998757,15.477410871575136,15.477410871575136
q16,base,15,T,7.828183889389038,7.733063670592131,-1.215099442488073,1.215099442488073
q16,base,15,C,0.005207173078487171,0.005839546329792266,12.144271791496072,12.144271791496072
q16,s3,15,decision,0.0,1.0,1.0,1.0
q16,nfs,1,T,7.615134954452515,4.978835739391115,-34.61920544848617,34.61920544848617
q16,nfs,1,C,0.000778562149667392,0.0010360147901826542,33.067705722047755,33.067705722047755
q16,nfs,1,decision,1.0,1.0,0.0,0.0
q16,nfs,2,T,7.479687929153442,4.975963075570283,-33.47365394516578,33.47365394516578
q16,nfs,2,C,0.0007859197590488169,0.0010358224744931646,31.79748473900186,31.79748473900186
q16,nfs,2,decision,1.0,1.0,0.0,0.0
q16,nfs,3,T,7.47608208656311,4.977684157124997,-33.4185459778261,33.4185459778261
q16,nfs,3,C,0.0007834374465189039,0.0010359372104013062,32.22972874277967,32.22972874277967
q16,nfs,3,decision,1.0,1.0,0.0,0.0
q16,nfs,4,T,7.594205141067505,4.981107867627688,-34.40909515742287,34.40909515742287
q16,nfs,4,C,0.0007637984497162071,0.0010361597958052867,35.658797970888365,35.658797970888365
q16,nfs,4,decision,1.0,1.0,0.0,0.0
q16,nfs,5,T,7.761899948120117,4.978882335061979,-35.85485038018517,35.85485038018517
q16,nfs,5,C,0.0007893533066838076,0.0010360115163051886,31.248137878541275,31.248137878541275
q16,nfs,5,decision,1.0,1.0,0.0,0.0
q16,nfs,6,T,7.593348026275635,4.976673572821821,-34.46008854591159,34.46008854591159
q16,nfs,6,C,0.000776996174856101,0.0010358644507341918,33.316544438076924,33.316544438076924
q16,nfs,6,decision,1.0,1.0,0.0,0.0
q16,nfs,7,T,7.603672027587891,4.981522158598456,-34.485309985434206,34.485309985434206
q16,nfs,7,C,0.0007660647721715568,0.0010361857488578763,35.26085345506882,35.26085345506882
q16,nfs,7,decision,1.0,1.0,0.0,0.0
q16,nfs,8,T,7.47736382484436,4.979636167694356,-33.40385349247057,33.40385349247057
q16,nfs,8,C,0.0007673390084737312,0.0010360598897291545,35.01983846617158,35.01983846617158
q16,nfs,8,decision,1.0,1.0,0.0,0.0
q16,nfs,9,T,7.441654920578003,4.977590804964703,-33.11177610237687,33.11177610237687
q16,nfs,9,C,0.0007890805778158108,0.0010359230918782763,31.28229499016818,31.28229499016818
q16,nfs,9,decision,1.0,1.0,0.0,0.0
q16,nfs,10,T,7.477887153625488,4.9788985072907685,-33.41837868097729,33.41837868097729
q16,nfs,10,C,0.000763603211151929,0.0010360123129618893,35.67416923234505,35.67416923234505
q16,nfs,10,decision,1.0,1.0,0.0,0.0
q16,nfs,11,T,7.829259872436523,4.982075736611425,-36.36594240342968,36.36594240342968
q16,nfs,11,C,0.000789292310674412,0.0010362248550887711,31.285309773684133,31.285309773684133
q16,nfs,11,decision,1.0,1.0,0.0,0.0
q16,nfs,12,T,7.502619981765747,4.97959274238137,-33.628615677140836,33.628615677140836
q16,nfs,12,C,0.0007843749425367821,0.0010360579384472387,32.08707752653053,32.08707752653053
q16,nfs,12,decision,1.0,1.0,0.0,0.0
q16,nfs,13,T,7.4726338386535645,4.978283794481243,-33.37979751222173,33.37979751222173
q16,nfs,13,C,0.0007763753669144909,0.0010359754601988946,33.43744589889799,33.43744589889799
q16,nfs,13,decision,1.0,1.0,0.0,0.0
q16,nfs,14,T,7.544734954833984,4.979323655512402,-34.00266960574803,34.00266960574803
q16,nfs,14,C,0.0007677617548136852,0.0010360448461075313,34.94353419036235,34.94353419036235
q16,nfs,14,decision,1.0,1.0,0.0,0.0
q16,nfs,15,T,7.512503147125244,4.9742584903004925,-33.786936352845906,33.786936352845906
q16,nfs,15,C,0.0007834631894759929,0.0010357066127200173,32.19595082861945,32.19595082861945
q16,nfs,15,decision,1.0,1.0,0.0,0.0
q17,s3,1,T,8.29296612739563,7.776281676036375,-6.23039384729185,6.23039384729185
q17,s3,1,C,0.011490132858798723,0.011526836729337953,0.31943817352053977,0.31943817352053977
q17,base,1,T,24.1161048412323,19.602521650859945,-18.716053940250315,18.716053940250315
q17,base,1,C,0.06193366593301584,0.045673184778819105,-26.254672493927945,26.254672493927945
q17,s3,1,decision,1.0,1.0,0.0,0.0
q17,s3,2,T,6.691534042358398,7.776309920357323,16.211168786292248,16.211168786292248
q17,s3,2,C,0.011253263647072909,0.011526837670829078,2.4310638436639556,2.4310638436639556
q17,base,2,T,24.446834087371826,19.66226249437174,-19.571334169079954,19.571334169079954
q17,base,2,C,0.06240280616027828,0.04565389523248962,-26.83999640139576,26.83999640139576
q17,s3,2,decision,1.0,1.0,0.0,0.0
q17,s3,3,T,6.994494915008545,7.776318571284024,11.177699973701737,11.177699973701737
q17,s3,3,C,0.011271899026770602,0.011526837959197234,2.2617212221397276,2.2617212221397276
q17,base,3,T,24.17860507965088,19.66222325584479,-18.67924890177867,18.67924890177867
q17,base,3,C,0.0630820034895899,0.045653895159173306,-27.62770261932575,27.62770261932575
q17,s3,3,decision,1.0,1.0,0.0,0.0
q17,s3,4,T,8.1334969997406,7.780579334267341,-4.339064310031894,4.339064310031894
q17,s3,4,C,0.011458728452248124,0.011528257887558476,0.6067814208190898,0.6067814208190898
q17,base,4,T,24.43848204612732,19.598113933756267,-19.80633700258028,19.80633700258028
q17,base,4,C,0.06287433362899256,0.04567309162798,-27.35813011158616,27.35813011158616
q17,s3,4,decision,1.0,1.0,0.0,0.0
q17,s3,5,T,8.300406217575073,7.78061172418834,-6.262277770046162,6.262277770046162
q17,s3,5,C,0.011297453085762247,0.011528258967238993,2.0429903954867696,2.0429903954867696
q17,base,5,T,24.800862073898315,19.598113504367458,-20.978095656628383,20.978095656628383
q17,base,5,C,0.06256538787250061,0.04567309224188476,-26.99942604853654,26.99942604853654
q17,s3,5,decision,1.0,1.0,0.0,0.0
q17,s3,6,T,7.238103866577148,7.780648565173747,7.495674400333861,7.495674400333861
q17,s3,6,C,0.011320090963828982,0.011528260195294026,1.8389360309047542,1.8389360309047542
q17,base,6,T,24.090044021606445,19.588164190004736,-18.687719406257443,18.687719406257443
q17,base,6,C,0.061880241644210035,0.04568345588320707,-26.174406128096393,26.174406128096393
q17,s3,6,decision,1.0,1.0,0.0,0.0
q17,s3,7,T,7.117406845092773,7.780184344747702,9.312064268349257,9.312064268349257
q17,s3,7,C,0.011496849893318874,0.011528249832819496,0.27311776523124076,0.27311776523124076
q17,base,7,T,24.122675895690918,19.71839575445033,-18.257842373230794,18.257842373230794
q17,base,7,C,0.06264746677566009,0.04563570369069648,-27.15475016074082,27.15475016074082
q17,s3,7,decision,1.0,1.0,0.0,0.0
q17,s3,8,T,7.068550109863281,7.780163552983491,10.067318361756278,10.067318361756278
q17,s3,8,C,0.011173350861288152,0.01152824913975067,3.1762922588613898,3.1762922588613898
q17,base,8,T,24.323907136917114,19.657583596554336,-19.18410358211145,19.18410358211145
q17,base,8,C,0.06185623509152106,0.045653786147193544,-26.19371987376009,26.19371987376009
q17,s3,8,decision,1.0,1.0,0.0,0.0
q17,s3,9,T,6.744930982589722,7.780152076677895,15.34813472162023,15.34813472162023
q17,s3,9,C,0.011170905914579976,0.011528248757198977,3.1988707572284363,3.1988707572284363
q17,base,9,T,24.246150970458984,19.60778890679579,-19.130302658407434,19.130302658407434
q17,base,9,C,0.062466185676100947,0.045662703461723964,-26.90012529579801,26.90012529579801
q17,s3,9,decision,1.0,1.0,0.0,0.0
q17,s3,10,T,7.206788063049316,7.783449946694963,8.001648981497194,8.001648981497194
q17,s3,10,C,0.01168614280973802,0.011528414468739484,-1.3497040346546303,1.3497040346546303
q17,base,10,T,24.63284182548523,19.598946154322,-20.435708177020576,20.435708177020576
q17,base,10,C,0.06289220922265035,0.04567316006672812,-27.378667992029865,27.378667992029865
q17,s3,10,decision,1.0,1.0,0.0,0.0
q17,s3,11,T,8.491090059280396,7.783611780259661,-8.3320077172835,8.3320077172835
q17,s3,11,C,0.011503656266555995,0.011528419863278383,0.21526718243817236,0.21526718243817236
q17,base,11,T,24.4240939617157,19.619436778995762,-19.671792903561315,19.671792903561315
q17,base,11,C,0.06366446409913039,0.045652429563156516,-28.292132496282026,28.292132496282026
q17,s3,11,decision,1.0,1.0,0.0,0.0
q17,s3,12,T,7.64345908164978,7.783377214049197,1.830560364159316,1.830560364159316
q17,s3,12,C,0.011336677447533515,0.01152841204428008,1.6912768104580713,1.6912768104580713
q17,base,12,T,24.508283853530884,19.59888831289697,-20.03157613961869,20.03157613961869
q17,base,12,C,0.06309945224180329,0.04567315728145048,-27.61718896318392,27.61718896318392
q17,s3,12,decision,1.0,1.0,0.0,0.0
q17,s3,13,T,6.69943904876709,7.78554815514161,16.211941006828013,16.211941006828013
q17,s3,13,C,0.011235192237495095,0.011528530415305386,2.6108870378856257,2.6108870378856257
q17,base,13,T,24.471000909805298,19.59945053062907,-19.90744227067657,19.90744227067657
q17,base,13,C,0.06294964466908061,0.04567319562644861,-27.444871426125438,27.444871426125438
q17,s3,13,decision,1.0,1.0,0.0,0.0
q17,s3,14,T,8.195798873901367,7.785547575161567,-5.0056291650372415,5.0056291650372415
q17,s3,14,C,0.011746267741167495,0.011528530395974288,-1.8536725876773255,1.8536725876773255
q17,base,14,T,24.7860369682312,19.599417032136763,-20.925571694830605,20.925571694830605
q17,base,14,C,0.0618833936431105,0.045673194485256266,-26.194748224928542,26.194748224928542
q17,s3,14,decision,1.0,1.0,0.0,0.0
q17,s3,15,T,6.962287902832031,7.785646544796456,11.825978090183675,11.825978090183675
q17,s3,15,C,0.011413867581886611,0.011528533695013152,1.0046210217867904,1.0046210217867904
q17,base,15,T,24.277679920196533,19.609620035048682,-19.2277841230805,19.2277841230805
q17,base,15,C,0.0630829711011448,0.045662831699138595,-27.61464639018893,27.61464639018893
q17,s3,15,decision,1.0,1.0,0.0,0.0
q17,nfs,1,T,7.367387056350708,7.010548570296582,-4.8434877022855725,4.8434877022855725
q17,nfs,1,C,0.009972795046760347,0.01041071440372362,4.391139644502481,4.391139644502481
q17,nfs,1,decision,1.0,1.0,0.0,0.0
q17,nfs,2,T,5.703450918197632,7.010555783374122,22.91778931604365,22.91778931604365
q17,nfs,2,C,0.010163683385976766,0.010410714644280915,2.430528863630164,2.430528863630164
q17,nfs,2,decision,1.0,1.0,0.0,0.0
q17,nfs,3,T,6.1989219188690186,7.010572297258927,13.093411870849827,13.093411870849827
q17,nfs,3,C,0.009918952817172871,0.010410715194846275,4.957805392742739,4.957805392742739
q17,nfs,3,decision,1.0,1.0,0.0,0.0
q17,nfs,4,T,5.816632986068726,7.012875174207146,20.56588736135683,20.56588736135683
q17,nfs,4,C,0.010009080522085136,0.01041079198128037,4.013470151517459,4.013470151517459
q17,nfs,4,decision,1.0,1.0,0.0,0.0
q17,nfs,5,T,7.615149021148682,7.012863273370283,-7.909047427775073,7.909047427775073
q17,nfs,5,C,0.010155186823409388,0.010410791584523208,2.516987285006018,2.516987285006018
q17,nfs,5,decision,1.0,1.0,0.0,0.0
q17,nfs,6,T,5.688621997833252,7.012881806624931,23.279096577274405,23.279096577274405
q17,nfs,6,C,0.009793446700718751,0.010410792202425748,6.303659177128003,6.303659177128003
q17,nfs,6,decision,1.0,1.0,0.0,0.0
q17,nfs,7,T,6.513859987258911,7.012609283115519,7.656739580404856,7.656739580404856
q17,nfs,7,C,0.010008062303658898,0.010410783117351817,4.023963895045761,4.023963895045761
q17,nfs,7,decision,1.0,1.0,0.0,0.0
q17,nfs,8,T,5.83033299446106,7.0125834955809525,20.27758109602069,20.27758109602069
q17,nfs,8,C,0.010213251607241526,0.010410782257588444,1.934062313777354,1.934062313777354
q17,nfs,8,decision,1.0,1.0,0.0,0.0
q17,nfs,9,T,6.919891119003296,7.012662533900412,1.34064847700202,1.34064847700202
q17,nfs,9,C,0.009988280913631591,0.010410784892719818,4.229996960854502,4.229996960854502
q17,nfs,9,decision,1.0,1.0,0.0,0.0
q17,nfs,10,T,6.802606105804443,7.014504308674799,3.1149562325760694,3.1149562325760694
q17,nfs,10,C,0.009987079736565301,0.010410846303567542,4.243147928925822,4.243147928925822
q17,nfs,10,decision,1.0,1.0,0.0,0.0
q17,nfs,11,T,5.711680889129639,7.014502492700646,22.8097757710959,22.8097757710959
q17,nfs,11,C,0.009861021025960712,0.010410846242975854,5.575743278182245,5.575743278182245
q17,nfs,11,decision,1.0,1.0,0.0,0.0
q17,nfs,12,T,7.083030939102173,7.0144938451767755,-0.9676238112562148,0.9676238112562148
q17,nfs,12,C,0.010270770247161875,0.010410845954680911,1.3638286530432662,1.3638286530432662
q17,nfs,12,decision,1.0,1.0,0.0,0.0
q17,nfs,13,T,5.963891983032227,7.0155719875131615,17.6341222723861,17.6341222723861
q17,nfs,13,C,0.009661037915429811,0.010410881904866543,7.761526204541061,7.761526204541061
q17,nfs,13,decision,1.0,1.0,0.0,0.0
q17,nfs,14,T,6.4439849853515625,7.015586952106255,8.870318103689806,8.870318103689806
q17,nfs,14,C,0.01000210096466572,0.010410882403805716,4.086955736440694,4.086955736440694
q17,nfs,14,decision,1.0,1.0,0.0,0.0
q17,nfs,15,T,6.665367126464844,7.015626975579145,5.2549220840903725,5.2549220840903725
q17,nfs,15,C,0.010047631421764297,0.010410883738159859,3.615302961937049,3.615302961937049
q17,nfs,15,decision,1.0,1.0,0.0,0.0
q18,s3,1,T,12.87441110610962,10.139698610533197,-21.24145697257291,21.24145697257291
q18,s3,1,C,0.019733496053602997,0.01953190312446505,-1.021577365664713,1.021577365664713
q18,base,1,T,22.74048399925232,14.394949715651709,-36.69901785676594,36.69901785676594
q18,base,1,C,0.05179790253991287,0.044667655650435574,-13.765512771454569,13.765512771454569
q18,s3,1,decision,1.0,1.0,0.0,0.0
q18,s3,2,T,12.83077597618103,10.165910071750256,-20.769327664810096,20.769327664810096
q18,s3,2,C,0.019332785303204963,0.019506256018249547,0.8972877540611119,0.8972877540611119
q18,base,2,T,23.19036889076233,14.394949377256156,-37.92703580929128,37.92703580929128
q18,base,2,C,0.053213055341192354,0.044667655711875635,-16.058840400208528,16.058840400208528
q18,s3,2,decision,1.0,1.0,0.0,0.0
q18,s3,3,T,12.877382040023804,10.139698620428762,-21.25962723701239,21.25962723701239
q18,s3,3,C,0.019327848955069483,0.019531900776106316,1.0557399403895484,1.0557399403895484
q18,base,3,T,22.011322021484375,14.42220325424092,-34.478250601376956,34.478250601376956
q18,base,3,C,0.05161225077390506,0.04463877139792045,-13.511287090603648,13.511287090603648
q18,s3,3,decision,1.0,1.0,0.0,0.0
q18,s3,4,T,12.718618869781494,10.166619854888317,-20.06506399021469,20.06506399021469
q18,s3,4,C,0.019695798157515286,0.019506290695751084,-0.9621720340990181,0.9621720340990181
q18,base,4,T,22.386089086532593,14.422715915576767,-35.57286464899565,35.57286464899565
q18,base,4,C,0.052286792066031484,0.04463889918185956,-14.626816031309826,14.626816031309826
q18,s3,4,decision,1.0,1.0,0.0,0.0
q18,s3,5,T,13.062814950942993,10.129174182154207,-22.45795243832195,22.45795243832195
q18,s3,5,C,0.019319328739744703,0.019544257317777813,1.1642670460406614,1.1642670460406614
q18,base,5,T,22.782835006713867,14.448931271512997,-36.57974844985251,36.57974844985251
q18,base,5,C,0.05209120383305822,0.04461324730938584,-14.355507213152,14.355507213152
q18,s3,5,decision,1.0,1.0,0.0,0.0
q18,s3,6,T,13.320955038070679,10.129171778430567,-23.960618818381572,23.960618818381572
q18,s3,6,C,0.01959830385216041,0.01954425602008004,-0.2757781106369059,0.2757781106369059
q18,base,6,T,22.465049028396606,14.422710241045095,-35.799337794392144,35.799337794392144
q18,base,6,C,0.05188695603031384,0.04463889147519897,-13.968953104283749,13.968953104283749
q18,s3,6,decision,1.0,1.0,0.0,0.0
q18,s3,7,T,12.575116872787476,10.140390472933024,-19.361461404173458,19.361461404173458
q18,s3,7,C,0.019453028978860417,0.019531933641471138,0.4056163320193813,0.4056163320193813
q18,base,7,T,22.311645984649658,14.395458197379446,-35.4800707788055,35.4800707788055
q18,base,7,C,0.051979018082979035,0.0446677773099284,-14.065753918973629,14.065753918973629
q18,s3,7,decision,1.0,1.0,0.0,0.0
q18,s3,8,T,12.642240047454834,10.166608708557606,-19.582220631822512,19.582220631822512
q18,s3,8,C,0.019488147280405616,0.01950628741653194,0.09308291786446182,0.09308291786446182
q18,base,8,T,22.491744995117188,14.421673067296167,-35.88015038216457,35.88015038216457
q18,base,8,C,0.05211247874279214,0.04464212817083391,-14.335051320105313,14.335051320105313
q18,s3,8,decision,1.0,1.0,0.0,0.0
q18,s3,9,T,12.93103313446045,10.129165496509373,-21.66777865941943,21.66777865941943
q18,s3,9,C,0.019275360382661758,0.01954425507734315,1.3950177290758334,1.3950177290758334
q18,base,9,T,23.119795083999634,14.395450973511787,-37.73538683535153,37.73538683535153
q18,base,9,C,0.05227050270926246,0.04466777641909958,-14.544964934526364,14.544964934526364
q18,s3,9,decision,1.0,1.0,0.0,0.0
q18,s3,10,T,12.556771993637085,10.128480126562476,-19.338504102050287,19.338504102050287
q18,s3,10,C,0.019266782908919793,0.019544223940249215,1.4399966649386844,1.4399966649386844
q18,base,10,T,22.19808602333069,14.369165000350026,-35.26845068873185,35.26845068873185
q18,base,10,C,0.05138583075568251,0.044696536888363364,-13.017778965419197,13.017778965419197
q18,s3,10,decision,1.0,1.0,0.0,0.0
q18,s3,11,T,12.686142921447754,10.139688269494215,-20.07272555355174,20.07272555355174
q18,s3,11,C,0.019290141118484417,0.019531899730207476,1.2532754956955632,1.2532754956955632
q18,base,11,T,22.52913808822632,14.421168236674278,-35.98881510602151,35.98881510602151
q18,base,11,C,0.051949784727799334,0.044642010344531836,-14.066996468913114,14.066996468913114
q18,s3,11,decision,1.0,1.0,0.0,0.0
q18,s3,12,T,12.745989084243774,10.128478257456555,-20.535956915441826,20.535956915441826
q18,s3,12,C,0.019224063215359462,0.019544222730555283,1.6654102288845076,1.6654102288845076
q18,base,12,T,22.335541009902954,14.421166815538475,-35.43399370024423,35.43399370024423
q18,base,12,C,0.051546282597046696,0.0446420087928229,-13.394319544236872,13.394319544236872
q18,s3,12,decision,1.0,1.0,0.0,0.0
q18,s3,13,T,12.518282890319824,10.139693465572838,-19.00092405314078,19.00092405314078
q18,s3,13,C,0.019505101268258083,0.019531903141727803,0.13740955815152062,0.13740955815152062
q18,base,13,T,23.357133865356445,14.385138651900144,-38.41222671058824,38.41222671058824
q18,base,13,C,0.05153215343431958,0.044597265291392296,-13.457400245782777,13.457400245782777
q18,s3,13,decision,1.0,1.0,0.0,0.0
q18,s3,14,T,13.121170043945312,10.128475357067087,-22.8081388843763,22.8081388843763
q18,s3,14,C,0.019428046414297417,0.0195442234115045,0.5979859978180143,0.5979859978180143
q18,base,14,T,22.319358110427856,14.421161761225862,-35.38720204283952,35.38720204283952
q18,base,14,C,0.05160936187419019,0.04464200576757185,-13.500178753620107,13.500178753620107
q18,s3,14,decision,1.0,1.0,0.0,0.0
q18,s3,15,T,12.183538913726807,10.139692559392108,-16.775473602599668,16.775473602599668
q18,s3,15,C,0.019439891530426245,0.01953190097175862,0.4733022362206386,0.4733022362206386
q18,base,15,T,22.453222036361694,14.394948184148861,-35.88916476736802,35.88916476736802
q18,base,15,C,0.051696087250223406,0.044667655436344364,-13.595674620130305,13.595674620130305
q18,s3,15,decision,1.0,1.0,0.0,0.0
q18,nfs,1,T,12.610333919525146,10.163571323247462,-19.40283748148217,19.40283748148217
q18,nfs,1,C,0.013159329073880269,0.013678863120717597,3.9480283829100538,3.9480283829100538
q18,nfs,1,decision,1.0,1.0,0.0,0.0
q18,nfs,2,T,12.242663145065308,10.163569764028047,-16.98236205964131,16.98236205964131
q18,nfs,2,C,0.01283039887967948,0.013678859759106628,6.612895572334253,6.612895572334253
q18,nfs,2,decision,1.0,1.0,0.0,0.0
q18,nfs,3,T,12.701945066452026,10.15238358883759,-20.072213068754774,20.072213068754774
q18,nfs,3,C,0.013975140376367113,0.013718194945244672,-1.8385892678183973,1.8385892678183973
q18,nfs,3,decision,1.0,1.0,0.0,0.0
q18,nfs,4,T,14.156016111373901,10.14830018110844,-28.31104386102946,28.31104386102946
q18,nfs,4,C,0.013965860429776133,0.013728959998527341,-1.696282391192343,1.696282391192343
q18,nfs,4,decision,1.0,1.0,0.0,0.0
q18,nfs,5,T,12.223749876022339,10.163962654549177,-16.850698372956444,16.850698372956444
q18,nfs,5,C,0.013591511431914857,0.013678873162371485,0.6427668541078546,0.6427668541078546
q18,nfs,5,decision,1.0,1.0,0.0,0.0
q18,nfs,6,T,12.882759809494019,10.148299183957374,-21.22573630163833,21.22573630163833
q18,nfs,6,C,0.013985839627173103,0.013728958762233269,-1.8367210820917763,1.8367210820917763
q18,nfs,6,decision,1.0,1.0,0.0,0.0
q18,nfs,7,T,12.85273790359497,10.163960524107582,-20.919880259406252,20.919880259406252
q18,nfs,7,C,0.013640187803919466,0.013678873200673918,0.2836133732948764,0.2836133732948764
q18,nfs,7,decision,1.0,1.0,0.0,0.0
q18,nfs,8,T,12.559983015060425,10.152782076300015,-19.16563848752011,19.16563848752011
q18,nfs,8,C,0.013991264731935748,0.013718211006392401,-1.9516014511546473,1.9516014511546473
q18,nfs,8,decision,1.0,1.0,0.0,0.0
q18,nfs,9,T,11.992637157440186,10.169345506134777,-15.20342546321637,15.20342546321637
q18,nfs,9,C,0.013593256362267851,0.013668125420354218,0.5507808878981254,0.5507808878981254
q18,nfs,9,decision,1.0,1.0,0.0,0.0
q18,nfs,10,T,12.184421062469482,10.159857119600877,-16.616004424737728,16.616004424737728
q18,nfs,10,C,0.013040097442330185,0.013689610353557735,4.980890013284178,4.980890013284178
q18,nfs,10,decision,1.0,1.0,0.0,0.0
q18,nfs,11,T,13.131612062454224,10.159854028764377,-22.63056523110874,22.63056523110874
q18,nfs,11,C,0.013840253342297744,0.013689609736691854,-1.0884454343440584,1.0884454343440584
q18,nfs,11,decision,1.0,1.0,0.0,0.0
q18,nfs,12,T,12.9483962059021,10.163567058231916,-21.507135736245168,21.507135736245168
q18,nfs,12,C,0.013553647762083159,0.013678856199269491,0.9237988133099306,0.9237988133099306
q18,nfs,12,decision,1.0,1.0,0.0,0.0
q18,nfs,13,T,12.833323001861572,10.159855798367918,-20.832228746255723,20.832228746255723
q18,nfs,13,C,0.013921951121494105,0.013689610825473902,-1.668877400822735,1.668877400822735
q18,nfs,13,decision,1.0,1.0,0.0,0.0
q18,nfs,14,T,13.10291600227356,10.133058291904408,-22.66562427671699,22.66562427671699
q18,nfs,14,C,0.014072276414402167,0.013779027342750876,-2.083877995397872,2.083877995397872
q18,nfs,14,decision,1.0,1.0,0.0,0.0
q18,nfs,15,T,12.8507559299469,10.163575063966398,-20.910683236294293,20.910683236294293
q18,nfs,15,C,0.01356815615659035,0.01367886158422198,0.8159209427867514,0.8159209427867514
q18,nfs,15,decision,1.0,1.0,0.0,0.0
q19,s3,1,T,7.203063011169434,7.685712030915113,6.700608046844228,6.700608046844228
q19,s3,1,C,0.013452090111357574,0.012967423017925344,-3.602912925947668,3.602912925947668
q19,base,1,T,6.692415952682495,7.313612657417351,9.282099455964984,9.282099455964984
q19,base,1,C,0.012765537535913597,0.011456702107167111,-10.25288144008278,10.25288144008278
q19,s3,1,decision,0.0,0.0,0.0,0.0
q19,s3,2,T,6.714386940002441,7.685712088824786,14.466326672885966,14.466326672885966
q19,s3,2,C,0.013047146783788016,0.012967423019855422,-0.611043665360283,0.611043665360283
q19,base,2,T,6.745496988296509,7.31361106702777,8.42212337677926,8.42212337677926
q19,base,2,C,0.012573220542101958,0.011456701820535337,-8.880133119656266,8.880133119656266
q19,s3,2,decision,0.0,0.0,0.0,0.0
q19,s3,3,T,7.965518951416016,7.685713152592312,-3.5127127376172163,3.5127127376172163
q19,s3,3,C,0.013408831972437831,0.012967423055315314,-3.291926679593301,3.291926679593301
q19,base,3,T,6.826589822769165,7.31361836837664,7.134287517657169,7.134287517657169
q19,base,3,C,0.01265392303712452,0.011456702642070325,-9.461258706424466,9.461258706424466
q19,s3,3,decision,0.0,0.0,0.0,0.0
q19,s3,4,T,8.046289920806885,7.68578029889675,-4.480445341372715,4.480445341372715
q19,s3,4,C,0.01307867826297156,0.012967429830711462,-0.8506091366668477,0.8506091366668477
q19,base,4,T,6.768723964691162,7.313529658832562,8.048868545731242,8.048868545731242
q19,base,4,C,0.012858754601722984,0.01145670026672067,-10.903500210000496,10.903500210000496
q19,s3,4,decision,0.0,0.0,0.0,0.0
q19,s3,5,T,6.701706171035767,7.6857805185741235,14.68393752909441,14.68393752909441
q19,s3,5,C,0.013083026443675858,0.012967429838035463,-0.8835616601254539,0.8835616601254539
q19,base,5,T,6.6894850730896,7.313530799759068,9.328755798856236,9.328755798856236
q19,base,5,C,0.013042152295544418,0.011456700390232099,-12.156367058019685,12.156367058019685
q19,s3,5,decision,0.0,0.0,0.0,0.0
q19,s3,6,T,7.065319061279297,7.685780285250301,8.781786336746963,8.781786336746963
q19,s3,6,C,0.01340615105491986,0.012967429830256639,-3.27253678453979,3.27253678453979
q19,base,6,T,6.917754173278809,7.313529536048111,5.7211539013349535,5.7211539013349535
q19,base,6,C,0.013008463894213241,0.011456700106870374,-11.928877997909982,11.928877997909982
q19,s3,6,decision,0.0,0.0,0.0,0.0
q19,s3,7,T,7.4577507972717285,7.6856962967515825,3.056491235443847,3.056491235443847
q19,s3,7,C,0.013202770764698526,0.012967425464573688,-1.7825447727540826,1.7825447727540826
q19,base,7,T,6.750024080276489,7.313378689241324,8.345964433089234,8.345964433089234
q19,base,7,C,0.012921250973667737,0.011456685789744434,-11.334546375640759,11.334546375640759
q19,s3,7,decision,0.0,0.0,0.0,0.0
q19,s3,8,T,7.572926044464111,7.685696384622533,1.4891250686497592,1.4891250686497592
q19,s3,8,C,0.012940019290393597,0.012967425467502326,0.211793943221361,0.211793943221361
q19,base,8,T,6.732434988021851,7.313385598906638,8.629130647654197,8.629130647654197
q19,base,8,C,0.012892483287483906,0.011456686458787087,-11.136697226442779,11.136697226442779
q19,s3,8,decision,0.0,0.0,0.0,0.0
q19,s3,9,T,6.757025957107544,7.685695170088566,13.74375677814555,13.74375677814555
q19,s3,9,C,0.012995158469277089,0.012967425427017199,-0.21341057383375697,0.21341057383375697
q19,base,9,T,6.714209079742432,7.313381129694752,8.923940896629123,8.923940896629123
q19,base,9,C,0.01277079867507247,0.011456685964418133,-10.289980635427092,10.289980635427092
q19,s3,9,decision,0.0,0.0,0.0,0.0
q19,s3,10,T,7.870031833648682,7.68579224691026,-2.34102721097895,2.34102721097895
q19,s3,10,C,0.0132766729097302,0.012967424625827383,-2.329260395322205,2.329260395322205
q19,base,10,T,7.80428409576416,7.313720474002803,-6.285824756528462,6.285824756528462
q19,base,10,C,0.012755825745350422,0.011456706812667576,-10.184514578810258,10.184514578810258
q19,s3,10,decision,0.0,0.0,0.0,0.0
q19,s3,11,T,7.142236948013306,7.685790143039661,7.610405521165897,7.610405521165897
q19,s3,11,C,0.013316577057083348,0.012967424555697453,-2.621938805214015,2.621938805214015
q19,base,11,T,6.964372158050537,7.313715879764645,5.016155279845014,5.016155279845014
q19,base,11,C,0.012801572151953445,0.011456706246785102,-10.505474555819498,10.505474555819498
q19,s3,11,decision,0.0,0.0,0.0,0.0
q19,s3,12,T,7.736191987991333,7.685790429942842,-0.6515034544996786,0.6515034544996786
q19,s3,12,C,0.013497992508652329,0.01296742456526081,-3.9307174237311213,3.9307174237311213
q19,base,12,T,6.8248679637908936,7.3137267846634915,7.162905179502693,7.162905179502693
q19,base,12,C,0.012729370423798916,0.011456707364880381,-9.99784762755553,9.99784762755553
q19,s3,12,decision,0.0,0.0,0.0,0.0
q19,s3,13,T,7.501924991607666,7.686020467986108,2.4539765004900422,2.4539765004900422
q19,s3,13,C,0.013457851206020688,0.012967440465682992,-3.644049356990208,3.644049356990208
q19,base,13,T,6.7778449058532715,7.313666174760568,7.905481408176919,7.905481408176919
q19,base,13,C,0.012834734761054045,0.011456705865108106,-10.736715028404443,10.736715028404443
q19,s3,13,decision,0.0,0.0,0.0,0.0
q19,s3,14,T,8.200165033340454,7.6860204726441745,-6.269929429540218,6.269929429540218
q19,s3,14,C,0.01332493573083755,0.012967440465838847,-2.68290423473759,2.68290423473759
q19,base,14,T,6.809840202331543,7.313663995665309,7.398467194006519,7.398467194006519
q19,base,14,C,0.01271393284067278,0.011455105605121085,-9.901163167423825,9.901163167423825
q19,s3,14,decision,0.0,0.0,0.0,0.0
q19,s3,15,T,7.59834885597229,7.686019759704944,1.1538151958335656,1.1538151958335656
q19,s3,15,C,0.013253836729443956,0.01296744044207331,-2.160855707045225,2.160855707045225
q19,base,15,T,6.740333080291748,7.313672547795486,8.506099931176122,8.506099931176122
q19,base,15,C,0.012857348338044833,0.0114567064226781,-10.893707462387408,10.893707462387408
q19,s3,15,decision,0.0,0.0,0.0,0.0
q19,nfs,1,T,6.309736013412476,7.0372594729061095,11.53017270369398,11.53017270369398
q19,nfs,1,C,0.012053404478360782,0.01182731168951452,-1.875758747266476,1.875758747266476
q19,nfs,1,decision,1.0,0.0,1.0,1.0
q19,nfs,2,T,6.631870985031128,7.037258356217284,6.112714980450618,6.112714980450618
q19,nfs,2,C,0.01149030220709148,0.011827311652313027,2.932990265595921,2.932990265595921
q19,nfs,2,decision,1.0,0.0,1.0,1.0
q19,nfs,3,T,7.384859800338745,7.03725932756765,-4.706933945518513,4.706933945518513
q19,nfs,3,C,0.011691139195320967,0.011827311684690594,1.1647495346229888,1.1647495346229888
q19,nfs,3,decision,0.0,0.0,0.0,0.0
q19,nfs,4,T,5.9117021560668945,7.037273013744947,19.039708496188933,19.039708496188933
q19,nfs,4,C,0.011806426590277723,0.011827312143748537,0.17689987153278888,0.17689987153278888
q19,nfs,4,decision,1.0,0.0,1.0,1.0
q19,nfs,5,T,8.121089935302734,7.037273220641796,-13.345705112186227,13.345705112186227
q19,nfs,5,C,0.011890205876271053,0.011827312150652866,-0.5289540506922754,0.5289540506922754
q19,nfs,5,decision,0.0,0.0,0.0,0.0
q19,nfs,6,T,5.925890922546387,7.037273164000495,18.754686105098628,18.754686105098628
q19,nfs,6,C,0.011780434082184559,0.011827312148753181,0.39793157231375376,0.39793157231375376
q19,nfs,6,decision,1.0,0.0,1.0,1.0
q19,nfs,7,T,6.07045316696167,7.0372843624217385,15.926837237160967,15.926837237160967
q19,nfs,7,C,0.01176659166941502,0.011827312504695334,0.5160443821480264,0.5160443821480264
q19,nfs,7,decision,1.0,0.0,1.0,1.0
q19,nfs,8,T,6.925904035568237,7.037285754737653,1.6081903329501874,1.6081903329501874
q19,nfs,8,C,0.011698894469326726,0.011827312551108944,1.0976941634862747,1.0976941634862747
q19,nfs,8,decision,0.0,0.0,0.0,0.0
q19,nfs,9,T,6.842090845108032,7.037284223548739,2.8528323119279624,2.8528323119279624
q19,nfs,9,C,0.011995565303101528,0.011827312500074693,-1.4026250433010619,1.4026250433010619
q19,nfs,9,decision,0.0,0.0,0.0,0.0
q19,nfs,10,T,5.9420740604400635,7.037324606998678,18.432125473668385,18.432125473668385
q19,nfs,10,C,0.011815508523744807,0.011827313861977006,0.09991392421642262,0.09991392421642262
q19,nfs,10,decision,1.0,0.0,1.0,1.0
q19,nfs,11,T,6.313565969467163,7.037324073212328,11.463539103658823,11.463539103658823
q19,nfs,11,C,0.011789219867276919,0.011827313844176037,0.3231255106612692,0.3231255106612692
q19,nfs,11,decision,1.0,0.0,1.0,1.0
q19,nfs,12,T,5.956896066665649,7.037324565760534,18.137440824943766,18.137440824943766
q19,nfs,12,C,0.011681208579904947,0.0118273138606313,1.2507719533207866,1.2507719533207866
q19,nfs,12,decision,1.0,0.0,1.0,1.0
q19,nfs,13,T,7.329272985458374,7.037433192198473,-3.9818382237764216,3.9818382237764216
q19,nfs,13,C,0.01179564197067247,0.011827317484957646,0.26853573857133184,0.26853573857133184
q19,nfs,13,decision,0.0,0.0,0.0,0.0
q19,nfs,14,T,6.880305051803589,7.0374334877382445,2.283742286884014,2.283742286884014
q19,nfs,14,C,0.01161553230627303,0.011827317494813536,1.8232930093623816,1.8232930093623816
q19,nfs,14,decision,0.0,0.0,0.0,0.0
q19,nfs,15,T,6.757962942123413,7.0374327539009505,4.135414978906727,4.135414978906727
q19,nfs,15,C,0.011515357178732815,0.011827317470349267,2.709080463371094,2.709080463371094
q19,nfs,15,decision,0.0,0.0,0.0,0.0
q20,s3,1,T,9.984920024871826,11.470761834306698,14.88085839179213,14.88085839179213
q20,s3,1,C,0.013627125131051736,0.01386319063019743,1.7323206243096605,1.7323206243096605
q20,base,1,T,36.17886996269226,30.831604840278732,-14.78007778553515,14.78007778553515
q20,base,1,C,0.07918720623614522,0.06211654958979127,-21.557341719377394,21.557341719377394
q20,s3,1,decision,1.0,1.0,0.0,0.0
q20,s3,2,T,9.93909502029419,11.470955914301136,15.412478609763857,15.412478609763857
q20,s3,2,C,0.013471569949842496,0.013863197099999119,2.9070639251010406,2.9070639251010406
q20,base,2,T,35.257112979888916,30.909553870977856,-12.331012784259904,12.331012784259904
q20,base,2,C,0.07848063785042701,0.062095828148157325,-20.87751852055129,20.87751852055129
q20,s3,2,decision,1.0,1.0,0.0,0.0
q20,s3,3,T,10.50097393989563,11.471087507928988,9.238319927141927,9.238319927141927
q20,s3,3,C,0.013888016374202424,0.013863201486350271,-0.17867841730261314,0.17867841730261314
q20,base,3,T,35.70064687728882,30.90873254973792,-13.422485995903072,13.422485995903072
q20,base,3,C,0.07846557006114112,0.06207574891058919,-20.88791445442992,20.88791445442992
q20,s3,3,decision,1.0,1.0,0.0,0.0
q20,s3,4,T,10.037280082702637,11.51836339685385,14.755823310177243,14.755823310177243
q20,s3,4,C,0.01363604149974745,0.013865152196246282,1.6801847992547931,1.6801847992547931
q20,base,4,T,35.326618909835815,30.83989828267728,-12.70067944687829,12.70067944687829
q20,base,4,C,0.07834721656915483,0.06198612848585689,-20.882794309427037,20.882794309427037
q20,s3,4,decision,1.0,1.0,0.0,0.0
q20,s3,5,T,9.975154161453247,11.518171893790857,15.468610382987935,15.468610382987935
q20,s3,5,C,0.013416359019045462,0.013865145812790946,3.3450714393405807,3.3450714393405807
q20,base,5,T,36.38284707069397,30.84273771072167,-15.227256265040353,15.227256265040353
q20,base,5,C,0.07951281618584981,0.062017909725203255,-22.002624608031386,22.002624608031386
q20,s3,5,decision,1.0,1.0,0.0,0.0
q20,s3,6,T,10.920830011367798,11.518224798967477,5.470232454656233,5.470232454656233
q20,s3,6,C,0.013632071946380967,0.013865947576580986,1.7156279039600268,1.7156279039600268
q20,base,6,T,35.71317791938782,30.840985134511005,-13.642562966181224,13.642562966181224
q20,base,6,C,0.07842610061189564,0.062012200040274155,-20.929130026301262,20.929130026301262
q20,s3,6,decision,1.0,1.0,0.0,0.0
q20,s3,7,T,11.010091066360474,11.477333434251868,4.243764788821563,4.243764788821563
q20,s3,7,C,0.013168436131887664,0.0138642666972676,5.2840789780266,5.2840789780266
q20,base,7,T,35.789239168167114,30.915525482642227,-13.61781864829312,13.61781864829312
q20,base,7,C,0.07908750501218696,0.062099027767657286,-21.48060839940752,21.48060839940752
q20,s3,7,decision,1.0,1.0,0.0,0.0
q20,s3,8,T,10.313971996307373,11.47704696402354,11.276693092947827,11.276693092947827
q20,s3,8,C,0.013894920688091898,0.013864257147941162,-0.2206816493527316,0.2206816493527316
q20,base,8,T,36.2203369140625,30.914720423909827,-14.648169901734883,14.648169901734883
q20,base,8,C,0.07913113185467742,0.0620747531517733,-21.554574417345357,21.554574417345357
q20,s3,8,decision,1.0,1.0,0.0,0.0
q20,s3,9,T,10.56243896484375,11.477190529894138,8.660419890662247,8.660419890662247
q20,s3,9,C,0.01375764879581285,0.013863461934051793,0.7691222519879044,0.7691222519879044
q20,base,9,T,35.93768310546875,30.914864502090158,-13.976467510823632,13.976467510823632
q20,base,9,C,0.07927693791879223,0.06207352527522757,-21.700400009378605,21.700400009378605
q20,s3,9,decision,1.0,1.0,0.0,0.0
q20,s3,10,T,10.631748914718628,11.523946557853867,8.391823869166789,8.391823869166789
q20,s3,10,C,0.013019189607912101,0.013866186895423594,6.505760443005992,6.505760443005992
q20,base,10,T,35.5681529045105,30.83567736819512,-13.305373346264599,13.305373346264599
q20,base,10,C,0.07924197797676265,0.06211650438307277,-21.611618022346494,21.611618022346494
q20,s3,10,decision,1.0,1.0,0.0,0.0
q20,s3,11,T,10.854667901992798,11.524021120923393,6.166501130888672,6.166501130888672
q20,s3,11,C,0.013168954747266445,0.013866189381898042,5.294532846476111,5.294532846476111
q20,base,11,T,36.243988037109375,30.91441917003635,-14.704697677353284,14.704697677353284
q20,base,11,C,0.07971388798785842,0.062078214352339546,-22.123715303166545,22.123715303166545
q20,s3,11,decision,1.0,1.0,0.0,0.0
q20,s3,12,T,10.433350801467896,11.524100032485709,10.45444796952819,10.45444796952819
q20,s3,12,C,0.01370847209696585,0.013866192011720936,1.1505287652735223,1.1505287652735223
q20,base,12,T,36.41234993934631,30.91520664242345,-15.09691988042437,15.09691988042437
q20,base,12,C,0.0798997210513818,0.06209777774285169,-22.280357270686913,22.280357270686913
q20,s3,12,decision,1.0,1.0,0.0,0.0
q20,s3,13,T,10.269068002700806,11.702161013836779,13.955434035095143,13.955434035095143
q20,s3,13,C,0.013625068397936162,0.013875093891195798,1.8350402798528904,1.8350402798528904
q20,base,13,T,35.82715582847595,30.863124319270696,-13.855499814081726,13.855499814081726
q20,base,13,C,0.07900421074283591,0.06199832092414297,-21.52529549855041,21.52529549855041
q20,s3,13,decision,1.0,1.0,0.0,0.0
q20,s3,14,T,10.143606185913086,11.702224998909555,15.365529619643537,15.365529619643537
q20,s3,14,C,0.013502026153500886,0.013874296023465191,2.757140785627799,2.757140785627799
q20,base,14,T,36.328189849853516,30.86209539609098,-15.046426690551382,15.046426690551382
q20,base,14,C,0.07950496993163636,0.06199958410065469,-22.017976795707188,22.017976795707188
q20,s3,14,decision,1.0,1.0,0.0,0.0
q20,s3,15,T,10.200026988983154,11.702408235868456,14.729188937519414,14.729188937519414
q20,s3,15,C,0.013550272259063462,0.013875102132745063,2.3972202732998986,2.3972202732998986
q20,base,15,T,36.23922395706177,30.863334079557205,-14.834450880830708,14.834450880830708
q20,base,15,C,0.08023186997011272,0.06202088023518362,-22.697950006291638,22.697950006291638
q20,s3,15,decision,1.0,1.0,0.0,0.0
q20,nfs,1,T,8.989052057266235,10.258495203946978,14.12210251529913,14.12210251529913
q20,nfs,1,C,0.011454985301202907,0.012436144916124539,8.565350274335126,8.565350274335126
q20,nfs,1,decision,1.0,1.0,0.0,0.0
q20,nfs,2,T,8.330646991729736,10.258408073033088,23.14059260003623,23.14059260003623
q20,nfs,2,C,0.011681654696231003,0.012436142008892453,6.458736645458969,6.458736645458969
q20,nfs,2,decision,1.0,1.0,0.0,0.0
q20,nfs,3,T,8.331387996673584,10.258314371247055,23.12851562480131,23.12851562480131
q20,nfs,3,C,0.01153680797094366,0.012436138867835338,7.7953182470984315,7.7953182470984315
q20,nfs,3,decision,1.0,1.0,0.0,0.0
q20,nfs,4,T,9.737689971923828,10.285884223271447,5.629612905403628,5.629612905403628
q20,nfs,4,C,0.01170620591207678,0.01243706115849293,6.243314459915309,6.243314459915309
q20,nfs,4,decision,1.0,1.0,0.0,0.0
q20,nfs,5,T,8.610896825790405,10.285973045028562,19.45298211239919,19.45298211239919
q20,nfs,5,C,0.011670906990543748,0.012437064130552565,6.5646752272945825,6.5646752272945825
q20,nfs,5,decision,1.0,1.0,0.0,0.0
q20,nfs,6,T,11.343485116958618,10.2857647251981,-9.3244746288706,9.3244746288706
q20,nfs,6,C,0.011683901918956949,0.01243705717864468,6.446093650150801,6.446093650150801
q20,nfs,6,decision,1.0,1.0,0.0,0.0
q20,nfs,7,T,8.959105968475342,10.262513130768172,14.548406580736575,14.548406580736575
q20,nfs,7,C,0.011663770938233455,0.012436278959204,6.623141221320533,6.623141221320533
q20,nfs,7,decision,1.0,1.0,0.0,0.0
q20,nfs,8,T,9.470457077026367,10.262595252381509,8.364307751066491,8.364307751066491
q20,nfs,8,C,0.011417909210399518,0.012436281691845883,8.91908021583167,8.91908021583167
q20,nfs,8,decision,1.0,1.0,0.0,0.0
q20,nfs,9,T,9.402565002441406,10.262639904939753,9.147236974964022,9.147236974964022
q20,nfs,9,C,0.011870148920013587,0.012436283188492181,4.7693948264125625,4.7693948264125625
q20,nfs,9,decision,1.0,1.0,0.0,0.0
q20,nfs,10,T,9.302502155303955,10.289443246418706,10.609415344795513,10.609415344795513
q20,nfs,10,C,0.011288887176247648,0.012437179947954955,10.171886331926235,10.171886331926235
q20,nfs,10,decision,1.0,1.0,0.0,0.0
q20,nfs,11,T,8.768862962722778,10.289419770168717,17.340410198106206,17.340410198106206
q20,nfs,11,C,0.01140159997348101,0.012437179164296536,9.0827532383541,9.0827532383541
q20,nfs,11,decision,1.0,1.0,0.0,0.0
q20,nfs,12,T,9.455157995223999,10.289497691890121,8.824175091389955,8.824175091389955
q20,nfs,12,C,0.011869042430726168,0.01243718176430652,4.786732686282861,4.786732686282861
q20,nfs,12,decision,1.0,1.0,0.0,0.0
q20,nfs,13,T,9.031066179275513,10.391269341148622,15.061379629733008,15.061379629733008
q20,nfs,13,C,0.011379241035326778,0.012440587273156029,9.327038899468851,9.327038899468851
q20,nfs,13,decision,1.0,1.0,0.0,0.0
q20,nfs,14,T,9.141066074371338,10.391149543578159,13.675466942654099,13.675466942654099
q20,nfs,14,C,0.011506597114345318,0.012440583289669451,8.1169625219582,8.1169625219582
q20,nfs,14,decision,1.0,1.0,0.0,0.0
q20,nfs,15,T,9.10353398323059,10.391239742539957,14.14511948526165,14.14511948526165
q20,nfs,15,C,0.011604141697903369,0.012440586302582539,7.2081557296934635,7.2081557296934635
q20,nfs,15,decision,1.0,1.0,0.0,0.0
q21,s3,1,T,56.751667976379395,43.03208097796971,-24.17477316106358,24.17477316106358
q21,s3,1,C,0.1355026032151676,0.12142429537938573,-10.389695475758952,10.389695475758952
q21,base,1,T,53.24725103378296,42.864888482049025,-19.498401044491096,19.498401044491096
q21,base,1,C,0.1549648361053049,0.1322873753963058,-14.633939723969918,14.633939723969918
q21,s3,1,decision,0.0,0.0,0.0,0.0
q21,s3,2,T,57.79630994796753,41.736225075682434,-27.787387960829264,27.787387960829264
q21,s3,2,C,0.1375054537111453,0.12093959202165738,-12.047421569392782,12.047421569392782
q21,base,2,T,55.97208094596863,42.889482036553446,-23.37343669970779,23.37343669970779
q21,base,2,C,0.16089767034588093,0.13228020629002807,-17.786127042320775,17.786127042320775
q21,s3,2,decision,0.0,1.0,1.0,1.0
q21,s3,3,T,54.3177649974823,41.73075068181512,-23.17292384222843,23.17292384222843
q21,s3,3,C,0.12942274005349072,0.12093800559193135,-6.555829723627091,6.555829723627091
q21,base,3,T,52.29647397994995,42.90986435876288,-17.948838433707444,17.948838433707444
q21,base,3,C,0.15023889600041426,0.13226793233314219,-11.961591935035601,11.961591935035601
q21,s3,3,decision,0.0,1.0,1.0,1.0
q21,s3,4,T,54.444777965545654,43.046325202828804,-20.93580539520272,20.93580539520272
q21,s3,4,C,0.1282655726821275,0.12143489118152663,-5.32542081071817,5.32542081071817
q21,base,4,T,53.607649087905884,42.89614724935416,-19.981293753410064,19.981293753410064
q21,base,4,C,0.15311248139186062,0.13227841156135145,-13.607035586595032,13.607035586595032
q21,s3,4,decision,0.0,0.0,0.0,0.0
q21,s3,5,T,55.165812969207764,43.07558773093005,-21.916155291731464,21.916155291731464
q21,s3,5,C,0.131299273971383,0.12137853496903617,-7.555821675380383,7.555821675380383
q21,base,5,T,52.2362802028656,42.91840850170813,-17.837931156220247,17.837931156220247
q21,base,5,C,0.14945736266479942,0.13226723980686084,-11.50169021548461,11.50169021548461
q21,s3,5,decision,0.0,0.0,0.0,0.0
q21,s3,6,T,62.02601408958435,43.00423135011334,-30.66742723786473,30.66742723786473
q21,s3,6,C,0.14663867819233478,0.12188560387250874,-16.88031740667992,16.88031740667992
q21,base,6,T,54.14098906517029,42.85134373701109,-20.852307139364758,20.852307139364758
q21,base,6,C,0.1559271783303465,0.1323409101352654,-15.126463806785093,15.126463806785093
q21,s3,6,decision,0.0,0.0,0.0,0.0
q21,s3,7,T,53.31298494338989,43.045728113354585,-19.25845427889198,19.25845427889198
q21,s3,7,C,0.12510844594010107,0.12143014932010661,-2.9400865723770053,2.9400865723770053
q21,base,7,T,51.76084804534912,42.90261055826461,-17.113779664744982,17.113779664744982
q21,base,7,C,0.15044557004195877,0.13229944020232856,-12.061591334706176,12.061591334706176
q21,s3,7,decision,0.0,0.0,0.0,0.0
q21,s3,8,T,57.5463809967041,41.778812442114116,-27.399756998607877,27.399756998607877
q21,s3,8,C,0.13538565485488646,0.12087866516961074,-10.715307837322268,10.715307837322268
q21,base,8,T,48.842315912246704,42.901290294092135,-12.163685335536922,12.163685335536922
q21,base,8,C,0.1447066106734387,0.1322814379025555,-8.586458291752304,8.586458291752304
q21,s3,8,decision,0.0,1.0,1.0,1.0
q21,s3,9,T,59.13562989234924,43.04820063406704,-27.204291706316198,27.204291706316198
q21,s3,9,C,0.13964555645037793,0.1214322523927884,-13.042523171198434,13.042523171198434
q21,base,9,T,55.83700203895569,42.87398720243437,-23.215814537244384,23.215814537244384
q21,base,9,C,0.1594038676506769,0.13228479343290703,-17.012808169246902,17.012808169246902
q21,s3,9,decision,0.0,0.0,0.0,0.0
q21,s3,10,T,58.876928091049194,43.07171044067326,-26.844501170193922,26.844501170193922
q21,s3,10,C,0.13850141845532954,0.121378720616265,-12.362832113944787,12.362832113944787
q21,base,10,T,57.10358691215515,42.889356719209715,-24.8920093492757,24.8920093492757
q21,base,10,C,0.16208710726060757,0.13227840415047432,-18.390545438142777,18.390545438142777
q21,s3,10,decision,0.0,0.0,0.0,0.0
q21,s3,11,T,55.78115200996399,43.053290665267546,-22.817494594631015,22.817494594631015
q21,s3,11,C,0.13254825736595852,0.12141850782646457,-8.396752820948308,8.396752820948308
q21,base,11,T,55.30191397666931,42.885090331002495,-22.45279187064883,22.45279187064883
q21,base,11,C,0.15675645539699923,0.13227444998404736,-15.617861064125925,15.617861064125925
q21,s3,11,decision,0.0,0.0,0.0,0.0
q21,s3,12,T,57.470263957977295,41.76551122573048,-27.32674543435237,27.32674543435237
q21,s3,12,C,0.13569899702865146,0.12088659653368973,-10.915630048344603,10.915630048344603
q21,base,12,T,55.79525685310364,42.84019738915891,-23.21892611419011,23.21892611419011
q21,base,12,C,0.1572811029740345,0.1323186253195357,-15.871250380676596,15.871250380676596
q21,s3,12,decision,0.0,1.0,1.0,1.0
q21,s3,13,T,57.38156008720398,41.78195985805528,-27.185737378770558,27.185737378770558
q21,s3,13,C,0.13455043353820434,0.12088553545200434,-10.155967340172099,10.155967340172099
q21,base,13,T,58.9753680229187,42.84044306621576,-27.35875247176528,27.35875247176528
q21,base,13,C,0.16756212624494238,0.13232843860146534,-21.027238334259625,21.027238334259625
q21,s3,13,decision,1.0,1.0,0.0,0.0
q21,s3,14,T,54.92126202583313,43.098665047260994,-21.526448123153436,21.526448123153436
q21,s3,14,C,0.12925981794568725,0.12139748236875245,-6.082582895357644,6.082582895357644
q21,base,14,T,53.72321701049805,42.89916338691378,-20.14781360071781,20.14781360071781
q21,base,14,C,0.15335687321345434,0.13230109615686853,-13.72992068459736,13.72992068459736
q21,s3,14,decision,0.0,0.0,0.0,0.0
q21,s3,15,T,58.3501341342926,42.94915603330945,-26.394074888564717,26.394074888564717
q21,s3,15,C,0.13640803432456955,0.12193052722309716,-10.613382982284296,10.613382982284296
q21,base,15,T,57.15687894821167,42.898957631010084,-24.94524120206128,24.94524120206128
q21,base,15,C,0.16287672603112596,0.13229931714331652,-18.773344499794312,18.773344499794312
q21,s3,15,decision,0.0,0.0,0.0,0.0
q21,nfs,1,T,63.84309697151184,45.39160433757593,-28.901311980791544,28.901311980791544
q21,nfs,1,C,0.09158504004498637,0.07498351035419339,-18.126901164904606,18.126901164904606
q21,nfs,1,decision,0.0,0.0,0.0,0.0
q21,nfs,2,T,62.65893006324768,47.10621925783583,-24.82121987993252,24.82121987993252
q21,nfs,2,C,0.08457038538512221,0.07524762607299874,-11.023668947077477,11.023668947077477
q21,nfs,2,decision,0.0,0.0,0.0,0.0
q21,nfs,3,T,64.03005695343018,45.4101748938541,-29.079908632782477,29.079908632782477
q21,nfs,3,C,0.08846623236151781,0.07491800889479715,-15.31457043559373,15.31457043559373
q21,nfs,3,decision,0.0,0.0,0.0,0.0
q21,nfs,4,T,65.00684189796448,45.395660445854965,-30.167872918502113,30.167872918502113
q21,nfs,4,C,0.08831916681178795,0.07498309772235875,-15.09985835560354,15.09985835560354
q21,nfs,4,decision,0.0,0.0,0.0,0.0
q21,nfs,5,T,64.74998998641968,45.39620281331454,-29.890023422651186,29.890023422651186
q21,nfs,5,C,0.08959801728543124,0.07498452840549912,-16.31005832794058,16.31005832794058
q21,nfs,5,decision,0.0,0.0,0.0,0.0
q21,nfs,6,T,66.45572805404663,47.111781046882705,-29.10802059294576,29.10802059294576
q21,nfs,6,C,0.09360408276425183,0.07524822021081976,-19.610108887731478,19.610108887731478
q21,nfs,6,decision,0.0,0.0,0.0,0.0
q21,nfs,7,T,69.44306302070618,47.13184841385988,-32.12878815583589,32.12878815583589
q21,nfs,7,C,0.0989666089036877,0.07511190632491255,-24.103788988051587,24.103788988051587
q21,nfs,7,decision,0.0,0.0,0.0,0.0
q21,nfs,8,T,66.18810606002808,47.11729292817802,-28.813051569347124,28.813051569347124
q21,nfs,8,C,0.09249332922531385,0.07523072463785604,-18.663621184405724,18.663621184405724
q21,nfs,8,decision,0.0,0.0,0.0,0.0
q21,nfs,9,T,62.55235695838928,47.11509822453169,-24.678940146294845,24.678940146294845
q21,nfs,9,C,0.08704496476450879,0.07524864054752853,-13.551989191900999,13.551989191900999
q21,nfs,9,decision,0.0,0.0,0.0,0.0
q21,nfs,10,T,63.96754002571106,45.38851616495029,-29.044455755674104,29.044455755674104
q21,nfs,10,C,0.09012936758242723,0.07498303159951925,-16.805106248033976,16.805106248033976
q21,nfs,10,decision,0.0,0.0,0.0,0.0
q21,nfs,11,T,66.27502202987671,45.39021126920692,-31.512340729596346,31.512340729596346
q21,nfs,11,C,0.09334092225527499,0.07498319720576306,-19.667391971236363,19.667391971236363
q21,nfs,11,decision,0.0,0.0,0.0,0.0
q21,nfs,12,T,66.31738996505737,47.10884014873041,-28.96457449011179,28.96457449011179
q21,nfs,12,C,0.0930575744350362,0.07524794280571075,-19.1382934032505,19.1382934032505
q21,nfs,12,decision,0.0,0.0,0.0,0.0
q21,nfs,13,T,68.40943813323975,45.39584668201697,-33.64095960911072,33.64095960911072
q21,nfs,13,C,0.09670054766086249,0.07498425159406111,-22.457262747841288,22.457262747841288
q21,nfs,13,decision,0.0,0.0,0.0,0.0
q21,nfs,14,T,63.4591920375824,47.11295045851142,-25.758666403111864,25.758666403111864
q21,nfs,14,C,0.08644331932457583,0.07524853356901409,-12.950434854922399,12.950434854922399
q21,nfs,14,decision,0.0,0.0,0.0,0.0
q21,nfs,15,T,64.1846878528595,47.12661671624041,-26.576542953241344,26.576542953241344
q21,nfs,15,C,0.08793526123640293,0.07511015814275658,-14.584710289502253,14.584710289502253
q21,nfs,15,decision,0.0,0.0,0.0,0.0
