query,plan,run_as,T_est_s,C_est_usd,max_fn_mb,bf_off,max_size_mb,p
q2,default,default,4.466115531923481,0.001591645600056846,35.64294753074646,,{},"{""step1-region"": 1, ""step1-region--combine"": 1, ""step1-region--mergebf"": 1, ""step2-nation"": 1, ""step2-nation--combine"": 1, ""step2-nation--mergebf"": 1, ""step3-join-region-nation"": 1, ""step3-join-region-nation--combine"": 1, ""step3-join-region-nation--mergebf"": 1, ""step4-supplier"": 10, ""step4-supplier--combine"": 1, ""step4-supplier--mergebf"": 1, ""step5-part"": 10, ""step5-part--combine"": 1, ""step5-part--mergebf"": 1, ""step6-partsupp"": 20, ""step6-partsupp--combine"": 1, ""step7-join-part-partsupp"": 1, ""step7-join-part-partsupp--combine"": 1, ""step8-join-supplier"": 1, ""step8-join-supplier--combine"": 1, ""step9-join-nation"": 1, ""step9-join-nation--combine"": 1, ""step10-min-supplycost"": 1, ""step10-min-supplycost--reduce"": 1, ""step11-join-min"": 1, ""step11-join-min--combine"": 1, ""step12-agg"": 1}"
q2,knee,knee,3.9929300442442313,0.0016098193873245572,35.64294753074646,step1-region--mergebf step2-nation--mergebf step4-supplier--mergebf,"{""step4-supplier--combine"": 10, ""step8-join-supplier"": 10, ""step7-join-part-partsupp--combine"": 1000}","{""step1-region"": 1, ""step1-region--combine"": 1, ""step2-nation"": 1, ""step2-nation--combine"": 1, ""step3-join-region-nation"": 1, ""step3-join-region-nation--combine"": 1, ""step3-join-region-nation--mergebf"": 1, ""step4-supplier"": 10, ""step4-supplier--combine"": 2, ""step5-part"": 10, ""step5-part--combine"": 1, ""step5-part--mergebf"": 1, ""step6-partsupp"": 20, ""step6-partsupp--combine"": 1, ""step7-join-part-partsupp"": 1, ""step7-join-part-partsupp--combine"": 1, ""step8-join-supplier"": 2, ""step8-join-supplier--combine"": 1, ""step9-join-nation"": 1, ""step9-join-nation--combine"": 1, ""step10-min-supplycost"": 1, ""step10-min-supplycost--reduce"": 1, ""step11-join-min"": 1, ""step11-join-min--combine"": 1, ""step12-agg"": 1}"
q2,min_T,min_T,3.757069863644684,0.001965820185291367,17.82147376537323,step1-region--mergebf step2-nation--mergebf step4-supplier--mergebf,"{""step4-supplier--combine"": 10, ""step6-partsupp"": 25, ""step8-join-supplier"": 10, ""step7-join-part-partsupp--combine"": 1000}","{""step1-region"": 1, ""step1-region--combine"": 1, ""step2-nation"": 1, ""step2-nation--combine"": 1, ""step3-join-region-nation"": 1, ""step3-join-region-nation--combine"": 1, ""step3-join-region-nation--mergebf"": 1, ""step4-supplier"": 10, ""step4-supplier--combine"": 2, ""step5-part"": 10, ""step5-part--combine"": 1, ""step5-part--mergebf"": 1, ""step6-partsupp"": 40, ""step6-partsupp--combine"": 1, ""step7-join-part-partsupp"": 1, ""step7-join-part-partsupp--combine"": 1, ""step8-join-supplier"": 2, ""step8-join-supplier--combine"": 1, ""step9-join-nation"": 1, ""step9-join-nation--combine"": 1, ""step10-min-supplycost"": 1, ""step10-min-supplycost--reduce"": 1, ""step11-join-min"": 1, ""step11-join-min--combine"": 1, ""step12-agg"": 1}"
q2,min_C,min_C,4.912308098629132,0.0014067503517555416,71.28589506149292,step1-region--mergebf step2-nation--mergebf step4-supplier--mergebf,"{""step4-supplier--combine"": 1000, ""step6-partsupp"": 100, ""step8-join-supplier"": 10}","{""step1-region"": 1, ""step1-region--combine"": 1, ""step2-nation"": 1, ""step2-nation--combine"": 1, ""step3-join-region-nation"": 1, ""step3-join-region-nation--combine"": 1, ""step3-join-region-nation--mergebf"": 1, ""step4-supplier"": 10, ""step4-supplier--combine"": 1, ""step5-part"": 10, ""step5-part--combine"": 1, ""step5-part--mergebf"": 1, ""step6-partsupp"": 10, ""step6-partsupp--combine"": 1, ""step7-join-part-partsupp"": 1, ""step7-join-part-partsupp--combine"": 1, ""step8-join-supplier"": 1, ""step8-join-supplier--combine"": 1, ""step9-join-nation"": 1, ""step9-join-nation--combine"": 1, ""step10-min-supplycost"": 1, ""step10-min-supplycost--reduce"": 1, ""step11-join-min"": 1, ""step11-join-min--combine"": 1, ""step12-agg"": 1}"
q2,front_01,min_T,3.757069863644684,0.001965820185291367,17.82147376537323,step1-region--mergebf step2-nation--mergebf step4-supplier--mergebf,"{""step4-supplier--combine"": 10, ""step6-partsupp"": 25, ""step8-join-supplier"": 10, ""step7-join-part-partsupp--combine"": 1000}","{""step1-region"": 1, ""step1-region--combine"": 1, ""step2-nation"": 1, ""step2-nation--combine"": 1, ""step3-join-region-nation"": 1, ""step3-join-region-nation--combine"": 1, ""step3-join-region-nation--mergebf"": 1, ""step4-supplier"": 10, ""step4-supplier--combine"": 2, ""step5-part"": 10, ""step5-part--combine"": 1, ""step5-part--mergebf"": 1, ""step6-partsupp"": 40, ""step6-partsupp--combine"": 1, ""step7-join-part-partsupp"": 1, ""step7-join-part-partsupp--combine"": 1, ""step8-join-supplier"": 2, ""step8-join-supplier--combine"": 1, ""step9-join-nation"": 1, ""step9-join-nation--combine"": 1, ""step10-min-supplycost"": 1, ""step10-min-supplycost--reduce"": 1, ""step11-join-min"": 1, ""step11-join-min--combine"": 1, ""step12-agg"": 1}"
q2,front_02,front_02,3.8430974328721996,0.0019539424198311227,18.469480514526367,step1-region--mergebf step2-nation--mergebf step4-supplier--mergebf,"{""step4-supplier--combine"": 10, ""step6-partsupp"": 25, ""step8-join-supplier"": 1000}","{""step1-region"": 1, ""step1-region--combine"": 1, ""step2-nation"": 1, ""step2-nation--combine"": 1, ""step3-join-region-nation"": 1, ""step3-join-region-nation--combine"": 1, ""step3-join-region-nation--mergebf"": 1, ""step4-supplier"": 10, ""step4-supplier--combine"": 2, ""step5-part"": 10, ""step5-part--combine"": 1, ""step5-part--mergebf"": 1, ""step6-partsupp"": 40, ""step6-partsupp--combine"": 1, ""step7-join-part-partsupp"": 1, ""step7-join-part-partsupp--combine"": 1, ""step8-join-supplier"": 1, ""step8-join-supplier--combine"": 1, ""step9-join-nation"": 1, ""step9-join-nation--combine"": 1, ""step10-min-supplycost"": 1, ""step10-min-supplycost--reduce"": 1, ""step11-join-min"": 1, ""step11-join-min--combine"": 1, ""step12-agg"": 1}"
q2,front_03,front_03,4.078957613471747,0.0015979416218643132,35.64294753074646,step1-region--mergebf step2-nation--mergebf step4-supplier--mergebf,"{""step4-supplier--combine"": 10, ""step8-join-supplier"": 1000}","{""step1-region"": 1, ""step1-region--combine"": 1, ""step2-nation"": 1, ""step2-nation--combine"": 1, ""step3-join-region-nation"": 1, ""step3-join-region-nation--combine"": 1, ""step3-join-region-nation--mergebf"": 1, ""step4-supplier"": 10, ""step4-supplier--combine"": 2, ""step5-part"": 10, ""step5-part--combine"": 1, ""step5-part--mergebf"": 1, ""step6-partsupp"": 20, ""step6-partsupp--combine"": 1, ""step7-join-part-partsupp"": 1, ""step7-join-part-partsupp--combine"": 1, ""step8-join-supplier"": 1, ""step8-join-supplier--combine"": 1, ""step9-join-nation"": 1, ""step9-join-nation--combine"": 1, ""step10-min-supplycost"": 1, ""step10-min-supplycost--reduce"": 1, ""step11-join-min"": 1, ""step11-join-min--combine"": 1, ""step12-agg"": 1}"
q2,front_04,front_04,4.2772747882545366,0.0015847505945639588,35.64294753074646,step1-region--mergebf step2-nation--mergebf step4-supplier--mergebf,"{""step4-supplier--combine"": 1000, ""step8-join-supplier"": 10}","{""step1-region"": 1, ""step1-region--combine"": 1, ""step2-nation"": 1, ""step2-nation--combine"": 1, ""step3-join-region-nation"": 1, ""step3-join-region-nation--combine"": 1, ""step3-join-region-nation--mergebf"": 1, ""step4-supplier"": 10, ""step4-supplier--combine"": 1, ""step5-part"": 10, ""step5-part--combine"": 1, ""step5-part--mergebf"": 1, ""step6-partsupp"": 20, ""step6-partsupp--combine"": 1, ""step7-join-part-partsupp"": 1, ""step7-join-part-partsupp--combine"": 1, ""step8-join-supplier"": 1, ""step8-join-supplier--combine"": 1, ""step9-join-nation"": 1, ""step9-join-nation--combine"": 1, ""step10-min-supplycost"": 1, ""step10-min-supplycost--reduce"": 1, ""step11-join-min"": 1, ""step11-join-min--combine"": 1, ""step12-agg"": 1}"
q2,front_05,front_05,4.7139909238463416,0.001419941379055896,71.28589506149292,step1-region--mergebf step2-nation--mergebf step4-supplier--mergebf,"{""step4-supplier--combine"": 10, ""step6-partsupp"": 100, ""step5-part--combine"": 1000}","{""step1-region"": 1, ""step1-region--combine"": 1, ""step2-nation"": 1, ""step2-nation--combine"": 1, ""step3-join-region-nation"": 1, ""step3-join-region-nation--combine"": 1, ""step3-join-region-nation--mergebf"": 1, ""step4-supplier"": 10, ""step4-supplier--combine"": 2, ""step5-part"": 10, ""step5-part--combine"": 1, ""step5-part--mergebf"": 1, ""step6-partsupp"": 10, ""step6-partsupp--combine"": 1, ""step7-join-part-partsupp"": 1, ""step7-join-part-partsupp--combine"": 1, ""step8-join-supplier"": 1, ""step8-join-supplier--combine"": 1, ""step9-join-nation"": 1, ""step9-join-nation--combine"": 1, ""step10-min-supplycost"": 1, ""step10-min-supplycost--reduce"": 1, ""step11-join-min"": 1, ""step11-join-min--combine"": 1, ""step12-agg"": 1}"
q2,front_06,min_C,4.912308098629132,0.0014067503517555416,71.28589506149292,step1-region--mergebf step2-nation--mergebf step4-supplier--mergebf,"{""step4-supplier--combine"": 1000, ""step6-partsupp"": 100, ""step8-join-supplier"": 10}","{""step1-region"": 1, ""step1-region--combine"": 1, ""step2-nation"": 1, ""step2-nation--combine"": 1, ""step3-join-region-nation"": 1, ""step3-join-region-nation--combine"": 1, ""step3-join-region-nation--mergebf"": 1, ""step4-supplier"": 10, ""step4-supplier--combine"": 1, ""step5-part"": 10, ""step5-part--combine"": 1, ""step5-part--mergebf"": 1, ""step6-partsupp"": 10, ""step6-partsupp--combine"": 1, ""step7-join-part-partsupp"": 1, ""step7-join-part-partsupp--combine"": 1, ""step8-join-supplier"": 1, ""step8-join-supplier--combine"": 1, ""step9-join-nation"": 1, ""step9-join-nation--combine"": 1, ""step10-min-supplycost"": 1, ""step10-min-supplycost--reduce"": 1, ""step11-join-min"": 1, ""step11-join-min--combine"": 1, ""step12-agg"": 1}"
q3,default,default,15.073326965403604,0.01761623238486005,85.28630375862122,,{},"{""Step1-customer"": 10, ""Step1-customer--combine"": 1, ""Step1-customer--mergebf"": 1, ""Step2-orders"": 40, ""Step2-orders--combine"": 4, ""Step3-join-customer-orders"": 4, ""Step3-join-customer-orders--combine"": 2, ""Step3-join-customer-orders--mergebf"": 1, ""Step4-lineitem"": 100, ""Step4-lineitem--combine"": 8, ""Step5-join"": 16, ""Step5-join--combine"": 1, ""Step6-agg"": 1}"
q3,knee,knee,12.22137943888292,0.016133371115694666,112.18181241989136,,"{""Step1-customer--combine"": 10, ""Step2-orders--combine"": 25, ""Step4-lineitem"": 100, ""Step5-join--combine"": 10, ""Step6-agg"": 10}","{""Step1-customer"": 10, ""Step1-customer--combine"": 2, ""Step1-customer--mergebf"": 1, ""Step2-orders"": 40, ""Step2-orders--combine"": 7, ""Step3-join-customer-orders"": 4, ""Step3-join-customer-orders--combine"": 2, ""Step3-join-customer-orders--mergebf"": 1, ""Step4-lineitem"": 50, ""Step4-lineitem--combine"": 8, ""Step5-join"": 16, ""Step5-join--combine"": 3, ""Step6-agg"": 3}"
q3,min_T,min_T,9.621711458132825,0.027749425290963574,85.28630375862122,,"{""Step1-customer--combine"": 10, ""Step2-orders--combine"": 10, ""Step3-join-customer-orders"": 25, ""Step3-join-customer-orders--combine"": 10, ""Step4-lineitem"": 25, ""Step4-lineitem--combine"": 10, ""Step5-join--combine"": 10, ""Step6-agg"": 10, ""Step1-customer"": 1000}","{""Step1-customer"": 10, ""Step1-customer--combine"": 2, ""Step1-customer--mergebf"": 1, ""Step2-orders"": 40, ""Step2-orders--combine"": 20, ""Step3-join-customer-orders"": 7, ""Step3-join-customer-orders--combine"": 7, ""Step3-join-customer-orders--mergebf"": 1, ""Step4-lineitem"": 200, ""Step4-lineitem--combine"": 40, ""Step5-join"": 16, ""Step5-join--combine"": 3, ""Step6-agg"": 3}"
q3,min_C,min_C,23.354533372400503,0.01183658515239097,199.88988876342773,,"{""Step2-orders"": 200, ""Step2-orders--combine"": 200, ""Step4-lineitem"": 200, ""Step3-join-customer-orders--combine"": 1000}","{""Step1-customer"": 10, ""Step1-customer--combine"": 1, ""Step1-customer--mergebf"": 1, ""Step2-orders"": 10, ""Step2-orders--combine"": 1, ""Step3-join-customer-orders"": 1, ""Step3-join-customer-orders--combine"": 1, ""Step3-join-customer-orders--mergebf"": 1, ""Step4-lineitem"": 30, ""Step4-lineitem--combine"": 8, ""Step5-join"": 8, ""Step5-join--combine"": 1, ""Step6-agg"": 1}"
q3,front_01,min_T,9.621711458132825,0.027749425290963574,85.28630375862122,,"{""Step1-customer--combine"": 10, ""Step2-orders--combine"": 10, ""Step3-join-customer-orders"": 25, ""Step3-join-customer-orders--combine"": 10, ""Step4-lineitem"": 25, ""Step4-lineitem--combine"": 10, ""Step5-join--combine"": 10, ""Step6-agg"": 10, ""Step1-customer"": 1000}","{""Step1-customer"": 10, ""Step1-customer--combine"": 2, ""Step1-customer--mergebf"": 1, ""Step2-orders"": 40, ""Step2-orders--combine"": 20, ""Step3-join-customer-orders"": 7, ""Step3-join-customer-orders--combine"": 7, ""Step3-join-customer-orders--mergebf"": 1, ""Step4-lineitem"": 200, ""Step4-lineitem--combine"": 40, ""Step5-join"": 16, ""Step5-join--combine"": 3, ""Step6-agg"": 3}"
q3,front_02,front_02,11.048635719358877,0.01775124132227823,112.18181241989136,,"{""Step1-customer--combine"": 10, ""Step2-orders--combine"": 10, ""Step3-join-customer-orders--combine"": 25, ""Step4-lineitem"": 100, ""Step5-join--combine"": 10, ""Step6-agg"": 10}","{""Step1-customer"": 10, ""Step1-customer--combine"": 2, ""Step1-customer--mergebf"": 1, ""Step2-orders"": 40, ""Step2-orders--combine"": 20, ""Step3-join-customer-orders"": 4, ""Step3-join-customer-orders--combine"": 4, ""Step3-join-customer-orders--mergebf"": 1, ""Step4-lineitem"": 50, ""Step4-lineitem--combine"": 8, ""Step5-join"": 16, ""Step5-join--combine"": 3, ""Step6-agg"": 3}"
q3,front_03,front_03,13.551386579753094,0.014735331495526756,186.9696873664856,,"{""Step1-customer--combine"": 10, ""Step2-orders"": 100, ""Step2-orders--combine"": 25, ""Step4-lineitem"": 200, ""Step5-join--combine"": 10, ""Step6-agg"": 10, ""Step3-join-customer-orders--combine"": 25}","{""Step1-customer"": 10, ""Step1-customer--combine"": 2, ""Step1-customer--mergebf"": 1, ""Step2-orders"": 20, ""Step2-orders--combine"": 7, ""Step3-join-customer-orders"": 4, ""Step3-join-customer-orders--combine"": 4, ""Step3-join-customer-orders--mergebf"": 1, ""Step4-lineitem"": 30, ""Step4-lineitem--combine"": 8, ""Step5-join"": 16, ""Step5-join--combine"": 3, ""Step6-agg"": 3}"
q3,front_04,front_04,14.674043818181676,0.013499878618618568,186.9696873664856,,"{""Step1-customer--combine"": 1000, ""Step2-orders"": 100, ""Step2-orders--combine"": 25, ""Step4-lineitem"": 200, ""Step5-join--combine"": 10, ""Step6-agg"": 10}","{""Step1-customer"": 10, ""Step1-customer--combine"": 1, ""Step1-customer--mergebf"": 1, ""Step2-orders"": 20, ""Step2-orders--combine"": 7, ""Step3-join-customer-orders"": 4, ""Step3-join-customer-orders--combine"": 2, ""Step3-join-customer-orders--mergebf"": 1, ""Step4-lineitem"": 30, ""Step4-lineitem--combine"": 8, ""Step5-join"": 16, ""Step5-join--combine"": 3, ""Step6-agg"": 3}"
q3,front_05,front_05,17.499411648289666,0.012509049384569669,186.9696873664856,,"{""Step1-customer--combine"": 10, ""Step2-orders"": 1000, ""Step2-orders--combine"": 25, ""Step4-lineitem"": 200, ""Step4-lineitem--combine"": 100, ""Step5-join--combine"": 25, ""Step6-agg"": 10}","{""Step1-customer"": 10, ""Step1-customer--combine"": 2, ""Step1-customer--mergebf"": 1, ""Step2-orders"": 10, ""Step2-orders--combine"": 10, ""Step3-join-customer-orders"": 4, ""Step3-join-customer-orders--combine"": 2, ""Step3-join-customer-orders--mergebf"": 1, ""Step4-lineitem"": 30, ""Step4-lineitem--combine"": 4, ""Step5-join"": 8, ""Step5-join--combine"": 2, ""Step6-agg"": 2}"
q3,front_06,min_C,23.354533372400503,0.01183658515239097,199.88988876342773,,"{""Step2-orders"": 200, ""Step2-orders--combine"": 200, ""Step4-lineitem"": 200, ""Step3-join-customer-orders--combine"": 1000}","{""Step1-customer"": 10, ""Step1-customer--combine"": 1, ""Step1-customer--mergebf"": 1, ""Step2-orders"": 10, ""Step2-orders--combine"": 1, ""Step3-join-customer-orders"": 1, ""Step3-join-customer-orders--combine"": 1, ""Step3-join-customer-orders--mergebf"": 1, ""Step4-lineitem"": 30, ""Step4-lineitem--combine"": 8, ""Step5-join"": 8, ""Step5-join--combine"": 1, ""Step6-agg"": 1}"
q4,default,default,7.515181433697716,0.005898048995002712,102.34182430903117,,{},"{""step1-orders"": 20, ""step1-orders--combine-and-make-bf"": 1, ""step1-orders--mergebf"": 1, ""step2-lineitem"": 30, ""step2-lineitem--combine"": 1, ""step3-join"": 1, ""step3-join--combine"": 1, ""step4-agg"": 1}"
q4,knee,knee,5.5440167707251975,0.0065990437945317275,153.51273646354676,step1-orders--mergebf,"{""step1-orders--combine-and-make-bf"": 25, ""step2-lineitem"": 100, ""step4-agg"": 1000}","{""step1-orders"": 20, ""step1-orders--combine-and-make-bf"": 2, ""step2-lineitem"": 20, ""step2-lineitem--combine"": 19, ""step3-join"": 19, ""step3-join--combine"": 1, ""step4-agg"": 1}"
q4,min_T,min_T,4.012029742698952,0.01222106015378566,51.170912154515584,step1-orders--mergebf,"{""step1-orders"": 25, ""step1-orders--combine-and-make-bf"": 10, ""step2-lineitem--combine"": 10, ""step3-join"": 25, ""step2-lineitem"": 25, ""step4-agg"": 1000}","{""step1-orders"": 30, ""step1-orders--combine-and-make-bf"": 3, ""step2-lineitem"": 60, ""step2-lineitem--combine"": 56, ""step3-join"": 56, ""step3-join--combine"": 1, ""step4-agg"": 1}"
q4,min_C,min_C,7.862177999832667,0.005135018544543967,153.51273646354676,step1-orders--mergebf,"{""step1-orders"": 100, ""step2-lineitem"": 100, ""step2-lineitem--combine"": 100, ""step1-orders--combine-and-make-bf"": 1000}","{""step1-orders"": 10, ""step1-orders--combine-and-make-bf"": 1, ""step2-lineitem"": 20, ""step2-lineitem--combine"": 7, ""step3-join"": 7, ""step3-join--combine"": 1, ""step4-agg"": 1}"
q4,front_01,min_T,4.012029742698952,0.01222106015378566,51.170912154515584,step1-orders--mergebf,"{""step1-orders"": 25, ""step1-orders--combine-and-make-bf"": 10, ""step2-lineitem--combine"": 10, ""step3-join"": 25, ""step2-lineitem"": 25, ""step4-agg"": 1000}","{""step1-orders"": 30, ""step1-orders--combine-and-make-bf"": 3, ""step2-lineitem"": 60, ""step2-lineitem--combine"": 56, ""step3-join"": 56, ""step3-join--combine"": 1, ""step4-agg"": 1}"
q4,front_02,front_02,4.657876070910434,0.008878527473241403,102.34182430903117,step1-orders--mergebf,"{""step1-orders"": 25, ""step1-orders--combine-and-make-bf"": 10, ""step2-lineitem--combine"": 10, ""step3-join"": 25, ""step4-agg"": 1000}","{""step1-orders"": 30, ""step1-orders--combine-and-make-bf"": 3, ""step2-lineitem"": 30, ""step2-lineitem--combine"": 28, ""step3-join"": 56, ""step3-join--combine"": 1, ""step4-agg"": 1}"
q4,front_03,front_03,5.369122410788635,0.007054038779758106,153.51273646354676,step1-orders--mergebf,"{""step1-orders--combine-and-make-bf"": 25, ""step2-lineitem"": 100, ""step3-join"": 10, ""step1-orders"": 25, ""step2-lineitem--combine"": 10}","{""step1-orders"": 30, ""step1-orders--combine-and-make-bf"": 2, ""step2-lineitem"": 20, ""step2-lineitem--combine"": 19, ""step3-join"": 38, ""step3-join--combine"": 1, ""step4-agg"": 1}"
q4,front_04,front_04,5.80622381559187,0.006433249573559281,102.34182430903117,step1-orders--mergebf,"{""step1-orders--combine-and-make-bf"": 1000}","{""step1-orders"": 20, ""step1-orders--combine-and-make-bf"": 1, ""step2-lineitem"": 30, ""step2-lineitem--combine"": 14, ""step3-join"": 14, ""step3-join--combine"": 1, ""step4-agg"": 1}"
q4,front_05,front_05,6.8411967341964655,0.0057374226214086015,153.51273646354676,step1-orders--mergebf,"{""step1-orders"": 100, ""step2-lineitem"": 100, ""step3-join"": 100}","{""step1-orders"": 10, ""step1-orders--combine-and-make-bf"": 1, ""step2-lineitem"": 20, ""step2-lineitem--combine"": 19, ""step3-join"": 7, ""step3-join--combine"": 1, ""step4-agg"": 1}"
q4,front_06,min_C,7.862177999832667,0.005135018544543967,153.51273646354676,step1-orders--mergebf,"{""step1-orders"": 100, ""step2-lineitem"": 100, ""step2-lineitem--combine"": 100, ""step1-orders--combine-and-make-bf"": 1000}","{""step1-orders"": 10, ""step1-orders--combine-and-make-bf"": 1, ""step2-lineitem"": 20, ""step2-lineitem--combine"": 7, ""step3-join"": 7, ""step3-join--combine"": 1, ""step4-agg"": 1}"
q5,default,default,23.82925057460882,0.06460996772323868,58.13164429413645,,{},"{""step1-region"": 1, ""step1-region--combine"": 1, ""step1-region--mergebf"": 1, ""step2-nation"": 1, ""step2-nation--combine"": 1, ""step3-join-region-nation"": 1, ""step3-join-region-nation--combine"": 1, ""step3-join-region-nation--mergebf"": 1, ""step4-supplier"": 10, ""step4-supplier--combine"": 1, ""step5-customer"": 10, ""step5-customer--combine"": 1, ""step6-orders"": 30, ""step6-orders--combine"": 5, ""step7-lineitem"": 190, ""step7-lineitem--combine"": 190, ""step8-join-customer-orders"": 5, ""step8-join-customer-orders--combine"": 1, ""step9-join-orders-lineitem"": 190, ""step9-join-orders-lineitem--combine"": 4, ""step10-join-supplier"": 4, ""step10-join-supplier--combine"": 1, ""step11-join-nation"": 1, ""step11-join-nation--combine"": 1, ""step12-agg"": 1}"
q5,knee,knee,24.23978436509751,0.06146140221995526,116.2632885882729,step1-region--mergebf,"{""step5-customer--combine"": 10, ""step6-orders--combine"": 10, ""step8-join-customer-orders"": 25, ""step9-join-orders-lineitem--combine"": 10, ""step10-join-supplier"": 25, ""step7-lineitem--combine"": 100}","{""step1-region"": 1, ""step1-region--combine"": 1, ""step2-nation"": 1, ""step2-nation--combine"": 1, ""step3-join-region-nation"": 1, ""step3-join-region-nation--combine"": 1, ""step3-join-region-nation--mergebf"": 1, ""step4-supplier"": 10, ""step4-supplier--combine"": 1, ""step5-customer"": 10, ""step5-customer--combine"": 2, ""step6-orders"": 30, ""step6-orders--combine"": 30, ""step7-lineitem"": 190, ""step7-lineitem--combine"": 95, ""step8-join-customer-orders"": 10, ""step8-join-customer-orders--combine"": 1, ""step9-join-orders-lineitem"": 95, ""step9-join-orders-lineitem--combine"": 24, ""step10-join-supplier"": 8, ""step10-join-supplier--combine"": 1, ""step11-join-nation"": 1, ""step11-join-nation--combine"": 1, ""step12-agg"": 1}"
q5,min_T,min_T,20.626467644276268,0.08158553684601061,58.13164429413645,step1-region--mergebf,"{""step5-customer--combine"": 10, ""step6-orders"": 25, ""step6-orders--combine"": 10, ""step8-join-customer-orders"": 25, ""step8-join-customer-orders--combine"": 10, ""step9-join-orders-lineitem--combine"": 10, ""step10-join-supplier"": 25, ""step9-join-orders-lineitem"": 25}","{""step1-region"": 1, ""step1-region--combine"": 1, ""step2-nation"": 1, ""step2-nation--combine"": 1, ""step3-join-region-nation"": 1, ""step3-join-region-nation--combine"": 1, ""step3-join-region-nation--mergebf"": 1, ""step4-supplier"": 10, ""step4-supplier--combine"": 1, ""step5-customer"": 10, ""step5-customer--combine"": 2, ""step6-orders"": 70, ""step6-orders--combine"": 24, ""step7-lineitem"": 190, ""step7-lineitem--combine"": 190, ""step8-join-customer-orders"": 12, ""step8-join-customer-orders--combine"": 3, ""step9-join-orders-lineitem"": 190, ""step9-join-orders-lineitem--combine"": 22, ""step10-join-supplier"": 11, ""step10-join-supplier--combine"": 1, ""step11-join-nation"": 1, ""step11-join-nation--combine"": 1, ""step12-agg"": 1}"
q5,min_C,min_C,37.37708203798964,0.05276806445242745,194.94531536102295,step1-region--mergebf,"{""step6-orders"": 200, ""step6-orders--combine"": 200, ""step7-lineitem"": 100, ""step9-join-orders-lineitem--combine"": 200, ""step9-join-orders-lineitem"": 100}","{""step1-region"": 1, ""step1-region--combine"": 1, ""step2-nation"": 1, ""step2-nation--combine"": 1, ""step3-join-region-nation"": 1, ""step3-join-region-nation--combine"": 1, ""step3-join-region-nation--mergebf"": 1, ""step4-supplier"": 10, ""step4-supplier--combine"": 1, ""step5-customer"": 10, ""step5-customer--combine"": 1, ""step6-orders"": 10, ""step6-orders--combine"": 2, ""step7-lineitem"": 90, ""step7-lineitem--combine"": 90, ""step8-join-customer-orders"": 2, ""step8-join-customer-orders--combine"": 1, ""step9-join-orders-lineitem"": 90, ""step9-join-orders-lineitem--combine"": 1, ""step10-join-supplier"": 1, ""step10-join-supplier--combine"": 1, ""step11-join-nation"": 1, ""step11-join-nation--combine"": 1, ""step12-agg"": 1}"
q5,front_01,min_T,20.626467644276268,0.08158553684601061,58.13164429413645,step1-region--mergebf,"{""step5-customer--combine"": 10, ""step6-orders"": 25, ""step6-orders--combine"": 10, ""step8-join-customer-orders"": 25, ""step8-join-customer-orders--combine"": 10, ""step9-join-orders-lineitem--combine"": 10, ""step10-join-supplier"": 25, ""step9-join-orders-lineitem"": 25}","{""step1-region"": 1, ""step1-region--combine"": 1, ""step2-nation"": 1, ""step2-nation--combine"": 1, ""step3-join-region-nation"": 1, ""step3-join-region-nation--combine"": 1, ""step3-join-region-nation--mergebf"": 1, ""step4-supplier"": 10, ""step4-supplier--combine"": 1, ""step5-customer"": 10, ""step5-customer--combine"": 2, ""step6-orders"": 70, ""step6-orders--combine"": 24, ""step7-lineitem"": 190, ""step7-lineitem--combine"": 190, ""step8-join-customer-orders"": 12, ""step8-join-customer-orders--combine"": 3, ""step9-join-orders-lineitem"": 190, ""step9-join-orders-lineitem--combine"": 22, ""step10-join-supplier"": 11, ""step10-join-supplier--combine"": 1, ""step11-join-nation"": 1, ""step11-join-nation--combine"": 1, ""step12-agg"": 1}"
q5,front_02,front_02,21.60605778551143,0.06582769888461966,58.13164429413645,step1-region--mergebf,"{""step5-customer--combine"": 10, ""step6-orders--combine"": 25, ""step8-join-customer-orders"": 25, ""step9-join-orders-lineitem--combine"": 10, ""step10-join-supplier"": 25}","{""step1-region"": 1, ""step1-region--combine"": 1, ""step2-nation"": 1, ""step2-nation--combine"": 1, ""step3-join-region-nation"": 1, ""step3-join-region-nation--combine"": 1, ""step3-join-region-nation--mergebf"": 1, ""step4-supplier"": 10, ""step4-supplier--combine"": 1, ""step5-customer"": 10, ""step5-customer--combine"": 2, ""step6-orders"": 30, ""step6-orders--combine"": 10, ""step7-lineitem"": 190, ""step7-lineitem--combine"": 190, ""step8-join-customer-orders"": 10, ""step8-join-customer-orders--combine"": 1, ""step9-join-orders-lineitem"": 190, ""step9-join-orders-lineitem--combine"": 22, ""step10-join-supplier"": 11, ""step10-join-supplier--combine"": 1, ""step11-join-nation"": 1, ""step11-join-nation--combine"": 1, ""step12-agg"": 1}"
q5,front_03,front_03,25.56795627323175,0.0605109536941188,116.2632885882729,step1-region--mergebf,"{""step5-customer--combine"": 10, ""step6-orders--combine"": 10, ""step7-lineitem--combine"": 100}","{""step1-region"": 1, ""step1-region--combine"": 1, ""step2-nation"": 1, ""step2-nation--combine"": 1, ""step3-join-region-nation"": 1, ""step3-join-region-nation--combine"": 1, ""step3-join-region-nation--mergebf"": 1, ""step4-supplier"": 10, ""step4-supplier--combine"": 1, ""step5-customer"": 10, ""step5-customer--combine"": 2, ""step6-orders"": 30, ""step6-orders--combine"": 30, ""step7-lineitem"": 190, ""step7-lineitem--combine"": 95, ""step8-join-customer-orders"": 5, ""step8-join-customer-orders--combine"": 1, ""step9-join-orders-lineitem"": 95, ""step9-join-orders-lineitem--combine"": 4, ""step10-join-supplier"": 4, ""step10-join-supplier--combine"": 1, ""step11-join-nation"": 1, ""step11-join-nation--combine"": 1, ""step12-agg"": 1}"
q5,front_04,front_04,28.320849163487615,0.054000032096091534,122.72236017651028,step1-region--mergebf,"{""step5-customer--combine"": 10, ""step6-orders"": 100, ""step6-orders--combine"": 25, ""step7-lineitem"": 100, ""step9-join-orders-lineitem--combine"": 25, ""step10-join-supplier"": 10}","{""step1-region"": 1, ""step1-region--combine"": 1, ""step2-nation"": 1, ""step2-nation--combine"": 1, ""step3-join-region-nation"": 1, ""step3-join-region-nation--combine"": 1, ""step3-join-region-nation--mergebf"": 1, ""step4-supplier"": 10, ""step4-supplier--combine"": 1, ""step5-customer"": 10, ""step5-customer--combine"": 2, ""step6-orders"": 20, ""step6-orders--combine"": 10, ""step7-lineitem"": 90, ""step7-lineitem--combine"": 90, ""step8-join-customer-orders"": 5, ""step8-join-customer-orders--combine"": 1, ""step9-join-orders-lineitem"": 90, ""step9-join-orders-lineitem--combine"": 9, ""step10-join-supplier"": 9, ""step10-join-supplier--combine"": 1, ""step11-join-nation"": 1, ""step11-join-nation--combine"": 1, ""step12-agg"": 1}"
q5,front_05,front_05,29.650235142226734,0.053348455858420775,163.23875932693483,step1-region--mergebf,"{""step6-orders"": 200, ""step7-lineitem"": 100, ""step9-join-orders-lineitem--combine"": 25, ""step10-join-supplier"": 25}","{""step1-region"": 1, ""step1-region--combine"": 1, ""step2-nation"": 1, ""step2-nation--combine"": 1, ""step3-join-region-nation"": 1, ""step3-join-region-nation--combine"": 1, ""step3-join-region-nation--mergebf"": 1, ""step4-supplier"": 10, ""step4-supplier--combine"": 1, ""step5-customer"": 10, ""step5-customer--combine"": 1, ""step6-orders"": 10, ""step6-orders--combine"": 5, ""step7-lineitem"": 90, ""step7-lineitem--combine"": 90, ""step8-join-customer-orders"": 5, ""step8-join-customer-orders--combine"": 1, ""step9-join-orders-lineitem"": 90, ""step9-join-orders-lineitem--combine"": 9, ""step10-join-supplier"": 9, ""step10-join-supplier--combine"": 1, ""step11-join-nation"": 1, ""step11-join-nation--combine"": 1, ""step12-agg"": 1}"
q5,front_06,min_C,37.37708203798964,0.05276806445242745,194.94531536102295,step1-region--mergebf,"{""step6-orders"": 200, ""step6-orders--combine"": 200, ""step7-lineitem"": 100, ""step9-join-orders-lineitem--combine"": 200, ""step9-join-orders-lineitem"": 100}","{""step1-region"": 1, ""step1-region--combine"": 1, ""step2-nation"": 1, ""step2-nation--combine"": 1, ""step3-join-region-nation"": 1, ""step3-join-region-nation--combine"": 1, ""step3-join-region-nation--mergebf"": 1, ""step4-supplier"": 10, ""step4-supplier--combine"": 1, ""step5-customer"": 10, ""step5-customer--combine"": 1, ""step6-orders"": 10, ""step6-orders--combine"": 2, ""step7-lineitem"": 90, ""step7-lineitem--combine"": 90, ""step8-join-customer-orders"": 2, ""step8-join-customer-orders--combine"": 1, ""step9-join-orders-lineitem"": 90, ""step9-join-orders-lineitem--combine"": 1, ""step10-join-supplier"": 1, ""step10-join-supplier--combine"": 1, ""step11-join-nation"": 1, ""step11-join-nation--combine"": 1, ""step12-agg"": 1}"
q7,default,default,19.738922884736446,0.04542718616221938,83.72979457705628,,{},"{""step1-nation"": 1, ""step1-nation--combine"": 1, ""step1-nation--mergebf"": 1, ""step2-supplier"": 10, ""step2-supplier--combine"": 1, ""step3-customer"": 10, ""step3-customer--combine"": 1, ""step4-orders"": 30, ""step4-orders--combine"": 30, ""step5-lineitem"": 190, ""step5-lineitem--combine"": 51, ""step6-join-customer-orders"": 30, ""step6-join-customer-orders--combine"": 2, ""step7-join-lineitem"": 102, ""step7-join-lineitem--combine"": 6, ""step8-join-supplier"": 6, ""step8-join-supplier--combine"": 1, ""step9-join-nation-supplier"": 1, ""step9-join-nation-supplier--combine"": 3, ""step10-join-nation-customer"": 3, ""step10-join-nation-customer--combine"": 1, ""step11-agg"": 1}"
q7,knee,knee,18.79584409866136,0.03546254715860821,171.65951694488524,,"{""step5-lineitem"": 200, ""step5-lineitem--combine"": 100, ""step7-join-lineitem--combine"": 10, ""step8-join-supplier"": 25, ""step7-join-lineitem"": 25}","{""step1-nation"": 1, ""step1-nation--combine"": 1, ""step1-nation--mergebf"": 1, ""step2-supplier"": 10, ""step2-supplier--combine"": 1, ""step3-customer"": 10, ""step3-customer--combine"": 1, ""step4-orders"": 30, ""step4-orders--combine"": 30, ""step5-lineitem"": 50, ""step5-lineitem--combine"": 27, ""step6-join-customer-orders"": 30, ""step6-join-customer-orders--combine"": 2, ""step7-join-lineitem"": 54, ""step7-join-lineitem--combine"": 27, ""step8-join-supplier"": 14, ""step8-join-supplier--combine"": 1, ""step9-join-nation-supplier"": 1, ""step9-join-nation-supplier--combine"": 3, ""step10-join-nation-customer"": 3, ""step10-join-nation-customer--combine"": 1, ""step11-agg"": 1}"
q7,min_T,min_T,16.748799179779507,0.05847344459144523,171.65951694488524,,"{""step4-orders"": 25, ""step4-orders--combine"": 10, ""step5-lineitem"": 200, ""step6-join-customer-orders"": 25, ""step6-join-customer-orders--combine"": 10, ""step7-join-lineitem--combine"": 10, ""step8-join-supplier"": 25, ""step7-join-lineitem"": 10}","{""step1-nation"": 1, ""step1-nation--combine"": 1, ""step1-nation--mergebf"": 1, ""step2-supplier"": 10, ""step2-supplier--combine"": 1, ""step3-customer"": 10, ""step3-customer--combine"": 1, ""step4-orders"": 70, ""step4-orders--combine"": 70, ""step5-lineitem"": 50, ""step5-lineitem--combine"": 53, ""step6-join-customer-orders"": 70, ""step6-join-customer-orders--combine"": 8, ""step7-join-lineitem"": 424, ""step7-join-lineitem--combine"": 27, ""step8-join-supplier"": 14, ""step8-join-supplier--combine"": 1, ""step9-join-nation-supplier"": 1, ""step9-join-nation-supplier--combine"": 3, ""step10-join-nation-customer"": 3, ""step10-join-nation-customer--combine"": 1, ""step11-agg"": 1}"
q7,min_C,min_C,27.918074846761723,0.03178066912114809,173.2412748336792,,"{""step4-orders"": 200, ""step5-lineitem"": 200, ""step5-lineitem--combine"": 100, ""step7-join-lineitem--combine"": 200, ""step10-join-nation-customer"": 200, ""step9-join-nation-supplier--combine"": 1000}","{""step1-nation"": 1, ""step1-nation--combine"": 1, ""step1-nation--mergebf"": 1, ""step2-supplier"": 10, ""step2-supplier--combine"": 1, ""step3-customer"": 10, ""step3-customer--combine"": 1, ""step4-orders"": 10, ""step4-orders--combine"": 10, ""step5-lineitem"": 50, ""step5-lineitem--combine"": 27, ""step6-join-customer-orders"": 10, ""step6-join-customer-orders--combine"": 2, ""step7-join-lineitem"": 54, ""step7-join-lineitem--combine"": 2, ""step8-join-supplier"": 2, ""step8-join-supplier--combine"": 1, ""step9-join-nation-supplier"": 1, ""step9-join-nation-supplier--combine"": 3, ""step10-join-nation-customer"": 1, ""step10-join-nation-customer--combine"": 1, ""step11-agg"": 1}"
q7,front_01,min_T,16.748799179779507,0.05847344459144523,171.65951694488524,,"{""step4-orders"": 25, ""step4-orders--combine"": 10, ""step5-lineitem"": 200, ""step6-join-customer-orders"": 25, ""step6-join-customer-orders--combine"": 10, ""step7-join-lineitem--combine"": 10, ""step8-join-supplier"": 25, ""step7-join-lineitem"": 10}","{""step1-nation"": 1, ""step1-nation--combine"": 1, ""step1-nation--mergebf"": 1, ""step2-supplier"": 10, ""step2-supplier--combine"": 1, ""step3-customer"": 10, ""step3-customer--combine"": 1, ""step4-orders"": 70, ""step4-orders--combine"": 70, ""step5-lineitem"": 50, ""step5-lineitem--combine"": 53, ""step6-join-customer-orders"": 70, ""step6-join-customer-orders--combine"": 8, ""step7-join-lineitem"": 424, ""step7-join-lineitem--combine"": 27, ""step8-join-supplier"": 14, ""step8-join-supplier--combine"": 1, ""step9-join-nation-supplier"": 1, ""step9-join-nation-supplier--combine"": 3, ""step10-join-nation-customer"": 3, ""step10-join-nation-customer--combine"": 1, ""step11-agg"": 1}"
q7,front_02,front_02,17.640462834645273,0.04369152978870608,171.65951694488524,,"{""step4-orders"": 25, ""step4-orders--combine"": 10, ""step5-lineitem"": 200, ""step6-join-customer-orders--combine"": 25, ""step7-join-lineitem--combine"": 10, ""step8-join-supplier"": 25, ""step6-join-customer-orders"": 10, ""step5-lineitem--combine"": 100}","{""step1-nation"": 1, ""step1-nation--combine"": 1, ""step1-nation--mergebf"": 1, ""step2-supplier"": 10, ""step2-supplier--combine"": 1, ""step3-customer"": 10, ""step3-customer--combine"": 1, ""step4-orders"": 70, ""step4-orders--combine"": 70, ""step5-lineitem"": 50, ""step5-lineitem--combine"": 27, ""step6-join-customer-orders"": 70, ""step6-join-customer-orders--combine"": 4, ""step7-join-lineitem"": 54, ""step7-join-lineitem--combine"": 27, ""step8-join-supplier"": 14, ""step8-join-supplier--combine"": 1, ""step9-join-nation-supplier"": 1, ""step9-join-nation-supplier--combine"": 3, ""step10-join-nation-customer"": 3, ""step10-join-nation-customer--combine"": 1, ""step11-agg"": 1}"
q7,front_03,front_03,18.583381425458516,0.037992662627257506,171.65951694488524,,"{""step5-lineitem"": 200, ""step5-lineitem--combine"": 100, ""step7-join-lineitem--combine"": 10, ""step8-join-supplier"": 25, ""step6-join-customer-orders--combine"": 25}","{""step1-nation"": 1, ""step1-nation--combine"": 1, ""step1-nation--mergebf"": 1, ""step2-supplier"": 10, ""step2-supplier--combine"": 1, ""step3-customer"": 10, ""step3-customer--combine"": 1, ""step4-orders"": 30, ""step4-orders--combine"": 30, ""step5-lineitem"": 50, ""step5-lineitem--combine"": 27, ""step6-join-customer-orders"": 30, ""step6-join-customer-orders--combine"": 4, ""step7-join-lineitem"": 54, ""step7-join-lineitem--combine"": 27, ""step8-join-supplier"": 14, ""step8-join-supplier--combine"": 1, ""step9-join-nation-supplier"": 1, ""step9-join-nation-supplier--combine"": 3, ""step10-join-nation-customer"": 3, ""step10-join-nation-customer--combine"": 1, ""step11-agg"": 1}"
q7,front_04,front_04,19.95262313661468,0.03361767071926807,171.65951694488524,,"{""step4-orders"": 100, ""step5-lineitem"": 200, ""step5-lineitem--combine"": 100, ""step7-join-lineitem--combine"": 25, ""step8-join-supplier"": 10, ""step7-join-lineitem"": 25}","{""step1-nation"": 1, ""step1-nation--combine"": 1, ""step1-nation--mergebf"": 1, ""step2-supplier"": 10, ""step2-supplier--combine"": 1, ""step3-customer"": 10, ""step3-customer--combine"": 1, ""step4-orders"": 20, ""step4-orders--combine"": 20, ""step5-lineitem"": 50, ""step5-lineitem--combine"": 27, ""step6-join-customer-orders"": 20, ""step6-join-customer-orders--combine"": 2, ""step7-join-lineitem"": 54, ""step7-join-lineitem--combine"": 11, ""step8-join-supplier"": 11, ""step8-join-supplier--combine"": 1, ""step9-join-nation-supplier"": 1, ""step9-join-nation-supplier--combine"": 3, ""step10-join-nation-customer"": 3, ""step10-join-nation-customer--combine"": 1, ""step11-agg"": 1}"
q7,front_05,front_05,22.8393530736611,0.032134705214694734,171.65951694488524,,"{""step4-orders"": 200, ""step5-lineitem"": 200, ""step5-lineitem--combine"": 100, ""step7-join-lineitem--combine"": 25}","{""step1-nation"": 1, ""step1-nation--combine"": 1, ""step1-nation--mergebf"": 1, ""step2-supplier"": 10, ""step2-supplier--combine"": 1, ""step3-customer"": 10, ""step3-customer--combine"": 1, ""step4-orders"": 10, ""step4-orders--combine"": 10, ""step5-lineitem"": 50, ""step5-lineitem--combine"": 27, ""step6-join-customer-orders"": 10, ""step6-join-customer-orders--combine"": 2, ""step7-join-lineitem"": 54, ""step7-join-lineitem--combine"": 11, ""step8-join-supplier"": 6, ""step8-join-supplier--combine"": 1, ""step9-join-nation-supplier"": 1, ""step9-join-nation-supplier--combine"": 3, ""step10-join-nation-customer"": 3, ""step10-join-nation-customer--combine"": 1, ""step11-agg"": 1}"
q7,front_06,min_C,27.918074846761723,0.03178066912114809,173.2412748336792,,"{""step4-orders"": 200, ""step5-lineitem"": 200, ""step5-lineitem--combine"": 100, ""step7-join-lineitem--combine"": 200, ""step10-join-nation-customer"": 200, ""step9-join-nation-supplier--combine"": 1000}","{""step1-nation"": 1, ""step1-nation--combine"": 1, ""step1-nation--mergebf"": 1, ""step2-supplier"": 10, ""step2-supplier--combine"": 1, ""step3-customer"": 10, ""step3-customer--combine"": 1, ""step4-orders"": 10, ""step4-orders--combine"": 10, ""step5-lineitem"": 50, ""step5-lineitem--combine"": 27, ""step6-join-customer-orders"": 10, ""step6-join-customer-orders--combine"": 2, ""step7-join-lineitem"": 54, ""step7-join-lineitem--combine"": 2, ""step8-join-supplier"": 2, ""step8-join-supplier--combine"": 1, ""step9-join-nation-supplier"": 1, ""step9-join-nation-supplier--combine"": 3, ""step10-join-nation-customer"": 1, ""step10-join-nation-customer--combine"": 1, ""step11-agg"": 1}"
q8,default,default,16.57932186660242,0.02266524225877004,89.74281883239746,,{},"{""step1-region"": 1, ""step1-region--combine"": 1, ""step1-region--mergebf"": 1, ""step2-nation"": 1, ""step2-nation--combine"": 1, ""step3-join-region-nation"": 1, ""step3-join-region-nation--combine"": 1, ""step3-join-region-nation--mergebf"": 1, ""step4-customer"": 10, ""step4-customer--combine"": 1, ""step5-part"": 10, ""step5-part--combine"": 1, ""step5-part--mergebf"": 1, ""step6-orders"": 40, ""step6-orders--combine"": 12, ""step7-lineitem"": 290, ""step7-lineitem--combine"": 2, ""step8-supplier"": 10, ""step8-supplier--combine"": 1, ""step9-nation2"": 1, ""step9-nation2--combine"": 1, ""step10-join-customer-orders"": 11, ""step10-join-customer-orders--combine"": 1, ""step11-join-lineitem"": 2, ""step11-join-lineitem--combine"": 1, ""step12-join-part"": 1, ""step12-join-part--combine"": 1, ""step13-join-supplier"": 1, ""step13-join-supplier--combine"": 1, ""step14-join-nation2"": 1, ""step14-join-nation2--combine"": 1, ""step15-agg"": 1}"
q8,knee,knee,12.329534276138235,0.019538461255095865,183.26960128148397,step1-region--mergebf,"{""step6-orders"": 100, ""step6-orders--combine"": 10, ""step7-lineitem"": 200, ""step7-lineitem--combine"": 25, ""step10-join-customer-orders"": 10, ""step10-join-customer-orders--combine"": 10, ""step11-join-lineitem"": 25}","{""step1-region"": 1, ""step1-region--combine"": 1, ""step2-nation"": 1, ""step2-nation--combine"": 1, ""step3-join-region-nation"": 1, ""step3-join-region-nation--combine"": 1, ""step3-join-region-nation--mergebf"": 1, ""step4-customer"": 10, ""step4-customer--combine"": 1, ""step5-part"": 10, ""step5-part--combine"": 1, ""step5-part--mergebf"": 1, ""step6-orders"": 20, ""step6-orders--combine"": 24, ""step7-lineitem"": 60, ""step7-lineitem--combine"": 4, ""step8-supplier"": 10, ""step8-supplier--combine"": 1, ""step9-nation2"": 1, ""step9-nation2--combine"": 1, ""step10-join-customer-orders"": 22, ""step10-join-customer-orders--combine"": 6, ""step11-join-lineitem"": 8, ""step11-join-lineitem--combine"": 1, ""step12-join-part"": 1, ""step12-join-part--combine"": 1, ""step13-join-supplier"": 1, ""step13-join-supplier--combine"": 1, ""step14-join-nation2"": 1, ""step14-join-nation2--combine"": 1, ""step15-agg"": 1}"
q8,min_T,min_T,11.309066612337277,0.022094018952205884,183.26960128148397,step1-region--mergebf,"{""step4-customer--combine"": 10, ""step6-orders--combine"": 10, ""step7-lineitem"": 200, ""step7-lineitem--combine"": 10, ""step10-join-customer-orders"": 25, ""step10-join-customer-orders--combine"": 10, ""step11-join-lineitem"": 25, ""step5-part--combine"": 1000}","{""step1-region"": 1, ""step1-region--combine"": 1, ""step2-nation"": 1, ""step2-nation--combine"": 1, ""step3-join-region-nation"": 1, ""step3-join-region-nation--combine"": 1, ""step3-join-region-nation--mergebf"": 1, ""step4-customer"": 10, ""step4-customer--combine"": 2, ""step5-part"": 10, ""step5-part--combine"": 1, ""step5-part--mergebf"": 1, ""step6-orders"": 40, ""step6-orders--combine"": 48, ""step7-lineitem"": 60, ""step7-lineitem--combine"": 9, ""step8-supplier"": 10, ""step8-supplier--combine"": 1, ""step9-nation2"": 1, ""step9-nation2--combine"": 1, ""step10-join-customer-orders"": 22, ""step10-join-customer-orders--combine"": 6, ""step11-join-lineitem"": 10, ""step11-join-lineitem--combine"": 1, ""step12-join-part"": 1, ""step12-join-part--combine"": 1, ""step13-join-supplier"": 1, ""step13-join-supplier--combine"": 1, ""step14-join-nation2"": 1, ""step14-join-nation2--combine"": 1, ""step15-agg"": 1}"
q8,min_C,min_C,19.021168476608707,0.017301436347578636,183.26960128148397,step1-region--mergebf,"{""step6-orders"": 1000, ""step6-orders--combine"": 100, ""step7-lineitem"": 200, ""step7-lineitem--combine"": 100}","{""step1-region"": 1, ""step1-region--combine"": 1, ""step2-nation"": 1, ""step2-nation--combine"": 1, ""step3-join-region-nation"": 1, ""step3-join-region-nation--combine"": 1, ""step3-join-region-nation--mergebf"": 1, ""step4-customer"": 10, ""step4-customer--combine"": 1, ""step5-part"": 10, ""step5-part--combine"": 1, ""step5-part--mergebf"": 1, ""step6-orders"": 10, ""step6-orders--combine"": 6, ""step7-lineitem"": 60, ""step7-lineitem--combine"": 1, ""step8-supplier"": 10, ""step8-supplier--combine"": 1, ""step9-nation2"": 1, ""step9-nation2--combine"": 1, ""step10-join-customer-orders"": 6, ""step10-join-customer-orders--combine"": 1, ""step11-join-lineitem"": 1, ""step11-join-lineitem--combine"": 1, ""step12-join-part"": 1, ""step12-join-part--combine"": 1, ""step13-join-supplier"": 1, ""step13-join-supplier--combine"": 1, ""step14-join-nation2"": 1, ""step14-join-nation2--combine"": 1, ""step15-agg"": 1}"
q8,front_01,min_T,11.309066612337277,0.022094018952205884,183.26960128148397,step1-region--mergebf,"{""step4-customer--combine"": 10, ""step6-orders--combine"": 10, ""step7-lineitem"": 200, ""step7-lineitem--combine"": 10, ""step10-join-customer-orders"": 25, ""step10-join-customer-orders--combine"": 10, ""step11-join-lineitem"": 25, ""step5-part--combine"": 1000}","{""step1-region"": 1, ""step1-region--combine"": 1, ""step2-nation"": 1, ""step2-nation--combine"": 1, ""step3-join-region-nation"": 1, ""step3-join-region-nation--combine"": 1, ""step3-join-region-nation--mergebf"": 1, ""step4-customer"": 10, ""step4-customer--combine"": 2, ""step5-part"": 10, ""step5-part--combine"": 1, ""step5-part--mergebf"": 1, ""step6-orders"": 40, ""step6-orders--combine"": 48, ""step7-lineitem"": 60, ""step7-lineitem--combine"": 9, ""step8-supplier"": 10, ""step8-supplier--combine"": 1, ""step9-nation2"": 1, ""step9-nation2--combine"": 1, ""step10-join-customer-orders"": 22, ""step10-join-customer-orders--combine"": 6, ""step11-join-lineitem"": 10, ""step11-join-lineitem--combine"": 1, ""step12-join-part"": 1, ""step12-join-part--combine"": 1, ""step13-join-supplier"": 1, ""step13-join-supplier--combine"": 1, ""step14-join-nation2"": 1, ""step14-join-nation2--combine"": 1, ""step15-agg"": 1}"
q8,front_02,front_02,11.863106465783696,0.020189201846856606,183.26960128148397,step1-region--mergebf,"{""step4-customer--combine"": 10, ""step6-orders--combine"": 10, ""step7-lineitem"": 200, ""step7-lineitem--combine"": 10, ""step10-join-customer-orders"": 25, ""step10-join-customer-orders--combine"": 10, ""step11-join-lineitem"": 25, ""step6-orders"": 100}","{""step1-region"": 1, ""step1-region--combine"": 1, ""step2-nation"": 1, ""step2-nation--combine"": 1, ""step3-join-region-nation"": 1, ""step3-join-region-nation--combine"": 1, ""step3-join-region-nation--mergebf"": 1, ""step4-customer"": 10, ""step4-customer--combine"": 2, ""step5-part"": 10, ""step5-part--combine"": 1, ""step5-part--mergebf"": 1, ""step6-orders"": 20, ""step6-orders--combine"": 24, ""step7-lineitem"": 60, ""step7-lineitem--combine"": 9, ""step8-supplier"": 10, ""step8-supplier--combine"": 1, ""step9-nation2"": 1, ""step9-nation2--combine"": 1, ""step10-join-customer-orders"": 22, ""step10-join-customer-orders--combine"": 6, ""step11-join-lineitem"": 10, ""step11-join-lineitem--combine"": 1, ""step12-join-part"": 1, ""step12-join-part--combine"": 1, ""step13-join-supplier"": 1, ""step13-join-supplier--combine"": 1, ""step14-join-nation2"": 1, ""step14-join-nation2--combine"": 1, ""step15-agg"": 1}"
q8,front_03,front_03,12.702019107529784,0.019145720797736052,183.26960128148397,step1-region--mergebf,"{""step6-orders"": 100, ""step7-lineitem"": 200, ""step7-lineitem--combine"": 10, ""step10-join-customer-orders"": 10, ""step10-join-customer-orders--combine"": 10, ""step11-join-lineitem"": 25}","{""step1-region"": 1, ""step1-region--combine"": 1, ""step2-nation"": 1, ""step2-nation--combine"": 1, ""step3-join-region-nation"": 1, ""step3-join-region-nation--combine"": 1, ""step3-join-region-nation--mergebf"": 1, ""step4-customer"": 10, ""step4-customer--combine"": 1, ""step5-part"": 10, ""step5-part--combine"": 1, ""step5-part--mergebf"": 1, ""step6-orders"": 20, ""step6-orders--combine"": 12, ""step7-lineitem"": 60, ""step7-lineitem--combine"": 9, ""step8-supplier"": 10, ""step8-supplier--combine"": 1, ""step9-nation2"": 1, ""step9-nation2--combine"": 1, ""step10-join-customer-orders"": 11, ""step10-join-customer-orders--combine"": 6, ""step11-join-lineitem"": 10, ""step11-join-lineitem--combine"": 1, ""step12-join-part"": 1, ""step12-join-part--combine"": 1, ""step13-join-supplier"": 1, ""step13-join-supplier--combine"": 1, ""step14-join-nation2"": 1, ""step14-join-nation2--combine"": 1, ""step15-agg"": 1}"
q8,front_04,front_04,13.697149264339027,0.018487603291644908,183.26960128148397,step1-region--mergebf,"{""step6-orders"": 200, ""step7-lineitem"": 200, ""step7-lineitem--combine"": 25, ""step10-join-customer-orders--combine"": 25, ""step11-join-lineitem"": 10, ""step4-customer--combine"": 10}","{""step1-region"": 1, ""step1-region--combine"": 1, ""step2-nation"": 1, ""step2-nation--combine"": 1, ""step3-join-region-nation"": 1, ""step3-join-region-nation--combine"": 1, ""step3-join-region-nation--mergebf"": 1, ""step4-customer"": 10, ""step4-customer--combine"": 2, ""step5-part"": 10, ""step5-part--combine"": 1, ""step5-part--mergebf"": 1, ""step6-orders"": 10, ""step6-orders--combine"": 12, ""step7-lineitem"": 60, ""step7-lineitem--combine"": 4, ""step8-supplier"": 10, ""step8-supplier--combine"": 1, ""step9-nation2"": 1, ""step9-nation2--combine"": 1, ""step10-join-customer-orders"": 11, ""step10-join-customer-orders--combine"": 3, ""step11-join-lineitem"": 12, ""step11-join-lineitem--combine"": 1, ""step12-join-part"": 1, ""step12-join-part--combine"": 1, ""step13-join-supplier"": 1, ""step13-join-supplier--combine"": 1, ""step14-join-nation2"": 1, ""step14-join-nation2--combine"": 1, ""step15-agg"": 1}"
q8,front_05,front_05,14.849349078893617,0.017841286374676024,183.26960128148397,step1-region--mergebf,"{""step6-orders"": 200, ""step7-lineitem"": 200, ""step7-lineitem--combine"": 25, ""step10-join-customer-orders--combine"": 1000, ""step11-join-lineitem"": 10}","{""step1-region"": 1, ""step1-region--combine"": 1, ""step2-nation"": 1, ""step2-nation--combine"": 1, ""step3-join-region-nation"": 1, ""step3-join-region-nation--combine"": 1, ""step3-join-region-nation--mergebf"": 1, ""step4-customer"": 10, ""step4-customer--combine"": 1, ""step5-part"": 10, ""step5-part--combine"": 1, ""step5-part--mergebf"": 1, ""step6-orders"": 10, ""step6-orders--combine"": 12, ""step7-lineitem"": 60, ""step7-lineitem--combine"": 4, ""step8-supplier"": 10, ""step8-supplier--combine"": 1, ""step9-nation2"": 1, ""step9-nation2--combine"": 1, ""step10-join-customer-orders"": 11, ""step10-join-customer-orders--combine"": 1, ""step11-join-lineitem"": 4, ""step11-join-lineitem--combine"": 1, ""step12-join-part"": 1, ""step12-join-part--combine"": 1, ""step13-join-supplier"": 1, ""step13-join-supplier--combine"": 1, ""step14-join-nation2"": 1, ""step14-join-nation2--combine"": 1, ""step15-agg"": 1}"
q8,front_06,min_C,19.021168476608707,0.017301436347578636,183.26960128148397,step1-region--mergebf,"{""step6-orders"": 1000, ""step6-orders--combine"": 100, ""step7-lineitem"": 200, ""step7-lineitem--combine"": 100}","{""step1-region"": 1, ""step1-region--combine"": 1, ""step2-nation"": 1, ""step2-nation--combine"": 1, ""step3-join-region-nation"": 1, ""step3-join-region-nation--combine"": 1, ""step3-join-region-nation--mergebf"": 1, ""step4-customer"": 10, ""step4-customer--combine"": 1, ""step5-part"": 10, ""step5-part--combine"": 1, ""step5-part--mergebf"": 1, ""step6-orders"": 10, ""step6-orders--combine"": 6, ""step7-lineitem"": 60, ""step7-lineitem--combine"": 1, ""step8-supplier"": 10, ""step8-supplier--combine"": 1, ""step9-nation2"": 1, ""step9-nation2--combine"": 1, ""step10-join-customer-orders"": 6, ""step10-join-customer-orders--combine"": 1, ""step11-join-lineitem"": 1, ""step11-join-lineitem--combine"": 1, ""step12-join-part"": 1, ""step12-join-part--combine"": 1, ""step13-join-supplier"": 1, ""step13-join-supplier--combine"": 1, ""step14-join-nation2"": 1, ""step14-join-nation2--combine"": 1, ""step15-agg"": 1}"
q9,default,default,33.554784435111635,0.07862139734162138,88.96227189472744,,{},"{""step1-part"": 10, ""step1-part--combine"": 1, ""step1-part--mergebf"": 1, ""step2-partsupp"": 20, ""step2-partsupp--combine"": 1, ""step3-lineitem"": 290, ""step3-lineitem--combine"": 14, ""step4-supplier"": 10, ""step4-supplier--combine"": 1, ""step5-orders"": 20, ""step5-orders--combine"": 20, ""step6-nation"": 1, ""step6-nation--combine"": 1, ""step7-join-lineitem-part"": 14, ""step7-join-lineitem-part--combine"": 14, ""step8-join-partsupp"": 14, ""step8-join-partsupp--combine"": 13, ""step9-join-supplier"": 13, ""step9-join-supplier--combine"": 13, ""step10-join-orders"": 260, ""step10-join-orders--combine"": 9, ""step11-join-nation"": 9, ""step11-join-nation--combine"": 9, ""step12-agg"": 9}"
q9,knee,knee,28.89584491763963,0.07370902245414541,190.44448046684266,,"{""step2-partsupp"": 25, ""step2-partsupp--combine"": 25, ""step3-lineitem"": 200, ""step3-lineitem--combine"": 25, ""step5-orders"": 100, ""step10-join-orders--combine"": 10, ""step11-join-nation"": 25, ""step11-join-nation--combine"": 10, ""step12-agg"": 10}","{""step1-part"": 10, ""step1-part--combine"": 1, ""step1-part--mergebf"": 1, ""step2-partsupp"": 40, ""step2-partsupp--combine"": 2, ""step3-lineitem"": 60, ""step3-lineitem--combine"": 30, ""step4-supplier"": 10, ""step4-supplier--combine"": 1, ""step5-orders"": 10, ""step5-orders--combine"": 10, ""step6-nation"": 1, ""step6-nation--combine"": 1, ""step7-join-lineitem-part"": 15, ""step7-join-lineitem-part--combine"": 15, ""step8-join-partsupp"": 15, ""step8-join-partsupp--combine"": 14, ""step9-join-supplier"": 14, ""step9-join-supplier--combine"": 14, ""step10-join-orders"": 140, ""step10-join-orders--combine"": 47, ""step11-join-nation"": 24, ""step11-join-nation--combine"": 24, ""step12-agg"": 24}"
q9,min_T,min_T,24.842694433106306,0.11286237765449708,190.44448046684266,,"{""step2-partsupp"": 25, ""step2-partsupp--combine"": 10, ""step3-lineitem"": 200, ""step3-lineitem--combine"": 10, ""step5-orders"": 25, ""step5-orders--combine"": 10, ""step7-join-lineitem-part"": 10, ""step7-join-lineitem-part--combine"": 10, ""step10-join-orders--combine"": 10, ""step11-join-nation"": 10, ""step11-join-nation--combine"": 10, ""step12-agg"": 10, ""step9-join-supplier--combine"": 25}","{""step1-part"": 10, ""step1-part--combine"": 1, ""step1-part--mergebf"": 1, ""step2-partsupp"": 40, ""step2-partsupp--combine"": 5, ""step3-lineitem"": 60, ""step3-lineitem--combine"": 60, ""step4-supplier"": 10, ""step4-supplier--combine"": 1, ""step5-orders"": 40, ""step5-orders--combine"": 40, ""step6-nation"": 1, ""step6-nation--combine"": 1, ""step7-join-lineitem-part"": 60, ""step7-join-lineitem-part--combine"": 60, ""step8-join-partsupp"": 15, ""step8-join-partsupp--combine"": 14, ""step9-join-supplier"": 14, ""step9-join-supplier--combine"": 14, ""step10-join-orders"": 280, ""step10-join-orders--combine"": 47, ""step11-join-nation"": 47, ""step11-join-nation--combine"": 47, ""step12-agg"": 47}"
q9,min_C,min_C,39.917923235387335,0.06546712076970934,190.44448046684266,,"{""step2-partsupp"": 100, ""step3-lineitem"": 200, ""step5-orders"": 100, ""step10-join-orders--combine"": 200, ""step10-join-orders"": 25}","{""step1-part"": 10, ""step1-part--combine"": 1, ""step1-part--mergebf"": 1, ""step2-partsupp"": 10, ""step2-partsupp--combine"": 1, ""step3-lineitem"": 60, ""step3-lineitem--combine"": 15, ""step4-supplier"": 10, ""step4-supplier--combine"": 1, ""step5-orders"": 10, ""step5-orders--combine"": 10, ""step6-nation"": 1, ""step6-nation--combine"": 1, ""step7-join-lineitem-part"": 15, ""step7-join-lineitem-part--combine"": 15, ""step8-join-partsupp"": 15, ""step8-join-partsupp--combine"": 14, ""step9-join-supplier"": 14, ""step9-join-supplier--combine"": 14, ""step10-join-orders"": 140, ""step10-join-orders--combine"": 3, ""step11-join-nation"": 3, ""step11-join-nation--combine"": 3, ""step12-agg"": 3}"
q9,front_01,min_T,24.842694433106306,0.11286237765449708,190.44448046684266,,"{""step2-partsupp"": 25, ""step2-partsupp--combine"": 10, ""step3-lineitem"": 200, ""step3-lineitem--combine"": 10, ""step5-orders"": 25, ""step5-orders--combine"": 10, ""step7-join-lineitem-part"": 10, ""step7-join-lineitem-part--combine"": 10, ""step10-join-orders--combine"": 10, ""step11-join-nation"": 10, ""step11-join-nation--combine"": 10, ""step12-agg"": 10, ""step9-join-supplier--combine"": 25}","{""step1-part"": 10, ""step1-part--combine"": 1, ""step1-part--mergebf"": 1, ""step2-partsupp"": 40, ""step2-partsupp--combine"": 5, ""step3-lineitem"": 60, ""step3-lineitem--combine"": 60, ""step4-supplier"": 10, ""step4-supplier--combine"": 1, ""step5-orders"": 40, ""step5-orders--combine"": 40, ""step6-nation"": 1, ""step6-nation--combine"": 1, ""step7-join-lineitem-part"": 60, ""step7-join-lineitem-part--combine"": 60, ""step8-join-partsupp"": 15, ""step8-join-partsupp--combine"": 14, ""step9-join-supplier"": 14, ""step9-join-supplier--combine"": 14, ""step10-join-orders"": 280, ""step10-join-orders--combine"": 47, ""step11-join-nation"": 47, ""step11-join-nation--combine"": 47, ""step12-agg"": 47}"
q9,front_02,front_02,26.59537341081613,0.08594043234305757,190.44448046684266,,"{""step2-partsupp"": 25, ""step2-partsupp--combine"": 10, ""step3-lineitem"": 200, ""step3-lineitem--combine"": 10, ""step5-orders"": 25, ""step7-join-lineitem-part"": 10, ""step7-join-lineitem-part--combine"": 10, ""step10-join-orders--combine"": 10, ""step11-join-nation"": 25, ""step11-join-nation--combine"": 10, ""step12-agg"": 10, ""step9-join-supplier--combine"": 100}","{""step1-part"": 10, ""step1-part--combine"": 1, ""step1-part--mergebf"": 1, ""step2-partsupp"": 40, ""step2-partsupp--combine"": 5, ""step3-lineitem"": 60, ""step3-lineitem--combine"": 60, ""step4-supplier"": 10, ""step4-supplier--combine"": 1, ""step5-orders"": 40, ""step5-orders--combine"": 20, ""step6-nation"": 1, ""step6-nation--combine"": 1, ""step7-join-lineitem-part"": 60, ""step7-join-lineitem-part--combine"": 60, ""step8-join-partsupp"": 15, ""step8-join-partsupp--combine"": 14, ""step9-join-supplier"": 14, ""step9-join-supplier--combine"": 7, ""step10-join-orders"": 140, ""step10-join-orders--combine"": 47, ""step11-join-nation"": 24, ""step11-join-nation--combine"": 24, ""step12-agg"": 24}"
q9,front_03,front_03,28.525676914977147,0.07510958288575392,190.44448046684266,,"{""step2-partsupp"": 25, ""step2-partsupp--combine"": 10, ""step3-lineitem"": 200, ""step3-lineitem--combine"": 10, ""step5-orders--combine"": 100, ""step10-join-orders--combine"": 25, ""step11-join-nation"": 25, ""step11-join-nation--combine"": 10, ""step12-agg"": 10}","{""step1-part"": 10, ""step1-part--combine"": 1, ""step1-part--mergebf"": 1, ""step2-partsupp"": 40, ""step2-partsupp--combine"": 5, ""step3-lineitem"": 60, ""step3-lineitem--combine"": 60, ""step4-supplier"": 10, ""step4-supplier--combine"": 1, ""step5-orders"": 20, ""step5-orders--combine"": 10, ""step6-nation"": 1, ""step6-nation--combine"": 1, ""step7-join-lineitem-part"": 15, ""step7-join-lineitem-part--combine"": 15, ""step8-join-partsupp"": 15, ""step8-join-partsupp--combine"": 14, ""step9-join-supplier"": 14, ""step9-join-supplier--combine"": 14, ""step10-join-orders"": 140, ""step10-join-orders--combine"": 18, ""step11-join-nation"": 18, ""step11-join-nation--combine"": 18, ""step12-agg"": 18}"
q9,front_04,front_04,30.58990773108286,0.07015031983108419,190.44448046684266,,"{""step2-partsupp--combine"": 25, ""step3-lineitem"": 200, ""step3-lineitem--combine"": 25, ""step5-orders"": 100, ""step10-join-orders--combine"": 25, ""step2-partsupp"": 25, ""step11-join-nation"": 25}","{""step1-part"": 10, ""step1-part--combine"": 1, ""step1-part--mergebf"": 1, ""step2-partsupp"": 40, ""step2-partsupp--combine"": 2, ""step3-lineitem"": 60, ""step3-lineitem--combine"": 30, ""step4-supplier"": 10, ""step4-supplier--combine"": 1, ""step5-orders"": 10, ""step5-orders--combine"": 10, ""step6-nation"": 1, ""step6-nation--combine"": 1, ""step7-join-lineitem-part"": 15, ""step7-join-lineitem-part--combine"": 15, ""step8-join-partsupp"": 15, ""step8-join-partsupp--combine"": 14, ""step9-join-supplier"": 14, ""step9-join-supplier--combine"": 14, ""step10-join-orders"": 140, ""step10-join-orders--combine"": 18, ""step11-join-nation"": 18, ""step11-join-nation--combine"": 9, ""step12-agg"": 9}"
q9,front_05,front_05,32.4969783115531,0.06715213632088052,190.44448046684266,,"{""step3-lineitem"": 200, ""step5-orders"": 100, ""step4-supplier--combine"": 1000}","{""step1-part"": 10, ""step1-part--combine"": 1, ""step1-part--mergebf"": 1, ""step2-partsupp"": 20, ""step2-partsupp--combine"": 1, ""step3-lineitem"": 60, ""step3-lineitem--combine"": 15, ""step4-supplier"": 10, ""step4-supplier--combine"": 1, ""step5-orders"": 10, ""step5-orders--combine"": 10, ""step6-nation"": 1, ""step6-nation--combine"": 1, ""step7-join-lineitem-part"": 15, ""step7-join-lineitem-part--combine"": 15, ""step8-join-partsupp"": 15, ""step8-join-partsupp--combine"": 14, ""step9-join-supplier"": 14, ""step9-join-supplier--combine"": 14, ""step10-join-orders"": 140, ""step10-join-orders--combine"": 9, ""step11-join-nation"": 9, ""step11-join-nation--combine"": 9, ""step12-agg"": 9}"
q9,front_06,min_C,39.917923235387335,0.06546712076970934,190.44448046684266,,"{""step2-partsupp"": 100, ""step3-lineitem"": 200, ""step5-orders"": 100, ""step10-join-orders--combine"": 200, ""step10-join-orders"": 25}","{""step1-part"": 10, ""step1-part--combine"": 1, ""step1-part--mergebf"": 1, ""step2-partsupp"": 10, ""step2-partsupp--combine"": 1, ""step3-lineitem"": 60, ""step3-lineitem--combine"": 15, ""step4-supplier"": 10, ""step4-supplier--combine"": 1, ""step5-orders"": 10, ""step5-orders--combine"": 10, ""step6-nation"": 1, ""step6-nation--combine"": 1, ""step7-join-lineitem-part"": 15, ""step7-join-lineitem-part--combine"": 15, ""step8-join-partsupp"": 15, ""step8-join-partsupp--combine"": 14, ""step9-join-supplier"": 14, ""step9-join-supplier--combine"": 14, ""step10-join-orders"": 140, ""step10-join-orders--combine"": 3, ""step11-join-nation"": 3, ""step11-join-nation--combine"": 3, ""step12-agg"": 3}"
q10,default,default,22.567408865669808,0.050805966822216414,102.81125672658284,,{},"{""step1-orders"": 30, ""step1-orders--combine"": 2, ""step1-orders--mergebf"": 1, ""step2-customer"": 20, ""step2-customer--combine"": 8, ""step3-join-orders-customer"": 16, ""step3-join-orders-customer--combine"": 14, ""step3-join-orders-customer--mergebf"": 1, ""step4-lineitem"": 100, ""step4-lineitem--combine"": 24, ""step5-nation"": 1, ""step5-nation--combine"": 1, ""step6-join-customer-orders-lineitem"": 216, ""step6-join-customer-orders-lineitem--combine"": 12, ""step7-join-nation"": 12, ""step7-join-nation--combine"": 12}"
q10,knee,knee,19.153982028880257,0.050353020776248765,102.81125672658284,,"{""step1-orders--combine"": 10, ""step2-customer--combine"": 10, ""step4-lineitem"": 100, ""step6-join-customer-orders-lineitem--combine"": 25, ""step7-join-nation"": 25, ""step7-join-nation--combine"": 10}","{""step1-orders"": 30, ""step1-orders--combine"": 6, ""step1-orders--mergebf"": 1, ""step2-customer"": 20, ""step2-customer--combine"": 16, ""step3-join-orders-customer"": 16, ""step3-join-orders-customer--combine"": 14, ""step3-join-orders-customer--mergebf"": 1, ""step4-lineitem"": 50, ""step4-lineitem--combine"": 24, ""step5-nation"": 1, ""step5-nation--combine"": 1, ""step6-join-customer-orders-lineitem"": 216, ""step6-join-customer-orders-lineitem--combine"": 24, ""step7-join-nation"": 24, ""step7-join-nation--combine"": 24}"
q10,min_T,min_T,17.308421443145075,0.068953787762249,102.81125672658284,,"{""step1-orders"": 25, ""step1-orders--combine"": 10, ""step2-customer--combine"": 10, ""step4-lineitem"": 25, ""step4-lineitem--combine"": 25, ""step6-join-customer-orders-lineitem--combine"": 10, ""step7-join-nation"": 10, ""step7-join-nation--combine"": 10, ""step5-nation--combine"": 1000}","{""step1-orders"": 70, ""step1-orders--combine"": 6, ""step1-orders--mergebf"": 1, ""step2-customer"": 20, ""step2-customer--combine"": 16, ""step3-join-orders-customer"": 16, ""step3-join-orders-customer--combine"": 14, ""step3-join-orders-customer--mergebf"": 1, ""step4-lineitem"": 200, ""step4-lineitem--combine"": 48, ""step5-nation"": 1, ""step5-nation--combine"": 1, ""step6-join-customer-orders-lineitem"": 216, ""step6-join-customer-orders-lineitem--combine"": 72, ""step7-join-nation"": 72, ""step7-join-nation--combine"": 72}"
q10,min_C,min_C,32.80982841857808,0.04212129698759206,192.84080187479654,,"{""step1-orders"": 100, ""step1-orders--combine"": 25, ""step3-join-orders-customer"": 10, ""step4-lineitem"": 100, ""step2-customer--combine"": 100, ""step6-join-customer-orders-lineitem--combine"": 200}","{""step1-orders"": 20, ""step1-orders--combine"": 3, ""step1-orders--mergebf"": 1, ""step2-customer"": 20, ""step2-customer--combine"": 3, ""step3-join-orders-customer"": 9, ""step3-join-orders-customer--combine"": 8, ""step3-join-orders-customer--mergebf"": 1, ""step4-lineitem"": 50, ""step4-lineitem--combine"": 24, ""step5-nation"": 1, ""step5-nation--combine"": 1, ""step6-join-customer-orders-lineitem"": 123, ""step6-join-customer-orders-lineitem--combine"": 3, ""step7-join-nation"": 3, ""step7-join-nation--combine"": 3}"
q10,front_01,min_T,17.308421443145075,0.068953787762249,102.81125672658284,,"{""step1-orders"": 25, ""step1-orders--combine"": 10, ""step2-customer--combine"": 10, ""step4-lineitem"": 25, ""step4-lineitem--combine"": 25, ""step6-join-customer-orders-lineitem--combine"": 10, ""step7-join-nation"": 10, ""step7-join-nation--combine"": 10, ""step5-nation--combine"": 1000}","{""step1-orders"": 70, ""step1-orders--combine"": 6, ""step1-orders--mergebf"": 1, ""step2-customer"": 20, ""step2-customer--combine"": 16, ""step3-join-orders-customer"": 16, ""step3-join-orders-customer--combine"": 14, ""step3-join-orders-customer--mergebf"": 1, ""step4-lineitem"": 200, ""step4-lineitem--combine"": 48, ""step5-nation"": 1, ""step5-nation--combine"": 1, ""step6-join-customer-orders-lineitem"": 216, ""step6-join-customer-orders-lineitem--combine"": 72, ""step7-join-nation"": 72, ""step7-join-nation--combine"": 72}"
q10,front_02,front_02,18.547737261047924,0.05175148554809009,102.81125672658284,,"{""step1-orders--combine"": 10, ""step2-customer--combine"": 10, ""step4-lineitem"": 100, ""step6-join-customer-orders-lineitem--combine"": 10, ""step7-join-nation"": 25, ""step7-join-nation--combine"": 10, ""step6-join-customer-orders-lineitem"": 25}","{""step1-orders"": 30, ""step1-orders--combine"": 6, ""step1-orders--mergebf"": 1, ""step2-customer"": 20, ""step2-customer--combine"": 16, ""step3-join-orders-customer"": 16, ""step3-join-orders-customer--combine"": 14, ""step3-join-orders-customer--mergebf"": 1, ""step4-lineitem"": 50, ""step4-lineitem--combine"": 24, ""step5-nation"": 1, ""step5-nation--combine"": 1, ""step6-join-customer-orders-lineitem"": 216, ""step6-join-customer-orders-lineitem--combine"": 72, ""step7-join-nation"": 24, ""step7-join-nation--combine"": 24}"
q10,front_03,front_03,20.12339428508553,0.049491297139248255,102.81125672658284,,"{""step1-orders--combine"": 10, ""step2-customer--combine"": 10, ""step4-lineitem"": 100, ""step6-join-customer-orders-lineitem--combine"": 25, ""step1-orders"": 100}","{""step1-orders"": 20, ""step1-orders--combine"": 7, ""step1-orders--mergebf"": 1, ""step2-customer"": 20, ""step2-customer--combine"": 16, ""step3-join-orders-customer"": 16, ""step3-join-orders-customer--combine"": 14, ""step3-join-orders-customer--mergebf"": 1, ""step4-lineitem"": 50, ""step4-lineitem--combine"": 24, ""step5-nation"": 1, ""step5-nation--combine"": 1, ""step6-join-customer-orders-lineitem"": 216, ""step6-join-customer-orders-lineitem--combine"": 24, ""step7-join-nation"": 12, ""step7-join-nation--combine"": 12}"
q10,front_04,front_04,21.737866778514537,0.04728112269347357,160.48586415856835,,"{""step1-orders--combine"": 25, ""step2-customer--combine"": 10, ""step3-join-orders-customer"": 10, ""step4-lineitem"": 100, ""step6-join-customer-orders-lineitem--combine"": 25}","{""step1-orders"": 30, ""step1-orders--combine"": 3, ""step1-orders--mergebf"": 1, ""step2-customer"": 20, ""step2-customer--combine"": 16, ""step3-join-orders-customer"": 48, ""step3-join-orders-customer--combine"": 10, ""step3-join-orders-customer--mergebf"": 1, ""step4-lineitem"": 50, ""step4-lineitem--combine"": 24, ""step5-nation"": 1, ""step5-nation--combine"": 1, ""step6-join-customer-orders-lineitem"": 154, ""step6-join-customer-orders-lineitem--combine"": 26, ""step7-join-nation"": 13, ""step7-join-nation--combine"": 13}"
q10,front_05,front_05,23.33025348199605,0.04529162071381144,144.0858488430942,,"{""step1-orders"": 100, ""step1-orders--combine"": 25, ""step3-join-orders-customer"": 10, ""step4-lineitem"": 100, ""step2-customer"": 100}","{""step1-orders"": 20, ""step1-orders--combine"": 3, ""step1-orders--mergebf"": 1, ""step2-customer"": 20, ""step2-customer--combine"": 8, ""step3-join-orders-customer"": 24, ""step3-join-orders-customer--combine"": 10, ""step3-join-orders-customer--mergebf"": 1, ""step4-lineitem"": 50, ""step4-lineitem--combine"": 24, ""step5-nation"": 1, ""step5-nation--combine"": 1, ""step6-join-customer-orders-lineitem"": 154, ""step6-join-customer-orders-lineitem--combine"": 12, ""step7-join-nation"": 12, ""step7-join-nation--combine"": 12}"
q10,front_06,min_C,32.80982841857808,0.04212129698759206,192.84080187479654,,"{""step1-orders"": 100, ""step1-orders--combine"": 25, ""step3-join-orders-customer"": 10, ""step4-lineitem"": 100, ""step2-customer--combine"": 100, ""step6-join-customer-orders-lineitem--combine"": 200}","{""step1-orders"": 20, ""step1-orders--combine"": 3, ""step1-orders--mergebf"": 1, ""step2-customer"": 20, ""step2-customer--combine"": 3, ""step3-join-orders-customer"": 9, ""step3-join-orders-customer--combine"": 8, ""step3-join-orders-customer--mergebf"": 1, ""step4-lineitem"": 50, ""step4-lineitem--combine"": 24, ""step5-nation"": 1, ""step5-nation--combine"": 1, ""step6-join-customer-orders-lineitem"": 123, ""step6-join-customer-orders-lineitem--combine"": 3, ""step7-join-nation"": 3, ""step7-join-nation--combine"": 3}"
q11,default,default,6.334435226560672,0.0016037295695290619,46.24601650238037,,{},"{""step1-nation"": 1, ""step1-nation--combine"": 1, ""step1-nation--mergebf"": 1, ""step2-supplier"": 10, ""step2-supplier--combine"": 1, ""step2-supplier--mergebf"": 1, ""step3-join-nation-supplier"": 1, ""step3-join-nation-supplier--combine"": 1, ""step3-join-nation-supplier--mergebf"": 1, ""step4-partsupp"": 20, ""step4-partsupp--combine"": 1, ""step5-join-supplier-partsupp"": 1, ""step5-join-supplier-partsupp--combine"": 1, ""step6-agg-partkey"": 1, ""step7-total-value"": 1, ""step8-join-having"": 1, ""step8-join-having--combine"": 1, ""step9-agg"": 1}"
q11,knee,knee,3.6000812486020397,0.0020979427462360497,42.47943754196167,step2-supplier--mergebf,"{""step4-partsupp--combine"": 10, ""step5-join-supplier-partsupp"": 25, ""step5-join-supplier-partsupp--combine"": 10, ""step6-agg-partkey"": 10, ""step7-total-value"": 10, ""step8-join-having"": 10}","{""step1-nation"": 1, ""step1-nation--combine"": 1, ""step1-nation--mergebf"": 1, ""step2-supplier"": 10, ""step2-supplier--combine"": 1, ""step3-join-nation-supplier"": 1, ""step3-join-nation-supplier--combine"": 1, ""step3-join-nation-supplier--mergebf"": 1, ""step4-partsupp"": 20, ""step4-partsupp--combine"": 5, ""step5-join-supplier-partsupp"": 3, ""step5-join-supplier-partsupp--combine"": 3, ""step6-agg-partkey"": 3, ""step7-total-value"": 3, ""step8-join-having"": 3, ""step8-join-having--combine"": 1, ""step9-agg"": 1}"
q11,min_T,min_T,2.921656411506544,0.002912252662296402,21.239718770980836,step2-supplier--mergebf,"{""step4-partsupp"": 25, ""step4-partsupp--combine"": 10, ""step5-join-supplier-partsupp"": 10, ""step5-join-supplier-partsupp--combine"": 10, ""step6-agg-partkey"": 10, ""step7-total-value"": 10, ""step8-join-having"": 10, ""step3-join-nation-supplier--combine"": 1000}","{""step1-nation"": 1, ""step1-nation--combine"": 1, ""step1-nation--mergebf"": 1, ""step2-supplier"": 10, ""step2-supplier--combine"": 1, ""step3-join-nation-supplier"": 1, ""step3-join-nation-supplier--combine"": 1, ""step3-join-nation-supplier--mergebf"": 1, ""step4-partsupp"": 40, ""step4-partsupp--combine"": 5, ""step5-join-supplier-partsupp"": 5, ""step5-join-supplier-partsupp--combine"": 5, ""step6-agg-partkey"": 5, ""step7-total-value"": 5, ""step8-join-having"": 5, ""step8-join-having--combine"": 1, ""step9-agg"": 1}"
q11,min_C,min_C,6.914646957141116,0.001381985415368073,84.95887508392335,step2-supplier--mergebf,"{""step4-partsupp"": 100, ""step3-join-nation-supplier--combine"": 1000}","{""step1-nation"": 1, ""step1-nation--combine"": 1, ""step1-nation--mergebf"": 1, ""step2-supplier"": 10, ""step2-supplier--combine"": 1, ""step3-join-nation-supplier"": 1, ""step3-join-nation-supplier--combine"": 1, ""step3-join-nation-supplier--mergebf"": 1, ""step4-partsupp"": 10, ""step4-partsupp--combine"": 1, ""step5-join-supplier-partsupp"": 1, ""step5-join-supplier-partsupp--combine"": 1, ""step6-agg-partkey"": 1, ""step7-total-value"": 1, ""step8-join-having"": 1, ""step8-join-having--combine"": 1, ""step9-agg"": 1}"
q11,front_01,min_T,2.921656411506544,0.002912252662296402,21.239718770980836,step2-supplier--mergebf,"{""step4-partsupp"": 25, ""step4-partsupp--combine"": 10, ""step5-join-supplier-partsupp"": 10, ""step5-join-supplier-partsupp--combine"": 10, ""step6-agg-partkey"": 10, ""step7-total-value"": 10, ""step8-join-having"": 10, ""step3-join-nation-supplier--combine"": 1000}","{""step1-nation"": 1, ""step1-nation--combine"": 1, ""step1-nation--mergebf"": 1, ""step2-supplier"": 10, ""step2-supplier--combine"": 1, ""step3-join-nation-supplier"": 1, ""step3-join-nation-supplier--combine"": 1, ""step3-join-nation-supplier--mergebf"": 1, ""step4-partsupp"": 40, ""step4-partsupp--combine"": 5, ""step5-join-supplier-partsupp"": 5, ""step5-join-supplier-partsupp--combine"": 5, ""step6-agg-partkey"": 5, ""step7-total-value"": 5, ""step8-join-having"": 5, ""step8-join-having--combine"": 1, ""step9-agg"": 1}"
q11,front_02,front_02,3.1549884230853493,0.0028579454491262286,21.239718770980836,step2-supplier--mergebf,"{""step4-partsupp"": 25, ""step4-partsupp--combine"": 10, ""step5-join-supplier-partsupp"": 10, ""step5-join-supplier-partsupp--combine"": 10, ""step6-agg-partkey"": 10, ""step7-total-value"": 25, ""step8-join-having"": 10}","{""step1-nation"": 1, ""step1-nation--combine"": 1, ""step1-nation--mergebf"": 1, ""step2-supplier"": 10, ""step2-supplier--combine"": 1, ""step3-join-nation-supplier"": 1, ""step3-join-nation-supplier--combine"": 1, ""step3-join-nation-supplier--mergebf"": 1, ""step4-partsupp"": 40, ""step4-partsupp--combine"": 5, ""step5-join-supplier-partsupp"": 5, ""step5-join-supplier-partsupp--combine"": 5, ""step6-agg-partkey"": 5, ""step7-total-value"": 2, ""step8-join-having"": 5, ""step8-join-having--combine"": 1, ""step9-agg"": 1}"
q11,front_03,knee,3.6000812486020397,0.0020979427462360497,42.47943754196167,step2-supplier--mergebf,"{""step4-partsupp--combine"": 10, ""step5-join-supplier-partsupp"": 25, ""step5-join-supplier-partsupp--combine"": 10, ""step6-agg-partkey"": 10, ""step7-total-value"": 10, ""step8-join-having"": 10}","{""step1-nation"": 1, ""step1-nation--combine"": 1, ""step1-nation--mergebf"": 1, ""step2-supplier"": 10, ""step2-supplier--combine"": 1, ""step3-join-nation-supplier"": 1, ""step3-join-nation-supplier--combine"": 1, ""step3-join-nation-supplier--mergebf"": 1, ""step4-partsupp"": 20, ""step4-partsupp--combine"": 5, ""step5-join-supplier-partsupp"": 3, ""step5-join-supplier-partsupp--combine"": 3, ""step6-agg-partkey"": 3, ""step7-total-value"": 3, ""step8-join-having"": 3, ""step8-join-having--combine"": 1, ""step9-agg"": 1}"
q11,front_04,front_04,5.362236678370785,0.001722461644153895,45.134870529174805,step2-supplier--mergebf,"{""step4-partsupp--combine"": 10, ""step3-join-nation-supplier--combine"": 1000}","{""step1-nation"": 1, ""step1-nation--combine"": 1, ""step1-nation--mergebf"": 1, ""step2-supplier"": 10, ""step2-supplier--combine"": 1, ""step3-join-nation-supplier"": 1, ""step3-join-nation-supplier--combine"": 1, ""step3-join-nation-supplier--mergebf"": 1, ""step4-partsupp"": 20, ""step4-partsupp--combine"": 5, ""step5-join-supplier-partsupp"": 1, ""step5-join-supplier-partsupp--combine"": 1, ""step6-agg-partkey"": 1, ""step7-total-value"": 1, ""step8-join-having"": 1, ""step8-join-having--combine"": 1, ""step9-agg"": 1}"
q11,front_05,front_05,6.0937297777837784,0.0015030481572553163,84.95887508392335,step2-supplier--mergebf,"{""step4-partsupp--combine"": 10, ""step4-partsupp"": 1000}","{""step1-nation"": 1, ""step1-nation--combine"": 1, ""step1-nation--mergebf"": 1, ""step2-supplier"": 10, ""step2-supplier--combine"": 1, ""step3-join-nation-supplier"": 1, ""step3-join-nation-supplier--combine"": 1, ""step3-join-nation-supplier--mergebf"": 1, ""step4-partsupp"": 10, ""step4-partsupp--combine"": 5, ""step5-join-supplier-partsupp"": 1, ""step5-join-supplier-partsupp--combine"": 1, ""step6-agg-partkey"": 1, ""step7-total-value"": 1, ""step8-join-having"": 1, ""step8-join-having--combine"": 1, ""step9-agg"": 1}"
q11,front_06,min_C,6.914646957141116,0.001381985415368073,84.95887508392335,step2-supplier--mergebf,"{""step4-partsupp"": 100, ""step3-join-nation-supplier--combine"": 1000}","{""step1-nation"": 1, ""step1-nation--combine"": 1, ""step1-nation--mergebf"": 1, ""step2-supplier"": 10, ""step2-supplier--combine"": 1, ""step3-join-nation-supplier"": 1, ""step3-join-nation-supplier--combine"": 1, ""step3-join-nation-supplier--mergebf"": 1, ""step4-partsupp"": 10, ""step4-partsupp--combine"": 1, ""step5-join-supplier-partsupp"": 1, ""step5-join-supplier-partsupp--combine"": 1, ""step6-agg-partkey"": 1, ""step7-total-value"": 1, ""step8-join-having"": 1, ""step8-join-having--combine"": 1, ""step9-agg"": 1}"
q12,default,default,6.938273577914526,0.007935650609507856,41.51224808692932,,{},"{""step1-lineitem"": 100, ""step1-lineitem--combine-make-bf"": 1, ""step1-lineitem--mergebf"": 1, ""step2-orders"": 20, ""step2-orders--combine"": 1, ""step3-join"": 1, ""step3-join--combine"": 1, ""step4-agg"": 1}"
q12,knee,knee,5.051749188797622,0.005665190762421964,138.3741602897644,,"{""step1-lineitem"": 200, ""step1-lineitem--combine-make-bf"": 10, ""step2-orders"": 25, ""step2-orders--combine"": 10, ""step4-agg"": 1000}","{""step1-lineitem"": 30, ""step1-lineitem--combine-make-bf"": 3, ""step1-lineitem--mergebf"": 1, ""step2-orders"": 30, ""step2-orders--combine"": 2, ""step3-join"": 1, ""step3-join--combine"": 1, ""step4-agg"": 1}"
q12,min_T,min_T,4.654743442728531,0.0067929097411543755,83.02449617385864,,"{""step1-lineitem"": 100, ""step1-lineitem--combine-make-bf"": 10, ""step2-orders"": 25, ""step2-orders--combine"": 10, ""step4-agg"": 1000}","{""step1-lineitem"": 50, ""step1-lineitem--combine-make-bf"": 3, ""step1-lineitem--mergebf"": 1, ""step2-orders"": 30, ""step2-orders--combine"": 2, ""step3-join"": 1, ""step3-join--combine"": 1, ""step4-agg"": 1}"
q12,min_C,min_C,7.195391169408767,0.005179933981032732,138.3741602897644,,"{""step1-lineitem"": 200, ""step2-orders"": 100, ""step1-lineitem--combine-make-bf"": 1000}","{""step1-lineitem"": 30, ""step1-lineitem--combine-make-bf"": 1, ""step1-lineitem--mergebf"": 1, ""step2-orders"": 10, ""step2-orders--combine"": 1, ""step3-join"": 1, ""step3-join--combine"": 1, ""step4-agg"": 1}"
q12,front_01,min_T,4.654743442728531,0.0067929097411543755,83.02449617385864,,"{""step1-lineitem"": 100, ""step1-lineitem--combine-make-bf"": 10, ""step2-orders"": 25, ""step2-orders--combine"": 10, ""step4-agg"": 1000}","{""step1-lineitem"": 50, ""step1-lineitem--combine-make-bf"": 3, ""step1-lineitem--mergebf"": 1, ""step2-orders"": 30, ""step2-orders--combine"": 2, ""step3-join"": 1, ""step3-join--combine"": 1, ""step4-agg"": 1}"
q12,front_02,front_02,4.96705306661642,0.006616909971681721,83.02449617385864,,"{""step1-lineitem"": 100, ""step1-lineitem--combine-make-bf"": 10, ""step2-orders--combine"": 10}","{""step1-lineitem"": 50, ""step1-lineitem--combine-make-bf"": 3, ""step1-lineitem--mergebf"": 1, ""step2-orders"": 20, ""step2-orders--combine"": 2, ""step3-join"": 1, ""step3-join--combine"": 1, ""step4-agg"": 1}"
q12,front_03,front_03,5.36405881268551,0.005489190992949309,138.3741602897644,,"{""step1-lineitem"": 200, ""step1-lineitem--combine-make-bf"": 10, ""step2-orders--combine"": 10, ""step4-agg"": 1000}","{""step1-lineitem"": 30, ""step1-lineitem--combine-make-bf"": 3, ""step1-lineitem--mergebf"": 1, ""step2-orders"": 20, ""step2-orders--combine"": 2, ""step3-join"": 1, ""step3-join--combine"": 1, ""step4-agg"": 1}"
q12,front_04,front_04,6.033941019776709,0.005399897576615747,138.3741602897644,,"{""step1-lineitem"": 200, ""step1-lineitem--combine-make-bf"": 1000, ""step2-orders--combine"": 10}","{""step1-lineitem"": 30, ""step1-lineitem--combine-make-bf"": 1, ""step1-lineitem--mergebf"": 1, ""step2-orders"": 20, ""step2-orders--combine"": 2, ""step3-join"": 1, ""step3-join--combine"": 1, ""step4-agg"": 1}"
q12,front_05,front_05,6.525508962317568,0.005269227397366293,138.3741602897644,,"{""step1-lineitem"": 200, ""step1-lineitem--combine-make-bf"": 10, ""step2-orders"": 1000}","{""step1-lineitem"": 30, ""step1-lineitem--combine-make-bf"": 3, ""step1-lineitem--mergebf"": 1, ""step2-orders"": 10, ""step2-orders--combine"": 1, ""step3-join"": 1, ""step3-join--combine"": 1, ""step4-agg"": 1}"
q12,front_06,min_C,7.195391169408767,0.005179933981032732,138.3741602897644,,"{""step1-lineitem"": 200, ""step2-orders"": 100, ""step1-lineitem--combine-make-bf"": 1000}","{""step1-lineitem"": 30, ""step1-lineitem--combine-make-bf"": 1, ""step1-lineitem--mergebf"": 1, ""step2-orders"": 10, ""step2-orders--combine"": 1, ""step3-join"": 1, ""step3-join--combine"": 1, ""step4-agg"": 1}"
q13,default,default,11.85074642379086,0.014222526949294106,141.9508824666341,,{},"{""step1-customer"": 10, ""step1-customer--combine"": 2, ""step2-orders"": 30, ""step2-orders--combine"": 30, ""step3-agg-orders-per-customer"": 30, ""step3-agg-orders-per-customer--combine"": 15, ""step4-join-customer-ordercount"": 30, ""step4-join-customer-ordercount--combine"": 1, ""step5-agg"": 1}"
q13,knee,knee,11.85074642379086,0.014222526949294106,141.9508824666341,,"{""step5-agg"": 1000}","{""step1-customer"": 10, ""step1-customer--combine"": 2, ""step2-orders"": 30, ""step2-orders--combine"": 30, ""step3-agg-orders-per-customer"": 30, ""step3-agg-orders-per-customer--combine"": 15, ""step4-join-customer-ordercount"": 30, ""step4-join-customer-ordercount--combine"": 1, ""step5-agg"": 1}"
q13,min_T,min_T,9.024788291819606,0.031191896142684254,92.58800373077392,,"{""step1-customer--combine"": 10, ""step2-orders"": 25, ""step2-orders--combine"": 10, ""step3-agg-orders-per-customer"": 25, ""step3-agg-orders-per-customer--combine"": 10}","{""step1-customer"": 10, ""step1-customer--combine"": 10, ""step2-orders"": 70, ""step2-orders--combine"": 70, ""step3-agg-orders-per-customer"": 70, ""step3-agg-orders-per-customer--combine"": 70, ""step4-join-customer-ordercount"": 20, ""step4-join-customer-ordercount--combine"": 1, ""step5-agg"": 1}"
q13,min_C,min_C,17.28972043930534,0.010804970932979547,165.03947949409485,,"{""step2-orders--combine"": 200}","{""step1-customer"": 10, ""step1-customer--combine"": 2, ""step2-orders"": 30, ""step2-orders--combine"": 8, ""step3-agg-orders-per-customer"": 8, ""step3-agg-orders-per-customer--combine"": 8, ""step4-join-customer-ordercount"": 16, ""step4-join-customer-ordercount--combine"": 1, ""step5-agg"": 1}"
q13,front_01,min_T,9.024788291819606,0.031191896142684254,92.58800373077392,,"{""step1-customer--combine"": 10, ""step2-orders"": 25, ""step2-orders--combine"": 10, ""step3-agg-orders-per-customer"": 25, ""step3-agg-orders-per-customer--combine"": 10}","{""step1-customer"": 10, ""step1-customer--combine"": 10, ""step2-orders"": 70, ""step2-orders--combine"": 70, ""step3-agg-orders-per-customer"": 70, ""step3-agg-orders-per-customer--combine"": 70, ""step4-join-customer-ordercount"": 20, ""step4-join-customer-ordercount--combine"": 1, ""step5-agg"": 1}"
q13,front_02,front_02,9.859807033107296,0.02323691912626422,77.15666977564494,,"{""step1-customer--combine"": 25, ""step2-orders"": 25, ""step2-orders--combine"": 10, ""step3-agg-orders-per-customer--combine"": 25}","{""step1-customer"": 10, ""step1-customer--combine"": 3, ""step2-orders"": 70, ""step2-orders--combine"": 70, ""step3-agg-orders-per-customer"": 35, ""step3-agg-orders-per-customer--combine"": 35, ""step4-join-customer-ordercount"": 24, ""step4-join-customer-ordercount--combine"": 1, ""step5-agg"": 1}"
q13,front_03,front_03,10.912803213180785,0.019199898796819225,141.9508824666341,,"{""step1-customer--combine"": 10, ""step2-orders--combine"": 10, ""step3-agg-orders-per-customer"": 10, ""step3-agg-orders-per-customer--combine"": 10}","{""step1-customer"": 10, ""step1-customer--combine"": 10, ""step2-orders"": 30, ""step2-orders--combine"": 30, ""step3-agg-orders-per-customer"": 30, ""step3-agg-orders-per-customer--combine"": 30, ""step4-join-customer-ordercount"": 20, ""step4-join-customer-ordercount--combine"": 1, ""step5-agg"": 1}"
q13,front_04,front_04,12.421485631900108,0.013998408728025576,141.9508824666341,,"{""step1-customer--combine"": 25, ""step3-agg-orders-per-customer--combine"": 10, ""step3-agg-orders-per-customer"": 100}","{""step1-customer"": 10, ""step1-customer--combine"": 3, ""step2-orders"": 30, ""step2-orders--combine"": 30, ""step3-agg-orders-per-customer"": 15, ""step3-agg-orders-per-customer--combine"": 15, ""step4-join-customer-ordercount"": 30, ""step4-join-customer-ordercount--combine"": 1, ""step5-agg"": 1}"
q13,front_05,front_05,12.761569402994178,0.013285702532008356,141.9508824666341,,"{""step3-agg-orders-per-customer--combine"": 100}","{""step1-customer"": 10, ""step1-customer--combine"": 2, ""step2-orders"": 30, ""step2-orders--combine"": 30, ""step3-agg-orders-per-customer"": 30, ""step3-agg-orders-per-customer--combine"": 8, ""step4-join-customer-ordercount"": 16, ""step4-join-customer-ordercount--combine"": 1, ""step5-agg"": 1}"
q13,front_06,min_C,17.28972043930534,0.010804970932979547,165.03947949409485,,"{""step2-orders--combine"": 200}","{""step1-customer"": 10, ""step1-customer--combine"": 2, ""step2-orders"": 30, ""step2-orders--combine"": 8, ""step3-agg-orders-per-customer"": 8, ""step3-agg-orders-per-customer--combine"": 8, ""step4-join-customer-ordercount"": 16, ""step4-join-customer-ordercount--combine"": 1, ""step5-agg"": 1}"
q14,default,default,11.095235464174324,0.011249211004600556,77.43115568161011,,{},"{""step1-lineitem"": 150, ""step1-lineitem--combine-make-bf"": 2, ""step1-lineitem--mergebf"": 1, ""step2-part"": 10, ""step1-part--combine"": 1, ""step3-join"": 2, ""step3-join--combine"": 1, ""step4-agg"": 1}"
q14,knee,knee,6.773190435299723,0.008803787061045431,188.68665418624877,,"{""step1-lineitem"": 200, ""step1-lineitem--combine-make-bf"": 25, ""step1-part--combine"": 25, ""step3-join--combine"": 10, ""step4-agg"": 10, ""step3-join"": 25}","{""step1-lineitem"": 40, ""step1-lineitem--combine-make-bf"": 4, ""step1-lineitem--mergebf"": 1, ""step2-part"": 10, ""step1-part--combine"": 2, ""step3-join"": 8, ""step3-join--combine"": 8, ""step4-agg"": 8}"
q14,min_T,min_T,6.147416587654353,0.010713900162533428,188.68665418624877,step1-lineitem--mergebf,"{""step1-lineitem"": 200, ""step1-lineitem--combine-make-bf"": 10, ""step1-part--combine"": 10, ""step3-join--combine"": 10, ""step4-agg"": 10, ""step2-part"": 10, ""step3-join"": 25}","{""step1-lineitem"": 40, ""step1-lineitem--combine-make-bf"": 8, ""step2-part"": 20, ""step1-part--combine"": 10, ""step3-join"": 20, ""step3-join--combine"": 5, ""step4-agg"": 5}"
q14,min_C,min_C,11.927475545409216,0.007521992499091932,188.68665418624877,,"{""step1-lineitem"": 200, ""step1-lineitem--combine-make-bf"": 100, ""step4-agg"": 1000}","{""step1-lineitem"": 40, ""step1-lineitem--combine-make-bf"": 1, ""step1-lineitem--mergebf"": 1, ""step2-part"": 10, ""step1-part--combine"": 1, ""step3-join"": 1, ""step3-join--combine"": 1, ""step4-agg"": 1}"
q14,front_01,min_T,6.147416587654353,0.010713900162533428,188.68665418624877,step1-lineitem--mergebf,"{""step1-lineitem"": 200, ""step1-lineitem--combine-make-bf"": 10, ""step1-part--combine"": 10, ""step3-join--combine"": 10, ""step4-agg"": 10, ""step2-part"": 10, ""step3-join"": 25}","{""step1-lineitem"": 40, ""step1-lineitem--combine-make-bf"": 8, ""step2-part"": 20, ""step1-part--combine"": 10, ""step3-join"": 20, ""step3-join--combine"": 5, ""step4-agg"": 5}"
q14,front_02,front_02,6.453076801550123,0.009147025359530719,188.68665418624877,,"{""step1-lineitem"": 200, ""step1-lineitem--combine-make-bf"": 25, ""step1-part--combine"": 10, ""step3-join--combine"": 10, ""step4-agg"": 10, ""step2-part"": 10, ""step3-join"": 25}","{""step1-lineitem"": 40, ""step1-lineitem--combine-make-bf"": 4, ""step1-lineitem--mergebf"": 1, ""step2-part"": 20, ""step1-part--combine"": 4, ""step3-join"": 8, ""step3-join--combine"": 8, ""step4-agg"": 8}"
q14,front_03,front_03,7.316137941590925,0.008326943167053928,188.68665418624877,,"{""step1-lineitem"": 200, ""step1-lineitem--combine-make-bf"": 10, ""step1-part--combine"": 1000, ""step3-join--combine"": 10, ""step4-agg"": 10, ""step3-join"": 25}","{""step1-lineitem"": 40, ""step1-lineitem--combine-make-bf"": 8, ""step1-lineitem--mergebf"": 1, ""step2-part"": 10, ""step1-part--combine"": 1, ""step3-join"": 4, ""step3-join--combine"": 4, ""step4-agg"": 4}"
q14,front_04,front_04,7.997679956163647,0.007918484326848588,188.68665418624877,,"{""step1-lineitem"": 200, ""step1-lineitem--combine-make-bf"": 25, ""step1-part--combine"": 25, ""step3-join--combine"": 25, ""step4-agg"": 10}","{""step1-lineitem"": 40, ""step1-lineitem--combine-make-bf"": 4, ""step1-lineitem--mergebf"": 1, ""step2-part"": 10, ""step1-part--combine"": 2, ""step3-join"": 2, ""step3-join--combine"": 2, ""step4-agg"": 2}"
q14,front_05,front_05,9.55268382732136,0.007719191761755262,188.68665418624877,,"{""step1-lineitem"": 200, ""step1-part--combine"": 25}","{""step1-lineitem"": 40, ""step1-lineitem--combine-make-bf"": 2, ""step1-lineitem--mergebf"": 1, ""step2-part"": 10, ""step1-part--combine"": 2, ""step3-join"": 2, ""step3-join--combine"": 1, ""step4-agg"": 1}"
q14,front_06,min_C,11.927475545409216,0.007521992499091932,188.68665418624877,,"{""step1-lineitem"": 200, ""step1-lineitem--combine-make-bf"": 100, ""step4-agg"": 1000}","{""step1-lineitem"": 40, ""step1-lineitem--combine-make-bf"": 1, ""step1-lineitem--mergebf"": 1, ""step2-part"": 10, ""step1-part--combine"": 1, ""step3-join"": 1, ""step3-join--combine"": 1, ""step4-agg"": 1}"
q15,default,default,14.553409108495776,0.01169147513919146,99.27345561981201,,{},"{""step1-lineitem"": 150, ""step1-lineitem--combine"": 5, ""step1-lineitem--mergebf"": 1, ""step2-revenue-per-supplier"": 5, ""step2-revenue-per-supplier--reduce"": 2, ""step3-max-revenue"": 1, ""step3-max-revenue--reduce"": 1, ""step4-supplier"": 10, ""step4-supplier--combine"": 1, ""step5-join-supplier-revenue"": 1, ""step5-join-supplier-revenue--combine"": 1, ""step6-join-max"": 1, ""step6-join-max--combine"": 1, ""step7-agg"": 1}"
q15,knee,knee,8.26448861806908,0.00859045765736313,181.07452754974366,step1-lineitem--mergebf,"{""step1-lineitem"": 200, ""step1-lineitem--combine"": 25, ""step2-revenue-per-supplier"": 25, ""step2-revenue-per-supplier--reduce"": 25, ""step3-max-revenue"": 10, ""step4-supplier--combine"": 10, ""step5-join-supplier-revenue"": 25}","{""step1-lineitem"": 40, ""step1-lineitem--combine"": 10, ""step2-revenue-per-supplier"": 10, ""step2-revenue-per-supplier--reduce"": 3, ""step3-max-revenue"": 3, ""step3-max-revenue--reduce"": 1, ""step4-supplier"": 10, ""step4-supplier--combine"": 5, ""step5-join-supplier-revenue"": 3, ""step5-join-supplier-revenue--combine"": 3, ""step6-join-max"": 3, ""step6-join-max--combine"": 1, ""step7-agg"": 1}"
q15,min_T,min_T,7.454548041785323,0.011030810913849866,181.07452754974366,step1-lineitem--mergebf,"{""step1-lineitem"": 200, ""step1-lineitem--combine"": 10, ""step2-revenue-per-supplier"": 10, ""step2-revenue-per-supplier--reduce"": 10, ""step3-max-revenue"": 10, ""step4-supplier--combine"": 10, ""step5-join-supplier-revenue"": 25, ""step7-agg"": 1000}","{""step1-lineitem"": 40, ""step1-lineitem--combine"": 40, ""step2-revenue-per-supplier"": 40, ""step2-revenue-per-supplier--reduce"": 7, ""step3-max-revenue"": 4, ""step3-max-revenue--reduce"": 1, ""step4-supplier"": 10, ""step4-supplier--combine"": 5, ""step5-join-supplier-revenue"": 3, ""step5-join-supplier-revenue--combine"": 3, ""step6-join-max"": 3, ""step6-join-max--combine"": 1, ""step7-agg"": 1}"
q15,min_C,min_C,16.130944367898937,0.007643677150631626,181.07452754974366,step1-lineitem--mergebf,"{""step1-lineitem"": 200, ""step1-lineitem--combine"": 200, ""step2-revenue-per-supplier--reduce"": 100, ""step2-revenue-per-supplier"": 200}","{""step1-lineitem"": 40, ""step1-lineitem--combine"": 2, ""step2-revenue-per-supplier"": 2, ""step2-revenue-per-supplier--reduce"": 1, ""step3-max-revenue"": 1, ""step3-max-revenue--reduce"": 1, ""step4-supplier"": 10, ""step4-supplier--combine"": 1, ""step5-join-supplier-revenue"": 1, ""step5-join-supplier-revenue--combine"": 1, ""step6-join-max"": 1, ""step6-join-max--combine"": 1, ""step7-agg"": 1}"
q15,front_01,min_T,7.454548041785323,0.011030810913849866,181.07452754974366,step1-lineitem--mergebf,"{""step1-lineitem"": 200, ""step1-lineitem--combine"": 10, ""step2-revenue-per-supplier"": 10, ""step2-revenue-per-supplier--reduce"": 10, ""step3-max-revenue"": 10, ""step4-supplier--combine"": 10, ""step5-join-supplier-revenue"": 25, ""step7-agg"": 1000}","{""step1-lineitem"": 40, ""step1-lineitem--combine"": 40, ""step2-revenue-per-supplier"": 40, ""step2-revenue-per-supplier--reduce"": 7, ""step3-max-revenue"": 4, ""step3-max-revenue--reduce"": 1, ""step4-supplier"": 10, ""step4-supplier--combine"": 5, ""step5-join-supplier-revenue"": 3, ""step5-join-supplier-revenue--combine"": 3, ""step6-join-max"": 3, ""step6-join-max--combine"": 1, ""step7-agg"": 1}"
q15,front_02,front_02,8.738635855609234,0.008504446132639036,181.07452754974366,step1-lineitem--mergebf,"{""step1-lineitem"": 200, ""step2-revenue-per-supplier--reduce"": 25, ""step3-max-revenue"": 10, ""step4-supplier--combine"": 10, ""step5-join-supplier-revenue"": 25, ""step1-lineitem--combine"": 25}","{""step1-lineitem"": 40, ""step1-lineitem--combine"": 10, ""step2-revenue-per-supplier"": 5, ""step2-revenue-per-supplier--reduce"": 3, ""step3-max-revenue"": 3, ""step3-max-revenue--reduce"": 1, ""step4-supplier"": 10, ""step4-supplier--combine"": 5, ""step5-join-supplier-revenue"": 3, ""step5-join-supplier-revenue--combine"": 3, ""step6-join-max"": 3, ""step6-join-max--combine"": 1, ""step7-agg"": 1}"
q15,front_03,front_03,10.075866594649487,0.008048238272000751,181.07452754974366,step1-lineitem--mergebf,"{""step1-lineitem"": 200, ""step2-revenue-per-supplier--reduce"": 25, ""step3-max-revenue"": 10, ""step4-supplier--combine"": 25, ""step5-join-supplier-revenue"": 25, ""step4-supplier"": 1000}","{""step1-lineitem"": 40, ""step1-lineitem--combine"": 5, ""step2-revenue-per-supplier"": 5, ""step2-revenue-per-supplier--reduce"": 3, ""step3-max-revenue"": 3, ""step3-max-revenue--reduce"": 1, ""step4-supplier"": 10, ""step4-supplier--combine"": 2, ""step5-join-supplier-revenue"": 2, ""step5-join-supplier-revenue--combine"": 2, ""step6-join-max"": 2, ""step6-join-max--combine"": 1, ""step7-agg"": 1}"
q15,front_04,front_04,11.237949080802714,0.00789250096707107,181.07452754974366,step1-lineitem--mergebf,"{""step1-lineitem"": 200, ""step1-lineitem--combine"": 100, ""step3-max-revenue"": 10, ""step4-supplier--combine"": 25, ""step5-join-supplier-revenue"": 25, ""step2-revenue-per-supplier--reduce"": 25}","{""step1-lineitem"": 40, ""step1-lineitem--combine"": 3, ""step2-revenue-per-supplier"": 3, ""step2-revenue-per-supplier--reduce"": 3, ""step3-max-revenue"": 3, ""step3-max-revenue--reduce"": 1, ""step4-supplier"": 10, ""step4-supplier--combine"": 2, ""step5-join-supplier-revenue"": 2, ""step5-join-supplier-revenue--combine"": 2, ""step6-join-max"": 2, ""step6-join-max--combine"": 1, ""step7-agg"": 1}"
q15,front_05,front_05,12.930306443583392,0.007782317961090867,181.07452754974366,step1-lineitem--mergebf,"{""step1-lineitem"": 200, ""step2-revenue-per-supplier--reduce"": 25, ""step3-max-revenue"": 10, ""step4-supplier--combine"": 25, ""step5-join-supplier-revenue"": 25, ""step1-lineitem--combine"": 200}","{""step1-lineitem"": 40, ""step1-lineitem--combine"": 2, ""step2-revenue-per-supplier"": 2, ""step2-revenue-per-supplier--reduce"": 2, ""step3-max-revenue"": 2, ""step3-max-revenue--reduce"": 1, ""step4-supplier"": 10, ""step4-supplier--combine"": 2, ""step5-join-supplier-revenue"": 2, ""step5-join-supplier-revenue--combine"": 2, ""step6-join-max"": 2, ""step6-join-max--combine"": 1, ""step7-agg"": 1}"
q15,front_06,min_C,16.130944367898937,0.007643677150631626,181.07452754974366,step1-lineitem--mergebf,"{""step1-lineitem"": 200, ""step1-lineitem--combine"": 200, ""step2-revenue-per-supplier--reduce"": 100, ""step2-revenue-per-supplier"": 200}","{""step1-lineitem"": 40, ""step1-lineitem--combine"": 2, ""step2-revenue-per-supplier"": 2, ""step2-revenue-per-supplier--reduce"": 1, ""step3-max-revenue"": 1, ""step3-max-revenue--reduce"": 1, ""step4-supplier"": 10, ""step4-supplier--combine"": 1, ""step5-join-supplier-revenue"": 1, ""step5-join-supplier-revenue--combine"": 1, ""step6-join-max"": 1, ""step6-join-max--combine"": 1, ""step7-agg"": 1}"
q16,default,default,7.4075374720070695,0.0023911845832142904,50.380831718444824,,{},"{""step1-part"": 10, ""step1-part--combine"": 1, ""step1-part--mergebf"": 1, ""step2-supplier-complaints"": 10, ""step2-supplier-complaints--combine"": 1, ""step3-partsupp"": 20, ""step3-partsupp--combine"": 2, ""step4-filter-complaint-supplier"": 2, ""step4-filter-complaint-supplier--combine"": 2, ""step5-join-part-partsupp"": 2, ""step5-join-part-partsupp--combine"": 2, ""step6-agg"": 2, ""step6-agg--reduce"": 1}"
q16,knee,knee,6.382376433065702,0.002607012520772902,50.380831718444824,,"{""step1-part--combine"": 10, ""step3-partsupp--combine"": 25, ""step4-filter-complaint-supplier"": 25, ""step4-filter-complaint-supplier--combine"": 10}","{""step1-part"": 10, ""step1-part--combine"": 2, ""step1-part--mergebf"": 1, ""step2-supplier-complaints"": 10, ""step2-supplier-complaints--combine"": 1, ""step3-partsupp"": 20, ""step3-partsupp--combine"": 3, ""step4-filter-complaint-supplier"": 3, ""step4-filter-complaint-supplier--combine"": 3, ""step5-join-part-partsupp"": 2, ""step5-join-part-partsupp--combine"": 2, ""step6-agg"": 2, ""step6-agg--reduce"": 1}"
q16,min_T,min_T,4.711685722652055,0.003694820577296017,33.58722114562988,,"{""step1-part--combine"": 10, ""step3-partsupp--combine"": 10, ""step4-filter-complaint-supplier"": 10, ""step4-filter-complaint-supplier--combine"": 10, ""step3-partsupp"": 25, ""step5-join-part-partsupp"": 25, ""step2-supplier-complaints--combine"": 1000}","{""step1-part"": 10, ""step1-part--combine"": 2, ""step1-part--mergebf"": 1, ""step2-supplier-complaints"": 10, ""step2-supplier-complaints--combine"": 1, ""step3-partsupp"": 30, ""step3-partsupp--combine"": 8, ""step4-filter-complaint-supplier"": 8, ""step4-filter-complaint-supplier--combine"": 8, ""step5-join-part-partsupp"": 3, ""step5-join-part-partsupp--combine"": 3, ""step6-agg"": 3, ""step6-agg--reduce"": 1}"
q16,min_C,min_C,11.875677527147865,0.0018140663381104062,100.76166343688965,,"{""step3-partsupp"": 1000, ""step3-partsupp--combine"": 100}","{""step1-part"": 10, ""step1-part--combine"": 1, ""step1-part--mergebf"": 1, ""step2-supplier-complaints"": 10, ""step2-supplier-complaints--combine"": 1, ""step3-partsupp"": 10, ""step3-partsupp--combine"": 1, ""step4-filter-complaint-supplier"": 1, ""step4-filter-complaint-supplier--combine"": 1, ""step5-join-part-partsupp"": 1, ""step5-join-part-partsupp--combine"": 1, ""step6-agg"": 1, ""step6-agg--reduce"": 1}"
q16,front_01,min_T,4.711685722652055,0.003694820577296017,33.58722114562988,,"{""step1-part--combine"": 10, ""step3-partsupp--combine"": 10, ""step4-filter-complaint-supplier"": 10, ""step4-filter-complaint-supplier--combine"": 10, ""step3-partsupp"": 25, ""step5-join-part-partsupp"": 25, ""step2-supplier-complaints--combine"": 1000}","{""step1-part"": 10, ""step1-part--combine"": 2, ""step1-part--mergebf"": 1, ""step2-supplier-complaints"": 10, ""step2-supplier-complaints--combine"": 1, ""step3-partsupp"": 30, ""step3-partsupp--combine"": 8, ""step4-filter-complaint-supplier"": 8, ""step4-filter-complaint-supplier--combine"": 8, ""step5-join-part-partsupp"": 3, ""step5-join-part-partsupp--combine"": 3, ""step6-agg"": 3, ""step6-agg--reduce"": 1}"
q16,front_02,front_02,5.863147312536197,0.0029449733964533337,50.380831718444824,,"{""step1-part--combine"": 10, ""step3-partsupp"": 25, ""step3-partsupp--combine"": 10, ""step4-filter-complaint-supplier"": 25, ""step4-filter-complaint-supplier--combine"": 25}","{""step1-part"": 10, ""step1-part--combine"": 2, ""step1-part--mergebf"": 1, ""step2-supplier-complaints"": 10, ""step2-supplier-complaints--combine"": 1, ""step3-partsupp"": 30, ""step3-partsupp--combine"": 8, ""step4-filter-complaint-supplier"": 3, ""step4-filter-complaint-supplier--combine"": 3, ""step5-join-part-partsupp"": 2, ""step5-join-part-partsupp--combine"": 2, ""step6-agg"": 2, ""step6-agg--reduce"": 1}"
q16,front_03,front_03,6.754512314975022,0.0025077287234210144,50.380831718444824,,"{""step1-part--combine"": 10, ""step3-partsupp--combine"": 25}","{""step1-part"": 10, ""step1-part--combine"": 2, ""step1-part--mergebf"": 1, ""step2-supplier-complaints"": 10, ""step2-supplier-complaints--combine"": 1, ""step3-partsupp"": 20, ""step3-partsupp--combine"": 3, ""step4-filter-complaint-supplier"": 2, ""step4-filter-complaint-supplier--combine"": 2, ""step5-join-part-partsupp"": 2, ""step5-join-part-partsupp--combine"": 2, ""step6-agg"": 2, ""step6-agg--reduce"": 1}"
q16,front_04,front_04,7.575827029285252,0.0022833086335339444,51.608028411865234,,"{""step1-part--combine"": 10, ""step3-partsupp"": 1000}","{""step1-part"": 10, ""step1-part--combine"": 2, ""step1-part--mergebf"": 1, ""step2-supplier-complaints"": 10, ""step2-supplier-complaints--combine"": 1, ""step3-partsupp"": 10, ""step3-partsupp--combine"": 2, ""step4-filter-complaint-supplier"": 2, ""step4-filter-complaint-supplier--combine"": 2, ""step5-join-part-partsupp"": 2, ""step5-join-part-partsupp--combine"": 2, ""step6-agg"": 2, ""step6-agg--reduce"": 1}"
q16,front_05,front_05,9.678413837445566,0.0019985008119465636,100.76166343688965,,"{""step3-partsupp"": 100, ""step3-partsupp--combine"": 25, ""step5-join-part-partsupp"": 1000}","{""step1-part"": 10, ""step1-part--combine"": 1, ""step1-part--mergebf"": 1, ""step2-supplier-complaints"": 10, ""step2-supplier-complaints--combine"": 1, ""step3-partsupp"": 10, ""step3-partsupp--combine"": 4, ""step4-filter-complaint-supplier"": 2, ""step4-filter-complaint-supplier--combine"": 2, ""step5-join-part-partsupp"": 1, ""step5-join-part-partsupp--combine"": 1, ""step6-agg"": 1, ""step6-agg--reduce"": 1}"
q16,front_06,min_C,11.875677527147865,0.0018140663381104062,100.76166343688965,,"{""step3-partsupp"": 1000, ""step3-partsupp--combine"": 100}","{""step1-part"": 10, ""step1-part--combine"": 1, ""step1-part--mergebf"": 1, ""step2-supplier-complaints"": 10, ""step2-supplier-complaints--combine"": 1, ""step3-partsupp"": 10, ""step3-partsupp--combine"": 1, ""step4-filter-complaint-supplier"": 1, ""step4-filter-complaint-supplier--combine"": 1, ""step5-join-part-partsupp"": 1, ""step5-join-part-partsupp--combine"": 1, ""step6-agg"": 1, ""step6-agg--reduce"": 1}"
q17,default,default,8.613252854673293,0.011839959925349303,45.503097998301186,,{},"{""step1-part"": 10, ""step1-part--combine"": 1, ""step1-part--mergebf"": 1, ""step2-lineitem"": 150, ""step2-lineitem--combine"": 1, ""step3-join-lineitem-part"": 1, ""step3-join-lineitem-part--combine"": 1, ""step4-avg-quantity"": 1, ""step4-avg-quantity--combine"": 1, ""step5-join-filter-quantity"": 1, ""step5-join-filter-quantity--combine"": 1, ""step6-agg"": 1}"
q17,knee,knee,7.564772214822897,0.008514756001624988,170.63661749362944,,"{""step2-lineitem"": 200, ""step1-part--combine"": 1000}","{""step1-part"": 10, ""step1-part--combine"": 1, ""step1-part--mergebf"": 1, ""step2-lineitem"": 40, ""step2-lineitem--combine"": 1, ""step3-join-lineitem-part"": 1, ""step3-join-lineitem-part--combine"": 1, ""step4-avg-quantity"": 1, ""step4-avg-quantity--combine"": 1, ""step5-join-filter-quantity"": 1, ""step5-join-filter-quantity--combine"": 1, ""step6-agg"": 1}"
q17,min_T,knee,7.564772214822897,0.008514756001624988,170.63661749362944,,"{""step2-lineitem"": 200, ""step1-part--combine"": 1000}","{""step1-part"": 10, ""step1-part--combine"": 1, ""step1-part--mergebf"": 1, ""step2-lineitem"": 40, ""step2-lineitem--combine"": 1, ""step3-join-lineitem-part"": 1, ""step3-join-lineitem-part--combine"": 1, ""step4-avg-quantity"": 1, ""step4-avg-quantity--combine"": 1, ""step5-join-filter-quantity"": 1, ""step5-join-filter-quantity--combine"": 1, ""step6-agg"": 1}"
q17,min_C,knee,7.564772214822897,0.008514756001624988,170.63661749362944,,"{""step2-lineitem"": 200, ""step1-part--combine"": 1000}","{""step1-part"": 10, ""step1-part--combine"": 1, ""step1-part--mergebf"": 1, ""step2-lineitem"": 40, ""step2-lineitem--combine"": 1, ""step3-join-lineitem-part"": 1, ""step3-join-lineitem-part--combine"": 1, ""step4-avg-quantity"": 1, ""step4-avg-quantity--combine"": 1, ""step5-join-filter-quantity"": 1, ""step5-join-filter-quantity--combine"": 1, ""step6-agg"": 1}"
q17,front_01,knee,7.564772214822897,0.008514756001624988,170.63661749362944,,"{""step2-lineitem"": 200, ""step1-part--combine"": 1000}","{""step1-part"": 10, ""step1-part--combine"": 1, ""step1-part--mergebf"": 1, ""step2-lineitem"": 40, ""step2-lineitem--combine"": 1, ""step3-join-lineitem-part"": 1, ""step3-join-lineitem-part--combine"": 1, ""step4-avg-quantity"": 1, ""step4-avg-quantity--combine"": 1, ""step5-join-filter-quantity"": 1, ""step5-join-filter-quantity--combine"": 1, ""step6-agg"": 1}"
q18,default,default,10.71780692591588,0.01981201992387548,44.26218740940094,,{},"{""step1-lineitem-agg"": 40, ""step1-lineitem-agg--combine"": 37, ""step2-filter-large-orders"": 34, ""step2-filter-large-orders--mergebf"": 1, ""step3-orders"": 70, ""step3-orders--combine"": 1, ""step4-customer"": 10, ""step4-customer--combine"": 4, ""step5-lineitem"": 40, ""step5-lineitem--combine"": 1, ""step6-join-orders-filter"": 1, ""step6-join-orders-filter--combine"": 1, ""step7-join-customer-orders"": 4, ""step7-join-customer-orders--combine"": 1, ""step8-join-lineitem"": 1, ""step8-join-lineitem--combine"": 1, ""step9-agg"": 1}"
q18,knee,knee,12.11258573809942,0.014319814339348704,88.52437481880187,,"{""step1-lineitem-agg"": 100, ""step3-orders"": 100, ""step4-customer--combine"": 10, ""step7-join-customer-orders"": 10, ""step6-join-orders-filter--combine"": 1000}","{""step1-lineitem-agg"": 20, ""step1-lineitem-agg--combine"": 18, ""step2-filter-large-orders"": 17, ""step2-filter-large-orders--mergebf"": 1, ""step3-orders"": 30, ""step3-orders--combine"": 1, ""step4-customer"": 10, ""step4-customer--combine"": 10, ""step5-lineitem"": 40, ""step5-lineitem--combine"": 1, ""step6-join-orders-filter"": 1, ""step6-join-orders-filter--combine"": 1, ""step7-join-customer-orders"": 10, ""step7-join-customer-orders--combine"": 1, ""step8-join-lineitem"": 1, ""step8-join-lineitem--combine"": 1, ""step9-agg"": 1}"
q18,min_T,min_T,9.955059449027294,0.020569690194616925,44.26218740940094,,"{""step4-customer--combine"": 10, ""step7-join-customer-orders"": 10, ""step4-customer"": 10, ""step3-orders--combine"": 1000}","{""step1-lineitem-agg"": 40, ""step1-lineitem-agg--combine"": 37, ""step2-filter-large-orders"": 34, ""step2-filter-large-orders--mergebf"": 1, ""step3-orders"": 70, ""step3-orders--combine"": 1, ""step4-customer"": 20, ""step4-customer--combine"": 20, ""step5-lineitem"": 40, ""step5-lineitem--combine"": 1, ""step6-join-orders-filter"": 1, ""step6-join-orders-filter--combine"": 1, ""step7-join-customer-orders"": 20, ""step7-join-customer-orders--combine"": 1, ""step8-join-lineitem"": 1, ""step8-join-lineitem--combine"": 1, ""step9-agg"": 1}"
q18,min_C,min_C,19.682862106765104,0.012906781923405499,171.04743353525797,,"{""step1-lineitem-agg"": 100, ""step2-filter-large-orders"": 200, ""step3-orders"": 200, ""step4-customer--combine"": 1000, ""step5-lineitem"": 100}","{""step1-lineitem-agg"": 20, ""step1-lineitem-agg--combine"": 18, ""step2-filter-large-orders"": 6, ""step2-filter-large-orders--mergebf"": 1, ""step3-orders"": 20, ""step3-orders--combine"": 1, ""step4-customer"": 10, ""step4-customer--combine"": 1, ""step5-lineitem"": 20, ""step5-lineitem--combine"": 1, ""step6-join-orders-filter"": 1, ""step6-join-orders-filter--combine"": 1, ""step7-join-customer-orders"": 1, ""step7-join-customer-orders--combine"": 1, ""step8-join-lineitem"": 1, ""step8-join-lineitem--combine"": 1, ""step9-agg"": 1}"
q18,front_01,min_T,9.955059449027294,0.020569690194616925,44.26218740940094,,"{""step4-customer--combine"": 10, ""step7-join-customer-orders"": 10, ""step4-customer"": 10, ""step3-orders--combine"": 1000}","{""step1-lineitem-agg"": 40, ""step1-lineitem-agg--combine"": 37, ""step2-filter-large-orders"": 34, ""step2-filter-large-orders--mergebf"": 1, ""step3-orders"": 70, ""step3-orders--combine"": 1, ""step4-customer"": 20, ""step4-customer--combine"": 20, ""step5-lineitem"": 40, ""step5-lineitem--combine"": 1, ""step6-join-orders-filter"": 1, ""step6-join-orders-filter--combine"": 1, ""step7-join-customer-orders"": 20, ""step7-join-customer-orders--combine"": 1, ""step8-join-lineitem"": 1, ""step8-join-lineitem--combine"": 1, ""step9-agg"": 1}"
q18,front_02,front_02,11.015267802003542,0.018416647999403655,82.52914854685466,,"{""step3-orders"": 100, ""step4-customer--combine"": 10, ""step7-join-customer-orders"": 100}","{""step1-lineitem-agg"": 40, ""step1-lineitem-agg--combine"": 37, ""step2-filter-large-orders"": 34, ""step2-filter-large-orders--mergebf"": 1, ""step3-orders"": 30, ""step3-orders--combine"": 1, ""step4-customer"": 10, ""step4-customer--combine"": 10, ""step5-lineitem"": 40, ""step5-lineitem--combine"": 1, ""step6-join-orders-filter"": 1, ""step6-join-orders-filter--combine"": 1, ""step7-join-customer-orders"": 2, ""step7-join-customer-orders--combine"": 1, ""step8-join-lineitem"": 1, ""step8-join-lineitem--combine"": 1, ""step9-agg"": 1}"
q18,front_03,front_03,12.547892211258295,0.01423918802893662,88.52437481880187,,"{""step1-lineitem-agg"": 100, ""step3-orders"": 100, ""step4-customer--combine"": 10, ""step7-join-customer-orders"": 100}","{""step1-lineitem-agg"": 20, ""step1-lineitem-agg--combine"": 18, ""step2-filter-large-orders"": 17, ""step2-filter-large-orders--mergebf"": 1, ""step3-orders"": 30, ""step3-orders--combine"": 1, ""step4-customer"": 10, ""step4-customer--combine"": 10, ""step5-lineitem"": 40, ""step5-lineitem--combine"": 1, ""step6-join-orders-filter"": 1, ""step6-join-orders-filter--combine"": 1, ""step7-join-customer-orders"": 2, ""step7-join-customer-orders--combine"": 1, ""step8-join-lineitem"": 1, ""step8-join-lineitem--combine"": 1, ""step9-agg"": 1}"
q18,front_04,front_04,13.0468519397385,0.013860812068150458,123.79372282028199,,"{""step1-lineitem-agg"": 100, ""step3-orders"": 200, ""step4-customer--combine"": 10, ""step7-join-customer-orders"": 100}","{""step1-lineitem-agg"": 20, ""step1-lineitem-agg--combine"": 18, ""step2-filter-large-orders"": 17, ""step2-filter-large-orders--mergebf"": 1, ""step3-orders"": 20, ""step3-orders--combine"": 1, ""step4-customer"": 10, ""step4-customer--combine"": 10, ""step5-lineitem"": 40, ""step5-lineitem--combine"": 1, ""step6-join-orders-filter"": 1, ""step6-join-orders-filter--combine"": 1, ""step7-join-customer-orders"": 2, ""step7-join-customer-orders--combine"": 1, ""step8-join-lineitem"": 1, ""step8-join-lineitem--combine"": 1, ""step9-agg"": 1}"
q18,front_05,front_05,14.920951466984388,0.013159218378593913,123.79372282028199,,"{""step1-lineitem-agg"": 100, ""step3-orders"": 200, ""step5-lineitem"": 100, ""step4-customer"": 1000}","{""step1-lineitem-agg"": 20, ""step1-lineitem-agg--combine"": 18, ""step2-filter-large-orders"": 17, ""step2-filter-large-orders--mergebf"": 1, ""step3-orders"": 20, ""step3-orders--combine"": 1, ""step4-customer"": 10, ""step4-customer--combine"": 4, ""step5-lineitem"": 20, ""step5-lineitem--combine"": 1, ""step6-join-orders-filter"": 1, ""step6-join-orders-filter--combine"": 1, ""step7-join-customer-orders"": 4, ""step7-join-customer-orders--combine"": 1, ""step8-join-lineitem"": 1, ""step8-join-lineitem--combine"": 1, ""step9-agg"": 1}"
q18,front_06,min_C,19.682862106765104,0.012906781923405499,171.04743353525797,,"{""step1-lineitem-agg"": 100, ""step2-filter-large-orders"": 200, ""step3-orders"": 200, ""step4-customer--combine"": 1000, ""step5-lineitem"": 100}","{""step1-lineitem-agg"": 20, ""step1-lineitem-agg--combine"": 18, ""step2-filter-large-orders"": 6, ""step2-filter-large-orders--mergebf"": 1, ""step3-orders"": 20, ""step3-orders--combine"": 1, ""step4-customer"": 10, ""step4-customer--combine"": 1, ""step5-lineitem"": 20, ""step5-lineitem--combine"": 1, ""step6-join-orders-filter"": 1, ""step6-join-orders-filter--combine"": 1, ""step7-join-customer-orders"": 1, ""step7-join-customer-orders--combine"": 1, ""step8-join-lineitem"": 1, ""step8-join-lineitem--combine"": 1, ""step9-agg"": 1}"
q19,default,default,7.695060785913392,0.012970934747670988,49.81916405359904,,{},"{""step1-part"": 10, ""step1-part--combine-make-bf"": 1, ""step1-part--mergebf"": 1, ""step2-lineitem"": 150, ""step2-lineitem--combine"": 1, ""step3-join"": 1, ""step3-join--combine"": 1, ""step6-agg"": 1}"
q19,knee,knee,5.402322762852109,0.007989995457173054,186.8218652009964,step1-part--mergebf,"{""step2-lineitem"": 200, ""step2-lineitem--combine"": 25, ""step3-join"": 10, ""step1-part--combine-make-bf"": 1000}","{""step1-part"": 10, ""step1-part--combine-make-bf"": 1, ""step2-lineitem"": 40, ""step2-lineitem--combine"": 7, ""step3-join"": 7, ""step3-join--combine"": 1, ""step6-agg"": 1}"
q19,min_T,min_T,5.039974448532191,0.008629169728649909,186.8218652009964,step1-part--mergebf,"{""step2-lineitem"": 200, ""step2-lineitem--combine"": 10, ""step3-join"": 10, ""step1-part--combine-make-bf"": 1000}","{""step1-part"": 10, ""step1-part--combine-make-bf"": 1, ""step2-lineitem"": 40, ""step2-lineitem--combine"": 20, ""step3-join"": 20, ""step3-join--combine"": 1, ""step6-agg"": 1}"
q19,min_C,min_C,9.275621563867409,0.0076949981824191716,186.8218652009964,step1-part--mergebf,"{""step2-lineitem"": 200, ""step2-lineitem--combine"": 1000, ""step3-join"": 10}","{""step1-part"": 10, ""step1-part--combine-make-bf"": 1, ""step2-lineitem"": 40, ""step2-lineitem--combine"": 1, ""step3-join"": 1, ""step3-join--combine"": 1, ""step6-agg"": 1}"
q19,front_01,min_T,5.039974448532191,0.008629169728649909,186.8218652009964,step1-part--mergebf,"{""step2-lineitem"": 200, ""step2-lineitem--combine"": 10, ""step3-join"": 10, ""step1-part--combine-make-bf"": 1000}","{""step1-part"": 10, ""step1-part--combine-make-bf"": 1, ""step2-lineitem"": 40, ""step2-lineitem--combine"": 20, ""step3-join"": 20, ""step3-join--combine"": 1, ""step6-agg"": 1}"
q19,front_02,front_02,5.245789006082977,0.008481436234491022,186.8218652009964,step1-part--mergebf,"{""step2-lineitem"": 200, ""step2-lineitem--combine"": 10}","{""step1-part"": 10, ""step1-part--combine-make-bf"": 1, ""step2-lineitem"": 40, ""step2-lineitem--combine"": 20, ""step3-join"": 4, ""step3-join--combine"": 1, ""step6-agg"": 1}"
q19,front_03,front_03,5.538411714528033,0.007962295677631116,186.8218652009964,step1-part--mergebf,"{""step2-lineitem"": 200, ""step2-lineitem--combine"": 25}","{""step1-part"": 10, ""step1-part--combine-make-bf"": 1, ""step2-lineitem"": 40, ""step2-lineitem--combine"": 7, ""step3-join"": 4, ""step3-join--combine"": 1, ""step6-agg"": 1}"
q19,front_04,front_04,5.876053301195404,0.007842494358549333,186.8218652009964,step1-part--mergebf,"{""step2-lineitem"": 200, ""step1-part--combine-make-bf"": 1000}","{""step1-part"": 10, ""step1-part--combine-make-bf"": 1, ""step2-lineitem"": 40, ""step2-lineitem--combine"": 4, ""step3-join"": 4, ""step3-join--combine"": 1, ""step6-agg"": 1}"
q19,front_05,front_05,6.912130457195803,0.0078147968923568,186.8218652009964,step1-part--mergebf,"{""step2-lineitem"": 200, ""step3-join"": 1000}","{""step1-part"": 10, ""step1-part--combine-make-bf"": 1, ""step2-lineitem"": 40, ""step2-lineitem--combine"": 4, ""step3-join"": 1, ""step3-join--combine"": 1, ""step6-agg"": 1}"
q19,front_06,min_C,9.275621563867409,0.0076949981824191716,186.8218652009964,step1-part--mergebf,"{""step2-lineitem"": 200, ""step2-lineitem--combine"": 1000, ""step3-join"": 10}","{""step1-part"": 10, ""step1-part--combine-make-bf"": 1, ""step2-lineitem"": 40, ""step2-lineitem--combine"": 1, ""step3-join"": 1, ""step3-join--combine"": 1, ""step6-agg"": 1}"
q20,default,default,11.518341047086952,0.013865151451145537,50.319455540974936,,{},"{""step1-nation"": 1, ""step1-nation--combine"": 1, ""step1-nation--mergebf"": 1, ""step2-supplier"": 10, ""step2-supplier--combine"": 1, ""step2-supplier--mergebf"": 1, ""step3-join-nation-supplier"": 1, ""step3-join-nation-supplier--combine"": 1, ""step4-part"": 10, ""step4-part--combine"": 1, ""step4-part--mergebf"": 1, ""step5-lineitem"": 150, ""step5-lineitem--combine"": 1, ""step6-agg-qty"": 1, ""step6-agg-qty--reduce-1"": 1, ""step6-agg-qty--reduce-2"": 1, ""step6-agg-qty--reduce-3"": 1, ""step7-partsupp"": 20, ""step7-partsupp--combine"": 1, ""step8-join-excess"": 1, ""step8-join-excess--combine"": 1, ""step8-join-excess--mergebf"": 1, ""step9-join-supplier-excess"": 1, ""step9-join-supplier-excess--combine"": 1, ""step10-agg"": 1}"
q20,knee,knee,9.90902744212021,0.010301111585417008,188.69795827865602,step2-supplier--mergebf step8-join-excess--mergebf,"{""step5-lineitem"": 200, ""step5-lineitem--combine"": 10, ""step6-agg-qty"": 10, ""step4-part--combine"": 1000}","{""step1-nation"": 1, ""step1-nation--combine"": 1, ""step1-nation--mergebf"": 1, ""step2-supplier"": 10, ""step2-supplier--combine"": 1, ""step3-join-nation-supplier"": 1, ""step3-join-nation-supplier--combine"": 1, ""step4-part"": 10, ""step4-part--combine"": 1, ""step4-part--mergebf"": 1, ""step5-lineitem"": 40, ""step5-lineitem--combine"": 2, ""step6-agg-qty"": 2, ""step6-agg-qty--reduce-1"": 1, ""step6-agg-qty--reduce-2"": 1, ""step6-agg-qty--reduce-3"": 1, ""step7-partsupp"": 20, ""step7-partsupp--combine"": 1, ""step8-join-excess"": 1, ""step8-join-excess--combine"": 1, ""step9-join-supplier-excess"": 1, ""step9-join-supplier-excess--combine"": 1, ""step10-agg"": 1}"
q20,min_T,min_T,9.688291908139298,0.010646130326066988,188.69795827865602,step2-supplier--mergebf step8-join-excess--mergebf,"{""step5-lineitem"": 200, ""step5-lineitem--combine"": 10, ""step6-agg-qty"": 10, ""step7-partsupp"": 25, ""step6-agg-qty--reduce-3"": 1000}","{""step1-nation"": 1, ""step1-nation--combine"": 1, ""step1-nation--mergebf"": 1, ""step2-supplier"": 10, ""step2-supplier--combine"": 1, ""step3-join-nation-supplier"": 1, ""step3-join-nation-supplier--combine"": 1, ""step4-part"": 10, ""step4-part--combine"": 1, ""step4-part--mergebf"": 1, ""step5-lineitem"": 40, ""step5-lineitem--combine"": 2, ""step6-agg-qty"": 2, ""step6-agg-qty--reduce-1"": 1, ""step6-agg-qty--reduce-2"": 1, ""step6-agg-qty--reduce-3"": 1, ""step7-partsupp"": 40, ""step7-partsupp--combine"": 1, ""step8-join-excess"": 1, ""step8-join-excess--combine"": 1, ""step9-join-supplier-excess"": 1, ""step9-join-supplier-excess--combine"": 1, ""step10-agg"": 1}"
q20,min_C,min_C,10.825025787993546,0.010092926854471452,188.69795827865602,step2-supplier--mergebf step8-join-excess--mergebf,"{""step5-lineitem"": 200, ""step7-partsupp"": 100, ""step6-agg-qty--reduce-3"": 1000}","{""step1-nation"": 1, ""step1-nation--combine"": 1, ""step1-nation--mergebf"": 1, ""step2-supplier"": 10, ""step2-supplier--combine"": 1, ""step3-join-nation-supplier"": 1, ""step3-join-nation-supplier--combine"": 1, ""step4-part"": 10, ""step4-part--combine"": 1, ""step4-part--mergebf"": 1, ""step5-lineitem"": 40, ""step5-lineitem--combine"": 1, ""step6-agg-qty"": 1, ""step6-agg-qty--reduce-1"": 1, ""step6-agg-qty--reduce-2"": 1, ""step6-agg-qty--reduce-3"": 1, ""step7-partsupp"": 10, ""step7-partsupp--combine"": 1, ""step8-join-excess"": 1, ""step8-join-excess--combine"": 1, ""step9-join-supplier-excess"": 1, ""step9-join-supplier-excess--combine"": 1, ""step10-agg"": 1}"
q20,front_01,min_T,9.688291908139298,0.010646130326066988,188.69795827865602,step2-supplier--mergebf step8-join-excess--mergebf,"{""step5-lineitem"": 200, ""step5-lineitem--combine"": 10, ""step6-agg-qty"": 10, ""step7-partsupp"": 25, ""step6-agg-qty--reduce-3"": 1000}","{""step1-nation"": 1, ""step1-nation--combine"": 1, ""step1-nation--mergebf"": 1, ""step2-supplier"": 10, ""step2-supplier--combine"": 1, ""step3-join-nation-supplier"": 1, ""step3-join-nation-supplier--combine"": 1, ""step4-part"": 10, ""step4-part--combine"": 1, ""step4-part--mergebf"": 1, ""step5-lineitem"": 40, ""step5-lineitem--combine"": 2, ""step6-agg-qty"": 2, ""step6-agg-qty--reduce-1"": 1, ""step6-agg-qty--reduce-2"": 1, ""step6-agg-qty--reduce-3"": 1, ""step7-partsupp"": 40, ""step7-partsupp--combine"": 1, ""step8-join-excess"": 1, ""step8-join-excess--combine"": 1, ""step9-join-supplier-excess"": 1, ""step9-join-supplier-excess--combine"": 1, ""step10-agg"": 1}"
q20,front_02,front_02,9.799235113709644,0.010630282675507667,188.69795827865602,step2-supplier--mergebf step8-join-excess--mergebf,"{""step5-lineitem"": 200, ""step5-lineitem--combine"": 10, ""step6-agg-qty"": 1000, ""step7-partsupp"": 25}","{""step1-nation"": 1, ""step1-nation--combine"": 1, ""step1-nation--mergebf"": 1, ""step2-supplier"": 10, ""step2-supplier--combine"": 1, ""step3-join-nation-supplier"": 1, ""step3-join-nation-supplier--combine"": 1, ""step4-part"": 10, ""step4-part--combine"": 1, ""step4-part--mergebf"": 1, ""step5-lineitem"": 40, ""step5-lineitem--combine"": 2, ""step6-agg-qty"": 1, ""step6-agg-qty--reduce-1"": 1, ""step6-agg-qty--reduce-2"": 1, ""step6-agg-qty--reduce-3"": 1, ""step7-partsupp"": 40, ""step7-partsupp--combine"": 1, ""step8-join-excess"": 1, ""step8-join-excess--combine"": 1, ""step9-join-supplier-excess"": 1, ""step9-join-supplier-excess--combine"": 1, ""step10-agg"": 1}"
q20,front_03,front_03,10.019970647690556,0.010285263934857689,188.69795827865602,step2-supplier--mergebf step8-join-excess--mergebf,"{""step5-lineitem"": 200, ""step5-lineitem--combine"": 10, ""step6-agg-qty--reduce-3"": 1000}","{""step1-nation"": 1, ""step1-nation--combine"": 1, ""step1-nation--mergebf"": 1, ""step2-supplier"": 10, ""step2-supplier--combine"": 1, ""step3-join-nation-supplier"": 1, ""step3-join-nation-supplier--combine"": 1, ""step4-part"": 10, ""step4-part--combine"": 1, ""step4-part--mergebf"": 1, ""step5-lineitem"": 40, ""step5-lineitem--combine"": 2, ""step6-agg-qty"": 1, ""step6-agg-qty--reduce-1"": 1, ""step6-agg-qty--reduce-2"": 1, ""step6-agg-qty--reduce-3"": 1, ""step7-partsupp"": 20, ""step7-partsupp--combine"": 1, ""step8-join-excess"": 1, ""step8-join-excess--combine"": 1, ""step9-join-supplier-excess"": 1, ""step9-join-supplier-excess--combine"": 1, ""step10-agg"": 1}"
q20,front_04,front_04,10.21013678303397,0.010265435896353137,188.69795827865602,step2-supplier--mergebf step8-join-excess--mergebf,"{""step5-lineitem"": 200, ""step5-lineitem--combine"": 1000, ""step6-agg-qty"": 10}","{""step1-nation"": 1, ""step1-nation--combine"": 1, ""step1-nation--mergebf"": 1, ""step2-supplier"": 10, ""step2-supplier--combine"": 1, ""step3-join-nation-supplier"": 1, ""step3-join-nation-supplier--combine"": 1, ""step4-part"": 10, ""step4-part--combine"": 1, ""step4-part--mergebf"": 1, ""step5-lineitem"": 40, ""step5-lineitem--combine"": 1, ""step6-agg-qty"": 1, ""step6-agg-qty--reduce-1"": 1, ""step6-agg-qty--reduce-2"": 1, ""step6-agg-qty--reduce-3"": 1, ""step7-partsupp"": 20, ""step7-partsupp--combine"": 1, ""step8-join-excess"": 1, ""step8-join-excess--combine"": 1, ""step9-join-supplier-excess"": 1, ""step9-join-supplier-excess--combine"": 1, ""step10-agg"": 1}"
q20,front_05,front_05,10.634859652650132,0.010112754892976005,188.69795827865602,step2-supplier--mergebf step8-join-excess--mergebf,"{""step5-lineitem"": 200, ""step5-lineitem--combine"": 10, ""step7-partsupp"": 100, ""step6-agg-qty--reduce-3"": 1000}","{""step1-nation"": 1, ""step1-nation--combine"": 1, ""step1-nation--mergebf"": 1, ""step2-supplier"": 10, ""step2-supplier--combine"": 1, ""step3-join-nation-supplier"": 1, ""step3-join-nation-supplier--combine"": 1, ""step4-part"": 10, ""step4-part--combine"": 1, ""step4-part--mergebf"": 1, ""step5-lineitem"": 40, ""step5-lineitem--combine"": 2, ""step6-agg-qty"": 1, ""step6-agg-qty--reduce-1"": 1, ""step6-agg-qty--reduce-2"": 1, ""step6-agg-qty--reduce-3"": 1, ""step7-partsupp"": 10, ""step7-partsupp--combine"": 1, ""step8-join-excess"": 1, ""step8-join-excess--combine"": 1, ""step9-join-supplier-excess"": 1, ""step9-join-supplier-excess--combine"": 1, ""step10-agg"": 1}"
q20,front_06,min_C,10.825025787993546,0.010092926854471452,188.69795827865602,step2-supplier--mergebf step8-join-excess--mergebf,"{""step5-lineitem"": 200, ""step7-partsupp"": 100, ""step6-agg-qty--reduce-3"": 1000}","{""step1-nation"": 1, ""step1-nation--combine"": 1, ""step1-nation--mergebf"": 1, ""step2-supplier"": 10, ""step2-supplier--combine"": 1, ""step3-join-nation-supplier"": 1, ""step3-join-nation-supplier--combine"": 1, ""step4-part"": 10, ""step4-part--combine"": 1, ""step4-part--mergebf"": 1, ""step5-lineitem"": 40, ""step5-lineitem--combine"": 1, ""step6-agg-qty"": 1, ""step6-agg-qty--reduce-1"": 1, ""step6-agg-qty--reduce-2"": 1, ""step6-agg-qty--reduce-3"": 1, ""step7-partsupp"": 10, ""step7-partsupp--combine"": 1, ""step8-join-excess"": 1, ""step8-join-excess--combine"": 1, ""step9-join-supplier-excess"": 1, ""step9-join-supplier-excess--combine"": 1, ""step10-agg"": 1}"
q21,default,default,43.09121272459478,0.12144565986788244,85.72513328279767,,{},"{""step1-nation"": 1, ""step1-nation--combine"": 1, ""step1-nation--mergebf"": 1, ""step2-supplier"": 10, ""step2-supplier--combine"": 1, ""step3-join-nation-supplier"": 1, ""step3-join-nation-supplier--combine"": 1, ""step3-join-nation-supplier--mergebf"": 1, ""step4-orders"": 20, ""step4-orders--combine"": 7, ""step4-orders--mergebf"": 1, ""step5-lineitem-l1"": 100, ""step5-lineitem-l1--combine"": 90, ""step6-join-orders-l1"": 630, ""step6-join-orders-l1--combine"": 30, ""step7-join-supplier-l1"": 30, ""step7-join-supplier-l1--combine"": 3, ""step8-late-per-order"": 3, ""step9-lineitem-l2"": 100, ""step9-lineitem-l2--combine"": 45, ""step10-all-suppliers-per-order"": 45, ""step11-filter-orders"": 14, ""step11-filter-orders--combine"": 1, ""step12-agg"": 1}"
q21,knee,knee,34.09922291470866,0.09978655464906648,157.830464998881,step3-join-nation-supplier--mergebf,"{""step4-orders"": 25, ""step5-lineitem-l1"": 100, ""step6-join-orders-l1--combine"": 25, ""step7-join-supplier-l1"": 10, ""step7-join-supplier-l1--combine"": 10, ""step8-late-per-order"": 25, ""step9-lineitem-l2"": 100, ""step11-filter-orders"": 25, ""step11-filter-orders--combine"": 10, ""step12-agg"": 10}","{""step1-nation"": 1, ""step1-nation--combine"": 1, ""step1-nation--mergebf"": 1, ""step2-supplier"": 10, ""step2-supplier--combine"": 1, ""step3-join-nation-supplier"": 1, ""step3-join-nation-supplier--combine"": 1, ""step4-orders"": 30, ""step4-orders--combine"": 6, ""step4-orders--mergebf"": 1, ""step5-lineitem-l1"": 50, ""step5-lineitem-l1--combine"": 46, ""step6-join-orders-l1"": 276, ""step6-join-orders-l1--combine"": 67, ""step7-join-supplier-l1"": 65, ""step7-join-supplier-l1--combine"": 13, ""step8-late-per-order"": 7, ""step9-lineitem-l2"": 50, ""step9-lineitem-l2--combine"": 45, ""step10-all-suppliers-per-order"": 45, ""step11-filter-orders"": 40, ""step11-filter-orders--combine"": 5, ""step12-agg"": 5}"
q21,min_T,min_T,32.82390972675416,0.19752699654758282,157.830464998881,step3-join-nation-supplier--mergebf step4-orders--mergebf,"{""step4-orders"": 10, ""step5-lineitem-l1"": 100, ""step6-join-orders-l1--combine"": 25, ""step7-join-supplier-l1--combine"": 10, ""step8-late-per-order"": 10, ""step9-lineitem-l2"": 100, ""step11-filter-orders"": 25, ""step11-filter-orders--combine"": 10, ""step12-agg"": 10, ""step4-orders--combine"": 10, ""step3-join-nation-supplier--combine"": 1000}","{""step1-nation"": 1, ""step1-nation--combine"": 1, ""step1-nation--mergebf"": 1, ""step2-supplier"": 10, ""step2-supplier--combine"": 1, ""step3-join-nation-supplier"": 1, ""step3-join-nation-supplier--combine"": 1, ""step4-orders"": 70, ""step4-orders--combine"": 35, ""step5-lineitem-l1"": 50, ""step5-lineitem-l1--combine"": 46, ""step6-join-orders-l1"": 276, ""step6-join-orders-l1--combine"": 67, ""step7-join-supplier-l1"": 33, ""step7-join-supplier-l1--combine"": 17, ""step8-late-per-order"": 17, ""step9-lineitem-l2"": 50, ""step9-lineitem-l2--combine"": 48, ""step10-all-suppliers-per-order"": 48, ""step11-filter-orders"": 128, ""step11-filter-orders--combine"": 5, ""step12-agg"": 5}"
q21,min_C,min_C,49.493433736483034,0.09502169566209118,180.26166553497313,step3-join-nation-supplier--mergebf,"{""step4-orders--combine"": 100, ""step6-join-orders-l1--combine"": 200, ""step7-join-supplier-l1--combine"": 100, ""step9-lineitem-l2"": 200, ""step10-all-suppliers-per-order"": 200, ""step3-join-nation-supplier--combine"": 1000}","{""step1-nation"": 1, ""step1-nation--combine"": 1, ""step1-nation--mergebf"": 1, ""step2-supplier"": 10, ""step2-supplier--combine"": 1, ""step3-join-nation-supplier"": 1, ""step3-join-nation-supplier--combine"": 1, ""step4-orders"": 20, ""step4-orders--combine"": 3, ""step4-orders--mergebf"": 1, ""step5-lineitem-l1"": 100, ""step5-lineitem-l1--combine"": 92, ""step6-join-orders-l1"": 276, ""step6-join-orders-l1--combine"": 8, ""step7-join-supplier-l1"": 8, ""step7-join-supplier-l1--combine"": 2, ""step8-late-per-order"": 2, ""step9-lineitem-l2"": 30, ""step9-lineitem-l2--combine"": 27, ""step10-all-suppliers-per-order"": 14, ""step11-filter-orders"": 9, ""step11-filter-orders--combine"": 1, ""step12-agg"": 1}"
q21,front_01,min_T,32.82390972675416,0.19752699654758282,157.830464998881,step3-join-nation-supplier--mergebf step4-orders--mergebf,"{""step4-orders"": 10, ""step5-lineitem-l1"": 100, ""step6-join-orders-l1--combine"": 25, ""step7-join-supplier-l1--combine"": 10, ""step8-late-per-order"": 10, ""step9-lineitem-l2"": 100, ""step11-filter-orders"": 25, ""step11-filter-orders--combine"": 10, ""step12-agg"": 10, ""step4-orders--combine"": 10, ""step3-join-nation-supplier--combine"": 1000}","{""step1-nation"": 1, ""step1-nation--combine"": 1, ""step1-nation--mergebf"": 1, ""step2-supplier"": 10, ""step2-supplier--combine"": 1, ""step3-join-nation-supplier"": 1, ""step3-join-nation-supplier--combine"": 1, ""step4-orders"": 70, ""step4-orders--combine"": 35, ""step5-lineitem-l1"": 50, ""step5-lineitem-l1--combine"": 46, ""step6-join-orders-l1"": 276, ""step6-join-orders-l1--combine"": 67, ""step7-join-supplier-l1"": 33, ""step7-join-supplier-l1--combine"": 17, ""step8-late-per-order"": 17, ""step9-lineitem-l2"": 50, ""step9-lineitem-l2--combine"": 48, ""step10-all-suppliers-per-order"": 48, ""step11-filter-orders"": 128, ""step11-filter-orders--combine"": 5, ""step12-agg"": 5}"
q21,front_02,front_02,33.85872400559215,0.10155212651836264,157.830464998881,step3-join-nation-supplier--mergebf,"{""step4-orders"": 25, ""step5-lineitem-l1"": 100, ""step6-join-orders-l1--combine"": 25, ""step7-join-supplier-l1"": 10, ""step7-join-supplier-l1--combine"": 10, ""step8-late-per-order"": 10, ""step9-lineitem-l2"": 100, ""step11-filter-orders"": 25, ""step11-filter-orders--combine"": 10, ""step12-agg"": 10, ""step10-all-suppliers-per-order"": 25}","{""step1-nation"": 1, ""step1-nation--combine"": 1, ""step1-nation--mergebf"": 1, ""step2-supplier"": 10, ""step2-supplier--combine"": 1, ""step3-join-nation-supplier"": 1, ""step3-join-nation-supplier--combine"": 1, ""step4-orders"": 30, ""step4-orders--combine"": 6, ""step4-orders--mergebf"": 1, ""step5-lineitem-l1"": 50, ""step5-lineitem-l1--combine"": 46, ""step6-join-orders-l1"": 276, ""step6-join-orders-l1--combine"": 67, ""step7-join-supplier-l1"": 65, ""step7-join-supplier-l1--combine"": 13, ""step8-late-per-order"": 13, ""step9-lineitem-l2"": 50, ""step9-lineitem-l2--combine"": 45, ""step10-all-suppliers-per-order"": 45, ""step11-filter-orders"": 50, ""step11-filter-orders--combine"": 5, ""step12-agg"": 5}"
q21,front_03,front_03,35.43842620789274,0.09814679981393706,157.830464998881,step3-join-nation-supplier--mergebf,"{""step4-orders"": 25, ""step5-lineitem-l1"": 100, ""step6-join-orders-l1--combine"": 25, ""step7-join-supplier-l1"": 10, ""step7-join-supplier-l1--combine"": 10, ""step8-late-per-order"": 100, ""step9-lineitem-l2"": 100, ""step11-filter-orders"": 25, ""step11-filter-orders--combine"": 10, ""step12-agg"": 10}","{""step1-nation"": 1, ""step1-nation--combine"": 1, ""step1-nation--mergebf"": 1, ""step2-supplier"": 10, ""step2-supplier--combine"": 1, ""step3-join-nation-supplier"": 1, ""step3-join-nation-supplier--combine"": 1, ""step4-orders"": 30, ""step4-orders--combine"": 6, ""step4-orders--mergebf"": 1, ""step5-lineitem-l1"": 50, ""step5-lineitem-l1--combine"": 46, ""step6-join-orders-l1"": 276, ""step6-join-orders-l1--combine"": 67, ""step7-join-supplier-l1"": 65, ""step7-join-supplier-l1--combine"": 13, ""step8-late-per-order"": 2, ""step9-lineitem-l2"": 50, ""step9-lineitem-l2--combine"": 45, ""step10-all-suppliers-per-order"": 45, ""step11-filter-orders"": 20, ""step11-filter-orders--combine"": 5, ""step12-agg"": 5}"
q21,front_04,front_04,44.936676226738435,0.0961434706073897,157.830464998881,step3-join-nation-supplier--mergebf,"{""step4-orders--combine"": 100, ""step6-join-orders-l1--combine"": 100, ""step7-join-supplier-l1--combine"": 100, ""step9-lineitem-l2"": 200, ""step10-all-suppliers-per-order"": 100, ""step11-filter-orders--combine"": 25, ""step12-agg"": 10}","{""step1-nation"": 1, ""step1-nation--combine"": 1, ""step1-nation--mergebf"": 1, ""step2-supplier"": 10, ""step2-supplier--combine"": 1, ""step3-join-nation-supplier"": 1, ""step3-join-nation-supplier--combine"": 1, ""step4-orders"": 20, ""step4-orders--combine"": 3, ""step4-orders--mergebf"": 1, ""step5-lineitem-l1"": 100, ""step5-lineitem-l1--combine"": 92, ""step6-join-orders-l1"": 276, ""step6-join-orders-l1--combine"": 17, ""step7-join-supplier-l1"": 16, ""step7-join-supplier-l1--combine"": 2, ""step8-late-per-order"": 2, ""step9-lineitem-l2"": 30, ""step9-lineitem-l2--combine"": 27, ""step10-all-suppliers-per-order"": 27, ""step11-filter-orders"": 9, ""step11-filter-orders--combine"": 2, ""step12-agg"": 2}"
q21,front_05,front_05,47.00980167617913,0.09553209372496199,180.26166553497313,step3-join-nation-supplier--mergebf,"{""step4-orders--combine"": 100, ""step6-join-orders-l1--combine"": 100, ""step7-join-supplier-l1--combine"": 100, ""step9-lineitem-l2"": 200, ""step10-all-suppliers-per-order"": 200, ""step11-filter-orders--combine"": 1000, ""step12-agg"": 10}","{""step1-nation"": 1, ""step1-nation--combine"": 1, ""step1-nation--mergebf"": 1, ""step2-supplier"": 10, ""step2-supplier--combine"": 1, ""step3-join-nation-supplier"": 1, ""step3-join-nation-supplier--combine"": 1, ""step4-orders"": 20, ""step4-orders--combine"": 3, ""step4-orders--mergebf"": 1, ""step5-lineitem-l1"": 100, ""step5-lineitem-l1--combine"": 92, ""step6-join-orders-l1"": 276, ""step6-join-orders-l1--combine"": 17, ""step7-join-supplier-l1"": 16, ""step7-join-supplier-l1--combine"": 2, ""step8-late-per-order"": 2, ""step9-lineitem-l2"": 30, ""step9-lineitem-l2--combine"": 27, ""step10-all-suppliers-per-order"": 14, ""step11-filter-orders"": 9, ""step11-filter-orders--combine"": 1, ""step12-agg"": 1}"
q21,front_06,min_C,49.493433736483034,0.09502169566209118,180.26166553497313,step3-join-nation-supplier--mergebf,"{""step4-orders--combine"": 100, ""step6-join-orders-l1--combine"": 200, ""step7-join-supplier-l1--combine"": 100, ""step9-lineitem-l2"": 200, ""step10-all-suppliers-per-order"": 200, ""step3-join-nation-supplier--combine"": 1000}","{""step1-nation"": 1, ""step1-nation--combine"": 1, ""step1-nation--mergebf"": 1, ""step2-supplier"": 10, ""step2-supplier--combine"": 1, ""step3-join-nation-supplier"": 1, ""step3-join-nation-supplier--combine"": 1, ""step4-orders"": 20, ""step4-orders--combine"": 3, ""step4-orders--mergebf"": 1, ""step5-lineitem-l1"": 100, ""step5-lineitem-l1--combine"": 92, ""step6-join-orders-l1"": 276, ""step6-join-orders-l1--combine"": 8, ""step7-join-supplier-l1"": 8, ""step7-join-supplier-l1--combine"": 2, ""step8-late-per-order"": 2, ""step9-lineitem-l2"": 30, ""step9-lineitem-l2--combine"": 27, ""step10-all-suppliers-per-order"": 14, ""step11-filter-orders"": 9, ""step11-filter-orders--combine"": 1, ""step12-agg"": 1}"
