query,T,C,pareto,n_on,n_resized,knee,default
q2,4.466115531923526,0.0015916456000568565,False,5,0,False,True
q2,4.409678061290827,0.0015895643472761535,False,4,0,False,False
q2,4.354181173604599,0.00158751444729391,False,3,0,False,False
q2,5.638285231146531,0.0017434203762382678,False,2,0,False,False
q2,4.277274788254582,0.0015847505945639692,False,2,0,False,False
q2,5.723906999887453,0.004624385877206283,False,1,0,False,False
q2,4.277274788254582,0.0015847505945639692,False,2,1,False,False
q2,4.277274788254582,0.0015847505945639692,False,2,1,False,False
q2,4.277274788254582,0.0015847505945639692,False,2,1,False,False
q2,4.277274788254582,0.0015847505945639692,False,2,1,False,False
q2,4.277274788254582,0.0015847505945639692,False,2,1,False,False
q2,4.277274788254582,0.0015847505945639692,False,2,1,False,False
q2,4.277274788254582,0.0015847505945639692,False,2,1,False,False
q2,4.277274788254582,0.0015847505945639692,False,2,1,False,False
q2,4.277274788254582,0.0015847505945639692,False,2,1,False,False
q2,4.277274788254582,0.0015847505945639692,False,2,1,False,False
q2,4.277274788254582,0.0015847505945639692,False,2,1,False,False
q2,4.277274788254582,0.0015847505945639692,False,2,1,False,False
q2,4.277274788254582,0.0015847505945639692,False,2,1,False,False
q2,4.277274788254582,0.0015847505945639692,False,2,1,False,False
q2,4.277274788254582,0.0015847505945639692,False,2,1,False,False
q2,4.277274788254582,0.0015847505945639692,False,2,1,False,False
q2,4.277274788254582,0.0015847505945639692,False,2,1,False,False
q2,4.277274788254582,0.0015847505945639692,False,2,1,False,False
q2,4.277274788254582,0.0015847505945639692,False,2,1,False,False
q2,4.277274788254582,0.0015847505945639692,False,2,1,False,False
q2,4.277274788254582,0.0015847505945639692,False,2,1,False,False
q2,4.277274788254582,0.0015847505945639692,False,2,1,False,False
q2,4.277274788254582,0.0015847505945639692,False,2,1,False,False
q2,4.277274788254582,0.0015847505945639692,False,2,1,False,False
q2,4.277274788254582,0.0015847505945639692,False,2,1,False,False
q2,4.277274788254582,0.0015847505945639692,False,2,1,False,False
q2,4.277274788254582,0.0015847505945639692,False,2,1,False,False
q2,4.277274788254582,0.0015847505945639692,False,2,1,False,False
q2,4.277274788254582,0.0015847505945639692,False,2,1,False,False
q2,4.277274788254582,0.0015847505945639692,False,2,1,False,False
q2,4.277274788254582,0.0015847505945639692,False,2,1,False,False
q2,4.277274788254582,0.0015847505945639692,False,2,1,False,False
q2,4.277274788254582,0.0015847505945639692,False,2,1,False,False
q2,4.277274788254582,0.0015847505945639692,False,2,1,False,False
q2,4.277274788254582,0.0015847505945639692,False,2,1,False,False
q2,4.277274788254582,0.0015847505945639692,False,2,1,False,False
q2,4.277274788254582,0.0015847505945639692,False,2,1,False,False
q2,4.277274788254582,0.0015847505945639692,False,2,1,False,False
q2,4.277274788254582,0.0015847505945639692,False,2,1,False,False
q2,4.277274788254582,0.0015847505945639692,False,2,1,False,False
q2,4.277274788254582,0.0015847505945639692,False,2,1,False,False
q2,4.277274788254582,0.0015847505945639692,False,2,1,False,False
q2,4.078957613471789,0.0015979416218643236,False,2,1,False,False
q2,4.277274788254582,0.0015847505945639692,False,2,1,False,False
q2,4.277274788254582,0.0015847505945639692,False,2,1,False,False
q2,4.277274788254582,0.0015847505945639692,False,2,1,False,False
q2,4.277274788254582,0.0015847505945639692,False,2,1,False,False
q2,4.277274788254582,0.0015847505945639692,False,2,1,False,False
q2,4.292967395965745,0.001701888330589175,False,2,1,False,False
q2,4.277274788254582,0.0015847505945639692,False,2,1,False,False
q2,4.277274788254582,0.0015847505945639692,False,2,1,False,False
q2,4.277274788254582,0.0015847505945639692,False,2,1,False,False
q2,4.277274788254582,0.0015847505945639692,False,2,1,False,False
q2,4.277274788254582,0.0015847505945639692,False,2,1,False,False
q2,4.277274788254582,0.0015847505945639692,False,2,1,False,False
q2,4.277274788254582,0.0015847505945639692,False,2,1,False,False
q2,4.277274788254582,0.0015847505945639692,False,2,1,False,False
q2,4.277274788254582,0.0015847505945639692,False,2,1,False,False
q2,4.277274788254582,0.0015847505945639692,False,2,1,False,False
q2,4.277274788254582,0.0015847505945639692,False,2,1,False,False
q2,4.489030650623715,0.002574497774368779,False,2,1,False,False
q2,4.041414607655028,0.0019407513925307777,False,2,1,False,False
q2,4.91230809862919,0.001406750351755553,False,2,1,False,False
q2,4.91230809862919,0.001406750351755553,False,2,1,False,False
q2,4.91230809862919,0.001406750351755553,False,2,1,False,False
q2,4.91230809862919,0.001406750351755553,False,2,1,False,False
q2,4.91230809862919,0.001406750351755553,False,2,2,False,False
q2,4.91230809862919,0.001406750351755553,False,2,2,False,False
q2,4.91230809862919,0.001406750351755553,False,2,2,False,False
q2,4.91230809862919,0.001406750351755553,False,2,2,False,False
q2,4.91230809862919,0.001406750351755553,False,2,2,False,False
q2,4.91230809862919,0.001406750351755553,False,2,2,False,False
q2,4.91230809862919,0.001406750351755553,False,2,2,False,False
q2,4.91230809862919,0.001406750351755553,False,2,2,False,False
q2,4.91230809862919,0.001406750351755553,False,2,2,False,False
q2,4.91230809862919,0.001406750351755553,False,2,2,False,False
q2,4.91230809862919,0.001406750351755553,False,2,2,False,False
q2,4.91230809862919,0.001406750351755553,False,2,2,False,False
q2,4.91230809862919,0.001406750351755553,False,2,2,False,False
q2,4.91230809862919,0.001406750351755553,False,2,2,False,False
q2,4.91230809862919,0.001406750351755553,False,2,2,False,False
q2,4.91230809862919,0.001406750351755553,False,2,2,False,False
q2,4.91230809862919,0.001406750351755553,False,2,2,False,False
q2,4.91230809862919,0.001406750351755553,False,2,2,False,False
q2,4.91230809862919,0.001406750351755553,False,2,2,False,False
q2,4.91230809862919,0.001406750351755553,False,2,2,False,False
q2,4.91230809862919,0.001406750351755553,False,2,2,False,False
q2,4.91230809862919,0.001406750351755553,False,2,2,False,False
q2,4.91230809862919,0.001406750351755553,False,2,2,False,False
q2,4.91230809862919,0.001406750351755553,False,2,2,False,False
q2,4.91230809862919,0.001406750351755553,False,2,2,False,False
q2,4.91230809862919,0.001406750351755553,False,2,2,False,False
q2,4.91230809862919,0.001406750351755553,False,2,2,False,False
q2,4.91230809862919,0.001406750351755553,False,2,2,False,False
q2,4.91230809862919,0.001406750351755553,False,2,2,False,False
q2,4.91230809862919,0.001406750351755553,False,2,2,False,False
q2,4.91230809862919,0.001406750351755553,False,2,2,False,False
q2,4.91230809862919,0.001406750351755553,False,2,2,False,False
q2,4.91230809862919,0.001406750351755553,False,2,2,False,False
q2,4.91230809862919,0.001406750351755553,False,2,2,False,False
q2,4.91230809862919,0.001406750351755553,False,2,2,False,False
q2,4.91230809862919,0.001406750351755553,False,2,2,False,False
q2,4.91230809862919,0.001406750351755553,False,2,2,False,False
q2,4.91230809862919,0.001406750351755553,False,2,2,False,False
q2,4.91230809862919,0.001406750351755553,False,2,2,False,False
q2,4.91230809862919,0.001406750351755553,False,2,2,False,False
q2,4.91230809862919,0.001406750351755553,False,2,2,False,False
q2,4.91230809862919,0.001406750351755553,False,2,2,False,False
q2,4.91230809862919,0.001406750351755553,False,2,2,False,False
q2,4.91230809862919,0.001406750351755553,False,2,2,False,False
q2,4.91230809862919,0.001406750351755553,False,2,2,False,False
q2,4.91230809862919,0.001406750351755553,False,2,2,False,False
q2,4.91230809862919,0.001406750351755553,False,2,2,False,False
q2,4.91230809862919,0.001406750351755553,False,2,2,False,False
q2,4.91230809862919,0.001406750351755553,False,2,2,False,False
q2,4.91230809862919,0.001406750351755553,False,2,2,False,False
q2,4.91230809862919,0.001406750351755553,False,2,2,False,False
q2,4.91230809862919,0.001406750351755553,False,2,2,False,False
q2,4.91230809862919,0.001406750351755553,False,2,2,False,False
q2,4.91230809862919,0.001406750351755553,False,2,2,False,False
q2,4.91230809862919,0.001406750351755553,False,2,2,False,False
q2,4.91230809862919,0.001406750351755553,False,2,2,False,False
q2,4.91230809862919,0.001406750351755553,False,2,2,False,False
q2,4.91230809862919,0.001406750351755553,False,2,2,False,False
q2,4.91230809862919,0.001406750351755553,False,2,2,False,False
q2,4.91230809862919,0.001406750351755553,False,2,2,False,False
q2,4.91230809862919,0.001406750351755553,False,2,2,False,False
q2,4.91230809862919,0.001406750351755553,False,2,2,False,False
q2,4.91230809862919,0.001406750351755553,False,2,2,False,False
q2,4.91230809862919,0.001406750351755553,False,2,2,False,False
q2,4.91230809862919,0.001406750351755553,False,2,2,False,False
q2,4.91230809862919,0.001406750351755553,False,2,2,False,False
q2,4.91230809862919,0.001406750351755553,False,2,2,False,False
q2,4.91230809862919,0.001406750351755553,False,2,2,False,False
q2,4.91230809862919,0.001406750351755553,False,2,2,False,False
q2,4.91230809862919,0.001406750351755553,False,2,2,False,False
q2,4.91230809862919,0.001406750351755553,False,2,2,False,False
q2,4.91230809862919,0.001406750351755553,False,2,2,False,False
q2,4.968745569261888,0.0014088316045358519,False,3,1,False,False
q2,4.967804986315418,0.0014088002517411654,False,3,1,False,False
q2,6.207085249002975,0.0015626542547957918,False,1,1,False,False
q2,4.9892144839792065,0.0014095142592559936,False,3,1,False,False
q2,7.277781010516706,0.003410586112959909,False,1,1,False,False
q2,4.91230809862919,0.001406750351755553,False,2,2,False,False
q2,4.91230809862919,0.001406750351755553,False,2,2,False,False
q2,4.91230809862919,0.001406750351755553,False,2,2,False,False
q2,4.91230809862919,0.001406750351755553,False,2,2,False,False
q2,4.91230809862919,0.001406750351755553,False,2,2,False,False
q2,4.91230809862919,0.001406750351755553,False,2,2,False,False
q2,4.91230809862919,0.001406750351755553,False,2,2,False,False
q2,4.91230809862919,0.001406750351755553,False,2,2,False,False
q2,4.91230809862919,0.001406750351755553,False,2,2,False,False
q2,4.91230809862919,0.001406750351755553,False,2,2,False,False
q2,4.91230809862919,0.001406750351755553,False,2,2,False,False
q2,4.91230809862919,0.001406750351755553,False,2,2,False,False
q2,4.91230809862919,0.001406750351755553,False,2,2,False,False
q2,4.91230809862919,0.001406750351755553,False,2,2,False,False
q2,4.91230809862919,0.001406750351755553,False,2,2,False,False
q2,4.91230809862919,0.001406750351755553,False,2,2,False,False
q2,4.91230809862919,0.001406750351755553,False,2,2,False,False
q2,4.91230809862919,0.001406750351755553,False,2,2,False,False
q2,4.91230809862919,0.001406750351755553,False,2,2,False,False
q2,4.91230809862919,0.001406750351755553,False,2,2,False,False
q2,4.91230809862919,0.001406750351755553,False,2,2,False,False
q2,4.91230809862919,0.001406750351755553,False,2,2,False,False
q2,4.91230809862919,0.001406750351755553,False,2,2,False,False
q2,4.91230809862919,0.001406750351755553,False,2,2,False,False
q2,4.91230809862919,0.001406750351755553,False,2,2,False,False
q2,4.91230809862919,0.001406750351755553,False,2,2,False,False
q2,4.91230809862919,0.001406750351755553,False,2,2,False,False
q2,4.91230809862919,0.001406750351755553,False,2,2,False,False
q2,4.91230809862919,0.001406750351755553,False,2,2,False,False
q2,4.91230809862919,0.001406750351755553,False,2,2,False,False
q2,4.91230809862919,0.001406750351755553,False,2,2,False,False
q2,4.91230809862919,0.001406750351755553,False,2,2,False,False
q2,4.91230809862919,0.001406750351755553,False,2,2,False,False
q2,4.91230809862919,0.001406750351755553,False,2,2,False,False
q2,4.91230809862919,0.001406750351755553,False,2,2,False,False
q2,4.91230809862919,0.001406750351755553,False,2,2,False,False
q2,4.91230809862919,0.001406750351755553,False,2,2,False,False
q2,4.91230809862919,0.001406750351755553,False,2,2,False,False
q2,4.91230809862919,0.001406750351755553,False,2,2,False,False
q2,4.91230809862919,0.001406750351755553,False,2,2,False,False
q2,4.91230809862919,0.001406750351755553,False,2,2,False,False
q2,4.91230809862919,0.001406750351755553,False,2,2,False,False
q2,4.713990923846397,0.0014199413790559072,False,2,2,False,False
q2,4.91230809862919,0.001406750351755553,False,2,2,False,False
q2,4.91230809862919,0.001406750351755553,False,2,2,False,False
q2,4.91230809862919,0.001406750351755553,False,2,2,False,False
q2,4.91230809862919,0.001406750351755553,False,2,2,False,False
q2,4.91230809862919,0.001406750351755553,False,2,2,False,False
q2,4.928000706340352,0.0015238880877807585,False,2,2,False,False
q2,4.91230809862919,0.001406750351755553,False,2,2,False,False
q2,4.91230809862919,0.001406750351755553,False,2,2,False,False
q2,4.91230809862919,0.001406750351755553,False,2,2,False,False
q2,4.91230809862919,0.001406750351755553,False,2,2,False,False
q2,4.91230809862919,0.001406750351755553,False,2,2,False,False
q2,4.91230809862919,0.001406750351755553,False,2,2,False,False
q2,4.91230809862919,0.001406750351755553,False,2,2,False,False
q2,4.91230809862919,0.001406750351755553,False,2,2,False,False
q2,4.91230809862919,0.001406750351755553,False,2,2,False,False
q2,4.91230809862919,0.001406750351755553,False,2,2,False,False
q2,4.91230809862919,0.001406750351755553,False,2,2,False,False
q2,7.01853578347336,0.0047803044052806935,False,0,0,False,False
q2,7.074970994486244,0.004782385582731948,False,1,0,False,False
q2,7.0740321711595895,0.00478235428861232,False,1,0,False,False
q2,5.800813385237471,0.004627149854705694,False,2,0,False,False
q2,4.094650221182952,0.0017150793578895294,False,2,2,False,False
q2,4.078957613471789,0.0015979416218643236,False,2,2,False,False
q2,4.078957613471789,0.0015979416218643236,False,2,2,False,False
q2,4.078957613471789,0.0015979416218643236,False,2,2,False,False
q2,4.078957613471789,0.0015979416218643236,False,2,2,False,False
q2,4.078957613471789,0.0015979416218643236,False,2,2,False,False
q2,4.078957613471789,0.0015979416218643236,False,2,2,False,False
q2,4.078957613471789,0.0015979416218643236,False,2,2,False,False
q2,4.078957613471789,0.0015979416218643236,False,2,2,False,False
q2,4.078957613471789,0.0015979416218643236,False,2,2,False,False
q2,4.078957613471789,0.0015979416218643236,False,2,2,False,False
q2,4.078957613471789,0.0015979416218643236,False,2,2,False,False
q2,4.2907134758409216,0.0025876888016691333,False,2,2,False,False
q2,3.843097432872235,0.0019539424198311323,False,2,2,False,False
q2,4.713990923846397,0.0014199413790559072,False,2,2,False,False
q2,4.713990923846397,0.0014199413790559072,False,2,2,False,False
q2,4.713990923846397,0.0014199413790559072,False,2,2,False,False
q2,4.713990923846397,0.0014199413790559072,False,2,3,False,False
q2,4.713990923846397,0.0014199413790559072,False,2,3,False,False
q2,4.713990923846397,0.0014199413790559072,False,2,3,False,False
q2,4.713990923846397,0.0014199413790559072,False,2,3,False,False
q2,4.713990923846397,0.0014199413790559072,False,2,3,False,False
q2,4.713990923846397,0.0014199413790559072,False,2,3,False,False
q2,4.713990923846397,0.0014199413790559072,False,2,3,False,False
q2,4.713990923846397,0.0014199413790559072,False,2,3,False,False
q2,4.713990923846397,0.0014199413790559072,False,2,3,False,False
q2,4.713990923846397,0.0014199413790559072,False,2,3,False,False
q2,4.713990923846397,0.0014199413790559072,False,2,3,False,False
q2,4.713990923846397,0.0014199413790559072,False,2,3,False,False
q2,4.713990923846397,0.0014199413790559072,False,2,3,False,False
q2,4.713990923846397,0.0014199413790559072,False,2,3,False,False
q2,4.713990923846397,0.0014199413790559072,False,2,3,False,False
q2,4.713990923846397,0.0014199413790559072,False,2,3,False,False
q2,4.713990923846397,0.0014199413790559072,False,2,3,False,False
q2,4.713990923846397,0.0014199413790559072,False,2,3,False,False
q2,4.627963354618879,0.0014318191445161512,False,2,3,False,False
q2,4.713990923846397,0.0014199413790559072,False,2,3,False,False
q2,4.713990923846397,0.0014199413790559072,False,2,3,False,False
q2,4.713990923846397,0.0014199413790559072,False,2,3,False,False
q2,4.713990923846397,0.0014199413790559072,False,2,3,False,False
q2,4.713990923846397,0.0014199413790559072,False,2,3,False,False
q2,4.713990923846397,0.0014199413790559072,False,2,3,False,False
q2,4.713990923846397,0.0014199413790559072,False,2,3,False,False
q2,4.713990923846397,0.0014199413790559072,False,2,3,False,False
q2,4.713990923846397,0.0014199413790559072,False,2,3,False,False
q2,4.713990923846397,0.0014199413790559072,False,2,3,False,False
q2,4.713990923846397,0.0014199413790559072,False,2,3,False,False
q2,4.713990923846397,0.0014199413790559072,False,2,3,False,False
q2,4.713990923846397,0.0014199413790559072,False,2,3,False,False
q2,4.713990923846397,0.0014199413790559072,False,2,3,False,False
q2,4.713990923846397,0.0014199413790559072,False,2,3,False,False
q2,4.713990923846397,0.0014199413790559072,False,2,3,False,False
q2,4.713990923846397,0.0014199413790559072,False,2,3,False,False
q2,4.713990923846397,0.0014199413790559072,False,2,3,False,False
q2,4.713990923846397,0.0014199413790559072,False,2,3,False,False
q2,4.713990923846397,0.0014199413790559072,False,2,3,False,False
q2,4.713990923846397,0.0014199413790559072,False,2,3,False,False
q2,4.713990923846397,0.0014199413790559072,False,2,3,False,False
q2,4.713990923846397,0.0014199413790559072,False,2,3,False,False
q2,4.713990923846397,0.0014199413790559072,False,2,3,False,False
q2,4.713990923846397,0.0014199413790559072,False,2,3,False,False
q2,4.713990923846397,0.0014199413790559072,False,2,3,False,False
q2,4.713990923846397,0.0014199413790559072,False,2,3,False,False
q2,4.713990923846397,0.0014199413790559072,False,2,3,False,False
q2,4.713990923846397,0.0014199413790559072,False,2,3,False,False
q2,4.713990923846397,0.0014199413790559072,False,2,3,False,False
q2,4.713990923846397,0.0014199413790559072,False,2,3,False,False
q2,4.713990923846397,0.0014199413790559072,False,2,3,False,False
q2,4.713990923846397,0.0014199413790559072,False,2,3,False,False
q2,4.713990923846397,0.0014199413790559072,False,2,3,False,False
q2,4.713990923846397,0.0014199413790559072,False,2,3,False,False
q2,4.713990923846397,0.0014199413790559072,False,2,3,False,False
q2,4.713990923846397,0.0014199413790559072,False,2,3,False,False
q2,4.713990923846397,0.0014199413790559072,False,2,3,False,False
q2,4.713990923846397,0.0014199413790559072,False,2,3,False,False
q2,4.713990923846397,0.0014199413790559072,False,2,3,False,False
q2,4.713990923846397,0.0014199413790559072,False,2,3,False,False
q2,4.713990923846397,0.0014199413790559072,False,2,3,False,False
q2,4.713990923846397,0.0014199413790559072,False,2,3,False,False
q2,4.713990923846397,0.0014199413790559072,False,2,3,False,False
q2,4.713990923846397,0.0014199413790559072,False,2,3,False,False
q2,4.713990923846397,0.0014199413790559072,False,2,3,False,False
q2,4.713990923846397,0.0014199413790559072,False,2,3,False,False
q2,4.713990923846397,0.0014199413790559072,False,2,3,False,False
q2,4.713990923846397,0.0014199413790559072,False,2,3,False,False
q2,4.713990923846397,0.0014199413790559072,False,2,3,False,False
q2,4.713990923846397,0.0014199413790559072,False,2,3,False,False
q2,4.713990923846397,0.0014199413790559072,False,2,3,False,False
q2,4.713990923846397,0.0014199413790559072,False,2,3,False,False
q2,4.7704283944790955,0.001422022631836365,False,3,2,False,False
q2,4.769487811532625,0.0014219912790403226,False,3,2,False,False
q2,5.567468335206053,0.0017037831741346925,False,1,2,False,False
q2,4.782323509535661,0.0014227999858975162,False,3,2,False,False
q2,7.079463835733912,0.0034237771402602637,False,1,2,False,False
q2,4.713990923846397,0.0014199413790559072,False,2,3,False,False
q2,4.713990923846397,0.0014199413790559072,False,2,3,False,False
q2,4.713990923846397,0.0014199413790559072,False,2,3,False,False
q2,4.713990923846397,0.0014199413790559072,False,2,3,False,False
q2,4.713990923846397,0.0014199413790559072,False,2,3,False,False
q2,4.713990923846397,0.0014199413790559072,False,2,3,False,False
q2,4.713990923846397,0.0014199413790559072,False,2,3,False,False
q2,4.713990923846397,0.0014199413790559072,False,2,3,False,False
q2,4.713990923846397,0.0014199413790559072,False,2,3,False,False
q2,4.713990923846397,0.0014199413790559072,False,2,3,False,False
q2,4.713990923846397,0.0014199413790559072,False,2,3,False,False
q2,4.713990923846397,0.0014199413790559072,False,2,3,False,False
q2,4.713990923846397,0.0014199413790559072,False,2,3,False,False
q2,4.713990923846397,0.0014199413790559072,False,2,3,False,False
q2,4.713990923846397,0.0014199413790559072,False,2,3,False,False
q2,4.713990923846397,0.0014199413790559072,False,2,3,False,False
q2,4.713990923846397,0.0014199413790559072,False,2,3,False,False
q2,4.713990923846397,0.0014199413790559072,False,2,3,False,False
q2,4.713990923846397,0.0014199413790559072,False,2,3,False,False
q2,4.713990923846397,0.0014199413790559072,False,2,3,False,False
q2,4.713990923846397,0.0014199413790559072,False,2,3,False,False
q2,4.713990923846397,0.0014199413790559072,False,2,3,False,False
q2,4.713990923846397,0.0014199413790559072,False,2,3,False,False
q2,4.713990923846397,0.0014199413790559072,False,2,3,False,False
q2,4.713990923846397,0.0014199413790559072,False,2,3,False,False
q2,4.713990923846397,0.0014199413790559072,False,2,3,False,False
q2,4.713990923846397,0.0014199413790559072,False,2,3,False,False
q2,4.713990923846397,0.0014199413790559072,False,2,3,False,False
q2,4.713990923846397,0.0014199413790559072,False,2,3,False,False
q2,4.713990923846397,0.0014199413790559072,False,2,3,False,False
q2,4.713990923846397,0.0014199413790559072,False,2,3,False,False
q2,4.713990923846397,0.0014199413790559072,False,2,3,False,False
q2,4.713990923846397,0.0014199413790559072,False,2,3,False,False
q2,4.713990923846397,0.0014199413790559072,False,2,3,False,False
q2,4.713990923846397,0.0014199413790559072,False,2,3,False,False
q2,4.713990923846397,0.0014199413790559072,False,2,3,False,False
q2,4.713990923846397,0.0014199413790559072,False,2,3,False,False
q2,4.713990923846397,0.0014199413790559072,False,2,3,False,False
q2,4.713990923846397,0.0014199413790559072,False,2,3,False,False
q2,4.713990923846397,0.0014199413790559072,False,2,3,False,False
q2,4.713990923846397,0.0014199413790559072,False,2,3,False,False
q2,4.713990923846397,0.0014199413790559072,False,2,3,False,False
q2,4.729683531557559,0.0015370791150811128,False,2,3,False,False
q2,4.713990923846397,0.0014199413790559072,False,2,3,False,False
q2,4.713990923846397,0.0014199413790559072,False,2,3,False,False
q2,4.713990923846397,0.0014199413790559072,False,2,3,False,False
q2,4.713990923846397,0.0014199413790559072,False,2,3,False,False
q2,4.713990923846397,0.0014199413790559072,False,2,3,False,False
q2,4.713990923846397,0.0014199413790559072,False,2,3,False,False
q2,4.713990923846397,0.0014199413790559072,False,2,3,False,False
q2,4.713990923846397,0.0014199413790559072,False,2,3,False,False
q2,4.713990923846397,0.0014199413790559072,False,2,3,False,False
q2,4.713990923846397,0.0014199413790559072,False,2,3,False,False
q2,4.713990923846397,0.0014199413790559072,True,2,3,False,False
q2,4.627963354618879,0.0014318191445161512,False,2,4,False,False
q2,4.627963354618879,0.0014318191445161512,False,2,4,False,False
q2,4.627963354618879,0.0014318191445161512,False,2,4,False,False
q2,4.627963354618879,0.0014318191445161512,False,2,4,False,False
q2,4.627963354618879,0.0014318191445161512,False,2,4,False,False
q2,4.627963354618879,0.0014318191445161512,False,2,4,False,False
q2,4.627963354618879,0.0014318191445161512,False,2,4,False,False
q2,4.627963354618879,0.0014318191445161512,False,2,4,False,False
q2,4.627963354618879,0.0014318191445161512,False,2,4,False,False
q2,4.627963354618879,0.0014318191445161512,False,2,4,False,False
q2,4.627963354618879,0.0014318191445161512,False,2,4,False,False
q2,4.627963354618879,0.0014318191445161512,False,2,4,False,False
q2,4.627963354618879,0.0014318191445161512,False,2,4,False,False
q2,4.627963354618879,0.0014318191445161512,False,2,4,False,False
q2,4.627963354618879,0.0014318191445161512,False,2,4,False,False
q2,4.627963354618879,0.0014318191445161512,False,2,4,False,False
q2,4.627963354618879,0.0014318191445161512,False,2,4,False,False
q2,4.627963354618879,0.0014318191445161512,False,2,4,False,False
q2,4.627963354618879,0.0014318191445161512,False,2,4,False,False
q2,4.627963354618879,0.0014318191445161512,False,2,4,False,False
q2,4.627963354618879,0.0014318191445161512,False,2,4,False,False
q2,4.627963354618879,0.0014318191445161512,False,2,4,False,False
q2,4.627963354618879,0.0014318191445161512,False,2,4,False,False
q2,4.627963354618879,0.0014318191445161512,False,2,4,False,False
q2,4.627963354618879,0.0014318191445161512,False,2,4,False,False
q2,4.627963354618879,0.0014318191445161512,False,2,4,False,False
q2,4.627963354618879,0.0014318191445161512,False,2,4,False,False
q2,4.627963354618879,0.0014318191445161512,False,2,4,False,False
q2,4.627963354618879,0.0014318191445161512,False,2,4,False,False
q2,4.627963354618879,0.0014318191445161512,False,2,4,False,False
q2,4.627963354618879,0.0014318191445161512,False,2,4,False,False
q2,4.627963354618879,0.0014318191445161512,False,2,4,False,False
q2,4.627963354618879,0.0014318191445161512,False,2,4,False,False
q2,4.627963354618879,0.0014318191445161512,False,2,4,False,False
q2,4.627963354618879,0.0014318191445161512,False,2,4,False,False
q2,4.627963354618879,0.0014318191445161512,False,2,4,False,False
q2,4.627963354618879,0.0014318191445161512,False,2,4,False,False
q2,4.627963354618879,0.0014318191445161512,False,2,4,False,False
q2,4.627963354618879,0.0014318191445161512,False,2,4,False,False
q2,4.627963354618879,0.0014318191445161512,False,2,4,False,False
q2,4.627963354618879,0.0014318191445161512,False,2,4,False,False
q2,4.627963354618879,0.0014318191445161512,False,2,4,False,False
q2,4.627963354618879,0.0014318191445161512,False,2,4,False,False
q2,4.627963354618879,0.0014318191445161512,False,2,4,False,False
q2,4.627963354618879,0.0014318191445161512,False,2,4,False,False
q2,4.627963354618879,0.0014318191445161512,False,2,4,False,False
q2,4.627963354618879,0.0014318191445161512,False,2,4,False,False
q2,4.627963354618879,0.0014318191445161512,False,2,4,False,False
q2,4.684400825251577,0.0014339003972966779,False,3,3,False,False
q2,4.683460242305108,0.0014338690445000473,False,3,3,False,False
q2,5.386509947858309,0.0018338679275555366,False,1,3,False,False
q2,4.6962959403081435,0.0014346777439380343,False,3,3,False,False
q2,6.993436266506396,0.0034356537484433267,False,1,3,False,False
q2,4.627963354618879,0.0014318191445161512,False,2,4,False,False
q2,4.627963354618879,0.0014318191445161512,False,2,4,False,False
q2,4.627963354618879,0.0014318191445161512,False,2,4,False,False
q2,4.627963354618879,0.0014318191445161512,False,2,4,False,False
q2,4.627963354618879,0.0014318191445161512,False,2,4,False,False
q2,4.627963354618879,0.0014318191445161512,False,2,4,False,False
q2,4.627963354618879,0.0014318191445161512,False,2,4,False,False
q2,4.627963354618879,0.0014318191445161512,False,2,4,False,False
q2,4.627963354618879,0.0014318191445161512,False,2,4,False,False
q2,4.627963354618879,0.0014318191445161512,False,2,4,False,False
q2,4.627963354618879,0.0014318191445161512,False,2,4,False,False
q2,4.627963354618879,0.0014318191445161512,False,2,4,False,False
q2,4.627963354618879,0.0014318191445161512,False,2,4,False,False
q2,4.627963354618879,0.0014318191445161512,False,2,4,False,False
q2,4.627963354618879,0.0014318191445161512,False,2,4,False,False
q2,4.627963354618879,0.0014318191445161512,False,2,4,False,False
q2,4.627963354618879,0.0014318191445161512,False,2,4,False,False
q2,4.627963354618879,0.0014318191445161512,False,2,4,False,False
q2,4.627963354618879,0.0014318191445161512,False,2,4,False,False
q2,4.627963354618879,0.0014318191445161512,False,2,4,False,False
q2,4.627963354618879,0.0014318191445161512,False,2,4,False,False
q2,4.627963354618879,0.0014318191445161512,False,2,4,False,False
q2,4.627963354618879,0.0014318191445161512,False,2,4,False,False
q2,4.627963354618879,0.0014318191445161512,False,2,4,False,False
q2,4.627963354618879,0.0014318191445161512,False,2,4,False,False
q2,4.627963354618879,0.0014318191445161512,False,2,4,False,False
q2,4.627963354618879,0.0014318191445161512,False,2,4,False,False
q2,4.627963354618879,0.0014318191445161512,False,2,4,False,False
q2,4.627963354618879,0.0014318191445161512,False,2,4,False,False
q2,4.627963354618879,0.0014318191445161512,False,2,4,False,False
q2,4.627963354618879,0.0014318191445161512,False,2,4,False,False
q2,4.627963354618879,0.0014318191445161512,False,2,4,False,False
q2,4.627963354618879,0.0014318191445161512,False,2,4,False,False
q2,4.627963354618879,0.0014318191445161512,False,2,4,False,False
q2,4.627963354618879,0.0014318191445161512,False,2,4,False,False
q2,4.627963354618879,0.0014318191445161512,False,2,4,False,False
q2,4.627963354618879,0.0014318191445161512,False,2,4,False,False
q2,4.627963354618879,0.0014318191445161512,False,2,4,False,False
q2,4.627963354618879,0.0014318191445161512,False,2,4,False,False
q2,4.627963354618879,0.0014318191445161512,False,2,4,False,False
q2,4.627963354618879,0.0014318191445161512,False,2,4,False,False
q2,4.627963354618879,0.0014318191445161512,False,2,4,False,False
q2,4.91230809862919,0.001406750351755553,False,2,3,False,False
q2,4.91230809862919,0.001406750351755553,False,2,3,False,False
q2,4.91230809862919,0.001406750351755553,False,2,3,False,False
q2,4.91230809862919,0.001406750351755553,False,2,3,False,False
q2,4.91230809862919,0.001406750351755553,True,2,3,False,False
q2,4.643655962330041,0.0015489568805413568,False,2,4,False,False
q2,4.627963354618879,0.0014318191445161512,False,2,4,False,False
q2,4.627963354618879,0.0014318191445161512,False,2,4,False,False
q2,4.627963354618879,0.0014318191445161512,False,2,4,False,False
q2,4.627963354618879,0.0014318191445161512,False,2,4,False,False
q2,4.627963354618879,0.0014318191445161512,False,2,4,False,False
q2,4.627963354618879,0.0014318191445161512,False,2,4,False,False
q2,4.627963354618879,0.0014318191445161512,False,2,4,False,False
q2,4.627963354618879,0.0014318191445161512,False,2,4,False,False
q2,4.627963354618879,0.0014318191445161512,False,2,4,False,False
q2,4.627963354618879,0.0014318191445161512,False,2,4,False,False
q2,4.627963354618879,0.0014318191445161512,False,2,4,False,False
q2,4.204685906613404,0.002599566567129377,False,2,3,False,False
q2,3.7570698636447175,0.001965820185291376,False,2,3,False,False
q2,3.9929300442442717,0.0016098193873245676,False,2,2,False,False
q2,4.627963354618879,0.0014318191445161512,False,2,3,False,False
q2,4.627963354618879,0.0014318191445161512,False,2,3,False,False
q2,4.627963354618879,0.0014318191445161512,False,2,3,False,False
q2,4.627963354618879,0.0014318191445161512,False,2,4,False,False
q2,4.627963354618879,0.0014318191445161512,False,2,4,False,False
q2,4.627963354618879,0.0014318191445161512,False,2,4,False,False
q2,4.627963354618879,0.0014318191445161512,False,2,4,False,False
q2,4.627963354618879,0.0014318191445161512,False,2,4,False,False
q2,4.627963354618879,0.0014318191445161512,False,2,4,False,False
q2,4.627963354618879,0.0014318191445161512,False,2,4,False,False
q2,4.627963354618879,0.0014318191445161512,False,2,4,False,False
q2,4.627963354618879,0.0014318191445161512,False,2,4,False,False
q2,4.627963354618879,0.0014318191445161512,False,2,4,False,False
q2,4.627963354618879,0.0014318191445161512,False,2,4,False,False
q2,4.627963354618879,0.0014318191445161512,False,2,4,False,False
q2,4.627963354618879,0.0014318191445161512,False,2,4,False,False
q2,4.627963354618879,0.0014318191445161512,False,2,4,False,False
q2,4.627963354618879,0.0014318191445161512,False,2,4,False,False
q2,4.627963354618879,0.0014318191445161512,False,2,4,False,False
q2,4.627963354618879,0.0014318191445161512,False,2,4,False,False
q2,4.627963354618879,0.0014318191445161512,True,2,4,False,False
q2,4.078957613471789,0.0015979416218643236,False,2,2,False,False
q2,4.078957613471789,0.0015979416218643236,False,2,2,False,False
q2,4.078957613471789,0.0015979416218643236,False,2,2,False,False
q2,4.078957613471789,0.0015979416218643236,False,2,2,False,False
q2,4.078957613471789,0.0015979416218643236,False,2,2,False,False
q2,4.078957613471789,0.0015979416218643236,False,2,2,False,False
q2,4.078957613471789,0.0015979416218643236,False,2,2,False,False
q2,4.078957613471789,0.0015979416218643236,False,2,2,False,False
q2,4.078957613471789,0.0015979416218643236,False,2,2,False,False
q2,4.078957613471789,0.0015979416218643236,False,2,2,False,False
q2,4.078957613471789,0.0015979416218643236,False,2,2,False,False
q2,4.078957613471789,0.0015979416218643236,False,2,2,False,False
q2,4.078957613471789,0.0015979416218643236,False,2,2,False,False
q2,4.078957613471789,0.0015979416218643236,False,2,2,False,False
q2,4.078957613471789,0.0015979416218643236,False,2,2,False,False
q2,4.078957613471789,0.0015979416218643236,False,2,2,False,False
q2,4.078957613471789,0.0015979416218643236,False,2,2,False,False
q2,4.078957613471789,0.0015979416218643236,False,2,2,False,False
q2,4.078957613471789,0.0015979416218643236,False,2,2,False,False
q2,4.078957613471789,0.0015979416218643236,False,2,2,False,False
q2,4.078957613471789,0.0015979416218643236,False,2,2,False,False
q2,4.078957613471789,0.0015979416218643236,False,2,2,False,False
q2,4.078957613471789,0.0015979416218643236,True,2,2,False,False
q2,3.9929300442442717,0.0016098193873245676,False,2,3,False,False
q2,3.9929300442442717,0.0016098193873245676,False,2,3,False,False
q2,3.9929300442442717,0.0016098193873245676,False,2,3,False,False
q2,3.9929300442442717,0.0016098193873245676,False,2,3,False,False
q2,3.9929300442442717,0.0016098193873245676,False,2,3,False,False
q2,3.9929300442442717,0.0016098193873245676,False,2,3,False,False
q2,3.9929300442442717,0.0016098193873245676,False,2,3,False,False
q2,3.9929300442442717,0.0016098193873245676,False,2,3,False,False
q2,3.9929300442442717,0.0016098193873245676,False,2,3,False,False
q2,3.9929300442442717,0.0016098193873245676,False,2,3,False,False
q2,3.9929300442442717,0.0016098193873245676,False,2,3,False,False
q2,3.9929300442442717,0.0016098193873245676,False,2,3,False,False
q2,3.9929300442442717,0.0016098193873245676,False,2,3,False,False
q2,3.9929300442442717,0.0016098193873245676,False,2,3,False,False
q2,3.9929300442442717,0.0016098193873245676,False,2,3,False,False
q2,3.9929300442442717,0.0016098193873245676,False,2,3,False,False
q2,3.9929300442442717,0.0016098193873245676,False,2,3,False,False
q2,3.9929300442442717,0.0016098193873245676,False,2,3,False,False
q2,3.9929300442442717,0.0016098193873245676,False,2,3,False,False
q2,3.9929300442442717,0.0016098193873245676,False,2,3,False,False
q2,3.9929300442442717,0.0016098193873245676,False,2,3,False,False
q2,3.9929300442442717,0.0016098193873245676,False,2,3,False,False
q2,3.9929300442442717,0.0016098193873245676,False,2,3,False,False
q2,3.9929300442442717,0.0016098193873245676,False,2,3,False,False
q2,3.9929300442442717,0.0016098193873245676,False,2,3,False,False
q2,3.9929300442442717,0.0016098193873245676,False,2,3,False,False
q2,3.9929300442442717,0.0016098193873245676,False,2,3,False,False
q2,3.9929300442442717,0.0016098193873245676,False,2,3,False,False
q2,3.9929300442442717,0.0016098193873245676,False,2,3,False,False
q2,3.9929300442442717,0.0016098193873245676,False,2,3,False,False
q2,3.9929300442442717,0.0016098193873245676,False,2,3,False,False
q2,3.9929300442442717,0.0016098193873245676,False,2,3,False,False
q2,3.9929300442442717,0.0016098193873245676,False,2,3,False,False
q2,3.9929300442442717,0.0016098193873245676,False,2,3,False,False
q2,3.9929300442442717,0.0016098193873245676,False,2,3,False,False
q2,3.9929300442442717,0.0016098193873245676,False,2,3,False,False
q2,3.9929300442442717,0.0016098193873245676,False,2,3,False,False
q2,3.9929300442442717,0.0016098193873245676,False,2,3,False,False
q2,3.9929300442442717,0.0016098193873245676,False,2,3,False,False
q2,3.9929300442442717,0.0016098193873245676,False,2,3,False,False
q2,3.9929300442442717,0.0016098193873245676,False,2,3,False,False
q2,3.9929300442442717,0.0016098193873245676,False,2,3,False,False
q2,3.9929300442442717,0.0016098193873245676,False,2,3,False,False
q2,3.9929300442442717,0.0016098193873245676,False,2,3,False,False
q2,3.9929300442442717,0.0016098193873245676,False,2,3,False,False
q2,3.9929300442442717,0.0016098193873245676,False,2,3,False,False
q2,3.9929300442442717,0.0016098193873245676,False,2,3,False,False
q2,3.9929300442442717,0.0016098193873245676,False,2,3,False,False
q2,4.04936751487697,0.001611900640105603,False,3,2,False,False
q2,4.0484269319305,0.0016118692873046303,False,3,2,False,False
q2,4.751475794821472,0.0020118679044820536,False,1,2,False,False
q2,4.061262629933536,0.0016126779319759507,False,3,2,False,False
q2,5.439562255877145,0.004649453512689701,False,1,2,False,False
q2,3.9929300442442717,0.0016098193873245676,False,2,3,False,False
q2,3.9929300442442717,0.0016098193873245676,False,2,3,False,False
q2,3.9929300442442717,0.0016098193873245676,False,2,3,False,False
q2,3.9929300442442717,0.0016098193873245676,False,2,3,False,False
q2,3.9929300442442717,0.0016098193873245676,False,2,3,False,False
q2,3.9929300442442717,0.0016098193873245676,False,2,3,False,False
q2,3.9929300442442717,0.0016098193873245676,False,2,3,False,False
q2,3.9929300442442717,0.0016098193873245676,False,2,3,False,False
q2,3.9929300442442717,0.0016098193873245676,False,2,3,False,False
q2,3.9929300442442717,0.0016098193873245676,False,2,3,False,False
q2,3.9929300442442717,0.0016098193873245676,False,2,3,False,False
q2,3.9929300442442717,0.0016098193873245676,False,2,3,False,False
q2,3.9929300442442717,0.0016098193873245676,False,2,3,False,False
q2,3.9929300442442717,0.0016098193873245676,False,2,3,False,False
q2,3.9929300442442717,0.0016098193873245676,False,2,3,False,False
q2,3.9929300442442717,0.0016098193873245676,False,2,3,False,False
q2,3.9929300442442717,0.0016098193873245676,False,2,3,False,False
q2,3.9929300442442717,0.0016098193873245676,False,2,3,False,False
q2,3.9929300442442717,0.0016098193873245676,False,2,3,False,False
q2,3.9929300442442717,0.0016098193873245676,False,2,3,False,False
q2,3.9929300442442717,0.0016098193873245676,False,2,3,False,False
q2,3.9929300442442717,0.0016098193873245676,False,2,3,False,False
q2,3.9929300442442717,0.0016098193873245676,False,2,3,False,False
q2,3.9929300442442717,0.0016098193873245676,False,2,3,False,False
q2,3.9929300442442717,0.0016098193873245676,False,2,3,False,False
q2,3.9929300442442717,0.0016098193873245676,False,2,3,False,False
q2,3.9929300442442717,0.0016098193873245676,False,2,3,False,False
q2,3.9929300442442717,0.0016098193873245676,False,2,3,False,False
q2,3.9929300442442717,0.0016098193873245676,False,2,3,False,False
q2,3.9929300442442717,0.0016098193873245676,False,2,3,False,False
q2,3.9929300442442717,0.0016098193873245676,False,2,3,False,False
q2,3.9929300442442717,0.0016098193873245676,False,2,3,False,False
q2,3.9929300442442717,0.0016098193873245676,False,2,3,False,False
q2,3.9929300442442717,0.0016098193873245676,False,2,3,False,False
q2,3.9929300442442717,0.0016098193873245676,False,2,3,False,False
q2,3.9929300442442717,0.0016098193873245676,False,2,3,False,False
q2,3.9929300442442717,0.0016098193873245676,False,2,3,False,False
q2,3.9929300442442717,0.0016098193873245676,False,2,3,False,False
q2,3.9929300442442717,0.0016098193873245676,False,2,3,False,False
q2,3.9929300442442717,0.0016098193873245676,False,2,3,False,False
q2,3.9929300442442717,0.0016098193873245676,False,2,3,False,False
q2,3.9929300442442717,0.0016098193873245676,False,2,3,False,False
q2,4.277274788254582,0.0015847505945639692,False,2,2,False,False
q2,4.277274788254582,0.0015847505945639692,False,2,1,False,False
q2,4.277274788254582,0.0015847505945639692,False,2,2,False,False
q2,4.277274788254582,0.0015847505945639692,False,2,2,False,False
q2,4.277274788254582,0.0015847505945639692,False,2,2,False,False
q2,4.277274788254582,0.0015847505945639692,True,2,2,False,False
q2,4.0086226519554335,0.0017269571233497734,False,2,3,False,False
q2,3.9929300442442717,0.0016098193873245676,False,2,3,False,False
q2,3.9929300442442717,0.0016098193873245676,False,2,3,False,False
q2,3.9929300442442717,0.0016098193873245676,False,2,3,False,False
q2,3.9929300442442717,0.0016098193873245676,False,2,3,False,False
q2,3.9929300442442717,0.0016098193873245676,False,2,3,False,False
q2,3.9929300442442717,0.0016098193873245676,False,2,3,False,False
q2,3.9929300442442717,0.0016098193873245676,False,2,3,False,False
q2,3.9929300442442717,0.0016098193873245676,False,2,3,False,False
q2,3.9929300442442717,0.0016098193873245676,False,2,3,False,False
q2,3.9929300442442717,0.0016098193873245676,False,2,3,False,False
q2,3.9929300442442717,0.0016098193873245676,False,2,3,False,False
q2,3.9929300442442717,0.0016098193873245676,False,2,3,False,False
q2,3.9929300442442717,0.0016098193873245676,False,2,3,False,False
q2,3.9929300442442717,0.0016098193873245676,False,2,3,False,False
q2,3.9929300442442717,0.0016098193873245676,False,2,3,False,False
q2,3.9929300442442717,0.0016098193873245676,False,2,3,False,False
q2,3.9929300442442717,0.0016098193873245676,False,2,3,False,False
q2,3.9929300442442717,0.0016098193873245676,False,2,3,False,False
q2,3.9929300442442717,0.0016098193873245676,False,2,3,False,False
q2,3.9929300442442717,0.0016098193873245676,False,2,3,False,False
q2,3.9929300442442717,0.0016098193873245676,False,2,3,False,False
q2,3.9929300442442717,0.0016098193873245676,False,2,3,False,False
q2,3.9929300442442717,0.0016098193873245676,False,2,3,False,False
q2,3.9929300442442717,0.0016098193873245676,False,2,3,False,False
q2,3.9929300442442717,0.0016098193873245676,False,2,3,False,False
q2,3.9929300442442717,0.0016098193873245676,False,2,3,False,False
q2,3.9929300442442717,0.0016098193873245676,False,2,3,False,False
q2,3.9929300442442717,0.0016098193873245676,False,2,3,False,False
q2,3.9929300442442717,0.0016098193873245676,True,2,3,True,False
q2,3.843097432872235,0.0019539424198311323,False,2,3,False,False
q2,3.843097432872235,0.0019539424198311323,False,2,3,False,False
q2,3.843097432872235,0.0019539424198311323,False,2,3,False,False
q2,3.843097432872235,0.0019539424198311323,False,2,3,False,False
q2,3.843097432872235,0.0019539424198311323,False,2,3,False,False
q2,3.843097432872235,0.0019539424198311323,False,2,3,False,False
q2,3.843097432872235,0.0019539424198311323,False,2,3,False,False
q2,3.843097432872235,0.0019539424198311323,False,2,3,False,False
q2,3.843097432872235,0.0019539424198311323,False,2,3,False,False
q2,3.843097432872235,0.0019539424198311323,False,2,3,False,False
q2,3.843097432872235,0.0019539424198311323,False,2,3,False,False
q2,3.843097432872235,0.0019539424198311323,False,2,3,False,False
q2,3.843097432872235,0.0019539424198311323,False,2,3,False,False
q2,3.843097432872235,0.0019539424198311323,False,2,3,False,False
q2,3.843097432872235,0.0019539424198311323,False,2,3,False,False
q2,3.843097432872235,0.0019539424198311323,False,2,3,False,False
q2,3.843097432872235,0.0019539424198311323,False,2,3,False,False
q2,3.843097432872235,0.0019539424198311323,False,2,3,False,False
q2,3.843097432872235,0.0019539424198311323,False,2,3,False,False
q2,3.843097432872235,0.0019539424198311323,False,2,3,False,False
q2,3.843097432872235,0.0019539424198311323,False,2,3,False,False
q2,3.843097432872235,0.0019539424198311323,False,2,3,False,False
q2,3.843097432872235,0.0019539424198311323,True,2,3,False,False
q2,3.7570698636447175,0.001965820185291376,False,2,4,False,False
q2,3.7570698636447175,0.001965820185291376,False,2,4,False,False
q2,3.7570698636447175,0.001965820185291376,False,2,4,False,False
q2,3.7570698636447175,0.001965820185291376,False,2,4,False,False
q2,3.7570698636447175,0.001965820185291376,False,2,4,False,False
q2,3.7570698636447175,0.001965820185291376,False,2,4,False,False
q2,3.7570698636447175,0.001965820185291376,False,2,4,False,False
q2,3.7570698636447175,0.001965820185291376,False,2,4,False,False
q2,3.7570698636447175,0.001965820185291376,False,2,4,False,False
q2,3.7570698636447175,0.001965820185291376,False,2,4,False,False
q2,3.7570698636447175,0.001965820185291376,False,2,4,False,False
q2,3.7570698636447175,0.001965820185291376,False,2,4,False,False
q2,3.7570698636447175,0.001965820185291376,False,2,4,False,False
q2,3.7570698636447175,0.001965820185291376,False,2,4,False,False
q2,3.7570698636447175,0.001965820185291376,False,2,4,False,False
q2,3.7570698636447175,0.001965820185291376,False,2,4,False,False
q2,3.7570698636447175,0.001965820185291376,False,2,4,False,False
q2,3.7570698636447175,0.001965820185291376,False,2,4,False,False
q2,3.7570698636447175,0.001965820185291376,False,2,4,False,False
q2,3.7570698636447175,0.001965820185291376,False,2,4,False,False
q2,3.7570698636447175,0.001965820185291376,False,2,4,False,False
q2,3.7570698636447175,0.001965820185291376,False,2,4,False,False
q2,3.7570698636447175,0.001965820185291376,False,2,4,False,False
q2,3.7570698636447175,0.001965820185291376,False,2,4,False,False
q2,3.7570698636447175,0.001965820185291376,False,2,4,False,False
q2,3.7570698636447175,0.001965820185291376,False,2,4,False,False
q2,3.7570698636447175,0.001965820185291376,False,2,4,False,False
q2,3.7570698636447175,0.001965820185291376,False,2,4,False,False
q2,3.7570698636447175,0.001965820185291376,False,2,4,False,False
q2,3.7570698636447175,0.001965820185291376,False,2,4,False,False
q2,3.7570698636447175,0.001965820185291376,False,2,4,False,False
q2,3.7570698636447175,0.001965820185291376,False,2,4,False,False
q2,3.7570698636447175,0.001965820185291376,False,2,4,False,False
q2,3.7570698636447175,0.001965820185291376,False,2,4,False,False
q2,3.7570698636447175,0.001965820185291376,False,2,4,False,False
q2,3.7570698636447175,0.001965820185291376,False,2,4,False,False
q2,3.7570698636447175,0.001965820185291376,False,2,4,False,False
q2,3.7570698636447175,0.001965820185291376,False,2,4,False,False
q2,3.7570698636447175,0.001965820185291376,False,2,4,False,False
q2,3.7570698636447175,0.001965820185291376,False,2,4,False,False
q2,3.7570698636447175,0.001965820185291376,False,2,4,False,False
q2,3.7570698636447175,0.001965820185291376,False,2,4,False,False
q2,3.7570698636447175,0.001965820185291376,False,2,4,False,False
q2,3.7570698636447175,0.001965820185291376,False,2,4,False,False
q2,3.7570698636447175,0.001965820185291376,False,2,4,False,False
q2,3.7570698636447175,0.001965820185291376,False,2,4,False,False
q2,3.7570698636447175,0.001965820185291376,False,2,4,False,False
q2,3.7570698636447175,0.001965820185291376,False,2,4,False,False
q2,3.813507334277416,0.0019679014380726005,False,3,3,False,False
q2,3.812566751330946,0.0019678700852700155,False,3,3,False,False
q2,4.515615192890803,0.0023678692539584145,False,1,3,False,False
q2,3.8254024493339815,0.001968678709600236,False,3,3,False,False
q2,5.315121345325827,0.00601233115679332,False,1,3,False,False
q2,3.7570698636447175,0.001965820185291376,False,2,4,False,False
q2,3.7570698636447175,0.001965820185291376,False,2,4,False,False
q2,3.7570698636447175,0.001965820185291376,False,2,4,False,False
q2,3.7570698636447175,0.001965820185291376,False,2,4,False,False
q2,3.7570698636447175,0.001965820185291376,False,2,4,False,False
q2,3.7570698636447175,0.001965820185291376,False,2,4,False,False
q2,3.7570698636447175,0.001965820185291376,False,2,4,False,False
q2,3.7570698636447175,0.001965820185291376,False,2,4,False,False
q2,3.7570698636447175,0.001965820185291376,False,2,4,False,False
q2,3.7570698636447175,0.001965820185291376,False,2,4,False,False
q2,3.7570698636447175,0.001965820185291376,False,2,4,False,False
q2,3.7570698636447175,0.001965820185291376,False,2,4,False,False
q2,3.7570698636447175,0.001965820185291376,False,2,4,False,False
q2,3.7570698636447175,0.001965820185291376,False,2,4,False,False
q2,3.7570698636447175,0.001965820185291376,False,2,4,False,False
q2,3.7570698636447175,0.001965820185291376,False,2,4,False,False
q2,3.7570698636447175,0.001965820185291376,False,2,4,False,False
q2,3.7570698636447175,0.001965820185291376,False,2,4,False,False
q2,3.7570698636447175,0.001965820185291376,False,2,4,False,False
q2,3.7570698636447175,0.001965820185291376,False,2,4,False,False
q2,3.7570698636447175,0.001965820185291376,False,2,4,False,False
q2,3.7570698636447175,0.001965820185291376,False,2,4,False,False
q2,3.7570698636447175,0.001965820185291376,False,2,4,False,False
q2,3.7570698636447175,0.001965820185291376,False,2,4,False,False
q2,3.7570698636447175,0.001965820185291376,False,2,4,False,False
q2,3.7570698636447175,0.001965820185291376,False,2,4,False,False
q2,3.7570698636447175,0.001965820185291376,False,2,4,False,False
q2,3.7570698636447175,0.001965820185291376,False,2,4,False,False
q2,3.7570698636447175,0.001965820185291376,False,2,4,False,False
q2,3.7570698636447175,0.001965820185291376,False,2,4,False,False
q2,3.7570698636447175,0.001965820185291376,False,2,4,False,False
q2,3.7570698636447175,0.001965820185291376,False,2,4,False,False
q2,3.7570698636447175,0.001965820185291376,False,2,4,False,False
q2,3.7570698636447175,0.001965820185291376,False,2,4,False,False
q2,3.7570698636447175,0.001965820185291376,False,2,4,False,False
q2,3.7570698636447175,0.001965820185291376,False,2,4,False,False
q2,3.7570698636447175,0.001965820185291376,False,2,4,False,False
q2,3.7570698636447175,0.001965820185291376,False,2,4,False,False
q2,3.7570698636447175,0.001965820185291376,False,2,4,False,False
q2,3.7570698636447175,0.001965820185291376,False,2,4,False,False
q2,3.7570698636447175,0.001965820185291376,False,2,4,False,False
q2,3.7570698636447175,0.001965820185291376,False,2,4,False,False
q2,4.041414607655028,0.0019407513925307777,False,2,3,False,False
q2,4.041414607655028,0.0019407513925307777,False,2,2,False,False
q2,4.041414607655028,0.0019407513925307777,False,2,3,False,False
q2,4.041414607655028,0.0019407513925307777,False,2,3,False,False
q2,4.041414607655028,0.0019407513925307777,False,2,3,False,False
q2,4.041414607655028,0.0019407513925307777,False,2,3,False,False
q2,3.77276247135588,0.002082957921316582,False,2,4,False,False
q2,3.7570698636447175,0.001965820185291376,False,2,4,False,False
q2,3.7570698636447175,0.001965820185291376,False,2,4,False,False
q2,3.7570698636447175,0.001965820185291376,False,2,4,False,False
q2,3.7570698636447175,0.001965820185291376,False,2,4,False,False
q2,3.7570698636447175,0.001965820185291376,False,2,4,False,False
q2,3.7570698636447175,0.001965820185291376,False,2,4,False,False
q2,3.7570698636447175,0.001965820185291376,False,2,4,False,False
q2,3.7570698636447175,0.001965820185291376,False,2,4,False,False
q2,3.7570698636447175,0.001965820185291376,False,2,4,False,False
q2,3.7570698636447175,0.001965820185291376,False,2,4,False,False
q2,3.7570698636447175,0.001965820185291376,False,2,4,False,False
q2,3.7570698636447175,0.001965820185291376,False,2,4,False,False
q2,3.7570698636447175,0.001965820185291376,False,2,4,False,False
q2,3.7570698636447175,0.001965820185291376,False,2,4,False,False
q2,3.7570698636447175,0.001965820185291376,False,2,4,False,False
q2,3.7570698636447175,0.001965820185291376,False,2,4,False,False
q2,3.7570698636447175,0.001965820185291376,False,2,4,False,False
q2,3.7570698636447175,0.001965820185291376,False,2,4,False,False
q2,3.7570698636447175,0.001965820185291376,False,2,4,False,False
q2,3.7570698636447175,0.001965820185291376,False,2,4,False,False
q2,3.7570698636447175,0.001965820185291376,False,2,4,False,False
q2,3.7570698636447175,0.001965820185291376,False,2,4,False,False
q2,3.7570698636447175,0.001965820185291376,False,2,4,False,False
q2,3.7570698636447175,0.001965820185291376,False,2,4,False,False
q2,3.7570698636447175,0.001965820185291376,False,2,4,False,False
q2,3.7570698636447175,0.001965820185291376,False,2,4,False,False
q2,3.7570698636447175,0.001965820185291376,False,2,4,False,False
q2,3.7570698636447175,0.001965820185291376,False,2,4,False,False
q2,3.7570698636447175,0.001965820185291376,True,2,4,False,False
q3,15.073326965403588,0.01761623238486007,False,2,0,False,True
q3,14.894402349055918,0.020345894751597357,False,1,0,False,False
q3,16.89943630006618,0.039461412042794713,False,1,0,False,False
q3,15.073326965403588,0.01761623238486007,False,2,1,False,False
q3,15.073326965403588,0.01761623238486007,False,2,1,False,False
q3,15.073326965403588,0.01761623238486007,False,2,1,False,False
q3,15.073326965403588,0.01761623238486007,False,2,1,False,False
q3,15.073326965403588,0.01761623238486007,False,2,1,False,False
q3,15.073326965403588,0.01761623238486007,False,2,1,False,False
q3,14.790239074946555,0.017743118889812587,False,2,1,False,False
q3,15.073326965403588,0.01761623238486007,False,2,1,False,False
q3,15.073326965403588,0.01761623238486007,False,2,1,False,False
q3,15.073326965403588,0.01761623238486007,False,2,1,False,False
q3,15.073326965403588,0.01761623238486007,False,2,1,False,False
q3,15.073326965403588,0.01761623238486007,False,2,1,False,False
q3,15.77790941985785,0.019854951217789536,False,2,1,False,False
q3,15.752113708092484,0.018802585061828185,False,2,1,False,False
q3,15.703986842660473,0.01692555756021472,False,2,1,False,False
q3,17.099624384168617,0.01658022175896395,False,2,1,False,False
q3,17.099624384168617,0.01658022175896395,False,2,1,False,False
q3,17.099624384168617,0.01658022175896395,False,2,1,False,False
q3,16.62314606486743,0.016815284167963816,False,2,2,False,False
q3,16.62314606486743,0.016815284167963816,False,2,2,False,False
q3,18.323314971040144,0.01639239750226523,False,2,2,False,False
q3,22.94052076987608,0.015520092073883083,False,2,2,False,False
q3,22.94052076987608,0.015520092073883083,False,2,2,False,False
q3,22.94052076987608,0.015520092073883083,False,2,2,False,False
q3,22.94052076987608,0.015520092073883083,False,2,3,False,False
q3,22.94052076987608,0.015520092073883083,False,2,3,False,False
q3,22.94052076987608,0.015520092073883083,False,2,3,False,False
q3,22.94052076987608,0.015520092073883083,False,2,3,False,False
q3,22.94052076987608,0.015520092073883083,False,2,3,False,False
q3,22.94052076987608,0.015520092073883083,False,2,3,False,False
q3,22.94052076987608,0.015520092073883083,False,2,3,False,False
q3,22.94052076987608,0.015520092073883083,False,2,3,False,False
q3,22.94052076987608,0.015520092073883083,False,2,3,False,False
q3,22.94052076987608,0.015520092073883083,False,2,3,False,False
q3,22.94052076987608,0.015520092073883083,False,2,3,False,False
q3,22.94052076987608,0.015520092073883083,False,2,3,False,False
q3,23.460983820429956,0.022904239129531368,False,2,3,False,False
q3,22.064951623855112,0.017058446964952255,False,2,3,False,False
q3,21.77741290762006,0.01362449912694585,False,2,3,False,False
q3,23.35453337240039,0.011836585152390928,False,2,3,False,False
q3,22.664368991108446,0.015112653519133499,False,2,4,False,False
q3,22.91533785703279,0.012878967877844672,False,2,4,False,False
q3,23.35453337240039,0.011836585152390928,False,2,4,False,False
q3,23.35453337240039,0.011836585152390928,False,2,4,False,False
q3,23.078927477052186,0.011962404344360566,False,2,4,False,False
q3,23.076752455271382,0.011899492635261067,True,2,4,False,False
q3,23.35453337240039,0.011836585152390928,False,2,4,False,False
q3,23.35453337240039,0.011836585152390928,False,2,4,False,False
q3,23.35453337240039,0.011836585152390928,False,2,4,False,False
q3,23.35453337240039,0.011836585152390928,False,2,4,False,False
q3,23.35453337240039,0.011836585152390928,False,2,4,False,False
q3,23.35453337240039,0.011836585152390928,False,2,4,False,False
q3,23.35453337240039,0.011836585152390928,False,2,4,False,False
q3,23.35453337240039,0.011836585152390928,False,2,4,False,False
q3,23.35453337240039,0.011836585152390928,False,2,4,False,False
q3,23.35453337240039,0.011836585152390928,False,2,4,False,False
q3,23.35453337240039,0.011836585152390928,False,2,4,False,False
q3,23.35453337240039,0.011836585152390928,False,2,4,False,False
q3,23.35453337240039,0.011836585152390928,False,2,4,False,False
q3,23.35453337240039,0.011836585152390928,False,2,4,False,False
q3,23.35453337240039,0.011836585152390928,False,2,4,False,False
q3,23.35453337240039,0.011836585152390928,False,2,4,False,False
q3,23.071445481943353,0.011963471657343443,True,2,4,False,False
q3,23.35453337240039,0.011836585152390928,False,2,4,False,False
q3,23.35453337240039,0.011836585152390928,False,2,4,False,False
q3,23.35453337240039,0.011836585152390928,False,2,4,False,False
q3,23.35453337240039,0.011836585152390928,False,2,4,False,False
q3,23.35453337240039,0.011836585152390928,False,2,4,False,False
q3,23.91326742601087,0.015111319918054037,False,2,3,False,False
q3,22.947247205284878,0.014058951108673926,False,2,3,False,False
q3,21.731189314618486,0.012872596915466517,False,2,2,False,False
q3,22.093213617886622,0.012181921332701521,False,2,3,False,False
q3,23.35453337240039,0.011836585152390928,False,2,3,False,False
q3,23.35453337240039,0.011836585152390928,False,2,3,False,False
q3,17.037158667391743,0.013131777246471663,False,2,3,False,False
q3,17.037158667391743,0.013131777246471663,False,2,3,False,False
q3,17.513636986692926,0.012896714837471793,False,2,2,False,False
q3,18.737327573564453,0.012708890580773072,False,2,3,False,False
q3,23.35453337240039,0.011836585152390928,False,2,3,False,False
q3,23.35453337240039,0.011836585152390928,False,2,3,False,False
q3,23.35453337240039,0.011836585152390928,False,2,4,False,False
q3,23.35453337240039,0.011836585152390928,False,2,4,False,False
q3,23.35453337240039,0.011836585152390928,False,2,4,False,False
q3,23.35453337240039,0.011836585152390928,False,2,4,False,False
q3,23.35453337240039,0.011836585152390928,False,2,4,False,False
q3,23.35453337240039,0.011836585152390928,False,2,4,False,False
q3,23.35453337240039,0.011836585152390928,False,2,4,False,False
q3,23.35453337240039,0.011836585152390928,False,2,4,False,False
q3,23.35453337240039,0.011836585152390928,False,2,4,False,False
q3,23.35453337240039,0.011836585152390928,False,2,4,False,False
q3,23.35453337240039,0.011836585152390928,False,2,4,False,False
q3,23.35453337240039,0.011836585152390928,True,2,4,False,False
q3,16.7825824050107,0.04216293316005321,False,0,0,False,False
q3,15.032864340393726,0.01755239234977209,False,2,2,False,False
q3,15.344456930731859,0.017043088421281768,False,2,2,False,False
q3,16.972450025196792,0.016737733429869273,False,2,2,False,False
q3,21.679201015362313,0.015865428254193677,False,2,2,False,False
q3,21.679201015362313,0.015865428254193677,False,2,2,False,False
q3,21.679201015362313,0.015865428254193677,False,2,2,False,False
q3,15.703986842660473,0.01692555756021472,False,2,2,False,False
q3,15.703986842660473,0.01692555756021472,False,2,2,False,False
q3,16.13354689736336,0.016816085639875616,False,2,2,False,False
q3,19.162491631862004,0.015982953004722644,False,2,2,False,False
q3,19.162491631862004,0.015982953004722644,False,2,2,False,False
q3,19.162491631862004,0.015982953004722644,False,2,2,False,False
q3,14.86441749468893,0.018034123932170396,False,2,2,False,False
q3,14.86441749468893,0.018034123932170396,False,2,2,False,False
q3,17.87381146775335,0.01614715831999848,False,2,2,False,False
q3,17.87381146775335,0.01614715831999848,False,2,2,False,False
q3,17.87381146775335,0.01614715831999848,False,2,2,False,False
q3,17.87381146775335,0.01614715831999848,False,2,2,False,False
q3,18.378392290625843,0.023531305375646763,False,2,3,False,False
q3,16.982360094050996,0.017685513211067653,False,2,3,False,False
q3,16.72891214336508,0.014251565373061248,False,2,3,False,False
q3,18.287824070277658,0.012463651398506326,False,2,3,False,False
q3,17.59765968898572,0.015739719765248898,False,2,4,False,False
q3,17.84862855491006,0.01350603412396007,False,2,4,False,False
q3,18.287824070277658,0.012463651398506326,False,2,4,False,False
q3,18.287824070277658,0.012463651398506326,False,2,4,False,False
q3,18.012218174929455,0.012589470590475963,False,2,4,False,False
q3,18.01004315314865,0.012526558881376463,False,2,4,False,False
q3,18.287824070277658,0.012463651398506326,False,2,4,False,False
q3,18.287824070277658,0.012463651398506326,False,2,4,False,False
q3,18.287824070277658,0.012463651398506326,False,2,4,False,False
q3,18.287824070277658,0.012463651398506326,False,2,4,False,False
q3,17.641282702823098,0.01253379830289119,False,2,5,False,False
q3,17.641282702823098,0.01253379830289119,False,2,5,False,False
q3,18.01004315314865,0.012526558881376463,False,2,5,False,False
q3,18.01004315314865,0.012526558881376463,False,2,5,False,False
q3,18.01004315314865,0.012526558881376463,False,2,5,False,False
q3,18.01004315314865,0.012526558881376463,False,2,5,False,False
q3,17.202754013684192,0.014718807937724902,False,1,5,False,False
q3,17.641282702823098,0.01253379830289119,False,2,6,False,False
q3,17.641282702823098,0.01253379830289119,False,2,6,False,False
q3,17.641282702823098,0.01253379830289119,False,2,6,False,False
q3,17.641282702823098,0.01253379830289119,False,2,6,False,False
q3,17.641282702823098,0.01253379830289119,False,2,6,False,False
q3,17.641282702823098,0.01253379830289119,False,2,6,False,False
q3,17.35819481236607,0.012660684807843705,False,2,6,False,False
q3,17.641282702823098,0.01253379830289119,False,2,6,False,False
q3,17.641282702823098,0.01253379830289119,False,2,6,False,False
q3,17.641282702823098,0.01253379830289119,False,2,6,False,False
q3,17.641282702823098,0.01253379830289119,False,2,6,False,False
q3,17.641282702823098,0.01253379830289119,False,2,6,False,False
q3,17.715205280020477,0.015463191960466006,False,2,5,False,False
q3,17.68940956825511,0.014410825804504656,False,2,5,False,False
q3,17.010622825566216,0.013224473127536537,False,2,4,False,False
q3,19.03692024433124,0.012188462501640419,False,2,5,False,False
q3,19.03692024433124,0.012188462501640419,False,2,5,False,False
q3,19.03692024433124,0.012188462501640419,True,2,5,False,False
q3,16.970160200556354,0.013160633092448559,False,2,6,False,False
q3,17.281752790894487,0.012651329163958237,False,2,6,False,False
q3,18.791378335570627,0.01234597360021895,False,2,6,False,False
q3,21.446672250432062,0.012252068237086387,False,2,6,False,False
q3,21.446672250432062,0.012252068237086387,False,2,6,False,False
q3,21.446672250432062,0.012252068237086387,False,2,6,False,False
q3,17.641282702823098,0.01253379830289119,False,2,6,False,False
q3,17.641282702823098,0.01253379830289119,False,2,6,False,False
q3,17.95247520773719,0.012424325810225293,False,2,6,False,False
q3,18.929962866931756,0.012369592987615351,False,2,6,False,False
q3,18.929962866931756,0.012369592987615351,False,2,6,False,False
q3,18.929962866931756,0.012369592987615351,False,2,6,False,False
q3,15.73424021358176,0.013202723170546235,False,2,6,False,False
q3,15.73424021358176,0.013202723170546235,False,2,6,False,False
q3,15.73424021358176,0.013202723170546235,True,2,5,False,False
q3,17.95247520773719,0.012424325810225293,False,2,6,False,False
q3,17.95247520773719,0.012424325810225293,False,2,6,False,False
q3,17.95247520773719,0.012424325810225293,False,2,6,False,False
q3,18.05219917147358,0.023491979787365745,False,2,6,False,False
q3,16.656166974898735,0.017646187622786625,False,2,6,False,False
q3,17.53846260521288,0.016107832731717453,False,2,5,False,False
q3,16.38874416883516,0.014212239478252457,False,2,6,False,False
q3,17.26231082644525,0.015700394176967867,False,2,7,False,False
q3,17.513279692369593,0.013466708535679037,False,2,7,False,False
q3,17.95247520773719,0.012424325810225293,False,2,7,False,False
q3,17.95247520773719,0.012424325810225293,False,2,7,False,False
q3,17.73696141858567,0.012494479294298802,True,2,6,False,False
q3,18.59901657519175,0.012354178905840427,False,2,5,False,False
q3,18.59901657519175,0.012354178905840427,False,2,6,False,False
q3,18.59901657519175,0.012354178905840427,False,2,6,False,False
q3,18.59901657519175,0.012354178905840427,False,2,6,False,False
q3,18.59901657519175,0.012354178905840427,True,2,6,False,False
q3,17.95247520773719,0.012424325810225293,False,2,6,False,False
q3,18.321235658062744,0.012417086388710568,False,2,5,False,False
q3,18.321235658062744,0.012417086388710568,False,2,6,False,False
q3,18.321235658062744,0.012417086388710568,False,2,6,False,False
q3,18.321235658062744,0.012417086388710568,False,2,6,False,False
q3,18.321235658062744,0.012417086388710568,True,2,6,False,False
q3,17.421479646424793,0.014524137396883598,False,1,6,False,False
q3,17.95247520773719,0.012424325810225293,False,2,7,False,False
q3,17.95247520773719,0.012424325810225293,False,2,7,False,False
q3,17.95247520773719,0.012424325810225293,False,2,7,False,False
q3,17.95247520773719,0.012424325810225293,False,2,7,False,False
q3,17.95247520773719,0.012424325810225293,False,2,7,False,False
q3,17.95247520773719,0.012424325810225293,False,2,7,False,False
q3,17.669387317280158,0.01255121231517781,False,2,7,False,False
q3,17.95247520773719,0.012424325810225293,False,2,7,False,False
q3,17.95247520773719,0.012424325810225293,False,2,7,False,False
q3,17.95247520773719,0.012424325810225293,False,2,7,False,False
q3,17.95247520773719,0.012424325810225293,False,2,7,False,False
q3,17.95247520773719,0.012424325810225293,True,2,7,False,False
q3,18.02639778493457,0.01535371946780011,False,2,6,False,False
q3,18.0006020731692,0.014301353311838759,False,2,6,False,False
q3,17.32181533048031,0.013115000634870642,False,2,5,False,False
q3,19.348112749245335,0.012078990008974522,False,2,6,False,False
q3,19.348112749245335,0.012078990008974522,False,2,6,False,False
q3,19.348112749245335,0.012078990008974522,True,2,6,False,False
q3,17.281352705470447,0.013051160599782662,False,2,7,False,False
q3,17.592945295808576,0.012541856671292342,False,2,7,False,False
q3,18.791378335570627,0.01234597360021895,True,2,7,False,False
q3,21.446672250432062,0.012252068237086387,False,2,7,False,False
q3,21.446672250432062,0.012252068237086387,False,2,7,False,False
q3,21.446672250432062,0.012252068237086387,False,2,7,False,False
q3,15.494821529400816,0.019981837722742053,False,2,2,False,False
q3,15.469025817635451,0.018929471566780702,False,2,2,False,False
q3,15.42089895220344,0.017052444065167236,False,2,2,False,False
q3,16.81653649371158,0.016707108263916467,False,2,2,False,False
q3,16.81653649371158,0.016707108263916467,False,2,2,False,False
q3,16.81653649371158,0.016707108263916467,False,2,2,False,False
q3,14.749776449936693,0.017679278854724607,False,2,3,False,False
q3,15.061369040274826,0.017169974926234285,False,2,3,False,False
q3,16.68936213473976,0.01686461993482179,False,2,3,False,False
q3,21.396113124905277,0.015992314759146194,False,2,3,False,False
q3,21.396113124905277,0.015992314759146194,False,2,3,False,False
q3,21.396113124905277,0.015992314759146194,False,2,3,False,False
q3,15.261829928867591,0.017717344309995543,False,2,4,False,False
q3,15.004094248747293,0.017334185252259375,False,2,4,False,False
q3,15.490929094977712,0.017060503005895178,False,2,4,False,False
q3,18.519873829476357,0.016227370370742206,False,2,4,False,False
q3,18.519873829476357,0.016227370370742206,False,2,4,False,False
q3,18.519873829476357,0.016227370370742206,False,2,4,False,False
q3,14.221799692303282,0.018278541298189958,False,2,4,False,False
q3,14.221799692303282,0.018278541298189958,False,2,4,False,False
q3,17.231193665367698,0.016391575686018043,False,2,4,False,False
q3,17.231193665367698,0.016391575686018043,False,2,4,False,False
q3,17.231193665367698,0.016391575686018043,False,2,4,False,False
q3,17.231193665367698,0.016391575686018043,False,2,4,False,False
q3,15.53893358012085,0.02455412198188257,False,2,4,False,False
q3,14.142901383546002,0.018708329817303453,False,2,4,False,False
q3,13.983121609387785,0.015302400097930562,False,2,4,False,False
q3,15.475381642799135,0.013486468004742128,False,2,4,False,False
q3,14.781425185223762,0.016762536371484695,False,2,5,False,False
q3,15.034938586375167,0.014528850730195872,False,2,5,False,False
q3,16.86726388160858,0.012666706733502717,False,2,5,False,False
q3,16.86726388160858,0.012666706733502717,False,2,6,False,False
q3,16.86726388160858,0.012666706733502717,False,2,6,False,False
q3,16.591657986260376,0.012792525925472354,False,2,6,False,False
q3,16.58948296447957,0.012729614216372854,False,2,6,False,False
q3,16.86726388160858,0.012666706733502717,False,2,6,False,False
q3,16.86726388160858,0.012666706733502717,False,2,6,False,False
q3,16.86726388160858,0.012666706733502717,False,2,6,False,False
q3,16.86726388160858,0.012666706733502717,False,2,6,False,False
q3,16.220722514154016,0.012736853637887582,False,2,7,False,False
q3,16.220722514154016,0.012736853637887582,False,2,7,False,False
q3,16.58948296447957,0.012729614216372854,False,2,7,False,False
q3,16.58948296447957,0.012729614216372854,False,2,7,False,False
q3,16.58948296447957,0.012729614216372854,False,2,7,False,False
q3,16.58948296447957,0.012729614216372854,False,2,7,False,False
q3,16.287677031288194,0.015274303942853888,False,1,7,False,False
q3,15.445497752464485,0.028248486367325777,False,1,7,False,False
q3,16.220722514154016,0.012736853637887582,False,2,8,False,False
q3,16.220722514154016,0.012736853637887582,False,2,8,False,False
q3,16.220722514154016,0.012736853637887582,False,2,8,False,False
q3,16.220722514154016,0.012736853637887582,False,2,8,False,False
q3,16.220722514154016,0.012736853637887582,False,2,8,False,False
q3,16.220722514154016,0.012736853637887582,False,2,8,False,False
q3,16.503810404611052,0.012609967132935065,False,2,7,False,False
q3,16.503810404611052,0.012609967132935065,False,2,6,False,False
q3,16.503810404611052,0.012609967132935065,False,2,7,False,False
q3,16.503810404611052,0.012609967132935065,False,2,7,False,False
q3,16.503810404611052,0.012609967132935065,False,2,7,False,False
q3,16.503810404611052,0.012609967132935065,True,2,7,False,False
q3,16.04519777264755,0.015666246591494157,False,2,7,False,False
q3,16.15371984787656,0.014613880814592629,False,2,7,False,False
q3,15.551686126327308,0.013427528354230125,True,2,6,False,False
q3,17.499411648289588,0.012509049384569633,False,2,7,False,False
q3,17.499411648289588,0.012509049384569633,False,2,7,False,False
q3,17.499411648289588,0.012509049384569633,True,2,7,False,False
q3,15.909129923815883,0.013246157566377903,False,2,7,False,False
q3,16.580252426082634,0.012619322776820534,False,2,6,False,False
q3,17.848715608618953,0.012431498646475088,True,2,7,False,False
q3,16.42118340274678,0.013284223021648842,False,2,8,False,False
q3,16.163447722626483,0.012901063963912673,False,2,8,False,False
q3,16.650282568856905,0.012627381717548477,False,2,8,False,False
q3,15.381153166182472,0.013845420009843257,False,2,8,False,False
q3,15.381153166182472,0.013845420009843257,False,2,8,False,False
q3,17.54329841539071,0.02380452277115607,False,2,7,False,False
q3,15.275375059655765,0.017958720135070303,False,2,7,False,False
q3,15.967331598577143,0.016420362488341493,False,2,6,False,False
q3,14.890034147983037,0.014347842779864178,False,2,7,False,False
q3,13.971897975201284,0.01683268082364748,False,2,7,False,False
q3,14.222866841125626,0.014598995182358647,False,2,7,False,False
q3,14.662062356493223,0.013556612456904904,False,2,6,False,False
q3,16.220722514154016,0.012736853637887582,False,2,8,False,False
q3,16.220722514154016,0.012736853637887582,True,2,8,False,False
q3,16.005208725002497,0.012807007121961088,False,2,7,False,False
q3,16.86726388160858,0.012666706733502717,False,2,6,False,False
q3,16.86726388160858,0.012666706733502717,False,2,7,False,False
q3,16.86726388160858,0.012666706733502717,False,2,7,False,False
q3,16.86726388160858,0.012666706733502717,False,2,7,False,False
q3,16.86726388160858,0.012666706733502717,False,2,7,False,False
q3,16.151821040316964,0.012799764240270002,True,2,7,False,False
q3,16.591657986260376,0.012792525925472354,False,2,7,False,False
q3,16.591657986260376,0.012792525925472354,False,2,7,False,False
q3,16.591657986260376,0.012792525925472354,False,2,7,False,False
q3,16.591657986260376,0.012792525925472354,False,2,7,False,False
q3,16.074417534402343,0.01534445522673463,False,1,7,False,False
q3,15.219773070322065,0.028318633064674515,False,1,7,False,False
q3,16.005208725002497,0.012807007121961088,False,2,8,False,False
q3,16.005208725002497,0.012807007121961088,False,2,8,False,False
q3,16.005208725002497,0.012807007121961088,False,2,8,False,False
q3,16.005208725002497,0.012807007121961088,False,2,8,False,False
q3,16.005208725002497,0.012807007121961088,False,2,8,False,False
q3,16.005208725002497,0.012807007121961088,False,2,8,False,False
q3,16.28829661545953,0.012680120617008574,False,2,7,False,False
q3,16.28829661545953,0.012680120617008574,False,2,6,False,False
q3,16.28829661545953,0.012680120617008574,False,2,7,False,False
q3,16.28829661545953,0.012680120617008574,False,2,7,False,False
q3,16.28829661545953,0.012680120617008574,False,2,7,False,False
q3,16.28829661545953,0.012680120617008574,True,2,7,False,False
q3,15.82968398349603,0.015736400075567664,False,2,7,False,False
q3,15.938206058725038,0.014684034298666134,False,2,7,False,False
q3,15.336172337175787,0.01349768183830363,False,2,6,False,False
q3,17.283897859138065,0.01257920286864314,False,2,7,False,False
q3,17.283897859138065,0.01257920286864314,False,2,7,False,False
q3,17.283897859138065,0.01257920286864314,True,2,7,False,False
q3,15.693616134664362,0.01331631105045141,True,2,7,False,False
q3,16.36473863693111,0.012689476260894042,False,2,6,False,False
q3,17.63320181946743,0.012501652130548593,True,2,7,False,False
q3,16.205669613595262,0.013354376505722349,False,2,8,False,False
q3,15.947933933474962,0.012971217447986181,True,2,8,False,False
q3,16.434768779705383,0.012697535201621984,False,2,8,False,False
q3,15.165639377030951,0.013915573493916764,False,2,8,False,False
q3,15.165639377030951,0.013915573493916764,False,2,8,False,False
q3,17.327784626239186,0.023874676255229575,False,2,7,False,False
q3,15.059861270504245,0.01802887361914381,False,2,7,False,False
q3,15.751817809425622,0.016490515972414993,False,2,6,False,False
q3,14.674520358831517,0.014417996263937685,False,2,7,False,False
q3,13.700791546432647,0.016902833490313615,False,2,7,False,False
q3,13.95176041235699,0.014669147849024794,False,2,7,False,False
q3,14.390955927724587,0.013626765123571048,False,2,6,False,False
q3,16.005208725002497,0.012807007121961088,False,2,8,False,False
q3,16.005208725002497,0.012807007121961088,True,2,8,False,False
q3,15.475381642799135,0.013486468004742128,False,2,5,False,False
q3,15.475381642799135,0.013486468004742128,False,2,5,False,False
q3,14.977405188982468,0.013612283927082313,False,2,5,False,False
q3,15.030822806818778,0.013549373035390179,False,2,5,False,False
q3,15.475381642799135,0.013486468004742128,False,2,5,False,False
q3,15.475381642799135,0.013486468004742128,False,2,5,False,False
q3,15.475381642799135,0.013486468004742128,False,2,5,False,False
q3,15.475381642799135,0.013486468004742128,False,2,5,False,False
q3,14.662062356493223,0.013556612456904904,False,2,6,False,False
q3,15.030822806818778,0.013549373035390179,False,2,6,False,False
q3,15.030822806818778,0.013549373035390179,False,2,6,False,False
q3,15.030822806818778,0.013549373035390179,False,2,6,False,False
q3,15.030822806818778,0.013549373035390179,False,2,6,False,False
q3,14.70646345080972,0.0160987476178499,False,1,6,False,False
q3,15.445497752464485,0.028248486367325777,False,1,6,False,False
q3,14.662062356493223,0.013556612456904904,False,2,7,False,False
q3,14.662062356493223,0.013556612456904904,False,2,7,False,False
q3,14.662062356493223,0.013556612456904904,False,2,7,False,False
q3,14.662062356493223,0.013556612456904904,False,2,7,False,False
q3,14.662062356493223,0.013556612456904904,False,2,7,False,False
q3,14.662062356493223,0.013556612456904904,False,2,7,False,False
q3,14.94515024695026,0.013429725951952388,False,2,6,False,False
q3,14.94515024695026,0.013429725951952388,False,2,5,False,False
q3,14.94515024695026,0.013429725951952388,False,2,6,False,False
q3,14.94515024695026,0.013429725951952388,False,2,6,False,False
q3,14.94515024695026,0.013429725951952388,False,2,6,False,False
q3,14.94515024695026,0.013429725951952388,True,2,6,False,False
q3,14.486537614986762,0.01648600541051148,False,2,6,False,False
q3,14.59505969021577,0.01543363963360995,False,2,6,False,False
q3,13.993025968666519,0.014247287173247447,False,2,5,False,False
q3,15.940751490628795,0.013328808203586954,False,2,6,False,False
q3,15.940751490628795,0.013328808203586954,False,2,6,False,False
q3,15.940751490628795,0.013328808203586954,False,2,6,False,False
q3,14.35046976615509,0.014065916385395226,False,2,6,False,False
q3,15.021592268421841,0.013439081595837857,False,2,5,False,False
q3,16.29005545095816,0.01325125746549241,False,2,6,False,False
q3,21.163584359975026,0.012378954742038902,False,2,6,False,False
q3,21.163584359975026,0.012378954742038902,False,2,6,False,False
q3,21.163584359975026,0.012378954742038902,False,2,6,False,False
q3,14.862523245085988,0.014103981840666163,False,2,7,False,False
q3,14.604787564965694,0.013720822782929996,False,2,7,False,False
q3,15.09162241119611,0.013447140536565799,False,2,7,False,False
q3,18.287345064546106,0.012614010353634915,False,2,7,False,False
q3,18.287345064546106,0.012614010353634915,False,2,7,False,False
q3,18.287345064546106,0.012614010353634915,False,2,7,False,False
q3,13.822493008521683,0.014665178828860578,False,2,7,False,False
q3,13.822493008521683,0.014665178828860578,False,2,7,False,False
q3,16.99866490043745,0.012778215668910754,False,2,7,False,False
q3,16.99866490043745,0.012778215668910754,False,2,7,False,False
q3,16.99866490043745,0.012778215668910754,False,2,7,False,False
q3,16.99866490043745,0.012778215668910754,False,2,7,False,False
q3,14.739372888684573,0.02462426643404535,False,2,6,False,False
q3,13.343340692109726,0.018778474269466234,False,2,6,False,False
q3,14.248049753968914,0.017240119378397062,False,2,5,False,False
q3,13.170326383553252,0.015372543937037818,False,2,6,False,False
q3,14.662062356493223,0.013556612456904904,False,2,7,False,False
q3,14.662062356493223,0.013556612456904904,True,2,7,False,False
q3,15.475381642799135,0.013486468004742128,False,2,5,False,False
q3,15.475381642799135,0.013486468004742128,False,2,6,False,False
q3,15.475381642799135,0.013486468004742128,False,2,6,False,False
q3,15.475381642799135,0.013486468004742128,False,2,6,False,False
q3,15.475381642799135,0.013486468004742128,False,2,6,False,False
q3,14.537568243039058,0.013619522241879962,True,2,6,False,False
q3,14.977405188982468,0.013612283927082313,False,2,6,False,False
q3,14.977405188982468,0.013612283927082313,False,2,6,False,False
q3,14.977405188982468,0.013612283927082313,False,2,6,False,False
q3,14.977405188982468,0.013612283927082313,False,2,6,False,False
q3,14.439943220330962,0.01616889758898104,False,1,6,False,False
q3,15.219773070322065,0.028318633064674515,False,1,6,False,False
q3,14.390955927724587,0.013626765123571048,False,2,7,False,False
q3,14.390955927724587,0.013626765123571048,False,2,7,False,False
q3,14.390955927724587,0.013626765123571048,False,2,7,False,False
q3,14.390955927724587,0.013626765123571048,False,2,7,False,False
q3,14.390955927724587,0.013626765123571048,False,2,7,False,False
q3,14.390955927724587,0.013626765123571048,False,2,7,False,False
q3,14.674043818181623,0.013499878618618531,False,2,6,False,False
q3,14.674043818181623,0.013499878618618531,False,2,5,False,False
q3,14.674043818181623,0.013499878618618531,False,2,6,False,False
q3,14.674043818181623,0.013499878618618531,False,2,6,False,False
q3,14.674043818181623,0.013499878618618531,False,2,6,False,False
q3,14.674043818181623,0.013499878618618531,True,2,6,False,False
q3,14.215431186218126,0.01655615807717762,False,2,6,False,False
q3,14.323953261447134,0.015503792300276095,False,2,6,False,False
q3,13.721919539897883,0.014317439839913591,False,2,5,False,False
q3,15.669645061860159,0.013398960870253097,False,2,6,False,False
q3,15.669645061860159,0.013398960870253097,False,2,6,False,False
q3,15.669645061860159,0.013398960870253097,True,2,6,False,False
q3,14.079363337386454,0.01413606905206137,True,2,6,False,False
q3,14.750485839653205,0.013509234262504,False,2,5,False,False
q3,16.018949022189524,0.013321410132158554,False,2,6,False,False
q3,20.948070570823504,0.012449108226112412,False,2,6,False,False
q3,20.948070570823504,0.012449108226112412,False,2,6,False,False
q3,20.948070570823504,0.012449108226112412,False,2,6,False,False
q3,14.591416816317352,0.014174134507332308,False,2,7,False,False
q3,14.333681136197058,0.013790975449596139,True,2,7,False,False
q3,14.820515982427473,0.013517293203231943,False,2,7,False,False
q3,18.071831275394583,0.012684163837708423,False,2,7,False,False
q3,18.071831275394583,0.012684163837708423,False,2,7,False,False
q3,18.071831275394583,0.012684163837708423,False,2,7,False,False
q3,13.551386579753046,0.014735331495526721,False,2,7,False,False
q3,13.551386579753046,0.014735331495526721,True,2,7,False,False
q3,16.783151111285928,0.01284836915298426,False,2,7,False,False
q3,16.783151111285928,0.01284836915298426,False,2,7,False,False
q3,16.783151111285928,0.01284836915298426,False,2,7,False,False
q3,16.783151111285928,0.01284836915298426,False,2,7,False,False
q3,14.472852658205815,0.02469441910071149,False,2,6,False,False
q3,13.076820461630968,0.018848626936132373,False,2,6,False,False
q3,13.976943325200278,0.017310272045063205,False,2,5,False,False
q3,12.890572839286074,0.015442696399352123,False,2,6,False,False
q3,14.390955927724587,0.013626765123571048,False,2,7,False,False
q3,14.390955927724587,0.013626765123571048,True,2,7,False,False
q3,14.04748041961614,0.018369953477204715,False,2,2,False,False
q3,14.392332652448118,0.017860649642576828,False,2,2,False,False
q3,16.14824744881246,0.017555295012173688,False,2,2,False,False
q3,21.034088821637145,0.01668299034191119,False,2,2,False,False
q3,21.034088821637145,0.01668299034191119,False,2,2,False,False
q3,21.034088821637145,0.01668299034191119,False,2,2,False,False
q3,14.592793541040884,0.018408019026338086,False,2,3,False,False
q3,14.335057860920589,0.018024859968601918,False,2,3,False,False
q3,14.821892707151004,0.01775117772223772,False,2,3,False,False
q3,17.85083744164965,0.01691804508708475,False,2,3,False,False
q3,17.85083744164965,0.01691804508708475,False,2,3,False,False
q3,17.85083744164965,0.01691804508708475,False,2,3,False,False
q3,13.552763304476574,0.0189692160145325,False,2,3,False,False
q3,13.552763304476574,0.0189692160145325,False,2,3,False,False
q3,16.562157277540994,0.017082250402360586,False,2,3,False,False
q3,16.562157277540994,0.017082250402360586,False,2,3,False,False
q3,16.562157277540994,0.017082250402360586,False,2,3,False,False
q3,16.562157277540994,0.017082250402360586,False,2,3,False,False
q3,14.86982524265166,0.025244796698225113,False,2,3,False,False
q3,13.473793046076812,0.019399004533645996,False,2,3,False,False
q3,13.314013271918599,0.015993074814273107,False,2,3,False,False
q3,14.806345254972431,0.014177142721084671,False,2,3,False,False
q3,14.112316847754572,0.017453211087827238,False,2,4,False,False
q3,14.365830248905977,0.015219525446538415,False,2,4,False,False
q3,16.19822749378187,0.013357381449845258,False,2,4,False,False
q3,14.806345254972431,0.014177142721084671,False,2,4,False,False
q3,14.806345254972431,0.014177142721084671,False,2,4,False,False
q3,14.308368801155764,0.014302958643424856,False,2,4,False,False
q3,14.361786418992073,0.014240047751732722,False,2,4,False,False
q3,14.806345254972431,0.014177142721084671,False,2,4,False,False
q3,14.806345254972431,0.014177142721084671,False,2,4,False,False
q3,14.806345254972431,0.014177142721084671,False,2,4,False,False
q3,14.806345254972431,0.014177142721084671,False,2,4,False,False
q3,13.993025968666519,0.014247287173247447,False,2,5,False,False
q3,14.361786418992073,0.014240047751732722,False,2,5,False,False
q3,14.361786418992073,0.014240047751732722,False,2,5,False,False
q3,14.361786418992073,0.014240047751732722,False,2,5,False,False
q3,14.361786418992073,0.014240047751732722,False,2,5,False,False
q3,13.90290045704966,0.018257998090249562,False,1,5,False,False
q3,14.776461364637779,0.028939326217635154,False,1,5,False,False
q3,13.993025968666519,0.014247287173247447,False,2,6,False,False
q3,13.993025968666519,0.014247287173247447,False,2,6,False,False
q3,13.993025968666519,0.014247287173247447,False,2,6,False,False
q3,13.993025968666519,0.014247287173247447,False,2,6,False,False
q3,13.993025968666519,0.014247287173247447,False,2,6,False,False
q3,13.993025968666519,0.014247287173247447,False,2,6,False,False
q3,14.276113859123551,0.01412040066829493,False,2,5,False,False
q3,14.276113859123551,0.01412040066829493,False,2,4,False,False
q3,14.276113859123551,0.01412040066829493,False,2,5,False,False
q3,14.276113859123551,0.01412040066829493,False,2,5,False,False
q3,14.276113859123551,0.01412040066829493,False,2,5,False,False
q3,14.276113859123551,0.01412040066829493,True,2,5,False,False
q3,13.64817373583454,0.014756591007875335,False,2,5,False,False
q3,14.390932391164956,0.014129756420483206,False,2,4,False,False
q3,15.74894076503086,0.013941932542844307,False,2,5,False,False
q3,20.80156005670689,0.013069630324803898,False,2,5,False,False
q3,20.80156005670689,0.013069630324803898,False,2,5,False,False
q3,20.80156005670689,0.013069630324803898,False,2,5,False,False
q3,14.193486857259284,0.014794656557008706,False,2,6,False,False
q3,13.93575117713899,0.014411497499272537,False,2,6,False,False
q3,14.422586023369405,0.014137815252908342,False,2,6,False,False
q3,17.6183086767194,0.013304685069977456,False,2,6,False,False
q3,17.6183086767194,0.013304685069977456,False,2,6,False,False
q3,17.6183086767194,0.013304685069977456,False,2,6,False,False
q3,13.153456620694975,0.015355853545203121,False,2,6,False,False
q3,13.153456620694975,0.015355853545203121,True,2,6,False,False
q3,16.329628512610743,0.013468890385253295,False,2,6,False,False
q3,16.329628512610743,0.013468890385253295,False,2,6,False,False
q3,16.329628512610743,0.013468890385253295,False,2,6,False,False
q3,16.329628512610743,0.013468890385253295,False,2,6,False,False
q3,14.070264551215383,0.025314941150387894,False,2,5,False,False
q3,12.674232354640536,0.019469148985808774,False,2,5,False,False
q3,13.579013366142206,0.017930794094739605,False,2,4,False,False
q3,12.50113298315008,0.016063218653380364,True,2,5,False,False
q3,13.302861587374576,0.017523355539990022,False,2,6,False,False
q3,13.553830453298918,0.015289669898701189,False,2,6,False,False
q3,13.993025968666519,0.014247287173247447,False,2,6,False,False
q3,13.993025968666519,0.014247287173247447,True,2,6,False,False
q3,14.806345254972431,0.014177142721084671,False,2,4,False,False
q3,14.806345254972431,0.014177142721084671,False,2,5,False,False
q3,14.806345254972431,0.014177142721084671,False,2,5,False,False
q3,14.806345254972431,0.014177142721084671,False,2,5,False,False
q3,14.806345254972431,0.014177142721084671,False,2,5,False,False
q3,13.868531855212353,0.014310196958222504,True,2,5,False,False
q3,14.308368801155764,0.014302958643424856,False,2,5,False,False
q3,14.308368801155764,0.014302958643424856,False,2,5,False,False
q3,14.308368801155764,0.014302958643424856,False,2,5,False,False
q3,14.308368801155764,0.014302958643424856,False,2,5,False,False
q3,13.636380226570902,0.0183281480613807,False,1,5,False,False
q3,14.550736682495359,0.029009472914983892,False,1,5,False,False
q3,13.721919539897883,0.014317439839913591,False,2,6,False,False
q3,13.721919539897883,0.014317439839913591,False,2,6,False,False
q3,13.721919539897883,0.014317439839913591,False,2,6,False,False
q3,13.721919539897883,0.014317439839913591,False,2,6,False,False
q3,13.721919539897883,0.014317439839913591,False,2,6,False,False
q3,13.721919539897883,0.014317439839913591,False,2,6,False,False
q3,14.005007430354915,0.014190553334961074,False,2,5,False,False
q3,14.005007430354915,0.014190553334961074,False,2,4,False,False
q3,14.005007430354915,0.014190553334961074,False,2,5,False,False
q3,14.005007430354915,0.014190553334961074,False,2,5,False,False
q3,14.005007430354915,0.014190553334961074,False,2,5,False,False
q3,14.005007430354915,0.014190553334961074,True,2,5,False,False
q3,13.377067307065904,0.014826743674541478,True,2,5,False,False
q3,14.11982596239632,0.014199909087149349,False,2,4,False,False
q3,15.477834336262223,0.014012085209510451,False,2,5,False,False
q3,20.586046267555368,0.013139783808877406,False,2,5,False,False
q3,20.586046267555368,0.013139783808877406,False,2,5,False,False
q3,20.586046267555368,0.013139783808877406,False,2,5,False,False
q3,13.922380428490648,0.01486480922367485,False,2,6,False,False
q3,13.664644748370353,0.014481650165938682,True,2,6,False,False
q3,14.151479594600769,0.014207967919574484,False,2,6,False,False
q3,17.40279488756788,0.013374838554050967,False,2,6,False,False
q3,17.40279488756788,0.013374838554050967,False,2,6,False,False
q3,17.40279488756788,0.013374838554050967,False,2,6,False,False
q3,12.882350191926339,0.015426006211869264,False,2,6,False,False
q3,12.882350191926339,0.015426006211869264,True,2,6,False,False
q3,16.114114723459224,0.013539043869326804,False,2,6,False,False
q3,16.114114723459224,0.013539043869326804,False,2,6,False,False
q3,16.114114723459224,0.013539043869326804,False,2,6,False,False
q3,16.114114723459224,0.013539043869326804,False,2,6,False,False
q3,13.803744320736625,0.025385093817054033,False,2,5,False,False
q3,12.407712124161778,0.019539301652474916,False,2,5,False,False
q3,13.30790693737357,0.018000946761405748,False,2,4,False,False
q3,12.2213794388829,0.016133371115694666,True,2,5,True,False
q3,13.03175515860594,0.017593508206656158,False,2,6,False,False
q3,13.282724024530282,0.015359822565367333,False,2,6,False,False
q3,13.721919539897883,0.014317439839913591,False,2,6,False,False
q3,13.721919539897883,0.014317439839913591,True,2,6,False,False
q3,15.68052047320006,0.020340487073750885,False,2,3,False,False
q3,13.99020562808861,0.018534163803229805,False,2,3,False,False
q3,14.477040474319026,0.01826048155686561,False,2,3,False,False
q3,17.505985208817673,0.017427348921712636,False,2,3,False,False
q3,17.505985208817673,0.017427348921712636,False,2,3,False,False
q3,17.505985208817673,0.017427348921712636,False,2,3,False,False
q3,13.207323608600051,0.01947851984916039,False,2,3,False,False
q3,13.207323608600051,0.01947851984916039,False,2,3,False,False
q3,16.217305044709015,0.017591554236988476,False,2,3,False,False
q3,16.217305044709015,0.017591554236988476,False,2,3,False,False
q3,16.217305044709015,0.017591554236988476,False,2,3,False,False
q3,16.217305044709015,0.017591554236988476,False,2,3,False,False
q3,13.682472035104286,0.026862666904808673,False,2,4,False,False
q3,12.286494979941164,0.02101687474022956,False,2,4,False,False
q3,12.14439714345865,0.01761094502085667,False,2,4,False,False
q3,13.62106013809405,0.015795012927668235,False,2,4,False,False
q3,11.399207975583417,0.023716352038665525,False,2,5,False,False
q3,11.708730012673753,0.01880224064702049,False,2,5,False,False
q3,13.683117546807374,0.016586240798405417,False,2,5,False,False
q3,12.49336104506734,0.018115241938891805,False,2,5,False,False
q3,12.49336104506734,0.018115241938891805,False,2,5,False,False
q3,11.635539406455585,0.017736760125789487,False,2,5,False,False
q3,11.677863609663653,0.0176738494384492,False,2,5,False,False
q3,12.14439714345865,0.01761094502085667,False,2,5,False,False
q3,12.14439714345865,0.01761094502085667,False,2,5,False,False
q3,12.14439714345865,0.01761094502085667,False,2,5,False,False
q3,12.14439714345865,0.01761094502085667,False,2,5,False,False
q3,11.048635719358868,0.01775124132227823,False,2,6,False,False
q3,11.195361641133047,0.01774399844058714,True,2,6,False,False
q3,11.635539406455585,0.017736760125789487,False,2,6,False,False
q3,11.635539406455585,0.017736760125789487,False,2,6,False,False
q3,11.635539406455585,0.017736760125789487,False,2,6,False,False
q3,11.635539406455585,0.017736760125789487,False,2,6,False,False
q3,10.90217671889796,0.02408821521425652,False,1,6,False,False
q3,13.143840939194018,0.04324017345970035,False,1,6,False,False
q3,11.048635719358868,0.01775124132227823,False,2,7,False,False
q3,11.048635719358868,0.01775124132227823,False,2,7,False,False
q3,11.048635719358868,0.01775124132227823,False,2,7,False,False
q3,11.048635719358868,0.01775124132227823,False,2,7,False,False
q3,11.048635719358868,0.01775124132227823,False,2,7,False,False
q3,11.048635719358868,0.01775124132227823,False,2,7,False,False
q3,11.33127918861197,0.017624354817325712,False,2,6,False,False
q3,11.33127918861197,0.017624354817325712,False,2,5,False,False
q3,11.33127918861197,0.017624354817325712,False,2,6,False,False
q3,11.33127918861197,0.017624354817325712,False,2,6,False,False
q3,11.33127918861197,0.017624354817325712,False,2,6,False,False
q3,11.33127918861197,0.017624354817325712,True,2,6,False,False
q3,11.40878839515654,0.019872427305652803,False,2,7,False,False
q3,11.638512957280557,0.018780884578984452,False,2,7,False,False
q3,11.750699699493904,0.017060566699798118,True,2,7,False,False
q3,13.338487950781383,0.016323458517989844,False,2,7,False,False
q3,13.338487950781383,0.016323458517989844,False,2,7,False,False
q3,13.338487950781383,0.016323458517989844,False,2,7,False,False
q3,11.389719116962628,0.01724193748765034,True,2,6,False,False
q3,11.783276883428504,0.017124406734886095,False,2,5,False,False
q3,13.98487930939252,0.015828016485291526,False,2,6,False,False
q3,18.99638665415515,0.014927697374728644,False,2,6,False,False
q3,18.99638665415515,0.014927697374728644,False,2,6,False,False
q3,18.99638665415515,0.014927697374728644,False,2,6,False,False
q3,10.721840681251523,0.02197695670463454,False,2,7,False,False
q3,10.54054944627688,0.01957830510572422,False,2,7,False,False
q3,12.308292244517931,0.01653320302998345,False,2,7,False,False
q3,15.492516775172938,0.015672055954530095,False,2,7,False,False
q3,15.492516775172938,0.015672055954530095,False,2,7,False,False
q3,15.492516775172938,0.015672055954530095,False,2,7,False,False
q3,11.048635719358868,0.01775124132227823,True,2,6,False,False
q3,11.878677364605307,0.016642674950322553,True,2,5,False,False
q3,14.189586796412968,0.015836261269805932,False,2,6,False,False
q3,14.189586796412968,0.015836261269805932,False,2,6,False,False
q3,14.189586796412968,0.015836261269805932,False,2,6,False,False
q3,14.189586796412968,0.015836261269805932,False,2,6,False,False
q3,12.615325757909739,0.027002964023637596,False,2,6,False,False
q3,11.219293561334892,0.02115717185905848,False,2,6,False,False
q3,12.12348535657005,0.01961881696798931,False,2,5,False,False
q3,12.53749795909436,0.015935310046497154,True,2,6,False,False
q3,10.279866320075476,0.02385664834008708,False,2,7,False,False
q3,10.579026290557113,0.018942536948442047,False,2,7,False,False
q3,12.82106239020129,0.01672654118686379,False,2,7,False,False
q3,10.915903423844805,0.0182555308836471,False,2,7,False,False
q3,10.915903423844805,0.0182555308836471,True,2,7,False,False
q3,11.308992857514871,0.017681088859963924,True,2,6,False,False
q3,12.14439714345865,0.01761094502085667,False,2,5,False,False
q3,12.14439714345865,0.01761094502085667,False,2,6,False,False
q3,12.14439714345865,0.01761094502085667,False,2,6,False,False
q3,12.14439714345865,0.01761094502085667,False,2,6,False,False
q3,12.14439714345865,0.01761094502085667,False,2,6,False,False
q3,10.754271668518395,0.020343348229693817,False,2,8,False,False
q3,10.754271668518395,0.020343348229693817,False,2,8,False,False
q3,10.86403087923003,0.018872384486127745,False,2,7,False,False
q3,11.708730012673753,0.01880224064702049,False,2,6,False,False
q3,11.708730012673753,0.01880224064702049,False,2,7,False,False
q3,11.708730012673753,0.01880224064702049,False,2,7,False,False
q3,11.708730012673753,0.01880224064702049,False,2,7,False,False
q3,11.708730012673753,0.01880224064702049,False,2,7,False,False
q3,10.725638605871584,0.018935294066750964,True,2,7,False,False
q3,11.165475551814994,0.01892805575195331,False,2,6,False,False
q3,11.165475551814994,0.01892805575195331,False,2,7,False,False
q3,11.165475551814994,0.01892805575195331,False,2,7,False,False
q3,11.165475551814994,0.01892805575195331,False,2,7,False,False
q3,11.165475551814994,0.01892805575195331,False,2,7,False,False
q3,10.40680356932767,0.025444759635533422,False,1,7,False,False
q3,13.143840939194018,0.04324017345970035,False,1,7,False,False
q3,10.579026290557113,0.018942536948442047,False,2,8,False,False
q3,10.579026290557113,0.018942536948442047,False,2,8,False,False
q3,10.579026290557113,0.018942536948442047,False,2,8,False,False
q3,10.579026290557113,0.018942536948442047,False,2,8,False,False
q3,10.579026290557113,0.018942536948442047,False,2,8,False,False
q3,10.579026290557113,0.018942536948442047,False,2,8,False,False
q3,10.862114181014148,0.01881565044348953,False,2,7,False,False
q3,10.862114181014148,0.01881565044348953,False,2,6,False,False
q3,10.862114181014148,0.01881565044348953,False,2,7,False,False
q3,10.862114181014148,0.01881565044348953,False,2,7,False,False
q3,10.862114181014148,0.01881565044348953,False,2,7,False,False
q3,10.862114181014148,0.01881565044348953,True,2,7,False,False
q3,10.939760969213294,0.021063722931816627,False,2,8,False,False
q3,11.169917662209784,0.01997218020514827,False,2,8,False,False
q3,11.281322320877665,0.018251862325961935,False,2,8,False,False
q3,12.871604045351368,0.017514754144153665,False,2,8,False,False
q3,12.871604045351368,0.017514754144153665,False,2,8,False,False
q3,12.871604045351368,0.017514754144153665,False,2,8,False,False
q3,10.92387852338909,0.018433233113814156,False,2,7,False,False
q3,11.321784945887527,0.01831570236104992,False,2,6,False,False
q3,13.519362667724975,0.017019312111455343,False,2,7,False,False
q3,18.526531458080967,0.016118993000892468,False,2,7,False,False
q3,18.526531458080967,0.016118993000892468,False,2,7,False,False
q3,18.526531458080967,0.016118993000892468,False,2,7,False,False
q3,10.198977827802587,0.023177231587356694,False,2,8,False,False
q3,10.063640073379952,0.02076960073188804,False,2,8,False,False
q3,11.848155693231542,0.017724498656147267,False,2,8,False,False
q3,14.998427845261503,0.016863351580693912,False,2,8,False,False
q3,14.998427845261503,0.016863351580693912,False,2,8,False,False
q3,14.998427845261503,0.016863351580693912,False,2,8,False,False
q3,10.579026290557113,0.018942536948442047,True,2,7,False,False
q3,11.418595638528656,0.017833970576486374,False,2,6,False,False
q3,13.709747681152844,0.017027556895969752,False,2,7,False,False
q3,13.709747681152844,0.017027556895969752,False,2,7,False,False
q3,13.709747681152844,0.017027556895969752,False,2,7,False,False
q3,13.709747681152844,0.017027556895969752,False,2,7,False,False
q3,11.582731120420833,0.028045339676231587,False,2,7,False,False
q3,10.548915314311257,0.022348464440689823,False,2,7,False,False
q3,11.510584905613664,0.02101505454965022,False,2,6,False,False
q3,12.098302443726762,0.016977692771950895,False,2,7,False,False
q3,12.689817545315405,0.02130558363260638,False,2,4,False,False
q3,13.06027762212644,0.019642729745940387,False,2,4,False,False
q3,16.337581577864675,0.017755765421503755,False,2,4,False,False
q3,16.337581577864675,0.017755765421503755,False,2,4,False,False
q3,16.337581577864675,0.017755765421503755,False,2,4,False,False
q3,16.337581577864675,0.017755765421503755,False,2,4,False,False
q3,13.167085817927124,0.028689730688254665,False,2,5,False,False
q3,11.771108762764001,0.02284393852367555,False,2,5,False,False
q3,11.62861433231247,0.019438008804302662,False,2,5,False,False
q3,13.103554074809407,0.017622076711114223,False,2,5,False,False
q3,10.881701912298771,0.025543415822111518,False,2,6,False,False
q3,11.191223949389107,0.020629304430466483,False,2,6,False,False
q3,13.167731329630215,0.01841330458185141,False,2,6,False,False
q3,14.831073613451164,0.023192352238983218,False,2,7,False,False
q3,12.68516502740588,0.022030136146902322,False,2,7,False,False
q3,10.650089334637833,0.020755119535399304,False,2,7,False,False
q3,10.717405112378424,0.020692208848059012,False,2,7,False,False
q3,11.191223949389107,0.020629304430466483,False,2,7,False,False
q3,11.191223949389107,0.020629304430466483,False,2,7,False,False
q3,11.191223949389107,0.020629304430466483,False,2,7,False,False
q3,11.191223949389107,0.020629304430466483,False,2,7,False,False
q3,10.210252388694423,0.020762357850196957,True,2,8,False,False
q3,10.650089334637833,0.020755119535399304,False,2,8,False,False
q3,10.650089334637833,0.020755119535399304,False,2,8,False,False
q3,10.650089334637833,0.020755119535399304,False,2,8,False,False
q3,10.650089334637833,0.020755119535399304,False,2,8,False,False
q3,10.204858558663204,0.025848324663514922,False,1,8,False,False
q3,12.747352083356267,0.05355719493552207,False,1,8,False,False
q3,10.063640073379952,0.02076960073188804,False,2,9,False,False
q3,10.063640073379952,0.02076960073188804,False,2,9,False,False
q3,10.063640073379952,0.02076960073188804,False,2,9,False,False
q3,10.063640073379952,0.02076960073188804,False,2,9,False,False
q3,10.063640073379952,0.02076960073188804,False,2,9,False,False
q3,10.063640073379952,0.02076960073188804,True,2,9,False,False
q3,10.346727963836987,0.020642714226935522,False,2,8,False,False
q3,10.346727963836987,0.020642714226935522,False,2,7,False,False
q3,10.346727963836987,0.020642714226935522,False,2,8,False,False
q3,10.346727963836987,0.020642714226935522,False,2,8,False,False
q3,10.346727963836987,0.020642714226935522,False,2,8,False,False
q3,10.346727963836987,0.020642714226935522,True,2,8,False,False
q3,10.286459183078689,0.02410883017756051,False,2,9,False,False
q3,10.575289898429203,0.02240826567274318,False,2,9,False,False
q3,10.765936103700504,0.020078926109407928,False,2,9,False,False
q3,12.174025503837322,0.021168883233846563,False,2,9,False,False
q3,12.174025503837322,0.021168883233846563,False,2,9,False,False
q3,12.174025503837322,0.021168883233846563,False,2,9,False,False
q3,10.408492306211931,0.02026029689726015,True,2,8,False,False
q3,11.321784945887527,0.01831570236104992,False,2,7,False,False
q3,13.519362667724975,0.017019312111455343,False,2,8,False,False
q3,18.526531458080967,0.016118993000892468,False,2,8,False,False
q3,18.526531458080967,0.016118993000892468,False,2,8,False,False
q3,18.526531458080967,0.016118993000892468,False,2,8,False,False
q3,10.432975836687989,0.019106746845222043,True,2,8,False,False
q3,11.361320847001126,0.017998180902511464,False,2,7,False,False
q3,13.830024214308505,0.01719176808048503,False,2,8,False,False
q3,13.830024214308505,0.01719176808048503,False,2,8,False,False
q3,13.830024214308505,0.01719176808048503,False,2,8,False,False
q3,13.830024214308505,0.01719176808048503,False,2,8,False,False
q3,11.065225057136187,0.02987240345967758,False,2,8,False,False
q3,10.031409251026611,0.024175528224135816,True,2,8,False,False
q3,11.001540189863706,0.022842118333096215,False,2,7,False,False
q3,11.5829162265496,0.018804756555396887,False,2,8,False,False
q3,9.762360256790831,0.02568371212353307,False,2,8,False,False
q3,12.30567617302413,0.018553604970309782,False,2,8,False,False
q3,11.022392389940583,0.023332607261332947,False,2,9,False,False
q3,10.234632510514459,0.022170412013139802,False,2,9,False,False
q3,10.34864466205287,0.020699448269573737,False,2,8,False,False
q3,11.191223949389107,0.020629304430466483,False,2,7,False,False
q3,11.191223949389107,0.020629304430466483,False,2,8,False,False
q3,11.191223949389107,0.020629304430466483,False,2,8,False,False
q3,11.191223949389107,0.020629304430466483,False,2,8,False,False
q3,11.191223949389107,0.020629304430466483,False,2,8,False,False
q3,14.894402349055918,0.020345894751597357,False,1,1,False,False
q3,14.894402349055918,0.020345894751597357,False,1,1,False,False
q3,14.894402349055918,0.020345894751597357,False,1,1,False,False
q3,14.894402349055918,0.020345894751597357,False,1,1,False,False
q3,14.894402349055918,0.020345894751597357,False,1,1,False,False
q3,14.894402349055918,0.020345894751597357,False,1,1,False,False
q3,14.75339228527354,0.02094304327750933,False,1,1,False,False
q3,14.894402349055918,0.020345894751597357,False,1,1,False,False
q3,14.894402349055918,0.020345894751597357,False,1,1,False,False
q3,14.894402349055918,0.020345894751597357,False,1,1,False,False
q3,14.894402349055918,0.020345894751597357,False,1,1,False,False
q3,14.894402349055918,0.020345894751597357,False,1,1,False,False
q3,15.929106284042998,0.025391960954584555,False,1,2,False,False
q3,15.91060430279859,0.02284634540827084,False,1,2,False,False
q3,15.092287612751997,0.019714125986931598,False,1,2,False,False
q3,17.06059376860292,0.01843983619333526,False,1,2,False,False
q3,17.06059376860292,0.01843983619333526,False,1,2,False,False
q3,17.06059376860292,0.01843983619333526,False,1,2,False,False
q3,14.288724618991937,0.02187337645933126,False,1,2,False,False
q3,14.288724618991937,0.02187337645933126,False,1,2,False,False
q3,16.879418550281947,0.020136588551309252,False,1,2,False,False
q3,14.91961982452702,0.023032367286341008,False,1,3,False,False
q3,14.279082956432385,0.022262724593793966,False,1,3,False,False
q3,14.721758182113632,0.021678707559532936,False,1,3,False,False
q3,12.806197514517761,0.026420461846514576,False,1,4,False,False
q3,13.31859261767911,0.023379693721007587,False,1,4,False,False
q3,16.710756696877525,0.021479932783418094,False,1,4,False,False
q3,16.710756696877525,0.021479932783418094,False,1,4,False,False
q3,16.710756696877525,0.021479932783418094,False,1,4,False,False
q3,16.710756696877525,0.021479932783418094,False,1,4,False,False
q3,13.346069377129052,0.03360611734028815,False,1,5,False,False
q3,11.947082155186564,0.027760310305943104,False,1,5,False,False
q3,11.815594144989987,0.024351490474395363,False,1,5,False,False
q3,13.21993404401176,0.022744069579366765,False,1,5,False,False
q3,11.019862890944388,0.030456146849224604,False,1,6,False,False
q3,11.332705138193289,0.025708036093357988,False,1,6,False,False
q3,13.310443881744394,0.02355750968149134,False,1,6,False,False
q3,28.85448619866609,0.041178525191463304,False,1,7,False,False
q3,13.503385826146602,0.032253031845463305,False,1,7,False,False
q3,10.532857623910171,0.03058195665413794,False,1,7,False,False
q3,10.583532445050869,0.03051904671877917,False,1,7,False,False
q3,11.019862890944388,0.030456146849224604,False,1,7,False,False
q3,11.019862890944388,0.030456146849224604,False,1,7,False,False
q3,11.019862890944388,0.030456146849224604,False,1,7,False,False
q3,11.019862890944388,0.030456146849224604,False,1,7,False,False
q3,9.946209807416894,0.030596432310831628,False,1,8,False,False
q3,10.092871761540213,0.03058919083549796,False,1,8,False,False
q3,10.532857623910171,0.03058195665413794,False,1,8,False,False
q3,10.532857623910171,0.03058195665413794,False,1,8,False,False
q3,10.532857623910171,0.03058195665413794,False,1,8,False,False
q3,10.532857623910171,0.03058195665413794,False,1,8,False,False
q3,12.747352083356267,0.05355719493552207,False,1,8,False,False
q3,9.762360256790831,0.02568371212353307,False,2,9,False,False
q3,9.762360256790831,0.02568371212353307,False,2,9,False,False
q3,9.762360256790831,0.02568371212353307,False,2,9,False,False
q3,9.762360256790831,0.02568371212353307,False,2,9,False,False
q3,9.762360256790831,0.02568371212353307,False,2,9,False,False
q3,9.762360256790831,0.02568371212353307,True,2,9,False,False
q3,10.045448012083623,0.025556825618580557,False,2,8,False,False
q3,10.045448012083623,0.025556825618580557,False,2,7,False,False
q3,10.045448012083623,0.025556825618580557,False,2,8,False,False
q3,10.045448012083623,0.025556825618580557,False,2,8,False,False
q3,10.045448012083623,0.025556825618580557,False,2,8,False,False
q3,10.045448012083623,0.025556825618580557,False,2,8,False,False
q3,9.99349952415228,0.029022941569205544,False,2,9,False,False
q3,10.275149356671912,0.027322377064388215,False,2,9,False,False
q3,10.464728236753862,0.024993037501052962,False,2,9,False,False
q3,11.885495383516668,0.026082994625491598,False,2,9,False,False
q3,11.885495383516668,0.026082994625491598,False,2,9,False,False
q3,11.885495383516668,0.026082994625491598,False,2,9,False,False
q3,10.108376201930337,0.025174408288905183,False,2,8,False,False
q3,11.025131432683642,0.023229813752694953,False,2,7,False,False
q3,13.230788533702402,0.021933423503100378,False,2,8,False,False
q3,18.264710157769777,0.0210331043925375,False,2,8,False,False
q3,18.264710157769777,0.0210331043925375,False,2,8,False,False
q3,18.264710157769777,0.0210331043925375,False,2,8,False,False
q3,9.940329076556278,0.028128382680849395,False,2,8,False,False
q3,11.553942030334028,0.0226386100477923,False,2,8,False,False
q3,14.724700872880986,0.021777462972338946,False,2,8,False,False
q3,14.724700872880986,0.021777462972338946,False,2,8,False,False
q3,14.724700872880986,0.021777462972338946,False,2,8,False,False
q3,10.132820333601865,0.024020858236867077,False,2,8,False,False
q3,11.063788742088663,0.0229122922941565,False,2,7,False,False
q3,13.562067541680051,0.022105879472130066,False,2,8,False,False
q3,13.562067541680051,0.022105879472130066,False,2,8,False,False
q3,13.562067541680051,0.022105879472130066,False,2,8,False,False
q3,13.562067541680051,0.022105879472130066,False,2,8,False,False
q3,10.352600597714522,0.033148471772088926,False,2,8,False,False
q3,9.621711458132829,0.027749425290963595,False,2,8,False,False
q3,10.62906416765189,0.02775622929680351,False,2,7,False,False
q3,11.331947360625257,0.02103844219668572,False,2,8,False,False
q3,10.701787498050246,0.022984235642504472,False,2,7,False,False
q3,12.691017084696858,0.022164482325515905,False,2,8,False,False
q3,12.704258611380375,0.03407220582873262,False,2,9,False,False
q3,10.182638537957168,0.02948805250532954,False,2,9,False,False
q3,9.892817886901465,0.027679272624297452,False,2,8,False,False
q3,10.695263224727466,0.027609128172134675,False,2,7,False,False
q3,10.695263224727466,0.027609128172134675,False,2,8,False,False
q3,10.695263224727466,0.027609128172134675,False,2,8,False,False
q3,10.695263224727466,0.027609128172134675,False,2,8,False,False
q3,10.695263224727466,0.027609128172134675,False,2,8,False,False
q3,9.7683237734473,0.02774218240927251,False,2,8,False,False
q3,10.20816071939071,0.027734944094474856,False,2,7,False,False
q3,10.20816071939071,0.027734944094474856,False,2,8,False,False
q3,10.20816071939071,0.027734944094474856,False,2,8,False,False
q3,10.20816071939071,0.027734944094474856,False,2,8,False,False
q3,10.20816071939071,0.027734944094474856,False,2,8,False,False
q3,9.75115576273011,0.032731290545076105,False,1,8,False,False
q3,12.851360990804094,0.08385101720626788,False,1,8,False,False
q3,9.621711458132829,0.027749425290963595,False,2,9,False,False
q3,9.621711458132829,0.027749425290963595,False,2,9,False,False
q3,9.621711458132829,0.027749425290963595,False,2,9,False,False
q3,9.621711458132829,0.027749425290963595,False,2,9,False,False
q3,9.621711458132829,0.027749425290963595,False,2,9,False,False
q3,9.621711458132829,0.027749425290963595,True,2,9,False,False
q3,9.904799348589865,0.027622538786011078,False,2,8,False,False
q3,9.904799348589865,0.027622538786011078,False,2,7,False,False
q3,9.904799348589865,0.027622538786011078,False,2,8,False,False
q3,9.904799348589865,0.027622538786011078,False,2,8,False,False
q3,9.904799348589865,0.027622538786011078,False,2,8,False,False
q3,9.904799348589865,0.027622538786011078,False,2,8,False,False
q3,9.844530567831566,0.031088654736636065,False,2,9,False,False
q3,10.13336128318208,0.029388090231818736,False,2,9,False,False
q3,10.324007488453383,0.027058750668483483,False,2,9,False,False
q3,11.732096888590199,0.02814870779292212,False,2,9,False,False
q3,11.732096888590199,0.02814870779292212,False,2,9,False,False
q3,11.732096888590199,0.02814870779292212,False,2,9,False,False
q3,9.966563690964808,0.027240121456335704,False,2,8,False,False
q3,10.879856330640404,0.025295526920125475,False,2,7,False,False
q3,13.077434052477852,0.0239991366705309,False,2,8,False,False
q3,18.185645983771,0.023126835269897852,False,2,8,False,False
q3,18.185645983771,0.023126835269897852,False,2,8,False,False
q3,18.185645983771,0.023126835269897852,False,2,8,False,False
q3,9.745275031869495,0.03018382517612804,False,2,8,False,False
q3,10.137097675309992,0.025922361507517602,False,2,7,False,False
q3,11.406227077984418,0.02470432321522282,False,2,8,False,False
q3,14.65754237095153,0.023871193849699303,False,2,8,False,False
q3,14.65754237095153,0.023871193849699303,False,2,8,False,False
q3,14.65754237095153,0.023871193849699303,False,2,8,False,False
q3,9.991047221440866,0.026086571404297598,False,2,8,False,False
q3,10.919392231754003,0.024978005461587016,False,2,7,False,False
q3,13.489138739998532,0.02419961034949042,False,2,8,False,False
q3,13.489138739998532,0.02419961034949042,False,2,8,False,False
q3,13.489138739998532,0.02419961034949042,False,2,8,False,False
q3,13.489138739998532,0.02419961034949042,False,2,8,False,False
q4,7.515181433697629,0.005898048995002657,False,1,0,False,True
q4,5.806223815591776,0.006433249573559215,False,0,0,False,False
q4,8.133124483480117,0.007068148554869353,False,1,1,False,False
q4,7.482332423213938,0.0061095878210417846,False,1,1,False,False
q4,7.7877969930679,0.0056865101689635295,False,1,1,False,False
q4,7.7877969930679,0.0056865101689635295,False,1,1,False,False
q4,7.7877969930679,0.0056865101689635295,False,1,1,False,False
q4,7.7877969930679,0.0056865101689635295,False,1,1,False,False
q4,6.959107456591886,0.005794880917587514,False,1,2,False,False
q4,7.220818204097945,0.005722633687003382,True,1,2,False,False
q4,7.7877969930679,0.0056865101689635295,False,1,2,False,False
q4,7.7877969930679,0.0056865101689635295,False,1,2,False,False
q4,7.7877969930679,0.0056865101689635295,False,1,2,False,False
q4,7.7877969930679,0.0056865101689635295,False,1,2,False,False
q4,7.7196897970001235,0.008237533183568778,False,1,2,False,False
q4,6.505320767643786,0.00700100651751119,False,1,2,False,False
q4,9.157307482451616,0.0052483474645058665,False,1,2,False,False
q4,8.79476917920758,0.005318574982817238,False,1,3,False,False
q4,9.157307482451616,0.0052483474645058665,False,1,3,False,False
q4,9.157307482451616,0.0052483474645058665,False,1,3,False,False
q4,9.157307482451616,0.0052483474645058665,False,1,3,False,False
q4,9.157307482451616,0.0052483474645058665,False,1,3,False,False
q4,9.157307482451616,0.0052483474645058665,False,1,3,False,False
q4,9.157307482451616,0.0052483474645058665,False,1,3,False,False
q4,9.157307482451616,0.0052483474645058665,False,1,3,False,False
q4,9.157307482451616,0.0052483474645058665,False,1,3,False,False
q4,9.157307482451616,0.0052483474645058665,False,1,3,False,False
q4,9.157307482451616,0.0052483474645058665,False,1,3,False,False
q4,9.157307482451616,0.0052483474645058665,False,1,3,False,False
q4,9.157307482451616,0.0052483474645058665,False,1,3,False,False
q4,9.157307482451616,0.0052483474645058665,False,1,3,False,False
q4,9.157307482451616,0.0052483474645058665,False,1,3,False,False
q4,9.157307482451616,0.0052483474645058665,False,1,3,False,False
q4,9.157307482451616,0.0052483474645058665,False,1,3,False,False
q4,9.157307482451616,0.0052483474645058665,False,1,3,False,False
q4,9.157307482451616,0.0052483474645058665,False,1,3,False,False
q4,9.157307482451616,0.0052483474645058665,False,1,3,False,False
q4,9.157307482451616,0.0052483474645058665,False,1,3,False,False
q4,9.157307482451616,0.0052483474645058665,False,1,3,False,False
q4,9.157307482451616,0.0052483474645058665,False,1,3,False,False
q4,9.157307482451616,0.0052483474645058665,False,1,3,False,False
q4,6.1606909102017795,0.005891214539547076,False,0,2,False,False
q4,9.502634972863833,0.006629985850411691,False,1,2,False,False
q4,8.851842912597654,0.005671425116584122,False,1,2,False,False
q4,8.884691923081343,0.005459886290544994,False,1,1,False,False
q4,9.157307482451616,0.0052483474645058665,False,1,2,False,False
q4,9.157307482451616,0.0052483474645058665,False,1,2,False,False
q4,9.157307482451616,0.0052483474645058665,False,1,2,False,False
q4,8.328617945975601,0.005356718213129852,False,1,3,False,False
q4,8.590328693481661,0.005284470982545719,False,1,3,False,False
q4,9.157307482451616,0.0052483474645058665,False,1,3,False,False
q4,9.157307482451616,0.0052483474645058665,False,1,3,False,False
q4,9.157307482451616,0.0052483474645058665,False,1,3,False,False
q4,9.157307482451616,0.0052483474645058665,False,1,3,False,False
q4,7.15271100803017,0.00827365670160863,False,1,3,False,False
q4,5.938341978673831,0.007037130035551042,False,1,3,False,False
q4,8.227790390237626,0.005354698500857091,False,1,4,False,False
q4,8.590328693481661,0.005284470982545719,False,1,4,False,False
q4,8.590328693481661,0.005284470982545719,False,1,4,False,False
q4,8.590328693481661,0.005284470982545719,False,1,4,False,False
q4,8.590328693481661,0.005284470982545719,False,1,4,False,False
q4,8.590328693481661,0.005284470982545719,False,1,4,False,False
q4,8.444532362199904,0.005326517905970054,False,1,4,False,False
q4,8.444532362199904,0.005326517905970054,False,1,4,False,False
q4,8.590328693481661,0.005284470982545719,False,1,4,False,False
q4,8.590328693481661,0.005284470982545719,False,1,4,False,False
q4,8.590328693481661,0.005284470982545719,False,1,4,False,False
q4,8.590328693481661,0.005284470982545719,False,1,4,False,False
q4,8.590328693481661,0.005284470982545719,False,1,4,False,False
q4,8.590328693481661,0.005284470982545719,False,1,4,False,False
q4,8.590328693481661,0.005284470982545719,False,1,4,False,False
q4,8.590328693481661,0.005284470982545719,False,1,4,False,False
q4,8.590328693481661,0.005284470982545719,False,1,4,False,False
q4,8.590328693481661,0.005284470982545719,False,1,4,False,False
q4,8.590328693481661,0.005284470982545719,False,1,4,False,False
q4,8.590328693481661,0.005284470982545719,False,1,4,False,False
q4,8.590328693481661,0.005284470982545719,False,1,4,False,False
q4,8.590328693481661,0.005284470982545719,False,1,4,False,False
q4,8.590328693481661,0.005284470982545719,False,1,4,False,False
q4,8.590328693481661,0.005284470982545719,False,1,4,False,False
q4,5.860210037920616,0.006387561953399023,False,0,3,False,False
q4,8.631036260035277,0.00666610930052361,False,1,3,False,False
q4,8.197829859668099,0.005707548615215993,False,1,3,False,False
q4,8.274196002131589,0.005496009798880856,False,1,2,False,False
q4,8.590328693481661,0.005284470982545719,False,1,3,False,False
q4,8.590328693481661,0.005284470982545719,False,1,3,False,False
q4,8.590328693481661,0.005284470982545719,False,1,3,False,False
q4,8.269112641245624,0.005562299065865323,False,1,5,False,False
q4,8.08199405895587,0.005397190631126011,False,1,5,False,False
q4,8.227790390237626,0.005354698500857091,False,1,5,False,False
q4,8.227790390237626,0.005354698500857091,False,1,5,False,False
q4,8.227790390237626,0.005354698500857091,False,1,5,False,False
q4,8.227790390237626,0.005354698500857091,False,1,5,False,False
q4,8.227790390237626,0.005354698500857091,False,1,5,False,False
q4,8.227790390237626,0.005354698500857091,False,1,5,False,False
q4,8.227790390237626,0.005354698500857091,False,1,5,False,False
q4,8.227790390237626,0.005354698500857091,False,1,5,False,False
q4,8.227790390237626,0.005354698500857091,False,1,5,False,False
q4,8.227790390237626,0.005354698500857091,False,1,5,False,False
q4,8.227790390237626,0.005354698500857091,False,1,5,False,False
q4,8.227790390237626,0.005354698500857091,False,1,5,False,False
q4,8.227790390237626,0.005354698500857091,False,1,5,False,False
q4,8.227790390237626,0.005354698500857091,False,1,5,False,False
q4,8.227790390237626,0.005354698500857091,False,1,5,False,False
q4,8.227790390237626,0.005354698500857091,False,1,5,False,False
q4,5.860210037920616,0.006387561953399023,False,0,4,False,False
q4,8.268497956791242,0.006736336818834983,False,1,4,False,False
q4,7.835291556424064,0.0057777761335273655,False,1,4,False,False
q4,7.911657698887554,0.005566237317192228,False,1,3,False,False
q4,8.227790390237626,0.005354698500857091,False,1,4,False,False
q4,8.227790390237626,0.005354698500857091,False,1,4,False,False
q4,8.227790390237626,0.005354698500857091,False,1,4,False,False
q4,7.966079642731566,0.005426945731441223,False,1,4,False,False
q4,8.79476917920758,0.005318574982817238,False,1,4,False,False
q4,8.79476917920758,0.005318574982817238,False,1,4,False,False
q4,8.79476917920758,0.005318574982817238,False,1,4,False,False
q4,8.79476917920758,0.005318574982817238,False,1,4,False,False
q4,6.413024227627867,0.008343883045396924,False,1,4,False,False
q4,5.4597579901503295,0.007107357192470698,False,1,4,False,False
q4,6.8292684795340435,0.005792861114966825,True,1,3,False,False
q4,6.424202186961813,0.00760306425603845,False,0,1,False,False
q4,5.7733546131595945,0.006644731424199416,False,0,1,False,False
q4,6.078899950807519,0.006221767722919015,False,0,1,False,False
q4,6.078899950807519,0.006221767722919015,False,0,1,False,False
q4,6.078899950807519,0.006221767722919015,False,0,1,False,False
q4,6.078899950807519,0.006221767722919015,False,0,1,False,False
q4,5.628178642385774,0.007710810060395738,False,0,2,False,False
q4,5.778419078526356,0.006718115136770962,False,0,2,False,False
q4,6.078899950807519,0.006221767722919015,False,0,2,False,False
q4,6.078899950807519,0.006221767722919015,False,0,2,False,False
q4,6.078899950807519,0.006221767722919015,False,0,2,False,False
q4,6.078899950807519,0.006221767722919015,False,0,2,False,False
q4,7.341323317603733,0.01057700291724475,False,0,2,False,False
q4,6.119561902245102,0.00796963110005145,False,0,2,False,False
q4,6.1606909102017795,0.005891214539547076,False,0,3,False,False
q4,6.1606909102017795,0.005891214539547076,False,0,3,False,False
q4,7.862177999832476,0.005135018544543882,False,0,3,False,False
q4,7.862177999832476,0.005135018544543882,False,0,4,False,False
q4,7.862177999832476,0.005135018544543882,False,0,4,False,False
q4,7.862177999832476,0.005135018544543882,False,0,4,False,False
q4,7.862177999832476,0.005135018544543882,False,0,4,False,False
q4,7.862177999832476,0.005135018544543882,False,0,4,False,False
q4,7.862177999832476,0.005135018544543882,False,0,4,False,False
q4,7.862177999832476,0.005135018544543882,False,0,4,False,False
q4,7.862177999832476,0.005135018544543882,False,0,4,False,False
q4,7.862177999832476,0.005135018544543882,False,0,4,False,False
q4,7.862177999832476,0.005135018544543882,False,0,4,False,False
q4,7.862177999832476,0.005135018544543882,False,0,4,False,False
q4,7.862177999832476,0.005135018544543882,False,0,4,False,False
q4,7.862177999832476,0.005135018544543882,False,0,4,False,False
q4,7.862177999832476,0.005135018544543882,False,0,4,False,False
q4,7.862177999832476,0.005135018544543882,False,0,4,False,False
q4,8.20748023598677,0.006516315077663318,False,0,3,False,False
q4,7.556632662184552,0.005557982245824283,True,0,3,False,False
q4,7.589501864616733,0.005346500395184083,True,0,2,False,False
q4,7.862177999832476,0.005135018544543882,False,0,3,False,False
q4,7.862177999832476,0.005135018544543882,False,0,3,False,False
q4,7.862177999832476,0.005135018544543882,False,0,3,False,False
q4,7.411456691410732,0.006624060882020605,False,0,4,False,False
q4,7.561697127551313,0.005631365958395828,False,0,4,False,False
q4,7.862177999832476,0.005135018544543882,False,0,4,False,False
q4,7.862177999832476,0.005135018544543882,False,0,4,False,False
q4,7.862177999832476,0.005135018544543882,False,0,4,False,False
q4,7.862177999832476,0.005135018544543882,True,0,4,False,False
q4,9.033197233898864,0.010316276331414086,False,0,3,False,False
q4,7.712817547572715,0.007654555299022402,False,0,3,False,False
q4,7.946458338192425,0.005717642050424515,False,0,2,False,False
q4,6.1606909102017795,0.005891214539547076,False,0,3,False,False
q4,6.1606909102017795,0.005891214539547076,False,0,3,False,False
q4,6.841196734196301,0.005737422621408519,True,0,3,False,False
q4,6.1606909102017795,0.005891214539547076,False,0,3,False,False
q4,6.1606909102017795,0.005891214539547076,False,0,3,False,False
q4,6.1606909102017795,0.005891214539547076,False,0,3,False,False
q4,6.1606909102017795,0.005891214539547076,False,0,3,False,False
q4,6.1606909102017795,0.005891214539547076,False,0,3,False,False
q4,6.1606909102017795,0.005891214539547076,False,0,3,False,False
q4,6.1606909102017795,0.005891214539547076,False,0,3,False,False
q4,6.1606909102017795,0.005891214539547076,False,0,3,False,False
q4,6.1606909102017795,0.005891214539547076,False,0,3,False,False
q4,6.1606909102017795,0.005891214539547076,False,0,3,False,False
q4,6.1606909102017795,0.005891214539547076,False,0,3,False,False
q4,6.1606909102017795,0.005891214539547076,False,0,3,False,False
q4,6.505993146356074,0.007272511072666512,False,0,2,False,False
q4,5.855145572553855,0.006314178240827478,False,0,2,False,False
q4,5.888014774986036,0.006102696390187278,False,0,1,False,False
q4,6.1606909102017795,0.005891214539547076,False,0,2,False,False
q4,6.1606909102017795,0.005891214539547076,False,0,2,False,False
q4,6.1606909102017795,0.005891214539547076,False,0,2,False,False
q4,5.709969601780035,0.0073802568770238,False,0,3,False,False
q4,6.1606909102017795,0.005891214539547076,False,0,3,False,False
q4,6.1606909102017795,0.005891214539547076,False,0,3,False,False
q4,6.1606909102017795,0.005891214539547076,False,0,3,False,False
q4,6.1606909102017795,0.005891214539547076,True,0,3,False,False
q4,5.34755980991049,0.007425944431217844,False,0,1,False,False
q4,5.4622258113308115,0.006929596977903586,False,0,1,False,False
q4,5.806223815591776,0.006433249573559215,False,0,1,False,False
q4,5.806223815591776,0.006433249573559215,False,0,1,False,False
q4,5.806223815591776,0.006433249573559215,False,0,1,False,False
q4,5.806223815591776,0.006433249573559215,True,0,1,False,False
q4,7.068644353456456,0.010788572265118581,False,0,1,False,False
q4,5.846885767029358,0.00818111295069165,False,0,1,False,False
q4,5.888014774986036,0.006102696390187278,False,0,2,False,False
q4,5.888014774986036,0.006102696390187278,False,0,2,False,False
q4,5.888014774986036,0.006102696390187278,False,0,2,False,False
q4,5.888014774986036,0.006102696390187278,False,0,2,False,False
q4,6.568520598980557,0.00594890447204872,False,0,2,False,False
q4,5.888014774986036,0.006102696390187278,False,0,2,False,False
q4,5.888014774986036,0.006102696390187278,False,0,2,False,False
q4,5.888014774986036,0.006102696390187278,False,0,2,False,False
q4,5.888014774986036,0.006102696390187278,False,0,2,False,False
q4,5.888014774986036,0.006102696390187278,False,0,2,False,False
q4,5.888014774986036,0.006102696390187278,False,0,2,False,False
q4,5.888014774986036,0.006102696390187278,False,0,2,False,False
q4,5.888014774986036,0.006102696390187278,False,0,2,False,False
q4,5.888014774986036,0.006102696390187278,False,0,2,False,False
q4,5.888014774986036,0.006102696390187278,False,0,2,False,False
q4,5.888014774986036,0.006102696390187278,False,0,2,False,False
q4,5.888014774986036,0.006102696390187278,False,0,2,False,False
q4,5.429350769304751,0.0070953912478459065,False,0,2,False,False
q4,5.544016770725072,0.006599043794531648,False,0,2,False,False
q4,5.888014774986036,0.006102696390187278,False,0,2,False,False
q4,5.888014774986036,0.006102696390187278,False,0,2,False,False
q4,5.888014774986036,0.006102696390187278,False,0,2,False,False
q4,5.888014774986036,0.006102696390187278,True,0,2,False,False
q4,6.725677524387057,0.011276332271496438,False,0,2,False,False
q4,5.502887762768394,0.00867746035503602,False,0,2,False,False
q4,5.544016770725072,0.006599043794531648,False,0,3,False,False
q4,5.544016770725072,0.006599043794531648,False,0,3,False,False
q4,7.245503860355769,0.005842847799528453,False,0,3,False,False
q4,5.445508745200502,0.006842556938625405,False,0,3,False,False
q4,5.445508745200502,0.006842556938625405,False,0,3,False,False
q4,6.224522594719593,0.00644525187639309,False,0,3,False,False
q4,5.544016770725072,0.006599043794531648,False,0,3,False,False
q4,5.544016770725072,0.006599043794531648,False,0,3,False,False
q4,5.544016770725072,0.006599043794531648,False,0,3,False,False
q4,5.544016770725072,0.006599043794531648,False,0,3,False,False
q4,5.544016770725072,0.006599043794531648,False,0,3,False,False
q4,5.544016770725072,0.006599043794531648,False,0,3,False,False
q4,5.544016770725072,0.006599043794531648,False,0,3,False,False
q4,5.544016770725072,0.006599043794531648,False,0,3,False,False
q4,5.544016770725072,0.006599043794531648,False,0,3,False,False
q4,5.544016770725072,0.006599043794531648,False,0,3,False,False
q4,5.544016770725072,0.006599043794531648,False,0,3,False,False
q4,5.544016770725072,0.006599043794531648,True,0,3,True,False
q4,5.900892350216308,0.007768858419965425,False,0,3,False,False
q4,5.467630436313092,0.0068105256356642725,True,0,3,False,False
q4,5.860210037920616,0.006387561953399023,False,0,3,False,False
q4,5.860210037920616,0.006387561953399023,False,0,3,False,False
q4,5.860210037920616,0.006387561953399023,False,0,3,False,False
q4,5.445508745200502,0.006842556938625405,False,0,4,False,False
q4,5.445508745200502,0.006842556938625405,False,0,4,False,False
q4,5.445508745200502,0.006842556938625405,False,0,4,False,False
q4,5.445508745200502,0.006842556938625405,False,0,4,False,False
q4,5.445508745200502,0.006842556938625405,False,0,4,False,False
q4,5.445508745200502,0.006842556938625405,False,0,4,False,False
q4,5.445508745200502,0.006842556938625405,False,0,4,False,False
q4,5.445508745200502,0.006842556938625405,False,0,4,False,False
q4,5.445508745200502,0.006842556938625405,False,0,4,False,False
q4,5.445508745200502,0.006842556938625405,False,0,4,False,False
q4,5.445508745200502,0.006842556938625405,False,0,4,False,False
q4,5.445508745200502,0.006842556938625405,True,0,4,False,False
q4,8.128399670849833,0.005538087244034678,False,1,3,False,False
q4,5.802384324691739,0.008012371564059182,False,0,4,False,False
q4,5.369122410788522,0.00705403877975803,False,0,4,False,False
q4,5.7617020123960465,0.0066310750974927805,False,0,4,False,False
q4,5.7617020123960465,0.0066310750974927805,False,0,4,False,False
q4,5.7617020123960465,0.0066310750974927805,False,0,4,False,False
q4,5.7617020123960465,0.0066310750974927805,False,0,4,False,False
q4,5.288812924881204,0.0077939007700388715,False,0,4,False,False
q4,5.855145572553855,0.006314178240827478,False,0,3,False,False
q4,5.855145572553855,0.006314178240827478,False,0,4,False,False
q4,5.855145572553855,0.006314178240827478,False,0,4,False,False
q4,5.855145572553855,0.006314178240827478,False,0,4,False,False
q4,5.855145572553855,0.006314178240827478,True,0,4,False,False
q4,6.305553519023314,0.011616447377699181,False,0,4,False,False
q4,5.115626970463712,0.00902992108545198,False,0,4,False,False
q4,5.176133799106996,0.007320508257840632,True,0,3,False,False
q4,4.787047782990626,0.008382180023096278,False,0,4,False,False
q4,4.787047782990626,0.008382180023096278,False,0,4,False,False
q4,6.592088332536914,0.006713846064233731,False,0,4,False,False
q4,9.18055204904258,0.006486360668074713,False,0,4,False,False
q4,4.787047782990626,0.008382180023096278,False,0,4,False,False
q4,4.966159226421249,0.007843887443768988,False,0,3,False,False
q4,5.683219885995559,0.007741362290427322,False,0,4,False,False
q4,4.787047782990626,0.008382180023096278,False,0,5,False,False
q4,4.787047782990626,0.008382180023096278,False,0,5,False,False
q4,4.787047782990626,0.008382180023096278,False,0,5,False,False
q4,4.787047782990626,0.008382180023096278,False,0,5,False,False
q4,4.787047782990626,0.008382180023096278,False,0,5,False,False
q4,4.787047782990626,0.008382180023096278,False,0,5,False,False
q4,4.787047782990626,0.008382180023096278,False,0,5,False,False
q4,4.787047782990626,0.008382180023096278,False,0,5,False,False
q4,4.787047782990626,0.008382180023096278,False,0,5,False,False
q4,4.787047782990626,0.008382180023096278,False,0,5,False,False
q4,4.787047782990626,0.008382180023096278,False,0,5,False,False
q4,4.787047782990626,0.008382180023096278,False,0,5,False,False
q4,6.477986857421439,0.006423629953444818,False,1,4,False,False
q4,5.220309696893843,0.009340512807397432,False,0,4,False,False
q4,4.8634341174026074,0.008170698181963653,False,0,3,False,False
q4,5.1796273845981515,0.007959216340831028,False,0,4,False,False
q4,5.1796273845981515,0.007959216340831028,False,0,4,False,False
q4,5.1796273845981515,0.007959216340831028,False,0,4,False,False
q4,5.1796273845981515,0.007959216340831028,False,0,4,False,False
q4,5.008670513512772,0.00919060559866477,False,0,4,False,False
q4,5.143968684850178,0.007526969487736614,False,0,3,False,False
q4,5.143968684850178,0.007526969487736614,False,0,4,False,False
q4,5.143968684850178,0.007526969487736614,False,0,4,False,False
q4,5.143968684850178,0.007526969487736614,False,0,4,False,False
q4,5.143968684850178,0.007526969487736614,False,0,4,False,False
q4,5.364229587614652,0.01593189487007584,False,0,5,False,False
q4,4.566191246160926,0.012302078407135125,False,0,5,False,False
q4,5.369122410788522,0.00705403877975803,True,0,5,False,False
q4,5.256667764838576,0.007637426269181276,False,0,2,False,False
q4,5.3858394769188305,0.007141078819036211,False,0,2,False,False
q4,5.7733546131595945,0.006644731424199416,False,0,2,False,False
q4,5.7733546131595945,0.006644731424199416,False,0,2,False,False
q4,5.7733546131595945,0.006644731424199416,False,0,2,False,False
q4,5.7733546131595945,0.006644731424199416,False,0,2,False,False
q4,6.522775073280373,0.011983993330180655,False,0,3,False,False
q4,5.297329716276159,0.00938528964631371,False,0,3,False,False
q4,5.3384587242328365,0.007306873085809339,True,0,3,False,False
q4,4.836987514340994,0.008340234893914052,False,0,3,False,False
q4,4.836987514340994,0.008340234893914052,False,0,3,False,False
q4,7.124226152223482,0.007133300596686777,False,0,3,False,False
q4,4.657876070910372,0.008878527473241344,False,0,4,False,False
q4,5.556644124585753,0.008237709740572387,False,0,4,False,False
q4,4.657876070910372,0.008878527473241344,False,0,5,False,False
q4,4.657876070910372,0.008878527473241344,False,0,5,False,False
q4,4.657876070910372,0.008878527473241344,False,0,5,False,False
q4,4.657876070910372,0.008878527473241344,False,0,5,False,False
q4,4.657876070910372,0.008878527473241344,False,0,5,False,False
q4,4.657876070910372,0.008878527473241344,False,0,5,False,False
q4,4.657876070910372,0.008878527473241344,False,0,5,False,False
q4,4.657876070910372,0.008878527473241344,False,0,5,False,False
q4,4.657876070910372,0.008878527473241344,False,0,5,False,False
q4,4.657876070910372,0.008878527473241344,False,0,5,False,False
q4,4.657876070910372,0.008878527473241344,False,0,5,False,False
q4,4.657876070910372,0.008878527473241344,True,0,5,False,False
q4,6.082648362119505,0.006294554475922958,False,1,4,False,False
q4,5.018609431513922,0.009836860241696537,False,0,4,False,False
q4,4.748768115982286,0.008667045635277912,False,0,3,False,False
q4,5.02938694845757,0.008951911264455806,False,0,4,False,False
q4,5.02938694845757,0.008951911264455806,False,0,4,False,False
q4,5.02938694845757,0.008951911264455806,False,0,4,False,False
q4,5.02938694845757,0.008951911264455806,False,0,4,False,False
q4,5.143968684850178,0.007526969487736614,False,0,3,False,False
q4,5.143968684850178,0.007526969487736614,False,0,4,False,False
q4,5.143968684850178,0.007526969487736614,False,0,4,False,False
q4,5.143968684850178,0.007526969487736614,False,0,4,False,False
q4,5.143968684850178,0.007526969487736614,True,0,4,False,False
q4,4.666538944285489,0.015483056193886627,False,0,5,False,False
q4,4.012029742698938,0.01222106015378565,False,0,5,False,False
q4,5.239950698708268,0.007550386229903097,False,0,5,False,False
q4,4.2532751189414455,0.010815439864584879,True,0,5,False,False
q4,4.986455258383458,0.009526268535597047,False,0,4,False,False
q4,6.229275829836949,0.009147106762976686,False,0,5,False,False
q4,9.037921190285394,0.00891962245786866,False,0,5,False,False
q4,4.838411782160043,0.013329003265822025,False,0,5,False,False
q4,4.2653167101669665,0.011657135338808714,False,0,4,False,False
q4,4.922777488336559,0.011580242421116693,False,0,5,False,False
q4,4.012029742698938,0.01222106015378565,False,0,6,False,False
q4,4.012029742698938,0.01222106015378565,False,0,6,False,False
q4,4.012029742698938,0.01222106015378565,False,0,6,False,False
q4,4.012029742698938,0.01222106015378565,False,0,6,False,False
q4,4.012029742698938,0.01222106015378565,False,0,6,False,False
q4,4.012029742698938,0.01222106015378565,False,0,6,False,False
q4,4.012029742698938,0.01222106015378565,False,0,6,False,False
q4,4.012029742698938,0.01222106015378565,False,0,6,False,False
q4,4.012029742698938,0.01222106015378565,False,0,6,False,False
q4,4.012029742698938,0.01222106015378565,False,0,6,False,False
q4,4.012029742698938,0.01222106015378565,False,0,6,False,False
q4,4.012029742698938,0.01222106015378565,True,0,6,False,False
q4,4.713137872735791,0.00760905055342683,True,1,5,False,False
q4,4.372707114517753,0.013179392922240843,False,0,5,False,False
q4,4.102901422960068,0.012009578315822216,True,0,4,False,False
q4,4.383902625050048,0.012294443945000112,False,0,5,False,False
q4,4.383902625050048,0.012294443945000112,False,0,5,False,False
q4,4.383902625050048,0.012294443945000112,False,0,5,False,False
q4,4.383902625050048,0.012294443945000112,False,0,5,False,False
q4,4.140314526685089,0.011724712703640583,True,0,5,False,False
q4,4.506214858357569,0.010869502168280918,False,0,4,False,False
q4,4.506214858357569,0.010869502168280918,False,0,5,False,False
q4,4.506214858357569,0.010869502168280918,False,0,5,False,False
q4,4.506214858357569,0.010869502168280918,False,0,5,False,False
q4,4.506214858357569,0.010869502168280918,False,0,5,False,False
q5,23.829250574608988,0.06460996772323888,False,2,0,False,True
q5,23.773818899876158,0.06460791999712806,False,1,0,False,False
q5,36.217399508661664,0.13235028272889418,False,0,0,False,False
q5,23.773818899876158,0.06460791999712806,False,1,1,False,False
q5,23.773818899876158,0.06460791999712806,False,1,1,False,False
q5,23.773818899876158,0.06460791999712806,False,1,1,False,False
q5,23.773818899876158,0.06460791999712806,False,1,1,False,False
q5,23.773818899876158,0.06460791999712806,False,1,1,False,False
q5,23.773818899876158,0.06460791999712806,False,1,1,False,False
q5,23.773818899876158,0.06460791999712806,False,1,1,False,False
q5,23.773818899876158,0.06460791999712806,False,1,1,False,False
q5,23.773818899876158,0.06460791999712806,False,1,1,False,False
q5,23.773818899876158,0.06460791999712806,False,1,1,False,False
q5,23.773818899876158,0.06460791999712806,False,1,1,False,False
q5,23.773818899876158,0.06460791999712806,False,1,1,False,False
q5,23.773818899876158,0.06460791999712806,False,1,1,False,False
q5,23.773818899876158,0.06460791999712806,False,1,1,False,False
q5,23.773818899876158,0.06460791999712806,False,1,1,False,False
q5,23.773818899876158,0.06460791999712806,False,1,1,False,False
q5,23.773818899876158,0.06460791999712806,False,1,1,False,False
q5,23.773818899876158,0.06460791999712806,False,1,1,False,False
q5,23.773818899876158,0.06460791999712806,False,1,1,False,False
q5,23.773818899876158,0.06460791999712806,False,1,1,False,False
q5,23.773818899876158,0.06460791999712806,False,1,1,False,False
q5,23.773818899876158,0.06460791999712806,False,1,1,False,False
q5,23.773818899876158,0.06460791999712806,False,1,1,False,False
q5,23.773818899876158,0.06460791999712806,False,1,1,False,False
q5,23.773818899876158,0.06460791999712806,False,1,1,False,False
q5,23.773818899876158,0.06460791999712806,False,1,1,False,False
q5,23.773818899876158,0.06460791999712806,False,1,1,False,False
q5,23.773818899876158,0.06460791999712806,False,1,1,False,False
q5,23.773818899876158,0.06460791999712806,False,1,1,False,False
q5,23.773818899876158,0.06460791999712806,False,1,1,False,False
q5,23.773818899876158,0.06460791999712806,False,1,1,False,False
q5,23.773818899876158,0.06460791999712806,False,1,1,False,False
q5,23.773818899876158,0.06460791999712806,False,1,1,False,False
q5,23.773818899876158,0.06460791999712806,False,1,1,False,False
q5,23.773818899876158,0.06460791999712806,False,1,1,False,False
q5,23.773818899876158,0.06460791999712806,False,1,1,False,False
q5,23.773818899876158,0.06460791999712806,False,1,1,False,False
q5,23.773818899876158,0.06460791999712806,False,1,1,False,False
q5,23.773818899876158,0.06460791999712806,False,1,1,False,False
q5,23.773818899876158,0.06460791999712806,False,1,1,False,False
q5,23.773818899876158,0.06460791999712806,False,1,1,False,False
q5,23.773818899876158,0.06460791999712806,False,1,1,False,False
q5,23.773818899876158,0.06460791999712806,False,1,1,False,False
q5,23.773818899876158,0.06460791999712806,False,1,1,False,False
q5,23.773818899876158,0.06460791999712806,False,1,1,False,False
q5,23.773818899876158,0.06460791999712806,False,1,1,False,False
q5,23.773818899876158,0.06460791999712806,False,1,1,False,False
q5,23.773818899876158,0.06460791999712806,False,1,1,False,False
q5,23.773818899876158,0.06460791999712806,False,1,1,False,False
q5,23.773818899876158,0.06460791999712806,False,1,1,False,False
q5,23.773818899876158,0.06460791999712806,False,1,1,False,False
q5,23.773818899876158,0.06460791999712806,False,1,1,False,False
q5,23.773818899876158,0.06460791999712806,False,1,1,False,False
q5,23.773818899876158,0.06460791999712806,False,1,1,False,False
q5,23.600777570694436,0.06474383843799222,False,1,1,False,False
q5,23.773818899876158,0.06460791999712806,False,1,1,False,False
q5,23.773818899876158,0.06460791999712806,False,1,1,False,False
q5,23.773818899876158,0.06460791999712806,False,1,1,False,False
q5,23.773818899876158,0.06460791999712806,False,1,1,False,False
q5,23.773818899876158,0.06460791999712806,False,1,1,False,False
q5,24.34692969808035,0.06711004668508447,False,1,1,False,False
q5,23.634955347214703,0.06595282361168274,False,1,1,False,False
q5,23.9869218817617,0.06427169413505514,True,1,1,False,False
q5,24.699508726063723,0.06393546838936631,False,1,1,False,False
q5,24.699508726063723,0.06393546838936631,False,1,1,False,False
q5,24.699508726063723,0.06393546838936631,False,1,1,False,False
q5,24.272757345543102,0.06411490047727654,False,1,2,False,False
q5,24.272757345543102,0.06411490047727654,False,1,2,False,False
q5,25.576421745617345,0.06383166350066825,False,1,2,False,False
q5,26.704792584472447,0.06377979481466337,False,1,2,False,False
q5,30.678409439714283,0.08261585771876702,False,1,3,False,False
q5,30.945657831615062,0.08196258597273831,False,1,3,False,False
q5,32.50513535596049,0.05292698702733613,False,1,3,False,False
q5,32.50513535596049,0.05292698702733613,False,1,4,False,False
q5,32.50513535596049,0.05292698702733613,False,1,4,False,False
q5,32.50513535596049,0.05292698702733613,False,1,4,False,False
q5,32.50513535596049,0.05292698702733613,False,1,4,False,False
q5,32.50513535596049,0.05292698702733613,False,1,4,False,False
q5,32.50513535596049,0.05292698702733613,False,1,4,False,False
q5,32.50513535596049,0.05292698702733613,False,1,4,False,False
q5,32.27219863210735,0.059866212105765454,False,1,4,False,False
q5,32.50513535596049,0.05292698702733613,False,1,4,False,False
q5,32.50513535596049,0.05292698702733613,False,1,4,False,False
q5,32.50513535596049,0.05292698702733613,False,1,4,False,False
q5,32.50513535596049,0.05292698702733613,False,1,4,False,False
q5,32.50513535596049,0.05292698702733613,False,1,4,False,False
q5,32.50513535596049,0.05292698702733613,False,1,4,False,False
q5,32.50513535596049,0.05292698702733613,False,1,4,False,False
q5,32.50513535596049,0.05292698702733613,True,1,4,False,False
q5,31.53743364048276,0.05370790188666526,False,1,4,False,False
q5,31.77305571367843,0.053144503762274156,False,1,4,False,False
q5,34.119089293585006,0.05282083067696855,True,1,4,False,False
q5,37.37708203799002,0.052768064452427654,False,1,4,False,False
q5,37.37708203799002,0.052768064452427654,False,1,4,False,False
q5,37.37708203799002,0.052768064452427654,False,1,4,False,False
q5,37.37708203799002,0.052768064452427654,False,1,5,False,False
q5,37.37708203799002,0.052768064452427654,False,1,5,False,False
q5,37.37708203799002,0.052768064452427654,False,1,5,False,False
q5,37.37708203799002,0.052768064452427654,False,1,5,False,False
q5,37.37708203799002,0.052768064452427654,False,1,5,False,False
q5,37.37708203799002,0.052768064452427654,False,1,5,False,False
q5,37.37708203799002,0.052768064452427654,False,1,5,False,False
q5,37.37708203799002,0.052768064452427654,False,1,5,False,False
q5,37.37708203799002,0.052768064452427654,False,1,5,False,False
q5,37.37708203799002,0.052768064452427654,False,1,5,False,False
q5,37.37708203799002,0.052768064452427654,False,1,5,False,False
q5,37.37708203799002,0.052768064452427654,False,1,5,False,False
q5,37.37708203799002,0.052768064452427654,False,1,5,False,False
q5,37.37708203799002,0.052768064452427654,False,1,5,False,False
q5,37.37708203799002,0.052768064452427654,False,1,5,False,False
q5,37.37708203799002,0.052768064452427654,False,1,5,False,False
q5,37.37708203799002,0.052768064452427654,False,1,5,False,False
q5,37.37708203799002,0.052768064452427654,False,1,5,False,False
q5,37.37708203799002,0.052768064452427654,False,1,5,False,False
q5,37.37708203799002,0.052768064452427654,False,1,5,False,False
q5,37.37708203799002,0.052768064452427654,False,1,5,False,False
q5,37.37708203799002,0.052768064452427654,False,1,5,False,False
q5,37.37708203799002,0.052768064452427654,False,1,5,False,False
q5,37.37708203799002,0.052768064452427654,False,1,5,False,False
q5,37.37708203799002,0.052768064452427654,False,1,5,False,False
q5,37.37708203799002,0.052768064452427654,False,1,5,False,False
q5,37.37708203799002,0.052768064452427654,False,1,5,False,False
q5,37.37708203799002,0.052768064452427654,False,1,5,False,False
q5,37.37708203799002,0.052768064452427654,False,1,5,False,False
q5,37.37708203799002,0.052768064452427654,False,1,5,False,False
q5,37.43251299370779,0.052770112178494505,False,2,4,False,False
q5,37.37708203799002,0.052768064452427654,False,1,5,False,False
q5,37.37708203799002,0.052768064452427654,False,1,5,False,False
q5,37.37708203799002,0.052768064452427654,False,1,5,False,False
q5,37.37708203799002,0.052768064452427654,False,1,5,False,False
q5,37.37708203799002,0.052768064452427654,False,1,5,False,False
q5,37.37708203799002,0.052768064452427654,False,1,5,False,False
q5,37.37708203799002,0.052768064452427654,False,1,5,False,False
q5,37.37708203799002,0.052768064452427654,False,1,5,False,False
q5,37.37708203799002,0.052768064452427654,False,1,5,False,False
q5,37.37708203799002,0.052768064452427654,False,1,5,False,False
q5,37.37708203799002,0.052768064452427654,False,1,5,False,False
q5,37.37708203799002,0.052768064452427654,False,1,5,False,False
q5,37.37708203799002,0.052768064452427654,False,1,5,False,False
q5,37.37708203799002,0.052768064452427654,False,1,5,False,False
q5,37.37708203799002,0.052768064452427654,False,1,5,False,False
q5,37.37708203799002,0.052768064452427654,False,1,5,False,False
q5,37.37708203799002,0.052768064452427654,False,1,5,False,False
q5,37.37708203799002,0.052768064452427654,False,1,5,False,False
q5,37.37708203799002,0.052768064452427654,False,1,5,False,False
q5,37.37708203799002,0.052768064452427654,False,1,5,False,False
q5,37.37708203799002,0.052768064452427654,False,1,5,False,False
q5,37.37708203799002,0.052768064452427654,False,1,5,False,False
q5,37.37708203799002,0.052768064452427654,False,1,5,False,False
q5,37.37708203799002,0.052768064452427654,False,1,5,False,False
q5,37.37708203799002,0.052768064452427654,False,1,5,False,False
q5,37.37708203799002,0.052768064452427654,False,1,5,False,False
q5,37.37708203799002,0.052768064452427654,False,1,5,False,False
q5,37.37708203799002,0.052768064452427654,False,1,5,False,False
q5,37.37708203799002,0.052768064452427654,False,1,5,False,False
q5,37.37708203799002,0.052768064452427654,False,1,5,False,False
q5,37.37708203799002,0.052768064452427654,False,1,5,False,False
q5,37.37708203799002,0.052768064452427654,False,1,5,False,False
q5,37.37708203799002,0.052768064452427654,False,1,5,False,False
q5,37.37708203799002,0.052768064452427654,False,1,5,False,False
q5,37.37708203799002,0.052768064452427654,False,1,5,False,False
q5,37.37708203799002,0.052768064452427654,False,1,5,False,False
q5,37.37708203799002,0.052768064452427654,False,1,5,False,False
q5,37.37708203799002,0.052768064452427654,False,1,5,False,False
q5,37.37708203799002,0.052768064452427654,False,1,5,False,False
q5,37.37708203799002,0.052768064452427654,False,1,5,False,False
q5,37.37708203799002,0.052768064452427654,False,1,5,False,False
q5,37.37708203799002,0.052768064452427654,False,1,5,False,False
q5,37.37708203799002,0.052768064452427654,False,1,5,False,False
q5,37.37708203799002,0.052768064452427654,False,1,5,False,False
q5,37.37708203799002,0.052768064452427654,False,1,5,False,False
q5,37.37708203799002,0.052768064452427654,False,1,5,False,False
q5,37.37708203799002,0.052768064452427654,False,1,5,False,False
q5,37.37708203799002,0.052768064452427654,False,1,5,False,False
q5,37.37708203799002,0.052768064452427654,False,1,5,False,False
q5,37.37708203799002,0.052768064452427654,False,1,5,False,False
q5,37.37708203799002,0.052768064452427654,False,1,5,False,False
q5,37.37708203799002,0.052768064452427654,False,1,5,False,False
q5,37.37708203799002,0.052768064452427654,False,1,5,False,False
q5,37.37708203799002,0.052768064452427654,False,1,5,False,False
q5,37.20412744839601,0.05290398289329182,False,1,5,False,False
q5,37.37708203799002,0.052768064452427654,False,1,5,False,False
q5,37.37708203799002,0.052768064452427654,False,1,5,False,False
q5,37.37708203799002,0.052768064452427654,False,1,5,False,False
q5,37.37708203799002,0.052768064452427654,False,1,5,False,False
q5,37.37708203799002,0.052768064452427654,False,1,5,False,False
q5,37.79407465800793,0.05594264429342975,False,1,4,False,False
q5,36.642514034671095,0.05478542033700863,False,1,4,False,False
q5,36.561491706590616,0.05344051628094425,False,1,3,False,False
q5,36.71959060278708,0.05310429030849391,False,1,4,False,False
q5,37.37708203799002,0.052768064452427654,False,1,4,False,False
q5,37.37708203799002,0.052768064452427654,False,1,4,False,False
q5,34.94540930608602,0.05310317011504083,False,1,4,False,False
q5,34.94540930608602,0.05310317011504083,False,1,4,False,False
q5,35.37112006849033,0.05292373802713059,False,1,3,False,False
q5,36.24832174143154,0.05281993313843253,True,1,4,False,False
q5,35.95250688294782,0.08245698725257117,False,1,4,False,False
q5,36.20508894748071,0.08180371361168016,False,1,4,False,False
q5,32.30578523031244,0.06362096698286869,False,1,3,False,False
q5,37.37708203799002,0.052768064452427654,False,1,5,False,False
q5,37.37708203799002,0.052768064452427654,False,1,5,False,False
q5,37.37708203799002,0.052768064452427654,False,1,5,False,False
q5,37.37708203799002,0.052768064452427654,False,1,5,False,False
q5,37.37708203799002,0.052768064452427654,False,1,5,False,False
q5,37.37708203799002,0.052768064452427654,False,1,5,False,False
q5,37.37708203799002,0.052768064452427654,False,1,5,False,False
q5,37.14265166329037,0.059707289530856966,False,1,5,False,False
q5,37.37708203799002,0.052768064452427654,False,1,5,False,False
q5,37.37708203799002,0.052768064452427654,False,1,5,False,False
q5,37.37708203799002,0.052768064452427654,False,1,5,False,False
q5,37.37708203799002,0.052768064452427654,False,1,5,False,False
q5,37.37708203799002,0.052768064452427654,False,1,5,False,False
q5,37.37708203799002,0.052768064452427654,False,1,5,False,False
q5,37.37708203799002,0.052768064452427654,False,1,5,False,False
q5,37.37708203799002,0.052768064452427654,True,1,5,False,False
q5,36.272831183394494,0.13235233055303164,False,1,0,False,False
q5,28.67314849408066,0.08277153129346997,False,1,2,False,False
q5,28.94039688598144,0.08211825954744126,False,1,2,False,False
q5,30.49987441032687,0.05308266060203906,False,1,2,False,False
q5,30.49987441032687,0.05308266060203906,False,1,3,False,False
q5,30.49987441032687,0.05308266060203906,False,1,3,False,False
q5,30.49987441032687,0.05308266060203906,False,1,3,False,False
q5,30.49987441032687,0.05308266060203906,False,1,3,False,False
q5,30.49987441032687,0.05308266060203906,False,1,3,False,False
q5,30.809292874446673,0.05305062775071584,True,1,3,False,False
q5,31.228324159978374,0.05303464422862415,True,1,3,False,False
q5,30.146281171346754,0.0669611247565617,False,1,3,False,False
q5,30.49987441032687,0.05308266060203906,False,1,3,False,False
q5,30.49987441032687,0.05308266060203906,False,1,3,False,False
q5,30.49987441032687,0.05308266060203906,False,1,3,False,False
q5,30.49987441032687,0.05308266060203906,False,1,3,False,False
q5,30.49987441032687,0.05308266060203906,False,1,3,False,False
q5,30.49987441032687,0.05308266060203906,False,1,3,False,False
q5,30.49987441032687,0.05308266060203906,False,1,3,False,False
q5,30.49987441032687,0.05308266060203906,True,1,3,False,False
q5,29.532181318315338,0.0538635754613682,False,1,3,False,False
q5,29.76780339151101,0.0533001773369771,False,1,3,False,False
q5,32.11382834795139,0.0529765042516715,True,1,3,False,False
q5,35.37112006849033,0.05292373802713059,False,1,3,False,False
q5,35.37112006849033,0.05292373802713059,False,1,3,False,False
q5,29.65023514222698,0.05334845585842096,False,1,4,False,False
q5,29.65023514222698,0.05334845585842096,True,1,4,False,False
q5,29.991945699336235,0.053276059249979746,True,1,4,False,False
q5,31.208237106260725,0.05325206820532986,False,1,4,False,False
q5,31.208237106260725,0.05325206820532986,False,1,4,False,False
q5,31.208237106260725,0.05325206820532986,False,1,4,False,False
q5,29.76780339151101,0.0533001773369771,False,1,4,False,False
q5,29.76780339151101,0.0533001773369771,False,1,4,False,False
q5,29.76780339151101,0.0533001773369771,False,1,4,False,False
q5,29.76780339151101,0.0533001773369771,False,1,4,False,False
q5,29.76780339151101,0.0533001773369771,False,1,4,False,False
q5,29.76780339151101,0.0533001773369771,False,1,4,False,False
q5,29.76780339151101,0.0533001773369771,False,1,4,False,False
q5,29.76780339151101,0.0533001773369771,False,1,4,False,False
q5,29.76780339151101,0.0533001773369771,False,1,4,False,False
q5,29.76780339151101,0.0533001773369771,False,1,4,False,False
q5,29.76780339151101,0.0533001773369771,False,1,4,False,False
q5,29.76780339151101,0.0533001773369771,False,1,4,False,False
q5,29.76780339151101,0.0533001773369771,False,1,4,False,False
q5,29.76780339151101,0.0533001773369771,False,1,4,False,False
q5,29.76780339151101,0.0533001773369771,False,1,4,False,False
q5,29.76780339151101,0.0533001773369771,False,1,4,False,False
q5,29.76780339151101,0.0533001773369771,False,1,4,False,False
q5,29.76780339151101,0.0533001773369771,False,1,4,False,False
q5,29.76780339151101,0.0533001773369771,False,1,4,False,False
q5,29.76780339151101,0.0533001773369771,False,1,4,False,False
q5,29.76780339151101,0.0533001773369771,False,1,4,False,False
q5,29.76780339151101,0.0533001773369771,False,1,4,False,False
q5,29.76780339151101,0.0533001773369771,False,1,4,False,False
q5,29.76780339151101,0.0533001773369771,False,1,4,False,False
q5,29.823234486896013,0.05330222506306856,False,2,3,False,False
q5,40.18649223406803,0.10981092068360314,False,0,3,False,False
q5,29.76780339151101,0.0533001773369771,False,1,4,False,False
q5,29.76780339151101,0.0533001773369771,False,1,4,False,False
q5,29.76780339151101,0.0533001773369771,False,1,4,False,False
q5,29.76780339151101,0.0533001773369771,False,1,4,False,False
q5,29.76780339151101,0.0533001773369771,False,1,4,False,False
q5,29.76780339151101,0.0533001773369771,False,1,4,False,False
q5,29.76780339151101,0.0533001773369771,False,1,4,False,False
q5,29.76780339151101,0.0533001773369771,False,1,4,False,False
q5,29.76780339151101,0.0533001773369771,False,1,4,False,False
q5,29.76780339151101,0.0533001773369771,False,1,4,False,False
q5,29.76780339151101,0.0533001773369771,False,1,4,False,False
q5,29.76780339151101,0.0533001773369771,False,1,4,False,False
q5,29.76780339151101,0.0533001773369771,False,1,4,False,False
q5,29.76780339151101,0.0533001773369771,False,1,4,False,False
q5,29.76780339151101,0.0533001773369771,False,1,4,False,False
q5,29.76780339151101,0.0533001773369771,False,1,4,False,False
q5,29.76780339151101,0.0533001773369771,False,1,4,False,False
q5,29.76780339151101,0.0533001773369771,False,1,4,False,False
q5,29.76780339151101,0.0533001773369771,False,1,4,False,False
q5,29.76780339151101,0.0533001773369771,False,1,4,False,False
q5,29.76780339151101,0.0533001773369771,False,1,4,False,False
q5,29.76780339151101,0.0533001773369771,False,1,4,False,False
q5,29.76780339151101,0.0533001773369771,False,1,4,False,False
q5,29.76780339151101,0.0533001773369771,False,1,4,False,False
q5,29.76780339151101,0.0533001773369771,False,1,4,False,False
q5,29.76780339151101,0.0533001773369771,False,1,4,False,False
q5,29.76780339151101,0.0533001773369771,False,1,4,False,False
q5,29.76780339151101,0.0533001773369771,False,1,4,False,False
q5,29.76780339151101,0.0533001773369771,False,1,4,False,False
q5,29.76780339151101,0.0533001773369771,False,1,4,False,False
q5,29.76780339151101,0.0533001773369771,False,1,4,False,False
q5,29.76780339151101,0.0533001773369771,False,1,4,False,False
q5,29.76780339151101,0.0533001773369771,False,1,4,False,False
q5,29.76780339151101,0.0533001773369771,False,1,4,False,False
q5,29.76780339151101,0.0533001773369771,False,1,4,False,False
q5,29.76780339151101,0.0533001773369771,False,1,4,False,False
q5,29.76780339151101,0.0533001773369771,False,1,4,False,False
q5,29.76780339151101,0.0533001773369771,False,1,4,False,False
q5,29.76780339151101,0.0533001773369771,False,1,4,False,False
q5,29.76780339151101,0.0533001773369771,False,1,4,False,False
q5,29.76780339151101,0.0533001773369771,False,1,4,False,False
q5,29.76780339151101,0.0533001773369771,False,1,4,False,False
q5,29.76780339151101,0.0533001773369771,False,1,4,False,False
q5,29.76780339151101,0.0533001773369771,False,1,4,False,False
q5,29.76780339151101,0.0533001773369771,False,1,4,False,False
q5,29.76780339151101,0.0533001773369771,False,1,4,False,False
q5,29.76780339151101,0.0533001773369771,False,1,4,False,False
q5,29.76780339151101,0.0533001773369771,False,1,4,False,False
q5,29.76780339151101,0.0533001773369771,False,1,4,False,False
q5,29.76780339151101,0.0533001773369771,False,1,4,False,False
q5,29.76780339151101,0.0533001773369771,False,1,4,False,False
q5,29.76780339151101,0.0533001773369771,False,1,4,False,False
q5,29.76780339151101,0.0533001773369771,False,1,4,False,False
q5,29.76780339151101,0.0533001773369771,False,1,4,False,False
q5,29.594776440852442,0.053436095777841267,True,1,4,False,False
q5,29.76780339151101,0.0533001773369771,False,1,4,False,False
q5,29.76780339151101,0.0533001773369771,False,1,4,False,False
q5,29.76780339151101,0.0533001773369771,False,1,4,False,False
q5,29.76780339151101,0.0533001773369771,False,1,4,False,False
q5,29.76780339151101,0.0533001773369771,False,1,4,False,False
q5,29.415393820942093,0.05647475563269526,False,1,3,False,False
q5,28.703508898773798,0.05531753255929353,False,1,3,False,False
q5,28.84231492118819,0.05397262894473885,False,1,2,False,False
q5,29.05536756410754,0.05363640308266593,True,1,3,False,False
q5,29.76780339151101,0.0533001773369771,False,1,3,False,False
q5,29.76780339151101,0.0533001773369771,False,1,3,False,False
q5,29.34219966549523,0.05347960942488733,False,1,4,False,False
q5,29.34219966549523,0.05347960942488733,True,1,4,False,False
q5,30.64468966563789,0.053196372448279045,False,1,4,False,False
q5,27.864113903529688,0.08298903837864642,False,1,3,False,False
q5,28.287648357759846,0.08228260591022596,False,1,3,False,False
q5,23.988117822681385,0.06409980733060706,True,1,2,False,False
q5,29.76780339151101,0.0533001773369771,False,1,4,False,False
q5,29.76780339151101,0.0533001773369771,False,1,4,False,False
q5,29.76780339151101,0.0533001773369771,False,1,4,False,False
q5,29.76780339151101,0.0533001773369771,False,1,4,False,False
q5,29.76780339151101,0.0533001773369771,False,1,4,False,False
q5,30.077218030950178,0.05326814448565387,True,1,4,False,False
q5,30.496244535631078,0.05325216096356218,True,1,4,False,False
q5,29.41408529099879,0.06717864149149974,False,1,4,False,False
q5,29.76780339151101,0.0533001773369771,False,1,4,False,False
q5,29.76780339151101,0.0533001773369771,False,1,4,False,False
q5,29.76780339151101,0.0533001773369771,False,1,4,False,False
q5,29.76780339151101,0.0533001773369771,False,1,4,False,False
q5,29.76780339151101,0.0533001773369771,False,1,4,False,False
q5,29.76780339151101,0.0533001773369771,False,1,4,False,False
q5,29.76780339151101,0.0533001773369771,False,1,4,False,False
q5,29.76780339151101,0.0533001773369771,True,1,4,False,False
q5,23.31931559898874,0.06480999162575846,False,1,2,False,False
q5,23.541851026579725,0.0644511261861729,True,1,2,False,False
q5,24.88841193112255,0.06416788929541371,False,1,2,False,False
q5,26.047315227746576,0.06411602067072962,False,1,2,False,False
q5,27.516789506715337,0.08328718909027656,False,1,3,False,False
q5,27.78403789861612,0.08263391734424785,False,1,3,False,False
q5,29.34351542296155,0.05359831839884566,False,1,3,False,False
q5,29.34351542296155,0.05359831839884566,False,1,4,False,False
q5,29.34351542296155,0.05359831839884566,False,1,4,False,False
q5,29.34351542296155,0.05359831839884566,False,1,4,False,False
q5,29.186720720762903,0.053678477302150224,False,1,4,False,False
q5,29.186720720762903,0.053678477302150224,False,1,4,False,False
q5,29.652933887081357,0.05356628554752242,False,1,4,False,False
q5,30.07196517261306,0.053550302025430735,False,1,4,False,False
q5,28.76144258093402,0.06755693251991396,False,1,5,False,False
q5,29.186720720762903,0.053678477302150224,False,1,5,False,False
q5,29.186720720762903,0.053678477302150224,False,1,5,False,False
q5,29.186720720762903,0.053678477302150224,False,1,5,False,False
q5,29.186720720762903,0.053678477302150224,False,1,5,False,False
q5,29.186720720762903,0.053678477302150224,False,1,5,False,False
q5,29.186720720762903,0.053678477302150224,False,1,5,False,False
q5,29.186720720762903,0.053678477302150224,False,1,5,False,False
q5,29.186720720762903,0.053678477302150224,False,1,5,False,False
q5,28.21903045654657,0.05445939216147936,False,1,5,False,False
q5,28.45465252974224,0.053895994037088266,True,1,5,False,False
q5,30.800674658387422,0.05357232095178266,False,1,5,False,False
q5,34.05771862582727,0.05351955472724175,False,1,5,False,False
q5,34.05771862582727,0.05351955472724175,False,1,5,False,False
q5,34.05771862582727,0.05351955472724175,False,1,5,False,False
q5,28.33708428045821,0.05394427255853213,False,1,6,False,False
q5,28.33708428045821,0.05394427255853213,False,1,6,False,False
q5,28.678794837567466,0.05387187595009091,False,1,6,False,False
q5,29.895086244491957,0.053847884905441006,False,1,6,False,False
q5,29.895086244491957,0.053847884905441006,False,1,6,False,False
q5,29.895086244491957,0.053847884905441006,False,1,6,False,False
q5,28.33708428045821,0.05394427255853213,False,1,7,False,False
q5,28.33708428045821,0.05394427255853213,False,1,7,False,False
q5,28.33708428045821,0.05394427255853213,False,1,7,False,False
q5,28.33708428045821,0.05394427255853213,False,1,7,False,False
q5,28.33708428045821,0.05394427255853213,False,1,7,False,False
q5,28.33708428045821,0.05394427255853213,False,1,7,False,False
q5,28.33708428045821,0.05394427255853213,False,1,7,False,False
q5,28.33708428045821,0.05394427255853213,False,1,7,False,False
q5,28.33708428045821,0.05394427255853213,False,1,7,False,False
q5,28.33708428045821,0.05394427255853213,False,1,7,False,False
q5,28.33708428045821,0.05394427255853213,False,1,7,False,False
q5,28.33708428045821,0.05394427255853213,False,1,7,False,False
q5,28.33708428045821,0.05394427255853213,False,1,7,False,False
q5,28.33708428045821,0.05394427255853213,False,1,7,False,False
q5,28.33708428045821,0.05394427255853213,False,1,7,False,False
q5,28.33708428045821,0.05394427255853213,False,1,7,False,False
q5,28.33708428045821,0.05394427255853213,False,1,7,False,False
q5,28.33708428045821,0.05394427255853213,False,1,7,False,False
q5,28.33708428045821,0.05394427255853213,False,1,7,False,False
q5,28.33708428045821,0.05394427255853213,False,1,7,False,False
q5,28.33708428045821,0.05394427255853213,False,1,7,False,False
q5,28.33708428045821,0.05394427255853213,False,1,7,False,False
q5,28.33708428045821,0.05394427255853213,False,1,7,False,False
q5,28.33708428045821,0.05394427255853213,False,1,7,False,False
q5,28.392515375843207,0.05394632028462821,False,2,6,False,False
q5,28.33708428045821,0.05394427255853213,False,1,7,False,False
q5,28.33708428045821,0.05394427255853213,False,1,7,False,False
q5,28.33708428045821,0.05394427255853213,False,1,7,False,False
q5,28.33708428045821,0.05394427255853213,False,1,7,False,False
q5,28.33708428045821,0.05394427255853213,False,1,7,False,False
q5,28.33708428045821,0.05394427255853213,False,1,7,False,False
q5,28.33708428045821,0.05394427255853213,False,1,7,False,False
q5,28.33708428045821,0.05394427255853213,False,1,7,False,False
q5,28.33708428045821,0.05394427255853213,False,1,7,False,False
q5,28.33708428045821,0.05394427255853213,False,1,7,False,False
q5,28.33708428045821,0.05394427255853213,False,1,7,False,False
q5,28.33708428045821,0.05394427255853213,False,1,7,False,False
q5,28.33708428045821,0.05394427255853213,False,1,7,False,False
q5,28.33708428045821,0.05394427255853213,False,1,7,False,False
q5,28.33708428045821,0.05394427255853213,False,1,7,False,False
q5,28.33708428045821,0.05394427255853213,False,1,7,False,False
q5,28.33708428045821,0.05394427255853213,False,1,7,False,False
q5,28.33708428045821,0.05394427255853213,False,1,7,False,False
q5,28.33708428045821,0.05394427255853213,False,1,7,False,False
q5,28.33708428045821,0.05394427255853213,False,1,7,False,False
q5,28.33708428045821,0.05394427255853213,False,1,7,False,False
q5,28.33708428045821,0.05394427255853213,False,1,7,False,False
q5,28.33708428045821,0.05394427255853213,False,1,7,False,False
q5,28.33708428045821,0.05394427255853213,False,1,7,False,False
q5,28.33708428045821,0.05394427255853213,False,1,7,False,False
q5,28.33708428045821,0.05394427255853213,False,1,7,False,False
q5,28.33708428045821,0.05394427255853213,False,1,7,False,False
q5,28.33708428045821,0.05394427255853213,False,1,7,False,False
q5,28.33708428045821,0.05394427255853213,False,1,7,False,False
q5,28.33708428045821,0.05394427255853213,False,1,7,False,False
q5,28.33708428045821,0.05394427255853213,False,1,7,False,False
q5,28.33708428045821,0.05394427255853213,False,1,7,False,False
q5,28.33708428045821,0.05394427255853213,False,1,7,False,False
q5,28.33708428045821,0.05394427255853213,False,1,7,False,False
q5,28.33708428045821,0.05394427255853213,False,1,7,False,False
q5,28.33708428045821,0.05394427255853213,False,1,7,False,False
q5,28.33708428045821,0.05394427255853213,False,1,7,False,False
q5,28.33708428045821,0.05394427255853213,False,1,7,False,False
q5,28.33708428045821,0.05394427255853213,False,1,7,False,False
q5,28.33708428045821,0.05394427255853213,False,1,7,False,False
q5,28.33708428045821,0.05394427255853213,False,1,7,False,False
q5,28.33708428045821,0.05394427255853213,False,1,7,False,False
q5,28.33708428045821,0.05394427255853213,False,1,7,False,False
q5,28.33708428045821,0.05394427255853213,False,1,7,False,False
q5,28.33708428045821,0.05394427255853213,False,1,7,False,False
q5,28.33708428045821,0.05394427255853213,False,1,7,False,False
q5,28.33708428045821,0.05394427255853213,False,1,7,False,False
q5,28.33708428045821,0.05394427255853213,False,1,7,False,False
q5,28.33708428045821,0.05394427255853213,False,1,7,False,False
q5,28.33708428045821,0.05394427255853213,False,1,7,False,False
q5,28.33708428045821,0.05394427255853213,False,1,7,False,False
q5,28.33708428045821,0.05394427255853213,False,1,7,False,False
q5,28.33708428045821,0.05394427255853213,False,1,7,False,False
q5,28.33708428045821,0.05394427255853213,False,1,7,False,False
q5,28.246952439865293,0.05424055816136033,False,1,7,False,False
q5,28.33708428045821,0.05394427255853213,False,1,7,False,False
q5,28.33708428045821,0.05394427255853213,False,1,7,False,False
q5,28.33708428045821,0.05394427255853213,False,1,7,False,False
q5,28.33708428045821,0.05394427255853213,False,1,7,False,False
q5,28.33708428045821,0.05394427255853213,False,1,7,False,False
q5,28.54260695824455,0.05673070348850737,False,1,6,False,False
q5,27.96099385589031,0.05557348067674102,False,1,6,False,False
q5,28.105712162877506,0.054280498383812575,False,1,5,False,False
q5,29.067839582523032,0.05360804684963578,False,1,6,False,False
q5,29.067839582523032,0.05360804684963578,False,1,6,False,False
q5,29.067839582523032,0.05360804684963578,True,1,6,False,False
q5,28.198017790185293,0.05446350516008172,False,1,6,False,False
q5,28.93779931482351,0.05368468160410979,True,1,5,False,False
q5,29.839111555165527,0.05358087676446837,False,1,6,False,False
q5,30.998010060974988,0.05352900813978428,False,1,6,False,False
q5,26.433537420614954,0.08363313360020143,False,1,6,False,False
q5,26.789954204399827,0.08292669252995535,False,1,6,False,False
q5,22.49042366932137,0.06474389395033649,True,1,5,False,False
q5,28.33708428045821,0.05394427255853213,False,1,7,False,False
q5,28.33708428045821,0.05394427255853213,False,1,7,False,False
q5,28.33708428045821,0.05394427255853213,False,1,7,False,False
q5,28.33708428045821,0.05394427255853213,False,1,6,False,False
q5,28.493876114146378,0.053864113655227544,True,1,5,False,False
q5,28.803290753585546,0.05383208080390432,False,1,6,False,False
q5,29.222317258266447,0.05381609728181263,False,1,6,False,False
q5,27.91168127909722,0.06782272777629586,False,1,7,False,False
q5,28.33708428045821,0.05394427255853213,False,1,7,False,False
q5,28.33708428045821,0.05394427255853213,False,1,7,False,False
q5,28.33708428045821,0.05394427255853213,False,1,7,False,False
q5,28.33708428045821,0.05394427255853213,False,1,7,False,False
q5,28.33708428045821,0.05394427255853213,False,1,7,False,False
q5,28.33708428045821,0.05394427255853213,False,1,7,False,False
q5,28.33708428045821,0.05394427255853213,False,1,7,False,False
q5,28.33708428045821,0.05394427255853213,False,1,7,False,False
q5,28.061844472400164,0.05468876651914219,False,1,6,False,False
q5,29.186720720762903,0.053678477302150224,False,1,5,False,False
q5,30.800674658387422,0.05357232095178266,False,1,6,False,False
q5,34.05771862582727,0.05351955472724175,False,1,6,False,False
q5,34.05771862582727,0.05351955472724175,False,1,6,False,False
q5,34.05771862582727,0.05351955472724175,False,1,6,False,False
q5,24.173888368898627,0.06724596512594863,False,1,2,False,False
q5,23.461914018032974,0.0660887420525469,False,1,2,False,False
q5,23.813880552579977,0.0644076125759193,True,1,2,False,False
q5,24.526467396882,0.06407138683023048,False,1,2,False,False
q5,24.526467396882,0.06407138683023048,False,1,2,False,False
q5,24.526467396882,0.06407138683023048,False,1,2,False,False
q5,23.146274269807012,0.06494591006662262,False,1,3,False,False
q5,23.368809697398003,0.06458704462703706,True,1,3,False,False
q5,24.715369802906977,0.06430380773627788,False,1,3,False,False
q5,25.874273099531,0.06425193911159378,False,1,3,False,False
q5,27.343747378499764,0.08342310753114074,False,1,4,False,False
q5,27.610995770400542,0.08276983578511202,False,1,4,False,False
q5,29.170473294745978,0.05373423683970982,False,1,4,False,False
q5,29.170473294745978,0.05373423683970982,False,1,5,False,False
q5,29.170473294745978,0.05373423683970982,False,1,5,False,False
q5,29.170473294745978,0.05373423683970982,False,1,5,False,False
q5,29.096572268357743,0.05397476290497842,False,1,5,False,False
q5,29.013678592547333,0.05381439574301439,False,1,5,False,False
q5,29.47989175886578,0.0537022039883866,False,1,5,False,False
q5,29.89892304439748,0.0536862204662949,False,1,5,False,False
q5,28.588400452718442,0.06769285096077812,False,1,6,False,False
q5,29.013678592547333,0.05381439574301439,False,1,6,False,False
q5,29.013678592547333,0.05381439574301439,False,1,6,False,False
q5,29.013678592547333,0.05381439574301439,False,1,6,False,False
q5,29.013678592547333,0.05381439574301439,False,1,6,False,False
q5,29.013678592547333,0.05381439574301439,False,1,6,False,False
q5,29.013678592547333,0.05381439574301439,False,1,6,False,False
q5,29.013678592547333,0.05381439574301439,False,1,6,False,False
q5,29.013678592547333,0.05381439574301439,False,1,6,False,False
q5,28.046003505888002,0.05459531060234352,False,1,6,False,False
q5,28.281625579083673,0.05403191247795243,True,1,6,False,False
q5,30.62763253017185,0.05370823939264682,False,1,6,False,False
q5,33.88476403623326,0.05365547316810591,False,1,6,False,False
q5,33.88476403623326,0.05365547316810591,False,1,6,False,False
q5,33.88476403623326,0.05365547316810591,False,1,6,False,False
q5,28.164057329799643,0.054080190999396295,False,1,7,False,False
q5,28.164057329799643,0.054080190999396295,False,1,7,False,False
q5,28.5057678869089,0.05400779439095507,False,1,7,False,False
q5,29.72205929383339,0.05398380334630517,False,1,7,False,False
q5,29.72205929383339,0.05398380334630517,False,1,7,False,False
q5,29.72205929383339,0.05398380334630517,False,1,7,False,False
q5,28.164057329799643,0.054080190999396295,False,1,8,False,False
q5,28.164057329799643,0.054080190999396295,False,1,8,False,False
q5,28.164057329799643,0.054080190999396295,False,1,8,False,False
q5,28.164057329799643,0.054080190999396295,False,1,8,False,False
q5,28.164057329799643,0.054080190999396295,False,1,8,False,False
q5,28.164057329799643,0.054080190999396295,False,1,8,False,False
q5,28.164057329799643,0.054080190999396295,False,1,8,False,False
q5,28.164057329799643,0.054080190999396295,False,1,8,False,False
q5,28.164057329799643,0.054080190999396295,False,1,8,False,False
q5,28.164057329799643,0.054080190999396295,False,1,8,False,False
q5,28.164057329799643,0.054080190999396295,False,1,8,False,False
q5,28.164057329799643,0.054080190999396295,False,1,8,False,False
q5,28.164057329799643,0.054080190999396295,False,1,8,False,False
q5,28.164057329799643,0.054080190999396295,False,1,8,False,False
q5,28.164057329799643,0.054080190999396295,False,1,8,False,False
q5,28.164057329799643,0.054080190999396295,False,1,8,False,False
q5,28.164057329799643,0.054080190999396295,False,1,8,False,False
q5,28.164057329799643,0.054080190999396295,False,1,8,False,False
q5,28.164057329799643,0.054080190999396295,False,1,8,False,False
q5,28.164057329799643,0.054080190999396295,False,1,8,False,False
q5,28.164057329799643,0.054080190999396295,False,1,8,False,False
q5,28.164057329799643,0.054080190999396295,False,1,8,False,False
q5,28.164057329799643,0.054080190999396295,False,1,8,False,False
q5,28.164057329799643,0.054080190999396295,False,1,8,False,False
q5,28.21948842518464,0.05408223872549293,False,2,7,False,False
q5,28.164057329799643,0.054080190999396295,False,1,8,False,False
q5,28.164057329799643,0.054080190999396295,False,1,8,False,False
q5,28.164057329799643,0.054080190999396295,False,1,8,False,False
q5,28.164057329799643,0.054080190999396295,False,1,8,False,False
q5,28.164057329799643,0.054080190999396295,False,1,8,False,False
q5,28.164057329799643,0.054080190999396295,False,1,8,False,False
q5,28.164057329799643,0.054080190999396295,False,1,8,False,False
q5,28.164057329799643,0.054080190999396295,False,1,8,False,False
q5,28.164057329799643,0.054080190999396295,False,1,8,False,False
q5,28.164057329799643,0.054080190999396295,False,1,8,False,False
q5,28.164057329799643,0.054080190999396295,False,1,8,False,False
q5,28.164057329799643,0.054080190999396295,False,1,8,False,False
q5,28.164057329799643,0.054080190999396295,False,1,8,False,False
q5,28.164057329799643,0.054080190999396295,False,1,8,False,False
q5,28.164057329799643,0.054080190999396295,False,1,8,False,False
q5,28.164057329799643,0.054080190999396295,False,1,8,False,False
q5,28.164057329799643,0.054080190999396295,False,1,8,False,False
q5,28.164057329799643,0.054080190999396295,False,1,8,False,False
q5,28.164057329799643,0.054080190999396295,False,1,8,False,False
q5,28.164057329799643,0.054080190999396295,False,1,8,False,False
q5,28.164057329799643,0.054080190999396295,False,1,8,False,False
q5,28.164057329799643,0.054080190999396295,False,1,8,False,False
q5,28.164057329799643,0.054080190999396295,False,1,8,False,False
q5,28.164057329799643,0.054080190999396295,False,1,8,False,False
q5,28.164057329799643,0.054080190999396295,False,1,8,False,False
q5,28.164057329799643,0.054080190999396295,False,1,8,False,False
q5,28.164057329799643,0.054080190999396295,False,1,8,False,False
q5,28.164057329799643,0.054080190999396295,False,1,8,False,False
q5,28.164057329799643,0.054080190999396295,False,1,8,False,False
q5,28.164057329799643,0.054080190999396295,False,1,8,False,False
q5,28.164057329799643,0.054080190999396295,False,1,8,False,False
q5,28.164057329799643,0.054080190999396295,False,1,8,False,False
q5,28.164057329799643,0.054080190999396295,False,1,8,False,False
q5,28.164057329799643,0.054080190999396295,False,1,8,False,False
q5,28.164057329799643,0.054080190999396295,False,1,8,False,False
q5,28.164057329799643,0.054080190999396295,False,1,8,False,False
q5,28.164057329799643,0.054080190999396295,False,1,8,False,False
q5,28.164057329799643,0.054080190999396295,False,1,8,False,False
q5,28.164057329799643,0.054080190999396295,False,1,8,False,False
q5,28.164057329799643,0.054080190999396295,False,1,8,False,False
q5,28.164057329799643,0.054080190999396295,False,1,8,False,False
q5,28.164057329799643,0.054080190999396295,False,1,8,False,False
q5,28.164057329799643,0.054080190999396295,False,1,8,False,False
q5,28.164057329799643,0.054080190999396295,False,1,8,False,False
q5,28.164057329799643,0.054080190999396295,False,1,8,False,False
q5,28.164057329799643,0.054080190999396295,False,1,8,False,False
q5,28.164057329799643,0.054080190999396295,False,1,8,False,False
q5,28.164057329799643,0.054080190999396295,False,1,8,False,False
q5,28.164057329799643,0.054080190999396295,False,1,8,False,False
q5,28.164057329799643,0.054080190999396295,False,1,8,False,False
q5,28.164057329799643,0.054080190999396295,False,1,8,False,False
q5,28.164057329799643,0.054080190999396295,False,1,8,False,False
q5,28.164057329799643,0.054080190999396295,False,1,8,False,False
q5,28.164057329799643,0.054080190999396295,False,1,8,False,False
q5,28.33708428045821,0.05394427255853213,False,1,7,False,False
q5,28.33708428045821,0.05394427255853213,False,1,7,False,False
q5,28.33708428045821,0.05394427255853213,False,1,7,False,False
q5,28.33708428045821,0.05394427255853213,False,1,7,False,False
q5,28.33708428045821,0.05394427255853213,True,1,7,False,False
q5,28.369580007585984,0.05686662192937153,False,1,7,False,False
q5,27.78796690523175,0.05570939911760518,False,1,7,False,False
q5,27.93268521221894,0.054416416824676746,False,1,6,False,False
q5,28.894812631864465,0.05374396529049994,False,1,7,False,False
q5,28.894812631864465,0.05374396529049994,False,1,7,False,False
q5,28.894812631864465,0.05374396529049994,True,1,7,False,False
q5,27.942095729461077,0.05443905643898185,False,1,7,False,False
q5,28.764772364164944,0.05382060004497395,True,1,6,False,False
q5,29.66608460450696,0.05371679520533253,False,1,7,False,False
q5,30.82498311031642,0.05366492658064844,False,1,7,False,False
q5,26.26049529239938,0.08376905204106559,False,1,7,False,False
q5,26.61691207618425,0.08306261097081953,False,1,7,False,False
q5,22.317381541105792,0.06487981239120065,True,1,6,False,False
q5,28.164057329799643,0.054080190999396295,False,1,8,False,False
q5,28.164057329799643,0.054080190999396295,False,1,8,False,False
q5,28.164057329799643,0.054080190999396295,False,1,8,False,False
q5,28.32084916348781,0.054000032096091714,True,1,6,False,False
q5,28.63026380292698,0.05396799924476849,False,1,7,False,False
q5,29.04929030760788,0.05395201572267679,False,1,7,False,False
q5,27.738654328438653,0.06795864621716002,False,1,8,False,False
q5,28.164057329799643,0.054080190999396295,False,1,8,False,False
q5,28.164057329799643,0.054080190999396295,False,1,8,False,False
q5,28.164057329799643,0.054080190999396295,False,1,8,False,False
q5,28.164057329799643,0.054080190999396295,False,1,8,False,False
q5,28.164057329799643,0.054080190999396295,False,1,8,False,False
q5,28.164057329799643,0.054080190999396295,False,1,8,False,False
q5,28.164057329799643,0.054080190999396295,False,1,8,False,False
q5,28.164057329799643,0.054080190999396295,True,1,8,False,False
q5,27.888817521741597,0.05482468496000635,True,1,7,False,False
q5,29.013678592547333,0.05381439574301439,False,1,6,False,False
q5,30.62763253017185,0.05370823939264682,False,1,7,False,False
q5,33.88476403623326,0.05365547316810591,False,1,7,False,False
q5,33.88476403623326,0.05365547316810591,False,1,7,False,False
q5,33.88476403623326,0.05365547316810591,False,1,7,False,False
q5,22.82846035428889,0.0656410016041492,False,1,2,False,False
q5,23.13738724085111,0.06492327045231751,False,1,2,False,False
q5,24.526743141767273,0.06464003364740743,False,1,2,False,False
q5,25.716178896160212,0.06458816508404414,False,1,2,False,False
q5,27.112375276483572,0.08375933335642118,False,1,3,False,False
q5,27.37962366838435,0.08310606161039247,False,1,3,False,False
q5,28.939101192729783,0.05407046266499027,False,1,3,False,False
q5,28.939101192729783,0.05407046266499027,False,1,4,False,False
q5,28.939101192729783,0.05407046266499027,False,1,4,False,False
q5,28.939101192729783,0.05407046266499027,False,1,4,False,False
q5,28.86520016634155,0.05431098873025887,False,1,4,False,False
q5,28.782306490531138,0.05415062156829484,False,1,4,False,False
q5,29.248519656849584,0.054038429813667035,False,1,4,False,False
q5,29.667550942381286,0.05402244629157535,False,1,4,False,False
q5,28.357028350702247,0.06802907678605856,False,1,5,False,False
q5,28.782306490531138,0.05415062156829484,False,1,5,False,False
q5,28.782306490531138,0.05415062156829484,False,1,5,False,False
q5,28.782306490531138,0.05415062156829484,False,1,5,False,False
q5,28.782306490531138,0.05415062156829484,False,1,5,False,False
q5,28.782306490531138,0.05415062156829484,False,1,5,False,False
q5,28.782306490531138,0.05415062156829484,False,1,5,False,False
q5,28.782306490531138,0.05415062156829484,False,1,5,False,False
q5,28.782306490531138,0.05415062156829484,False,1,5,False,False
q5,27.814631388307298,0.054931536427623974,True,1,5,False,False
q5,28.05025346150297,0.054368138303232866,True,1,5,False,False
q5,30.396260428155657,0.05404446521792726,False,1,5,False,False
q5,33.65338724139138,0.053991698993386364,False,1,5,False,False
q5,33.65338724139138,0.053991698993386364,False,1,5,False,False
q5,33.65338724139138,0.053991698993386364,False,1,5,False,False
q5,27.93268521221894,0.054416416824676746,False,1,6,False,False
q5,28.274395769328194,0.054344020216235515,False,1,6,False,False
q5,29.490687176252685,0.05432002917158562,False,1,6,False,False
q5,29.490687176252685,0.05432002917158562,False,1,6,False,False
q5,29.490687176252685,0.05432002917158562,False,1,6,False,False
q5,27.93268521221894,0.054416416824676746,False,1,7,False,False
q5,27.93268521221894,0.054416416824676746,False,1,7,False,False
q5,27.93268521221894,0.054416416824676746,False,1,7,False,False
q5,27.93268521221894,0.054416416824676746,False,1,7,False,False
q5,27.93268521221894,0.054416416824676746,False,1,7,False,False
q5,27.93268521221894,0.054416416824676746,False,1,7,False,False
q5,27.93268521221894,0.054416416824676746,False,1,7,False,False
q5,27.93268521221894,0.054416416824676746,False,1,7,False,False
q5,27.93268521221894,0.054416416824676746,False,1,7,False,False
q5,27.93268521221894,0.054416416824676746,False,1,7,False,False
q5,27.93268521221894,0.054416416824676746,False,1,7,False,False
q5,27.93268521221894,0.054416416824676746,False,1,7,False,False
q5,27.93268521221894,0.054416416824676746,False,1,7,False,False
q5,27.93268521221894,0.054416416824676746,False,1,7,False,False
q5,27.93268521221894,0.054416416824676746,False,1,7,False,False
q5,27.93268521221894,0.054416416824676746,False,1,7,False,False
q5,27.93268521221894,0.054416416824676746,False,1,7,False,False
q5,27.93268521221894,0.054416416824676746,False,1,7,False,False
q5,27.93268521221894,0.054416416824676746,False,1,7,False,False
q5,27.93268521221894,0.054416416824676746,False,1,7,False,False
q5,27.93268521221894,0.054416416824676746,False,1,7,False,False
q5,27.93268521221894,0.054416416824676746,False,1,7,False,False
q5,27.93268521221894,0.054416416824676746,False,1,7,False,False
q5,27.93268521221894,0.054416416824676746,False,1,7,False,False
q5,27.988116307603935,0.05441846455077413,False,2,6,False,False
q5,27.93268521221894,0.054416416824676746,False,1,7,False,False
q5,27.93268521221894,0.054416416824676746,False,1,7,False,False
q5,27.93268521221894,0.054416416824676746,False,1,7,False,False
q5,27.93268521221894,0.054416416824676746,False,1,7,False,False
q5,27.93268521221894,0.054416416824676746,False,1,7,False,False
q5,27.93268521221894,0.054416416824676746,False,1,7,False,False
q5,27.93268521221894,0.054416416824676746,False,1,7,False,False
q5,27.93268521221894,0.054416416824676746,False,1,7,False,False
q5,27.93268521221894,0.054416416824676746,False,1,7,False,False
q5,27.93268521221894,0.054416416824676746,False,1,7,False,False
q5,27.93268521221894,0.054416416824676746,False,1,7,False,False
q5,27.93268521221894,0.054416416824676746,False,1,7,False,False
q5,27.93268521221894,0.054416416824676746,False,1,7,False,False
q5,27.93268521221894,0.054416416824676746,False,1,7,False,False
q5,27.93268521221894,0.054416416824676746,False,1,7,False,False
q5,27.93268521221894,0.054416416824676746,False,1,7,False,False
q5,27.93268521221894,0.054416416824676746,False,1,7,False,False
q5,27.93268521221894,0.054416416824676746,False,1,7,False,False
q5,27.93268521221894,0.054416416824676746,False,1,7,False,False
q5,27.93268521221894,0.054416416824676746,False,1,7,False,False
q5,27.93268521221894,0.054416416824676746,False,1,7,False,False
q5,27.93268521221894,0.054416416824676746,False,1,7,False,False
q5,27.93268521221894,0.054416416824676746,False,1,7,False,False
q5,27.93268521221894,0.054416416824676746,False,1,7,False,False
q5,27.93268521221894,0.054416416824676746,False,1,7,False,False
q5,27.93268521221894,0.054416416824676746,False,1,7,False,False
q5,27.93268521221894,0.054416416824676746,False,1,7,False,False
q5,27.93268521221894,0.054416416824676746,False,1,7,False,False
q5,27.93268521221894,0.054416416824676746,False,1,7,False,False
q5,27.93268521221894,0.054416416824676746,False,1,7,False,False
q5,27.93268521221894,0.054416416824676746,False,1,7,False,False
q5,27.93268521221894,0.054416416824676746,False,1,7,False,False
q5,27.93268521221894,0.054416416824676746,False,1,7,False,False
q5,27.93268521221894,0.054416416824676746,False,1,7,False,False
q5,27.93268521221894,0.054416416824676746,False,1,7,False,False
q5,27.93268521221894,0.054416416824676746,False,1,7,False,False
q5,27.93268521221894,0.054416416824676746,False,1,7,False,False
q5,27.93268521221894,0.054416416824676746,False,1,7,False,False
q5,27.93268521221894,0.054416416824676746,False,1,7,False,False
q5,27.93268521221894,0.054416416824676746,False,1,7,False,False
q5,27.93268521221894,0.054416416824676746,False,1,7,False,False
q5,27.93268521221894,0.054416416824676746,False,1,7,False,False
q5,27.93268521221894,0.054416416824676746,False,1,7,False,False
q5,27.93268521221894,0.054416416824676746,False,1,7,False,False
q5,27.93268521221894,0.054416416824676746,False,1,7,False,False
q5,27.93268521221894,0.054416416824676746,False,1,7,False,False
q5,27.93268521221894,0.054416416824676746,False,1,7,False,False
q5,27.93268521221894,0.054416416824676746,False,1,7,False,False
q5,27.93268521221894,0.054416416824676746,False,1,7,False,False
q5,27.93268521221894,0.054416416824676746,False,1,7,False,False
q5,27.93268521221894,0.054416416824676746,False,1,7,False,False
q5,27.93268521221894,0.054416416824676746,False,1,7,False,False
q5,27.93268521221894,0.054416416824676746,False,1,7,False,False
q5,27.93268521221894,0.054416416824676746,False,1,7,False,False
q5,28.105712162877506,0.054280498383812575,False,1,6,False,False
q5,28.105712162877506,0.054280498383812575,False,1,5,False,False
q5,28.105712162877506,0.054280498383812575,False,1,6,False,False
q5,28.105712162877506,0.054280498383812575,False,1,6,False,False
q5,28.105712162877506,0.054280498383812575,False,1,6,False,False
q5,28.105712162877506,0.054280498383812575,True,1,6,False,False
q5,27.624523428659945,0.05513414797650844,True,1,6,False,False
q5,28.551719721245593,0.054156825907046874,False,1,5,False,False
q5,29.477457927802742,0.05405302111646209,False,1,6,False,False
q5,30.666888891381124,0.05400115255309879,False,1,6,False,False
q5,26.02912319038319,0.08410527786634604,False,1,6,False,False
q5,26.385539974168058,0.08339883679609997,False,1,6,False,False
q5,22.086009439089597,0.0652160382164811,True,1,5,False,False
q5,27.93268521221894,0.054416416824676746,False,1,7,False,False
q5,27.93268521221894,0.054416416824676746,False,1,7,False,False
q5,27.93268521221894,0.054416416824676746,False,1,7,False,False
q5,28.01558032228459,0.05457678398664077,False,1,6,False,False
q5,28.089477045907106,0.054336257921372165,True,1,5,False,False
q5,28.398891685346275,0.05430422507004894,False,1,6,False,False
q5,28.817918190027175,0.05428824154795724,False,1,6,False,False
q5,27.507282210857948,0.06829487204244047,False,1,7,False,False
q5,27.93268521221894,0.054416416824676746,False,1,7,False,False
q5,27.93268521221894,0.054416416824676746,False,1,7,False,False
q5,27.93268521221894,0.054416416824676746,False,1,7,False,False
q5,27.93268521221894,0.054416416824676746,False,1,7,False,False
q5,27.93268521221894,0.054416416824676746,False,1,7,False,False
q5,27.93268521221894,0.054416416824676746,False,1,7,False,False
q5,27.93268521221894,0.054416416824676746,False,1,7,False,False
q5,27.93268521221894,0.054416416824676746,True,1,7,False,False
q5,27.657445404160892,0.0551609107852868,False,1,6,False,False
q5,28.782306490531138,0.05415062156829484,False,1,5,False,False
q5,30.396260428155657,0.05404446521792726,False,1,6,False,False
q5,33.65338724139138,0.053991698993386364,False,1,6,False,False
q5,33.65338724139138,0.053991698993386364,False,1,6,False,False
q5,33.65338724139138,0.053991698993386364,False,1,6,False,False
q5,26.804213488939073,0.08447706450825287,False,1,3,False,False
q5,27.071461880839855,0.08382379276222417,False,1,3,False,False
q5,28.630939405185284,0.05478819381682197,False,1,3,False,False
q5,22.82846035428889,0.0656410016041492,False,1,3,False,False
q5,22.82846035428889,0.0656410016041492,False,1,3,False,False
q5,25.567956273231914,0.060510953694118984,True,1,3,False,False
q5,23.524165594256292,0.06652305115655717,False,1,3,False,False
q5,22.66915806899252,0.06572116050745377,False,1,3,False,False
q5,23.139624519544768,0.06560896875282597,False,1,3,False,False
q5,23.559046383348743,0.06559298523073429,False,1,3,False,False
q5,22.24538293112414,0.07959961572521748,False,1,4,False,False
q5,22.66915806899252,0.06572116050745377,False,1,4,False,False
q5,22.66915806899252,0.06572116050745377,False,1,4,False,False
q5,22.66915806899252,0.06572116050745377,False,1,4,False,False
q5,22.66915806899252,0.06572116050745377,False,1,4,False,False
q5,22.66915806899252,0.06572116050745377,False,1,4,False,False
q5,22.66915806899252,0.06572116050745377,False,1,4,False,False
q5,22.66915806899252,0.06572116050745377,False,1,4,False,False
q5,23.402752625221083,0.064714506923856,False,1,4,False,False
q5,21.429150689555932,0.06647300647963357,True,1,4,False,False
q5,21.96238811534116,0.06588549944869454,False,1,4,False,False
q5,24.526816295976726,0.06561503573812415,False,1,4,False,False
q5,28.26394077556283,0.06556233267565911,False,1,4,False,False
q5,28.26394077556283,0.06556233267565911,False,1,4,False,False
q5,28.26394077556283,0.06556233267565911,False,1,4,False,False
q5,21.344760158320273,0.06667824337069193,False,1,5,False,False
q5,21.297896001952576,0.06654543003645154,False,1,5,False,False
q5,21.951392107374883,0.06643685316957769,False,1,5,False,False
q5,22.869584404305648,0.06642489734798632,False,1,5,False,False
q5,22.869584404305648,0.06642489734798632,False,1,5,False,False
q5,22.869584404305648,0.06642489734798632,False,1,5,False,False
q5,21.297896001952576,0.06654543003645154,False,1,6,False,False
q5,21.297896001952576,0.06654543003645154,False,1,6,False,False
q5,21.297896001952576,0.06654543003645154,False,1,6,False,False
q5,21.297896001952576,0.06654543003645154,False,1,6,False,False
q5,21.297896001952576,0.06654543003645154,False,1,6,False,False
q5,21.297896001952576,0.06654543003645154,False,1,6,False,False
q5,21.297896001952576,0.06654543003645154,False,1,6,False,False
q5,21.297896001952576,0.06654543003645154,False,1,6,False,False
q5,21.297896001952576,0.06654543003645154,False,1,6,False,False
q5,21.297896001952576,0.06654543003645154,False,1,6,False,False
q5,21.297896001952576,0.06654543003645154,False,1,6,False,False
q5,21.297896001952576,0.06654543003645154,False,1,6,False,False
q5,21.297896001952576,0.06654543003645154,False,1,6,False,False
q5,21.297896001952576,0.06654543003645154,False,1,6,False,False
q5,21.297896001952576,0.06654543003645154,False,1,6,False,False
q5,21.297896001952576,0.06654543003645154,False,1,6,False,False
q5,21.297896001952576,0.06654543003645154,False,1,6,False,False
q5,21.297896001952576,0.06654543003645154,False,1,6,False,False
q5,21.297896001952576,0.06654543003645154,False,1,6,False,False
q5,21.297896001952576,0.06654543003645154,False,1,6,False,False
q5,21.297896001952576,0.06654543003645154,False,1,6,False,False
q5,21.297896001952576,0.06654543003645154,False,1,6,False,False
q5,21.297896001952576,0.06654543003645154,False,1,6,False,False
q5,21.297896001952576,0.06654543003645154,False,1,6,False,False
q5,21.353327097337576,0.06654747776257035,False,2,5,False,False
q5,34.52498459875287,0.13184392506284,False,0,5,False,False
q5,21.297896001952576,0.06654543003645154,False,1,6,False,False
q5,21.297896001952576,0.06654543003645154,False,1,6,False,False
q5,21.297896001952576,0.06654543003645154,False,1,6,False,False
q5,21.297896001952576,0.06654543003645154,False,1,6,False,False
q5,21.297896001952576,0.06654543003645154,False,1,6,False,False
q5,21.297896001952576,0.06654543003645154,False,1,6,False,False
q5,21.297896001952576,0.06654543003645154,False,1,6,False,False
q5,21.297896001952576,0.06654543003645154,False,1,6,False,False
q5,21.297896001952576,0.06654543003645154,False,1,6,False,False
q5,21.297896001952576,0.06654543003645154,False,1,6,False,False
q5,21.297896001952576,0.06654543003645154,False,1,6,False,False
q5,21.297896001952576,0.06654543003645154,False,1,6,False,False
q5,21.297896001952576,0.06654543003645154,False,1,6,False,False
q5,21.297896001952576,0.06654543003645154,False,1,6,False,False
q5,21.297896001952576,0.06654543003645154,False,1,6,False,False
q5,21.297896001952576,0.06654543003645154,False,1,6,False,False
q5,21.297896001952576,0.06654543003645154,False,1,6,False,False
q5,21.297896001952576,0.06654543003645154,False,1,6,False,False
q5,21.297896001952576,0.06654543003645154,False,1,6,False,False
q5,21.297896001952576,0.06654543003645154,False,1,6,False,False
q5,21.297896001952576,0.06654543003645154,False,1,6,False,False
q5,21.297896001952576,0.06654543003645154,False,1,6,False,False
q5,21.297896001952576,0.06654543003645154,False,1,6,False,False
q5,21.297896001952576,0.06654543003645154,False,1,6,False,False
q5,21.297896001952576,0.06654543003645154,False,1,6,False,False
q5,21.297896001952576,0.06654543003645154,False,1,6,False,False
q5,21.297896001952576,0.06654543003645154,False,1,6,False,False
q5,21.297896001952576,0.06654543003645154,False,1,6,False,False
q5,21.297896001952576,0.06654543003645154,False,1,6,False,False
q5,21.297896001952576,0.06654543003645154,False,1,6,False,False
q5,21.297896001952576,0.06654543003645154,False,1,6,False,False
q5,21.297896001952576,0.06654543003645154,False,1,6,False,False
q5,21.297896001952576,0.06654543003645154,False,1,6,False,False
q5,21.297896001952576,0.06654543003645154,False,1,6,False,False
q5,21.297896001952576,0.06654543003645154,False,1,6,False,False
q5,21.297896001952576,0.06654543003645154,False,1,6,False,False
q5,21.297896001952576,0.06654543003645154,False,1,6,False,False
q5,21.297896001952576,0.06654543003645154,False,1,6,False,False
q5,21.297896001952576,0.06654543003645154,False,1,6,False,False
q5,21.297896001952576,0.06654543003645154,False,1,6,False,False
q5,21.297896001952576,0.06654543003645154,False,1,6,False,False
q5,21.297896001952576,0.06654543003645154,False,1,6,False,False
q5,21.297896001952576,0.06654543003645154,False,1,6,False,False
q5,21.297896001952576,0.06654543003645154,False,1,6,False,False
q5,21.297896001952576,0.06654543003645154,False,1,6,False,False
q5,21.297896001952576,0.06654543003645154,False,1,6,False,False
q5,21.297896001952576,0.06654543003645154,False,1,6,False,False
q5,21.297896001952576,0.06654543003645154,False,1,6,False,False
q5,21.297896001952576,0.06654543003645154,False,1,6,False,False
q5,21.297896001952576,0.06654543003645154,False,1,6,False,False
q5,21.297896001952576,0.06654543003645154,False,1,6,False,False
q5,21.297896001952576,0.06654543003645154,False,1,6,False,False
q5,21.297896001952576,0.06654543003645154,False,1,6,False,False
q5,21.297896001952576,0.06654543003645154,False,1,6,False,False
q5,21.470922952611144,0.06640951159558738,False,1,5,False,False
q5,21.470922952611144,0.06640951159558738,False,1,4,False,False
q5,21.470922952611144,0.06640951159558738,False,1,5,False,False
q5,21.470922952611144,0.06640951159558738,False,1,5,False,False
q5,21.470922952611144,0.06640951159558738,False,1,5,False,False
q5,21.470922952611144,0.06640951159558738,True,1,5,False,False
q5,21.58473778571028,0.0687764988164493,False,1,6,False,False
q5,21.080544605976872,0.0677070852029506,False,1,6,False,False
q5,21.615468302753705,0.06585033849892494,False,1,6,False,False
q5,22.568185205157093,0.06515524735044304,False,1,6,False,False
q5,22.568185205157093,0.06515524735044304,False,1,6,False,False
q5,22.568185205157093,0.06515524735044304,False,1,6,False,False
q5,21.606057785511567,0.06582769888461984,True,1,5,False,False
q5,22.22509229453822,0.06556810796698997,False,1,4,False,False
q5,23.15083050109537,0.06546430317640518,False,1,5,False,False
q5,24.340261464673755,0.06541243461304189,False,1,5,False,False
q5,25.37521323112615,0.08534039876855273,False,1,6,False,False
q5,25.646527991553356,0.08468712753383607,False,1,6,False,False
q5,27.321724593546097,0.05569753749907391,True,1,6,False,False
q5,21.297896001952576,0.06654543003645154,False,1,6,False,False
q5,21.297896001952576,0.06654543003645154,False,1,6,False,False
q5,24.239784365097652,0.061461402219955434,True,1,6,True,False
q5,22.152614518063523,0.06734732068555492,False,1,5,False,False
q5,21.45468783564074,0.06646527113314694,True,1,4,False,False
q5,21.76410247507991,0.06643323828182372,False,1,5,False,False
q5,22.183128979760813,0.06641725475973204,False,1,5,False,False
q5,20.87249300059159,0.08042388525421526,True,1,6,False,False
q5,21.297896001952576,0.06654543003645154,False,1,6,False,False
q5,21.297896001952576,0.06654543003645154,False,1,6,False,False
q5,21.297896001952576,0.06654543003645154,False,1,6,False,False
q5,21.297896001952576,0.06654543003645154,False,1,6,False,False
q5,21.297896001952576,0.06654543003645154,False,1,6,False,False
q5,21.297896001952576,0.06654543003645154,False,1,6,False,False
q5,21.297896001952576,0.06654543003645154,True,1,6,False,False
q5,22.23137541928547,0.0655847965463879,False,1,6,False,False
q5,21.777847651545105,0.06593376936831279,False,1,5,False,False
q5,22.66915806899252,0.06572116050745377,False,1,4,False,False
q5,24.526816295976726,0.06561503573812415,False,1,5,False,False
q5,28.26394077556283,0.06556233267565911,False,1,5,False,False
q5,28.26394077556283,0.06556233267565911,False,1,5,False,False
q5,28.26394077556283,0.06556233267565911,False,1,5,False,False
q5,21.461339478524383,0.06712068117754827,False,1,6,False,False
q5,22.08628627212383,0.06691301158154465,False,1,5,False,False
q5,23.109728343541526,0.0668092069871864,False,1,6,False,False
q5,24.421289138195593,0.06675733866910626,False,1,6,False,False
q5,25.15786183515044,0.08650205393505181,False,1,7,False,False
q5,25.42917659557765,0.08584878270033515,False,1,7,False,False
q5,27.104373197570393,0.05685919266557299,True,1,7,False,False
q5,21.080544605976872,0.0677070852029506,False,1,7,False,False
q5,21.080544605976872,0.0677070852029506,False,1,7,False,False
q5,24.022432969121947,0.06262305738645452,True,1,7,False,False
q5,21.6892531731974,0.0682844456477158,False,1,6,False,False
q5,21.238378696649328,0.06759485506082455,True,1,5,False,False
q5,21.547793336088496,0.06756282220950131,False,1,6,False,False
q5,21.9668198407694,0.06754683868740963,False,1,6,False,False
q5,20.626467644276378,0.08158553684601078,False,1,7,False,False
q5,21.080544605976872,0.0677070852029506,False,1,7,False,False
q5,21.080544605976872,0.0677070852029506,False,1,7,False,False
q5,21.080544605976872,0.0677070852029506,False,1,7,False,False
q5,21.080544605976872,0.0677070852029506,False,1,7,False,False
q5,21.080544605976872,0.0677070852029506,False,1,7,False,False
q5,21.080544605976872,0.0677070852029506,False,1,7,False,False
q5,21.080544605976872,0.0677070852029506,False,1,7,False,False
q5,22.014024023309766,0.06674645171288696,False,1,7,False,False
q5,21.559738012047863,0.06709542453481186,False,1,6,False,False
q5,22.451806673016815,0.06688281567395284,False,1,5,False,False
q5,24.30946490000102,0.06677669090462322,False,1,6,False,False
q5,28.04657136839112,0.06672398784215818,False,1,6,False,False
q5,28.04657136839112,0.06672398784215818,False,1,6,False,False
q5,28.04657136839112,0.06672398784215818,False,1,6,False,False
q5,21.12740876234457,0.06783989853719101,False,1,6,False,False
q5,21.211799293580228,0.06763466164613265,True,1,5,False,False
q5,21.734040711399178,0.06759850833607677,False,1,6,False,False
q5,22.652233008329944,0.06758655251448539,False,1,6,False,False
q5,22.652233008329944,0.06758655251448539,False,1,6,False,False
q5,22.652233008329944,0.06758655251448539,False,1,6,False,False
q5,21.080544605976872,0.0677070852029506,False,1,7,False,False
q5,21.080544605976872,0.0677070852029506,False,1,7,False,False
q5,21.080544605976872,0.0677070852029506,False,1,7,False,False
q5,21.080544605976872,0.0677070852029506,False,1,7,False,False
q5,21.080544605976872,0.0677070852029506,False,1,7,False,False
q5,21.080544605976872,0.0677070852029506,False,1,7,False,False
q5,21.080544605976872,0.0677070852029506,False,1,7,False,False
q5,21.080544605976872,0.0677070852029506,False,1,7,False,False
q5,21.080544605976872,0.0677070852029506,False,1,7,False,False
q5,21.080544605976872,0.0677070852029506,False,1,7,False,False
q5,21.080544605976872,0.0677070852029506,False,1,7,False,False
q5,21.080544605976872,0.0677070852029506,False,1,7,False,False
q5,21.080544605976872,0.0677070852029506,False,1,7,False,False
q5,21.080544605976872,0.0677070852029506,False,1,7,False,False
q5,21.080544605976872,0.0677070852029506,False,1,7,False,False
q5,21.080544605976872,0.0677070852029506,False,1,7,False,False
q5,21.080544605976872,0.0677070852029506,False,1,7,False,False
q5,21.080544605976872,0.0677070852029506,False,1,7,False,False
q5,21.080544605976872,0.0677070852029506,False,1,7,False,False
q5,21.080544605976872,0.0677070852029506,False,1,7,False,False
q5,21.080544605976872,0.0677070852029506,False,1,7,False,False
q5,21.080544605976872,0.0677070852029506,False,1,7,False,False
q5,21.080544605976872,0.0677070852029506,False,1,7,False,False
q5,21.080544605976872,0.0677070852029506,False,1,7,False,False
q5,21.135975701361872,0.06770913292907013,False,2,6,False,False
q5,34.46776641870853,0.13287388213489687,False,0,6,False,False
q5,21.080544605976872,0.0677070852029506,False,1,7,False,False
q5,21.080544605976872,0.0677070852029506,False,1,7,False,False
q5,21.080544605976872,0.0677070852029506,False,1,7,False,False
q5,21.080544605976872,0.0677070852029506,False,1,7,False,False
q5,21.080544605976872,0.0677070852029506,False,1,7,False,False
q5,21.080544605976872,0.0677070852029506,False,1,7,False,False
q5,21.080544605976872,0.0677070852029506,False,1,7,False,False
q5,21.080544605976872,0.0677070852029506,False,1,7,False,False
q5,21.080544605976872,0.0677070852029506,False,1,7,False,False
q5,21.080544605976872,0.0677070852029506,False,1,7,False,False
q5,21.080544605976872,0.0677070852029506,False,1,7,False,False
q5,21.080544605976872,0.0677070852029506,False,1,7,False,False
q5,21.080544605976872,0.0677070852029506,False,1,7,False,False
q5,21.080544605976872,0.0677070852029506,False,1,7,False,False
q5,21.080544605976872,0.0677070852029506,False,1,7,False,False
q5,21.080544605976872,0.0677070852029506,False,1,7,False,False
q5,21.080544605976872,0.0677070852029506,False,1,7,False,False
q5,21.080544605976872,0.0677070852029506,False,1,7,False,False
q5,21.080544605976872,0.0677070852029506,False,1,7,False,False
q5,21.080544605976872,0.0677070852029506,False,1,7,False,False
q5,21.080544605976872,0.0677070852029506,False,1,7,False,False
q5,21.080544605976872,0.0677070852029506,False,1,7,False,False
q5,21.080544605976872,0.0677070852029506,False,1,7,False,False
q5,21.080544605976872,0.0677070852029506,False,1,7,False,False
q5,21.080544605976872,0.0677070852029506,False,1,7,False,False
q5,21.080544605976872,0.0677070852029506,False,1,7,False,False
q5,21.080544605976872,0.0677070852029506,False,1,7,False,False
q5,21.080544605976872,0.0677070852029506,False,1,7,False,False
q5,21.080544605976872,0.0677070852029506,False,1,7,False,False
q5,21.080544605976872,0.0677070852029506,False,1,7,False,False
q5,21.080544605976872,0.0677070852029506,False,1,7,False,False
q5,21.080544605976872,0.0677070852029506,False,1,7,False,False
q5,21.080544605976872,0.0677070852029506,False,1,7,False,False
q5,21.080544605976872,0.0677070852029506,False,1,7,False,False
q5,21.080544605976872,0.0677070852029506,False,1,7,False,False
q5,21.080544605976872,0.0677070852029506,False,1,7,False,False
q5,21.080544605976872,0.0677070852029506,False,1,7,False,False
q5,21.080544605976872,0.0677070852029506,False,1,7,False,False
q5,21.080544605976872,0.0677070852029506,False,1,7,False,False
q5,21.080544605976872,0.0677070852029506,False,1,7,False,False
q5,21.080544605976872,0.0677070852029506,False,1,7,False,False
q5,21.080544605976872,0.0677070852029506,False,1,7,False,False
q5,21.080544605976872,0.0677070852029506,False,1,7,False,False
q5,21.080544605976872,0.0677070852029506,False,1,7,False,False
q5,21.080544605976872,0.0677070852029506,False,1,7,False,False
q5,21.080544605976872,0.0677070852029506,False,1,7,False,False
q5,21.080544605976872,0.0677070852029506,False,1,7,False,False
q5,21.080544605976872,0.0677070852029506,False,1,7,False,False
q5,21.080544605976872,0.0677070852029506,False,1,7,False,False
q5,21.080544605976872,0.0677070852029506,False,1,7,False,False
q5,21.080544605976872,0.0677070852029506,False,1,7,False,False
q5,21.080544605976872,0.0677070852029506,False,1,7,False,False
q5,21.080544605976872,0.0677070852029506,False,1,7,False,False
q5,21.080544605976872,0.0677070852029506,True,1,7,False,False
q5,21.253571556635436,0.06757116676208642,False,1,6,False,False
q5,21.253571556635436,0.06757116676208642,False,1,5,False,False
q5,21.253571556635436,0.06757116676208642,False,1,6,False,False
q5,21.253571556635436,0.06757116676208642,False,1,6,False,False
q5,21.253571556635436,0.06757116676208642,False,1,6,False,False
q5,21.253571556635436,0.06757116676208642,True,1,6,False,False
q5,22.61218932292581,0.0667705855318268,False,1,3,False,False
q5,22.984875592709653,0.06623228745066863,False,1,3,False,False
q5,24.48564100200144,0.06598493745818865,False,1,3,False,False
q5,25.797206587470065,0.0659330691401085,False,1,3,False,False
q5,26.587904368233865,0.08560664843593047,False,1,4,False,False
q5,26.855152760134644,0.08495337668990174,False,1,4,False,False
q5,28.41463028448008,0.05591777774449955,False,1,4,False,False
q5,22.61218932292581,0.0667705855318268,False,1,4,False,False
q5,22.61218932292581,0.0667705855318268,False,1,4,False,False
q5,25.351647152526702,0.06164053762179659,False,1,4,False,False
q5,23.060804111582698,0.06746017611871805,False,1,4,False,False
q5,22.451806673016815,0.06688281567395284,False,1,4,False,False
q5,22.923353488181686,0.06673855268050356,False,1,4,False,False
q5,23.342737262643535,0.06672256915841188,False,1,4,False,False
q5,21.998977866985594,0.080761267317013,False,1,5,False,False
q5,22.451806673016815,0.06688281567395284,False,1,5,False,False
q5,22.451806673016815,0.06688281567395284,False,1,5,False,False
q5,22.451806673016815,0.06688281567395284,False,1,5,False,False
q5,22.451806673016815,0.06688281567395284,False,1,5,False,False
q5,22.451806673016815,0.06688281567395284,False,1,5,False,False
q5,22.451806673016815,0.06688281567395284,False,1,5,False,False
q5,22.451806673016815,0.06688281567395284,False,1,5,False,False
q5,23.185400769446503,0.06587616209035507,False,1,5,False,False
q5,21.745036259566575,0.0670471546151936,False,1,5,False,False
q5,24.30946490000102,0.06677669090462322,False,1,5,False,False
q5,28.04657136839112,0.06672398784215818,False,1,5,False,False
q5,28.04657136839112,0.06672398784215818,False,1,5,False,False
q5,28.04657136839112,0.06672398784215818,False,1,5,False,False
q5,23.23710851191481,0.08475980204657582,False,1,6,False,False
q5,21.998977866985594,0.080761267317013,False,1,6,False,False
q5,22.73144866927811,0.07975461373341523,False,1,6,False,False
q5,20.757722331879734,0.0815131132891928,True,1,6,False,False
q5,21.29108415939818,0.08092560625825376,False,1,6,False,False
q5,23.85296624515188,0.08065514254768338,False,1,6,False,False
q5,27.593339501473263,0.08060243948521835,False,1,6,False,False
q5,27.593339501473263,0.08060243948521835,False,1,6,False,False
q5,27.593339501473263,0.08060243948521835,False,1,6,False,False
q5,20.673331800644075,0.08171835018025116,False,1,7,False,False
q5,21.279963749698684,0.08147695997913693,False,1,7,False,False
q5,22.19815604662945,0.08146500415754555,False,1,7,False,False
q5,22.19815604662945,0.08146500415754555,False,1,7,False,False
q5,22.19815604662945,0.08146500415754555,False,1,7,False,False
q5,20.626467644276378,0.08158553684601078,False,1,8,False,False
q5,20.626467644276378,0.08158553684601078,False,1,8,False,False
q5,20.626467644276378,0.08158553684601078,False,1,8,False,False
q5,20.626467644276378,0.08158553684601078,False,1,8,False,False
q5,20.626467644276378,0.08158553684601078,False,1,8,False,False
q5,20.626467644276378,0.08158553684601078,False,1,8,False,False
q5,20.626467644276378,0.08158553684601078,False,1,8,False,False
q5,20.626467644276378,0.08158553684601078,False,1,8,False,False
q5,20.626467644276378,0.08158553684601078,False,1,8,False,False
q5,20.626467644276378,0.08158553684601078,False,1,8,False,False
q5,20.626467644276378,0.08158553684601078,False,1,8,False,False
q5,20.626467644276378,0.08158553684601078,False,1,8,False,False
q5,20.626467644276378,0.08158553684601078,False,1,8,False,False
q5,20.626467644276378,0.08158553684601078,False,1,8,False,False
q5,20.626467644276378,0.08158553684601078,False,1,8,False,False
q5,20.626467644276378,0.08158553684601078,False,1,8,False,False
q5,20.626467644276378,0.08158553684601078,False,1,8,False,False
q5,20.626467644276378,0.08158553684601078,False,1,8,False,False
q5,20.626467644276378,0.08158553684601078,False,1,8,False,False
q5,20.626467644276378,0.08158553684601078,False,1,8,False,False
q5,20.626467644276378,0.08158553684601078,False,1,8,False,False
q5,20.626467644276378,0.08158553684601078,False,1,8,False,False
q5,20.626467644276378,0.08158553684601078,False,1,8,False,False
q5,20.626467644276378,0.08158553684601078,False,1,8,False,False
q5,20.681898739661378,0.08158758457213175,False,2,7,False,False
q5,32.6679395145806,0.22275075282642676,False,0,7,False,False
q5,20.626467644276378,0.08158553684601078,False,1,8,False,False
q5,20.626467644276378,0.08158553684601078,False,1,8,False,False
q5,20.626467644276378,0.08158553684601078,False,1,8,False,False
q5,20.626467644276378,0.08158553684601078,False,1,8,False,False
q5,20.626467644276378,0.08158553684601078,False,1,8,False,False
q5,20.626467644276378,0.08158553684601078,False,1,8,False,False
q5,20.626467644276378,0.08158553684601078,False,1,8,False,False
q5,20.626467644276378,0.08158553684601078,False,1,8,False,False
q5,20.626467644276378,0.08158553684601078,False,1,8,False,False
q5,20.626467644276378,0.08158553684601078,False,1,8,False,False
q5,20.626467644276378,0.08158553684601078,False,1,8,False,False
q5,20.626467644276378,0.08158553684601078,False,1,8,False,False
q5,20.626467644276378,0.08158553684601078,False,1,8,False,False
q5,20.626467644276378,0.08158553684601078,False,1,8,False,False
q5,20.626467644276378,0.08158553684601078,False,1,8,False,False
q5,20.626467644276378,0.08158553684601078,False,1,8,False,False
q5,20.626467644276378,0.08158553684601078,False,1,8,False,False
q5,20.626467644276378,0.08158553684601078,False,1,8,False,False
q5,20.626467644276378,0.08158553684601078,False,1,8,False,False
q5,20.626467644276378,0.08158553684601078,False,1,8,False,False
q5,20.626467644276378,0.08158553684601078,False,1,8,False,False
q5,20.626467644276378,0.08158553684601078,False,1,8,False,False
q5,20.626467644276378,0.08158553684601078,False,1,8,False,False
q5,20.626467644276378,0.08158553684601078,False,1,8,False,False
q5,20.626467644276378,0.08158553684601078,False,1,8,False,False
q5,20.626467644276378,0.08158553684601078,False,1,8,False,False
q5,20.626467644276378,0.08158553684601078,False,1,8,False,False
q5,20.626467644276378,0.08158553684601078,False,1,8,False,False
q5,20.626467644276378,0.08158553684601078,False,1,8,False,False
q5,20.626467644276378,0.08158553684601078,False,1,8,False,False
q5,20.626467644276378,0.08158553684601078,False,1,8,False,False
q5,20.626467644276378,0.08158553684601078,False,1,8,False,False
q5,20.626467644276378,0.08158553684601078,False,1,8,False,False
q5,20.626467644276378,0.08158553684601078,False,1,8,False,False
q5,20.626467644276378,0.08158553684601078,False,1,8,False,False
q5,20.626467644276378,0.08158553684601078,False,1,8,False,False
q5,20.626467644276378,0.08158553684601078,False,1,8,False,False
q5,20.626467644276378,0.08158553684601078,False,1,8,False,False
q5,20.626467644276378,0.08158553684601078,False,1,8,False,False
q5,20.626467644276378,0.08158553684601078,False,1,8,False,False
q5,20.626467644276378,0.08158553684601078,False,1,8,False,False
q5,20.626467644276378,0.08158553684601078,False,1,8,False,False
q5,20.626467644276378,0.08158553684601078,False,1,8,False,False
q5,20.626467644276378,0.08158553684601078,False,1,8,False,False
q5,20.626467644276378,0.08158553684601078,False,1,8,False,False
q5,20.626467644276378,0.08158553684601078,False,1,8,False,False
q5,20.626467644276378,0.08158553684601078,False,1,8,False,False
q5,20.626467644276378,0.08158553684601078,False,1,8,False,False
q5,20.626467644276378,0.08158553684601078,False,1,8,False,False
q5,20.626467644276378,0.08158553684601078,False,1,8,False,False
q5,20.626467644276378,0.08158553684601078,False,1,8,False,False
q5,20.626467644276378,0.08158553684601078,False,1,8,False,False
q5,20.626467644276378,0.08158553684601078,False,1,8,False,False
q5,20.626467644276378,0.08158553684601078,False,1,8,False,False
q5,20.79949459493494,0.08144961840514661,False,1,7,False,False
q5,20.79949459493494,0.08144961840514661,False,1,6,False,False
q5,20.79949459493494,0.08144961840514661,False,1,7,False,False
q5,20.79949459493494,0.08144961840514661,False,1,7,False,False
q5,20.79949459493494,0.08144961840514661,False,1,7,False,False
q5,20.79949459493494,0.08144961840514661,True,1,7,False,False
q5,21.14499780417954,0.08265495224686126,False,1,7,False,False
q5,21.190065301392718,0.07972879371668867,False,1,7,False,False
q5,22.142782203796106,0.07903370256820677,False,1,7,False,False
q5,22.142782203796106,0.07903370256820677,False,1,7,False,False
q5,22.142782203796106,0.07903370256820677,False,1,7,False,False
q5,21.05027345733315,0.08099913818266377,False,1,7,False,False
q5,21.73256817161161,0.08079147573606729,False,1,6,False,False
q5,22.784684203368816,0.08068767471641261,False,1,7,False,False
q5,24.188258768193375,0.07369656374753558,False,1,7,False,False
q5,24.703784873449948,0.10038050557811197,False,1,8,False,False
q5,24.975099633877157,0.09972723434339531,False,1,8,False,False
q5,26.6502962358699,0.07073764430863316,False,1,8,False,False
q5,20.626467644276378,0.08158553684601078,False,1,8,False,False
q5,20.626467644276378,0.08158553684601078,False,1,8,False,False
q5,23.568356007421453,0.07650150902951468,False,1,8,False,False
q5,20.719169786917863,0.08216283294611182,False,1,7,False,False
q5,20.88466059613711,0.08147331921534717,False,1,6,False,False
q5,21.222749195915785,0.08144128993872751,False,1,7,False,False
q5,21.73378947076718,0.07448606376583894,False,1,7,False,False
q5,21.15546486686263,0.08548965022931619,False,1,8,False,False
q5,20.626467644276378,0.08158553684601078,True,1,8,False,False
q5,21.55994706160927,0.08062490335594714,False,1,8,False,False
q5,21.106543695602127,0.08097387617787204,False,1,7,False,False
q5,21.998977866985594,0.080761267317013,False,1,6,False,False
q5,23.85296624515188,0.08065514254768338,False,1,7,False,False
q5,27.593339501473263,0.08060243948521835,False,1,7,False,False
q5,27.593339501473263,0.08060243948521835,False,1,7,False,False
q5,27.593339501473263,0.08060243948521835,False,1,7,False,False
q7,19.738922884736493,0.045427186162219454,False,1,0,False,True
q7,48.146564285924555,0.23548223205130453,False,0,0,False,False
q7,19.738922884736493,0.045427186162219454,False,1,1,False,False
q7,19.738922884736493,0.045427186162219454,False,1,1,False,False
q7,19.738922884736493,0.045427186162219454,False,1,1,False,False
q7,19.738922884736493,0.045427186162219454,False,1,1,False,False
q7,19.738922884736493,0.045427186162219454,False,1,1,False,False
q7,19.738922884736493,0.045427186162219454,False,1,1,False,False
q7,19.738922884736493,0.045427186162219454,False,1,1,False,False
q7,19.738922884736493,0.045427186162219454,False,1,1,False,False
q7,19.738922884736493,0.045427186162219454,False,1,1,False,False
q7,19.738922884736493,0.045427186162219454,False,1,1,False,False
q7,19.738922884736493,0.045427186162219454,False,1,1,False,False
q7,19.738922884736493,0.045427186162219454,False,1,1,False,False
q7,19.738922884736493,0.045427186162219454,False,1,1,False,False
q7,19.738922884736493,0.045427186162219454,False,1,1,False,False
q7,19.738922884736493,0.045427186162219454,False,1,1,False,False
q7,19.738922884736493,0.045427186162219454,False,1,1,False,False
q7,19.738922884736493,0.045427186162219454,False,1,1,False,False
q7,19.738922884736493,0.045427186162219454,False,1,1,False,False
q7,19.738922884736493,0.045427186162219454,False,1,1,False,False
q7,19.738922884736493,0.045427186162219454,False,1,1,False,False
q7,19.738922884736493,0.045427186162219454,False,1,1,False,False
q7,19.738922884736493,0.045427186162219454,False,1,1,False,False
q7,19.738922884736493,0.045427186162219454,False,1,1,False,False
q7,19.738922884736493,0.045427186162219454,False,1,1,False,False
q7,19.738922884736493,0.045427186162219454,False,1,1,False,False
q7,19.738922884736493,0.045427186162219454,False,1,1,False,False
q7,19.738922884736493,0.045427186162219454,False,1,1,False,False
q7,19.738922884736493,0.045427186162219454,False,1,1,False,False
q7,19.738922884736493,0.045427186162219454,False,1,1,False,False
q7,19.738922884736493,0.045427186162219454,False,1,1,False,False
q7,19.738922884736493,0.045427186162219454,False,1,1,False,False
q7,19.738922884736493,0.045427186162219454,False,1,1,False,False
q7,19.738922884736493,0.045427186162219454,False,1,1,False,False
q7,19.738922884736493,0.045427186162219454,False,1,1,False,False
q7,19.738922884736493,0.045427186162219454,False,1,1,False,False
q7,19.738922884736493,0.045427186162219454,False,1,1,False,False
q7,20.314707309211943,0.05193672651183707,False,1,1,False,False
q7,19.342633143310184,0.04875549088515954,False,1,1,False,False
q7,20.62534983328923,0.044002482284653824,False,1,1,False,False
q7,23.377800130011746,0.04257781736680176,False,1,1,False,False
q7,23.377800130011746,0.04257781736680176,False,1,1,False,False
q7,23.377800130011746,0.04257781736680176,False,1,1,False,False
q7,23.377800130011746,0.04257781736680176,False,1,2,False,False
q7,23.377800130011746,0.04257781736680176,False,1,2,False,False
q7,23.377800130011746,0.04257781736680176,False,1,2,False,False
q7,23.377800130011746,0.04257781736680176,False,1,2,False,False
q7,23.83209985449047,0.052872351794494385,False,1,2,False,False
q7,23.988524705702762,0.05244722601132618,False,1,2,False,False
q7,24.52137011663712,0.040571173174290605,False,1,2,False,False
q7,22.96464644400309,0.03682751191155016,False,1,2,False,False
q7,22.96464644400309,0.03682751191155016,False,1,3,False,False
q7,22.96464644400309,0.03682751191155016,False,1,3,False,False
q7,23.314251048232574,0.03197249154497251,False,1,3,False,False
q7,23.314251048232574,0.03197249154497251,False,1,4,False,False
q7,23.314251048232574,0.03197249154497251,False,1,4,False,False
q7,23.314251048232574,0.03197249154497251,False,1,4,False,False
q7,23.314251048232574,0.03197249154497251,False,1,4,False,False
q7,22.877816900460356,0.05221349698931316,False,1,4,False,False
q7,23.132398697945337,0.03450260901639561,False,1,4,False,False
q7,23.314251048232574,0.03197249154497251,False,1,4,False,False
q7,23.314251048232574,0.03197249154497251,False,1,4,False,False
q7,22.575825740786282,0.03254030079737998,True,1,4,False,False
q7,22.839353073661115,0.03213470521469477,True,1,4,False,False
q7,24.624262844361045,0.031862301578946185,True,1,4,False,False
q7,27.280246453562455,0.031807340920323904,False,1,4,False,False
q7,27.280246453562455,0.031807340920323904,False,1,5,False,False
q7,27.280246453562455,0.031807340920323904,False,1,5,False,False
q7,27.280246453562455,0.031807340920323904,False,1,5,False,False
q7,27.280246453562455,0.031807340920323904,False,1,5,False,False
q7,27.280246453562455,0.031807340920323904,False,1,5,False,False
q7,27.280246453562455,0.031807340920323904,False,1,5,False,False
q7,27.280246453562455,0.031807340920323904,False,1,5,False,False
q7,27.280246453562455,0.031807340920323904,False,1,5,False,False
q7,27.280246453562455,0.031807340920323904,False,1,5,False,False
q7,27.280246453562455,0.031807340920323904,False,1,5,False,False
q7,27.280246453562455,0.031807340920323904,False,1,5,False,False
q7,27.280246453562455,0.031807340920323904,False,1,5,False,False
q7,27.280246453562455,0.031807340920323904,False,1,5,False,False
q7,27.280246453562455,0.031807340920323904,False,1,5,False,False
q7,27.280246453562455,0.031807340920323904,False,1,5,False,False
q7,27.280246453562455,0.031807340920323904,False,1,5,False,False
q7,27.280246453562455,0.031807340920323904,False,1,5,False,False
q7,27.280246453562455,0.031807340920323904,False,1,5,False,False
q7,27.280246453562455,0.031807340920323904,False,1,5,False,False
q7,27.280246453562455,0.031807340920323904,False,1,5,False,False
q7,27.280246453562455,0.031807340920323904,False,1,5,False,False
q7,27.280246453562455,0.031807340920323904,False,1,5,False,False
q7,27.280246453562455,0.031807340920323904,False,1,5,False,False
q7,27.280246453562455,0.031807340920323904,True,1,5,False,False
q7,27.433162545880027,0.03179399358635933,True,1,5,False,False
q7,27.91807484676175,0.03178066912114812,False,1,5,False,False
q7,27.91807484676175,0.03178066912114812,False,1,5,False,False
q7,27.91807484676175,0.03178066912114812,False,1,5,False,False
q7,27.91807484676175,0.03178066912114812,False,1,6,False,False
q7,27.91807484676175,0.03178066912114812,False,1,6,False,False
q7,27.91807484676175,0.03178066912114812,False,1,6,False,False
q7,27.91807484676175,0.03178066912114812,False,1,6,False,False
q7,27.91807484676175,0.03178066912114812,False,1,6,False,False
q7,27.91807484676175,0.03178066912114812,False,1,6,False,False
q7,27.91807484676175,0.03178066912114812,False,1,6,False,False
q7,27.91807484676175,0.03178066912114812,False,1,6,False,False
q7,27.91807484676175,0.03178066912114812,False,1,6,False,False
q7,27.91807484676175,0.03178066912114812,False,1,6,False,False
q7,27.91807484676175,0.03178066912114812,False,1,6,False,False
q7,27.91807484676175,0.03178066912114812,False,1,6,False,False
q7,27.91807484676175,0.03178066912114812,False,1,6,False,False
q7,27.91807484676175,0.03178066912114812,False,1,6,False,False
q7,27.91807484676175,0.03178066912114812,False,1,6,False,False
q7,27.91807484676175,0.03178066912114812,False,1,6,False,False
q7,27.91807484676175,0.03178066912114812,False,1,6,False,False
q7,27.91807484676175,0.03178066912114812,False,1,6,False,False
q7,27.91807484676175,0.03178066912114812,False,1,6,False,False
q7,27.91807484676175,0.03178066912114812,False,1,6,False,False
q7,27.91807484676175,0.03178066912114812,False,1,6,False,False
q7,27.91807484676175,0.03178066912114812,False,1,6,False,False
q7,27.91807484676175,0.03178066912114812,False,1,6,False,False
q7,27.91807484676175,0.03178066912114812,False,1,6,False,False
q7,27.91807484676175,0.03178066912114812,False,1,6,False,False
q7,27.91807484676175,0.03178066912114812,False,1,6,False,False
q7,27.91807484676175,0.03178066912114812,False,1,6,False,False
q7,27.91807484676175,0.03178066912114812,False,1,6,False,False
q7,27.91807484676175,0.03178066912114812,False,1,6,False,False
q7,27.91807484676175,0.03178066912114812,False,1,6,False,False
q7,27.91807484676175,0.03178066912114812,False,1,6,False,False
q7,27.91807484676175,0.03178066912114812,False,1,6,False,False
q7,27.91807484676175,0.03178066912114812,False,1,6,False,False
q7,27.91807484676175,0.03178066912114812,False,1,6,False,False
q7,27.91807484676175,0.03178066912114812,False,1,6,False,False
q7,27.91807484676175,0.03178066912114812,False,1,6,False,False
q7,27.91807484676175,0.03178066912114812,False,1,6,False,False
q7,27.91807484676175,0.03178066912114812,False,1,6,False,False
q7,27.91807484676175,0.03178066912114812,False,1,6,False,False
q7,27.91807484676175,0.03178066912114812,False,1,6,False,False
q7,27.91807484676175,0.03178066912114812,False,1,6,False,False
q7,27.91807484676175,0.03178066912114812,False,1,6,False,False
q7,27.91807484676175,0.03178066912114812,False,1,6,False,False
q7,27.91807484676175,0.03178066912114812,False,1,6,False,False
q7,27.91807484676175,0.03178066912114812,False,1,6,False,False
q7,27.91807484676175,0.03178066912114812,False,1,6,False,False
q7,27.91807484676175,0.03178066912114812,False,1,6,False,False
q7,27.91807484676175,0.03178066912114812,False,1,6,False,False
q7,24.854362754880437,0.04113957826618344,False,1,5,False,False
q7,23.88213040052195,0.03795834263950591,False,1,5,False,False
q7,24.278578330404986,0.03463003791656582,False,1,4,False,False
q7,25.16531963345938,0.033205334039000195,False,1,5,False,False
q7,27.91807484676175,0.03178066912114812,False,1,5,False,False
q7,27.91807484676175,0.03178066912114812,False,1,5,False,False
q7,27.91807484676175,0.03178066912114812,False,1,6,False,False
q7,27.91807484676175,0.03178066912114812,False,1,6,False,False
q7,27.91807484676175,0.03178066912114812,False,1,6,False,False
q7,27.91807484676175,0.03178066912114812,False,1,6,False,False
q7,29.10404130651315,0.04799093296445886,False,1,5,False,False
q7,29.307086792788798,0.04749651659730038,False,1,5,False,False
q7,28.40652512385476,0.03762709530553223,False,1,4,False,False
q7,29.511550233790008,0.035524331987575264,False,1,5,False,False
q7,27.915690613437384,0.036635713034717715,False,1,5,False,False
q7,27.915690613437384,0.036635713034717715,False,1,5,False,False
q7,27.915690613437384,0.036635713034717715,False,1,4,False,False
q7,27.91807484676175,0.03178066912114812,False,1,6,False,False
q7,27.91807484676175,0.03178066912114812,False,1,6,False,False
q7,27.91807484676175,0.03178066912114812,False,1,6,False,False
q7,27.91807484676175,0.03178066912114812,False,1,6,False,False
q7,27.482189474386292,0.052021674565488785,False,1,6,False,False
q7,27.73645594160531,0.034310786592571224,False,1,6,False,False
q7,27.91807484676175,0.03178066912114812,False,1,6,False,False
q7,27.91807484676175,0.03178066912114812,False,1,6,False,False
q7,23.213654133985578,0.03251362899820421,False,1,5,False,False
q7,23.47718146686041,0.03210803341551899,False,1,5,False,False
q7,23.95153066603511,0.03194581974579673,False,1,4,False,False
q7,25.260724580456376,0.03183562977977041,True,1,5,False,False
q7,27.91807484676175,0.03178066912114812,False,1,6,False,False
q7,27.91807484676175,0.03178066912114812,False,1,6,False,False
q7,27.91807484676175,0.03178066912114812,False,1,6,False,False
q7,27.91807484676175,0.03178066912114812,False,1,6,False,False
q7,27.91807484676175,0.03178066912114812,False,1,6,False,False
q7,27.91807484676175,0.03178066912114812,False,1,6,False,False
q7,27.91807484676175,0.03178066912114812,False,1,6,False,False
q7,27.91807484676175,0.03178066912114812,False,1,6,False,False
q7,27.91807484676175,0.03178066912114812,False,1,6,False,False
q7,27.91807484676175,0.03178066912114812,False,1,6,False,False
q7,27.91807484676175,0.03178066912114812,False,1,6,False,False
q7,27.91807484676175,0.03178066912114812,False,1,6,False,False
q7,27.91807484676175,0.03178066912114812,False,1,6,False,False
q7,27.91807484676175,0.03178066912114812,False,1,6,False,False
q7,27.91807484676175,0.03178066912114812,False,1,6,False,False
q7,27.91807484676175,0.03178066912114812,False,1,6,False,False
q7,27.91807484676175,0.03178066912114812,False,1,6,False,False
q7,27.91807484676175,0.03178066912114812,False,1,6,False,False
q7,27.91807484676175,0.03178066912114812,False,1,6,False,False
q7,27.91807484676175,0.03178066912114812,False,1,6,False,False
q7,27.91807484676175,0.03178066912114812,False,1,6,False,False
q7,27.91807484676175,0.03178066912114812,True,1,6,False,False
q7,23.314251048232574,0.03197249154497251,False,1,4,False,False
q7,23.314251048232574,0.03197249154497251,False,1,4,False,False
q7,23.67294244107435,0.03194336104162877,True,1,4,False,False
q7,24.43555389007422,0.0319288353699907,True,1,4,False,False
q7,23.314251048232574,0.03197249154497251,False,1,4,False,False
q7,23.314251048232574,0.03197249154497251,False,1,4,False,False
q7,23.314251048232574,0.03197249154497251,False,1,4,False,False
q7,23.314251048232574,0.03197249154497251,False,1,4,False,False
q7,23.314251048232574,0.03197249154497251,False,1,4,False,False
q7,23.314251048232574,0.03197249154497251,False,1,4,False,False
q7,23.314251048232574,0.03197249154497251,False,1,4,False,False
q7,23.314251048232574,0.03197249154497251,False,1,4,False,False
q7,23.314251048232574,0.03197249154497251,False,1,4,False,False
q7,23.314251048232574,0.03197249154497251,False,1,4,False,False
q7,23.314251048232574,0.03197249154497251,False,1,4,False,False
q7,23.314251048232574,0.03197249154497251,False,1,4,False,False
q7,23.314251048232574,0.03197249154497251,False,1,4,False,False
q7,23.314251048232574,0.03197249154497251,False,1,4,False,False
q7,23.314251048232574,0.03197249154497251,False,1,4,False,False
q7,23.314251048232574,0.03197249154497251,False,1,4,False,False
q7,23.314251048232574,0.03197249154497251,False,1,4,False,False
q7,23.314251048232574,0.03197249154497251,False,1,4,False,False
q7,23.314251048232574,0.03197249154497251,False,1,4,False,False
q7,23.314251048232574,0.03197249154497251,False,1,4,False,False
q7,23.466825476274153,0.031959144211007935,True,1,4,False,False
q7,23.95153066603511,0.03194581974579673,False,1,4,False,False
q7,23.95153066603511,0.03194581974579673,False,1,4,False,False
q7,23.314251048232574,0.03197249154497251,False,1,4,False,False
q7,23.314251048232574,0.03197249154497251,False,1,4,False,False
q7,23.314251048232574,0.03197249154497251,False,1,4,False,False
q7,23.314251048232574,0.03197249154497251,False,1,4,False,False
q7,23.314251048232574,0.03197249154497251,False,1,4,False,False
q7,23.314251048232574,0.03197249154497251,False,1,4,False,False
q7,23.314251048232574,0.03197249154497251,False,1,4,False,False
q7,23.314251048232574,0.03197249154497251,False,1,4,False,False
q7,23.314251048232574,0.03197249154497251,False,1,4,False,False
q7,23.314251048232574,0.03197249154497251,False,1,4,False,False
q7,23.314251048232574,0.03197249154497251,False,1,4,False,False
q7,23.314251048232574,0.03197249154497251,False,1,4,False,False
q7,23.314251048232574,0.03197249154497251,False,1,4,False,False
q7,23.314251048232574,0.03197249154497251,False,1,4,False,False
q7,23.314251048232574,0.03197249154497251,False,1,4,False,False
q7,23.314251048232574,0.03197249154497251,False,1,4,False,False
q7,23.314251048232574,0.03197249154497251,False,1,4,False,False
q7,23.314251048232574,0.03197249154497251,False,1,4,False,False
q7,23.314251048232574,0.03197249154497251,False,1,4,False,False
q7,23.314251048232574,0.03197249154497251,False,1,4,False,False
q7,23.314251048232574,0.03197249154497251,False,1,4,False,False
q7,23.314251048232574,0.03197249154497251,False,1,4,False,False
q7,23.314251048232574,0.03197249154497251,False,1,4,False,False
q7,23.314251048232574,0.03197249154497251,False,1,4,False,False
q7,23.314251048232574,0.03197249154497251,False,1,4,False,False
q7,23.314251048232574,0.03197249154497251,False,1,4,False,False
q7,23.314251048232574,0.03197249154497251,False,1,4,False,False
q7,23.314251048232574,0.03197249154497251,False,1,4,False,False
q7,23.314251048232574,0.03197249154497251,False,1,4,False,False
q7,23.314251048232574,0.03197249154497251,False,1,4,False,False
q7,23.314251048232574,0.03197249154497251,False,1,4,False,False
q7,23.314251048232574,0.03197249154497251,False,1,4,False,False
q7,23.314251048232574,0.03197249154497251,False,1,4,False,False
q7,23.314251048232574,0.03197249154497251,False,1,4,False,False
q7,23.314251048232574,0.03197249154497251,False,1,4,False,False
q7,23.314251048232574,0.03197249154497251,False,1,4,False,False
q7,23.314251048232574,0.03197249154497251,False,1,4,False,False
q7,23.314251048232574,0.03197249154497251,False,1,4,False,False
q7,23.314251048232574,0.03197249154497251,False,1,4,False,False
q7,23.314251048232574,0.03197249154497251,False,1,4,False,False
q7,23.314251048232574,0.03197249154497251,False,1,4,False,False
q7,23.314251048232574,0.03197249154497251,False,1,4,False,False
q7,23.314251048232574,0.03197249154497251,False,1,4,False,False
q7,23.314251048232574,0.03197249154497251,False,1,4,False,False
q7,23.314251048232574,0.03197249154497251,False,1,4,False,False
q7,23.314251048232574,0.03197249154497251,False,1,4,False,False
q7,23.314251048232574,0.03197249154497251,False,1,4,False,False
q7,23.314251048232574,0.03197249154497251,False,1,4,False,False
q7,20.251158227432764,0.04133140069000783,False,1,3,False,False
q7,19.279084061531012,0.0381501650633303,False,1,3,False,False
q7,19.675373802957314,0.03482186034039021,False,1,2,False,False
q7,20.561800751510052,0.03339715646282458,False,1,3,False,False
q7,23.314251048232574,0.03197249154497251,False,1,3,False,False
q7,23.314251048232574,0.03197249154497251,False,1,3,False,False
q7,23.314251048232574,0.03197249154497251,False,1,4,False,False
q7,23.314251048232574,0.03197249154497251,False,1,4,False,False
q7,23.314251048232574,0.03197249154497251,False,1,4,False,False
q7,23.314251048232574,0.03197249154497251,True,1,4,False,False
q7,24.500217507983972,0.04818275538828325,False,1,3,False,False
q7,24.7166351997876,0.047688339926778296,False,1,3,False,False
q7,23.81607353085356,0.037818918635010156,False,1,2,False,False
q7,24.90772643526083,0.03571615441139965,False,1,3,False,False
q7,20.62534983328923,0.044002482284653824,False,1,2,False,False
q7,20.62534983328923,0.044002482284653824,False,1,2,False,False
q7,20.62534983328923,0.044002482284653824,False,1,2,False,False
q7,22.641258158017433,0.04332523185641511,False,1,2,False,False
q7,21.079649557767947,0.05429701671234645,False,1,2,False,False
q7,21.23607440898024,0.053871890929178254,False,1,2,False,False
q7,21.768919819914597,0.041995838092142676,False,1,2,False,False
q7,20.21219614728057,0.038252176829402226,False,1,2,False,False
q7,20.21219614728057,0.038252176829402226,False,1,3,False,False
q7,20.21219614728057,0.038252176829402226,False,1,3,False,False
q7,20.561800751510052,0.03339715646282458,False,1,4,False,False
q7,20.561800751510052,0.03339715646282458,False,1,4,False,False
q7,20.561800751510052,0.03339715646282458,False,1,4,False,False
q7,21.188250456302942,0.033213782431600586,True,1,4,False,False
q7,20.138842339800146,0.04604777518072114,False,1,4,False,False
q7,20.364420159378763,0.035927272932860785,False,1,4,False,False
q7,20.561800751510052,0.03339715646282458,False,1,4,False,False
q7,20.561800751510052,0.03339715646282458,False,1,4,False,False
q7,19.82307052748391,0.033964965715232054,True,1,4,False,False
q7,20.086597860358744,0.03355937013254683,True,1,4,False,False
q7,21.87181254763853,0.03328696649679825,False,1,4,False,False
q7,24.527491240260083,0.03323200583817596,False,1,4,False,False
q7,19.95262313661471,0.03361767071926811,False,1,5,False,False
q7,19.95262313661471,0.03361767071926811,False,1,5,False,False
q7,20.445004634479446,0.0335302396292031,True,1,5,False,False
q7,21.207443391708356,0.03351571395756503,False,1,5,False,False
q7,19.95262313661471,0.03361767071926811,False,1,6,False,False
q7,19.95262313661471,0.03361767071926811,False,1,6,False,False
q7,19.95262313661471,0.03361767071926811,False,1,6,False,False
q7,19.95262313661471,0.03361767071926811,False,1,6,False,False
q7,19.95262313661471,0.03361767071926811,False,1,6,False,False
q7,19.95262313661471,0.03361767071926811,False,1,6,False,False
q7,19.95262313661471,0.03361767071926811,False,1,6,False,False
q7,19.95262313661471,0.03361767071926811,False,1,6,False,False
q7,19.95262313661471,0.03361767071926811,False,1,6,False,False
q7,19.95262313661471,0.03361767071926811,False,1,6,False,False
q7,19.95262313661471,0.03361767071926811,False,1,6,False,False
q7,19.95262313661471,0.03361767071926811,False,1,6,False,False
q7,19.95262313661471,0.03361767071926811,False,1,6,False,False
q7,19.95262313661471,0.03361767071926811,False,1,6,False,False
q7,19.95262313661471,0.03361767071926811,False,1,6,False,False
q7,19.95262313661471,0.03361767071926811,False,1,6,False,False
q7,19.95262313661471,0.03361767071926811,False,1,6,False,False
q7,19.95262313661471,0.03361767071926811,False,1,6,False,False
q7,19.95262313661471,0.03361767071926811,False,1,6,False,False
q7,19.95262313661471,0.03361767071926811,False,1,6,False,False
q7,20.105539228932283,0.03360432338530354,False,1,6,False,False
q7,20.590451529814008,0.03359099892009233,False,1,6,False,False
q7,20.590451529814008,0.03359099892009233,False,1,6,False,False
q7,20.590451529814008,0.03359099892009233,False,1,6,False,False
q7,19.95262313661471,0.03361767071926811,False,1,6,False,False
q7,19.95262313661471,0.03361767071926811,False,1,6,False,False
q7,19.95262313661471,0.03361767071926811,False,1,6,False,False
q7,19.95262313661471,0.03361767071926811,False,1,6,False,False
q7,19.95262313661471,0.03361767071926811,False,1,6,False,False
q7,19.95262313661471,0.03361767071926811,False,1,6,False,False
q7,19.95262313661471,0.03361767071926811,False,1,6,False,False
q7,19.95262313661471,0.03361767071926811,False,1,6,False,False
q7,19.95262313661471,0.03361767071926811,False,1,6,False,False
q7,19.95262313661471,0.03361767071926811,False,1,6,False,False
q7,19.95262313661471,0.03361767071926811,False,1,6,False,False
q7,19.95262313661471,0.03361767071926811,False,1,6,False,False
q7,51.017847216359904,0.19954137304256425,False,0,5,False,False
q7,19.95262313661471,0.03361767071926811,False,1,6,False,False
q7,19.95262313661471,0.03361767071926811,False,1,6,False,False
q7,19.95262313661471,0.03361767071926811,False,1,6,False,False
q7,19.95262313661471,0.03361767071926811,False,1,6,False,False
q7,19.95262313661471,0.03361767071926811,False,1,6,False,False
q7,19.95262313661471,0.03361767071926811,False,1,6,False,False
q7,19.95262313661471,0.03361767071926811,False,1,6,False,False
q7,19.95262313661471,0.03361767071926811,False,1,6,False,False
q7,19.95262313661471,0.03361767071926811,False,1,6,False,False
q7,19.95262313661471,0.03361767071926811,False,1,6,False,False
q7,19.95262313661471,0.03361767071926811,False,1,6,False,False
q7,19.95262313661471,0.03361767071926811,False,1,6,False,False
q7,19.95262313661471,0.03361767071926811,False,1,6,False,False
q7,19.95262313661471,0.03361767071926811,False,1,6,False,False
q7,19.95262313661471,0.03361767071926811,False,1,6,False,False
q7,19.95262313661471,0.03361767071926811,False,1,6,False,False
q7,19.95262313661471,0.03361767071926811,False,1,6,False,False
q7,19.95262313661471,0.03361767071926811,False,1,6,False,False
q7,19.95262313661471,0.03361767071926811,False,1,6,False,False
q7,19.95262313661471,0.03361767071926811,False,1,6,False,False
q7,19.95262313661471,0.03361767071926811,False,1,6,False,False
q7,19.95262313661471,0.03361767071926811,False,1,6,False,False
q7,19.95262313661471,0.03361767071926811,False,1,6,False,False
q7,19.95262313661471,0.03361767071926811,False,1,6,False,False
q7,19.95262313661471,0.03361767071926811,False,1,6,False,False
q7,19.95262313661471,0.03361767071926811,False,1,6,False,False
q7,19.95262313661471,0.03361767071926811,False,1,6,False,False
q7,19.95262313661471,0.03361767071926811,False,1,6,False,False
q7,19.95262313661471,0.03361767071926811,False,1,6,False,False
q7,19.95262313661471,0.03361767071926811,False,1,6,False,False
q7,19.95262313661471,0.03361767071926811,False,1,6,False,False
q7,19.95262313661471,0.03361767071926811,False,1,6,False,False
q7,19.95262313661471,0.03361767071926811,False,1,6,False,False
q7,19.95262313661471,0.03361767071926811,False,1,6,False,False
q7,19.95262313661471,0.03361767071926811,False,1,6,False,False
q7,19.95262313661471,0.03361767071926811,False,1,6,False,False
q7,19.64166625803577,0.04155191494645136,False,1,5,False,False
q7,18.669433903677284,0.03837067931977383,False,1,5,False,False
q7,19.06588183356032,0.03504237459683374,False,1,4,False,False
q7,22.705378349917083,0.03219300580141604,False,1,5,False,False
q7,22.705378349917083,0.03219300580141604,False,1,5,False,False
q7,22.705378349917083,0.03219300580141604,True,1,5,False,False
q7,19.95262313661471,0.03361767071926811,False,1,6,False,False
q7,19.95262313661471,0.03361767071926811,False,1,6,False,False
q7,19.95262313661471,0.03361767071926811,False,1,6,False,False
q7,21.96883637792277,0.0329404202910294,True,1,6,False,False
q7,21.13858959636611,0.04982793456257884,False,1,5,False,False
q7,21.357302528104274,0.04933351925201615,False,1,5,False,False
q7,20.456740859170235,0.03946409796024801,False,1,4,False,False
q7,21.546098523642968,0.03736133358569524,False,1,5,False,False
q7,19.543310553595457,0.038472687161347115,False,1,5,False,False
q7,19.543310553595457,0.038472687161347115,False,1,5,False,False
q7,19.543310553595457,0.038472687161347115,False,1,4,False,False
q7,19.95262313661471,0.03361767071926811,False,1,6,False,False
q7,19.95262313661471,0.03361767071926811,False,1,6,False,False
q7,19.95262313661471,0.03361767071926811,False,1,6,False,False
q7,20.57937775798745,0.03343429668804412,False,1,6,False,False
q7,19.5303928740869,0.04626828943716468,False,1,6,False,False
q7,19.755582347435066,0.03614778718930431,False,1,6,False,False
q7,19.95262313661471,0.03361767071926811,False,1,6,False,False
q7,19.95262313661471,0.03361767071926811,True,1,6,False,False
q7,19.731924899146613,0.03416904342248213,False,1,5,False,False
q7,20.561800751510052,0.03339715646282458,True,1,4,False,False
q7,21.87181254763853,0.03328696649679825,False,1,5,False,False
q7,24.527491240260083,0.03323200583817596,False,1,5,False,False
q7,19.738922884736493,0.045427186162219454,False,1,1,False,False
q7,19.738922884736493,0.045427186162219454,False,1,1,False,False
q7,21.070843334132615,0.04441126141365927,False,1,1,False,False
q7,20.19322260921521,0.05572172058991208,False,1,1,False,False
q7,20.3496474604275,0.05529659480674387,False,1,1,False,False
q7,20.88249287136186,0.0434205419697083,False,1,1,False,False
q7,19.325769198727837,0.03967688070696786,False,1,1,False,False
q7,19.325769198727837,0.03967688070696786,False,1,2,False,False
q7,19.325769198727837,0.03967688070696786,False,1,2,False,False
q7,19.675373802957314,0.03482186034039021,False,1,3,False,False
q7,19.675373802957314,0.03482186034039021,False,1,3,False,False
q7,20.054186334875784,0.03454676337197321,False,1,3,False,False
q7,19.24955613500663,0.0449423496751621,False,1,3,False,False
q7,19.462464968981973,0.03735197580903951,False,1,3,False,False
q7,19.675373802957314,0.03482186034039021,False,1,3,False,False
q7,19.675373802957314,0.03482186034039021,False,1,3,False,False
q7,18.936329224429517,0.03538966959279769,True,1,3,False,False
q7,19.19985655730435,0.03498407401011246,True,1,3,False,False
q7,20.98538559908579,0.03471167037436388,False,1,3,False,False
q7,23.64074993720569,0.03465670971574159,False,1,3,False,False
q7,18.84518359609222,0.03559374730004776,False,1,4,False,False
q7,18.79584409866139,0.03546254715860825,False,1,4,False,False
q7,19.29473599855022,0.03536053908945395,False,1,4,False,False
q7,20.056778210107943,0.035346013417815875,False,1,4,False,False
q7,18.79584409866139,0.03546254715860825,False,1,5,False,False
q7,18.79584409866139,0.03546254715860825,False,1,5,False,False
q7,18.79584409866139,0.03546254715860825,False,1,5,False,False
q7,18.79584409866139,0.03546254715860825,False,1,5,False,False
q7,18.79584409866139,0.03546254715860825,False,1,5,False,False
q7,18.79584409866139,0.03546254715860825,False,1,5,False,False
q7,18.79584409866139,0.03546254715860825,False,1,5,False,False
q7,18.79584409866139,0.03546254715860825,False,1,5,False,False
q7,18.79584409866139,0.03546254715860825,False,1,5,False,False
q7,18.79584409866139,0.03546254715860825,False,1,5,False,False
q7,18.79584409866139,0.03546254715860825,False,1,5,False,False
q7,18.79584409866139,0.03546254715860825,False,1,5,False,False
q7,18.79584409866139,0.03546254715860825,False,1,5,False,False
q7,18.79584409866139,0.03546254715860825,False,1,5,False,False
q7,18.79584409866139,0.03546254715860825,False,1,5,False,False
q7,18.79584409866139,0.03546254715860825,False,1,5,False,False
q7,18.79584409866139,0.03546254715860825,False,1,5,False,False
q7,18.79584409866139,0.03546254715860825,False,1,5,False,False
q7,18.79584409866139,0.03546254715860825,False,1,5,False,False
q7,18.79584409866139,0.03546254715860825,False,1,5,False,False
q7,18.948760190978962,0.03544919982464369,False,1,5,False,False
q7,19.433672491860687,0.03543587535943247,False,1,5,False,False
q7,19.433672491860687,0.03543587535943247,False,1,5,False,False
q7,19.433672491860687,0.03543587535943247,False,1,5,False,False
q7,18.79584409866139,0.03546254715860825,False,1,5,False,False
q7,18.79584409866139,0.03546254715860825,False,1,5,False,False
q7,18.79584409866139,0.03546254715860825,False,1,5,False,False
q7,18.79584409866139,0.03546254715860825,False,1,5,False,False
q7,18.79584409866139,0.03546254715860825,False,1,5,False,False
q7,18.79584409866139,0.03546254715860825,False,1,5,False,False
q7,18.79584409866139,0.03546254715860825,False,1,5,False,False
q7,18.79584409866139,0.03546254715860825,False,1,5,False,False
q7,18.79584409866139,0.03546254715860825,False,1,5,False,False
q7,18.79584409866139,0.03546254715860825,False,1,5,False,False
q7,18.79584409866139,0.03546254715860825,False,1,5,False,False
q7,18.79584409866139,0.03546254715860825,False,1,5,False,False
q7,49.720027738730785,0.21078161346462498,False,0,4,False,False
q7,18.79584409866139,0.03546254715860825,False,1,5,False,False
q7,18.79584409866139,0.03546254715860825,False,1,5,False,False
q7,18.79584409866139,0.03546254715860825,False,1,5,False,False
q7,18.79584409866139,0.03546254715860825,False,1,5,False,False
q7,18.79584409866139,0.03546254715860825,False,1,5,False,False
q7,18.79584409866139,0.03546254715860825,False,1,5,False,False
q7,18.79584409866139,0.03546254715860825,False,1,5,False,False
q7,18.79584409866139,0.03546254715860825,False,1,5,False,False
q7,18.79584409866139,0.03546254715860825,False,1,5,False,False
q7,18.79584409866139,0.03546254715860825,False,1,5,False,False
q7,18.79584409866139,0.03546254715860825,False,1,5,False,False
q7,18.79584409866139,0.03546254715860825,False,1,5,False,False
q7,18.79584409866139,0.03546254715860825,False,1,5,False,False
q7,18.79584409866139,0.03546254715860825,False,1,5,False,False
q7,18.79584409866139,0.03546254715860825,False,1,5,False,False
q7,18.79584409866139,0.03546254715860825,False,1,5,False,False
q7,18.79584409866139,0.03546254715860825,False,1,5,False,False
q7,18.79584409866139,0.03546254715860825,False,1,5,False,False
q7,18.79584409866139,0.03546254715860825,False,1,5,False,False
q7,18.79584409866139,0.03546254715860825,False,1,5,False,False
q7,18.79584409866139,0.03546254715860825,False,1,5,False,False
q7,18.79584409866139,0.03546254715860825,False,1,5,False,False
q7,18.79584409866139,0.03546254715860825,False,1,5,False,False
q7,18.79584409866139,0.03546254715860825,False,1,5,False,False
q7,18.79584409866139,0.03546254715860825,False,1,5,False,False
q7,18.79584409866139,0.03546254715860825,False,1,5,False,False
q7,18.79584409866139,0.03546254715860825,False,1,5,False,False
q7,18.79584409866139,0.03546254715860825,False,1,5,False,False
q7,18.79584409866139,0.03546254715860825,False,1,5,False,False
q7,18.79584409866139,0.03546254715860825,False,1,5,False,False
q7,18.79584409866139,0.03546254715860825,False,1,5,False,False
q7,18.79584409866139,0.03546254715860825,False,1,5,False,False
q7,18.79584409866139,0.03546254715860825,False,1,5,False,False
q7,18.79584409866139,0.03546254715860825,False,1,5,False,False
q7,18.79584409866139,0.03546254715860825,False,1,5,False,False
q7,18.79584409866139,0.03546254715860825,False,1,5,False,False
q7,19.37162852313684,0.04197208750822587,False,1,5,False,False
q7,18.399396168778352,0.038790851881548336,True,1,5,False,False
q7,19.682585401715784,0.03403784328104262,False,1,5,False,False
q7,22.435340615018156,0.032613178363190554,False,1,5,False,False
q7,22.435340615018156,0.032613178363190554,False,1,5,False,False
q7,22.435340615018156,0.032613178363190554,False,1,5,False,False
q7,18.79584409866139,0.03546254715860825,False,1,5,False,False
q7,18.79584409866139,0.03546254715860825,False,1,5,False,False
q7,20.128233720329547,0.034446622410048075,False,1,5,False,False
q7,19.98181055841279,0.051672811001918985,False,1,4,False,False
q7,20.201766938203534,0.0511783957752131,False,1,4,False,False
q7,19.301205269269495,0.041308974483444956,False,1,3,False,False
q7,20.389319485689647,0.03920621002503538,False,1,4,False,False
q7,18.353776633944516,0.04031756142041022,False,1,4,False,False
q7,18.353776633944516,0.04031756142041022,False,1,4,False,False
q7,18.353776633944516,0.04031756142041022,False,1,3,False,False
q7,18.79584409866139,0.03546254715860825,False,1,5,False,False
q7,18.79584409866139,0.03546254715860825,False,1,5,False,False
q7,19.175125802851884,0.035187450190191254,False,1,5,False,False
q7,18.3709187522557,0.045583036493380136,False,1,5,False,False
q7,18.583381425458548,0.037992662627257555,True,1,5,False,False
q7,18.79584409866139,0.03546254715860825,False,1,5,False,False
q7,18.79584409866139,0.03546254715860825,True,1,5,True,False
q7,19.06588183356032,0.03504237459683374,True,1,4,False,False
q7,19.675373802957314,0.03482186034039021,True,1,3,False,False
q7,20.98538559908579,0.03471167037436388,False,1,4,False,False
q7,23.64074993720569,0.03465670971574159,False,1,4,False,False
q7,18.888211742926988,0.05048410966526207,False,1,2,False,False
q7,18.888211742926988,0.05048410966526207,False,1,2,False,False
q7,21.184956075406564,0.04733319328994697,False,1,2,False,False
q7,19.342511467405703,0.06077864409295469,False,1,3,False,False
q7,19.498936318617996,0.0603535183097865,False,1,3,False,False
q7,20.031781729552353,0.04847746547275092,False,1,3,False,False
q7,18.475058056918332,0.04473380421001048,False,1,3,False,False
q7,18.475058056918332,0.04473380421001048,False,1,4,False,False
q7,18.475058056918332,0.04473380421001048,False,1,4,False,False
q7,18.824662661147816,0.039878783843432825,False,1,4,False,False
q7,18.79541364898891,0.0405207315073864,False,1,5,False,False
q7,18.79541364898891,0.0405207315073864,False,1,5,False,False
q7,19.303721392094612,0.039493644803390196,False,1,5,False,False
q7,18.38331675135309,0.04999927217681782,False,1,5,False,False
q7,18.60398970625045,0.04240889881138868,False,1,5,False,False
q7,18.824662661147816,0.039878783843432825,False,1,5,False,False
q7,18.824662661147816,0.039878783843432825,False,1,5,False,False
q7,18.085459894163282,0.04044659309584031,True,1,5,False,False
q7,18.349002459504465,0.04004099751315508,True,1,5,False,False
q7,20.134674457276287,0.0397685938774065,False,1,5,False,False
q7,22.78988060693946,0.03971363321878421,False,1,5,False,False
q7,17.994314265825984,0.04065067080309038,False,1,6,False,False
q7,17.94497476839516,0.04051947066165087,False,1,6,False,False
q7,18.443866668283984,0.04041746259249656,False,1,6,False,False
q7,19.20604963376648,0.04040293692085849,False,1,6,False,False
q7,17.94497476839516,0.04051947066165087,False,1,7,False,False
q7,17.94497476839516,0.04051947066165087,False,1,7,False,False
q7,17.94497476839516,0.04051947066165087,False,1,7,False,False
q7,17.94497476839516,0.04051947066165087,False,1,7,False,False
q7,17.94497476839516,0.04051947066165087,False,1,7,False,False
q7,17.94497476839516,0.04051947066165087,False,1,7,False,False
q7,17.94497476839516,0.04051947066165087,False,1,7,False,False
q7,17.94497476839516,0.04051947066165087,False,1,7,False,False
q7,17.94497476839516,0.04051947066165087,False,1,7,False,False
q7,17.94497476839516,0.04051947066165087,False,1,7,False,False
q7,17.94497476839516,0.04051947066165087,False,1,7,False,False
q7,17.94497476839516,0.04051947066165087,False,1,7,False,False
q7,17.94497476839516,0.04051947066165087,False,1,7,False,False
q7,17.94497476839516,0.04051947066165087,False,1,7,False,False
q7,17.94497476839516,0.04051947066165087,False,1,7,False,False
q7,17.94497476839516,0.04051947066165087,False,1,7,False,False
q7,17.94497476839516,0.04051947066165087,False,1,7,False,False
q7,17.94497476839516,0.04051947066165087,False,1,7,False,False
q7,17.94497476839516,0.04051947066165087,False,1,7,False,False
q7,17.94497476839516,0.04051947066165087,False,1,7,False,False
q7,18.09789086071273,0.0405061233276863,False,1,7,False,False
q7,18.582803161594455,0.04049279886247509,False,1,7,False,False
q7,18.582803161594455,0.04049279886247509,False,1,7,False,False
q7,18.582803161594455,0.04049279886247509,False,1,7,False,False
q7,17.94497476839516,0.04051947066165087,False,1,7,False,False
q7,17.94497476839516,0.04051947066165087,False,1,7,False,False
q7,17.94497476839516,0.04051947066165087,False,1,7,False,False
q7,17.94497476839516,0.04051947066165087,False,1,7,False,False
q7,17.94497476839516,0.04051947066165087,False,1,7,False,False
q7,17.94497476839516,0.04051947066165087,False,1,7,False,False
q7,17.94497476839516,0.04051947066165087,False,1,7,False,False
q7,17.94497476839516,0.04051947066165087,False,1,7,False,False
q7,17.94497476839516,0.04051947066165087,False,1,7,False,False
q7,17.94497476839516,0.04051947066165087,False,1,7,False,False
q7,17.94497476839516,0.04051947066165087,False,1,7,False,False
q7,17.94497476839516,0.04051947066165087,False,1,7,False,False
q7,48.251760974826105,0.21037378238315532,False,0,6,False,False
q7,17.94497476839516,0.04051947066165087,False,1,7,False,False
q7,17.94497476839516,0.04051947066165087,False,1,7,False,False
q7,17.94497476839516,0.04051947066165087,False,1,7,False,False
q7,17.94497476839516,0.04051947066165087,False,1,7,False,False
q7,17.94497476839516,0.04051947066165087,False,1,7,False,False
q7,17.94497476839516,0.04051947066165087,False,1,7,False,False
q7,17.94497476839516,0.04051947066165087,False,1,7,False,False
q7,17.94497476839516,0.04051947066165087,False,1,7,False,False
q7,17.94497476839516,0.04051947066165087,False,1,7,False,False
q7,17.94497476839516,0.04051947066165087,False,1,7,False,False
q7,17.94497476839516,0.04051947066165087,False,1,7,False,False
q7,17.94497476839516,0.04051947066165087,False,1,7,False,False
q7,17.94497476839516,0.04051947066165087,False,1,7,False,False
q7,17.94497476839516,0.04051947066165087,False,1,7,False,False
q7,17.94497476839516,0.04051947066165087,False,1,7,False,False
q7,17.94497476839516,0.04051947066165087,False,1,7,False,False
q7,17.94497476839516,0.04051947066165087,False,1,7,False,False
q7,17.94497476839516,0.04051947066165087,False,1,7,False,False
q7,17.94497476839516,0.04051947066165087,False,1,7,False,False
q7,17.94497476839516,0.04051947066165087,False,1,7,False,False
q7,17.94497476839516,0.04051947066165087,False,1,7,False,False
q7,17.94497476839516,0.04051947066165087,False,1,7,False,False
q7,17.94497476839516,0.04051947066165087,False,1,7,False,False
q7,17.94497476839516,0.04051947066165087,False,1,7,False,False
q7,17.94497476839516,0.04051947066165087,False,1,7,False,False
q7,17.94497476839516,0.04051947066165087,False,1,7,False,False
q7,17.94497476839516,0.04051947066165087,False,1,7,False,False
q7,17.94497476839516,0.04051947066165087,False,1,7,False,False
q7,17.94497476839516,0.04051947066165087,False,1,7,False,False
q7,17.94497476839516,0.04051947066165087,False,1,7,False,False
q7,17.94497476839516,0.04051947066165087,False,1,7,False,False
q7,17.94497476839516,0.04051947066165087,False,1,7,False,False
q7,17.94497476839516,0.04051947066165087,False,1,7,False,False
q7,17.94497476839516,0.04051947066165087,False,1,7,False,False
q7,17.94497476839516,0.04051947066165087,False,1,7,False,False
q7,17.94497476839516,0.04051947066165087,False,1,7,False,False
q7,19.22008389612563,0.046197120389954285,False,1,6,False,False
q7,19.682585401715784,0.03403784328104262,True,1,6,False,False
q7,22.435340615018156,0.032613178363190554,False,1,6,False,False
q7,22.435340615018156,0.032613178363190554,False,1,6,False,False
q7,22.435340615018156,0.032613178363190554,True,1,6,False,False
q7,17.94497476839516,0.04051947066165087,False,1,6,False,False
q7,20.24237702067521,0.037368554286335766,False,1,6,False,False
q7,19.130941228146558,0.0567297345049616,False,1,6,False,False
q7,19.350897607937302,0.056235319278255716,False,1,6,False,False
q7,18.450335939003264,0.046365897986487575,False,1,5,False,False
q7,19.538450155423412,0.044263133528078,False,1,6,False,False
q7,17.502907303678285,0.045374484923452835,False,1,6,False,False
q7,17.502907303678285,0.045374484923452835,False,1,6,False,False
q7,17.502907303678285,0.045374484923452835,True,1,5,False,False
q7,17.914854532486093,0.04116141832560443,False,1,7,False,False
q7,17.914854532486093,0.04116141832560443,True,1,7,False,False
q7,18.424691419142427,0.04013433162160824,False,1,7,False,False
q7,17.504627537966268,0.05063995899503586,False,1,7,False,False
q7,17.724801153180714,0.04304958562960672,True,1,7,False,False
q7,17.94497476839516,0.04051947066165087,False,1,7,False,False
q7,17.94497476839516,0.04051947066165087,True,1,7,False,False
q7,18.215012503294087,0.040099298099876356,True,1,6,False,False
q7,18.824662661147816,0.039878783843432825,False,1,5,False,False
q7,20.134674457276287,0.0397685938774065,False,1,6,False,False
q7,22.78988060693946,0.03971363321878421,False,1,6,False,False
q7,18.445809044759425,0.045375751873964046,False,1,4,False,False
q7,18.445809044759425,0.045375751873964046,False,1,4,False,False
q7,18.95411678786513,0.04434866516996785,False,1,4,False,False
q7,18.033712147123605,0.05485429254339548,False,1,4,False,False
q7,18.254385102020965,0.047263919177966324,False,1,4,False,False
q7,18.63165155535972,0.04103056569420297,False,1,4,False,False
q7,18.4264242181024,0.04784806598766557,False,1,5,False,False
q7,18.4264242181024,0.04784806598766557,False,1,5,False,False
q7,17.423218814231962,0.047831722325598125,True,1,5,False,False
q7,17.719616541440416,0.047426128923189925,False,1,5,False,False
q7,19.68261361602384,0.04715373706093732,False,1,5,False,False
q7,22.567322758400643,0.04709879210030965,False,1,5,False,False
q7,17.332073185894668,0.04803580003284819,False,1,6,False,False
q7,17.28273368846384,0.04790459989140868,False,1,6,False,False
q7,17.781625588352668,0.04780259182225439,False,1,6,False,False
q7,18.543825738515093,0.04778806615061631,False,1,6,False,False
q7,17.28273368846384,0.04790459989140868,False,1,7,False,False
q7,17.28273368846384,0.04790459989140868,False,1,7,False,False
q7,17.28273368846384,0.04790459989140868,False,1,7,False,False
q7,17.28273368846384,0.04790459989140868,False,1,7,False,False
q7,17.28273368846384,0.04790459989140868,False,1,7,False,False
q7,17.28273368846384,0.04790459989140868,False,1,7,False,False
q7,17.28273368846384,0.04790459989140868,False,1,7,False,False
q7,17.28273368846384,0.04790459989140868,False,1,7,False,False
q7,17.28273368846384,0.04790459989140868,False,1,7,False,False
q7,17.28273368846384,0.04790459989140868,False,1,7,False,False
q7,17.28273368846384,0.04790459989140868,False,1,7,False,False
q7,17.28273368846384,0.04790459989140868,False,1,7,False,False
q7,17.28273368846384,0.04790459989140868,False,1,7,False,False
q7,17.28273368846384,0.04790459989140868,False,1,7,False,False
q7,17.28273368846384,0.04790459989140868,False,1,7,False,False
q7,17.28273368846384,0.04790459989140868,False,1,7,False,False
q7,17.28273368846384,0.04790459989140868,False,1,7,False,False
q7,17.28273368846384,0.04790459989140868,False,1,7,False,False
q7,17.28273368846384,0.04790459989140868,False,1,7,False,False
q7,17.28273368846384,0.04790459989140868,False,1,7,False,False
q7,17.43564978078141,0.04789125255744412,False,1,7,False,False
q7,17.920562081663135,0.04787792809223291,False,1,7,False,False
q7,17.920562081663135,0.04787792809223291,False,1,7,False,False
q7,17.920562081663135,0.04787792809223291,False,1,7,False,False
q7,17.28273368846384,0.04790459989140868,False,1,7,False,False
q7,17.28273368846384,0.04790459989140868,False,1,7,False,False
q7,17.28273368846384,0.04790459989140868,False,1,7,False,False
q7,17.28273368846384,0.04790459989140868,False,1,7,False,False
q7,17.28273368846384,0.04790459989140868,False,1,7,False,False
q7,17.28273368846384,0.04790459989140868,False,1,7,False,False
q7,17.28273368846384,0.04790459989140868,False,1,7,False,False
q7,17.28273368846384,0.04790459989140868,False,1,7,False,False
q7,17.28273368846384,0.04790459989140868,False,1,7,False,False
q7,17.28273368846384,0.04790459989140868,False,1,7,False,False
q7,17.28273368846384,0.04790459989140868,False,1,7,False,False
q7,17.28273368846384,0.04790459989140868,False,1,7,False,False
q7,47.222515423601955,0.29251506311099795,False,0,6,False,False
q7,17.28273368846384,0.04790459989140868,False,1,7,False,False
q7,17.28273368846384,0.04790459989140868,False,1,7,False,False
q7,17.28273368846384,0.04790459989140868,False,1,7,False,False
q7,17.28273368846384,0.04790459989140868,False,1,7,False,False
q7,17.28273368846384,0.04790459989140868,False,1,7,False,False
q7,17.28273368846384,0.04790459989140868,False,1,7,False,False
q7,17.28273368846384,0.04790459989140868,False,1,7,False,False
q7,17.28273368846384,0.04790459989140868,False,1,7,False,False
q7,17.28273368846384,0.04790459989140868,False,1,7,False,False
q7,17.28273368846384,0.04790459989140868,False,1,7,False,False
q7,17.28273368846384,0.04790459989140868,False,1,7,False,False
q7,17.28273368846384,0.04790459989140868,False,1,7,False,False
q7,17.28273368846384,0.04790459989140868,False,1,7,False,False
q7,17.28273368846384,0.04790459989140868,False,1,7,False,False
q7,17.28273368846384,0.04790459989140868,False,1,7,False,False
q7,17.28273368846384,0.04790459989140868,False,1,7,False,False
q7,17.28273368846384,0.04790459989140868,False,1,7,False,False
q7,17.28273368846384,0.04790459989140868,False,1,7,False,False
q7,17.28273368846384,0.04790459989140868,False,1,7,False,False
q7,17.28273368846384,0.04790459989140868,False,1,7,False,False
q7,17.28273368846384,0.04790459989140868,False,1,7,False,False
q7,17.28273368846384,0.04790459989140868,False,1,7,False,False
q7,17.28273368846384,0.04790459989140868,False,1,7,False,False
q7,17.28273368846384,0.04790459989140868,False,1,7,False,False
q7,17.28273368846384,0.04790459989140868,False,1,7,False,False
q7,17.28273368846384,0.04790459989140868,False,1,7,False,False
q7,17.28273368846384,0.04790459989140868,False,1,7,False,False
q7,17.28273368846384,0.04790459989140868,False,1,7,False,False
q7,17.28273368846384,0.04790459989140868,False,1,7,False,False
q7,17.28273368846384,0.04790459989140868,False,1,7,False,False
q7,17.28273368846384,0.04790459989140868,False,1,7,False,False
q7,17.28273368846384,0.04790459989140868,False,1,7,False,False
q7,17.28273368846384,0.04790459989140868,False,1,7,False,False
q7,17.28273368846384,0.04790459989140868,False,1,7,False,False
q7,17.28273368846384,0.04790459989140868,False,1,7,False,False
q7,17.28273368846384,0.04790459989140868,False,1,7,False,False
q7,18.565553758205912,0.053582250120405545,False,1,6,False,False
q7,18.141313960741673,0.042847676889059515,False,1,5,False,False
q7,19.04347714781926,0.04142297401288078,False,1,6,False,False
q7,21.811654245144837,0.039998310096415614,False,1,6,False,False
q7,21.811654245144837,0.039998310096415614,False,1,6,False,False
q7,21.811654245144837,0.039998310096415614,False,1,6,False,False
q7,17.28273368846384,0.04790459989140868,False,1,6,False,False
q7,17.737155088847036,0.04617598111130615,False,1,5,False,False
q7,19.612521897192607,0.04475368561900607,False,1,6,False,False
q7,18.15372412310417,0.06394944000915197,False,1,6,False,False
q7,18.32749106078776,0.06348375406835692,False,1,6,False,False
q7,17.716766485096755,0.0536143454238325,False,1,5,False,False
q7,18.839457361097864,0.051648261154149125,False,1,6,False,False
q7,17.28273368846384,0.04790459989140868,False,1,7,False,False
q7,17.28273368846384,0.04790459989140868,True,1,7,False,False
q7,17.198395369928434,0.0485465440505081,False,1,7,False,False
q7,17.198395369928434,0.0485465440505081,False,1,7,False,False
q7,17.79483629565983,0.047519462954278543,False,1,7,False,False
q7,16.924245160632786,0.05613691391108311,False,1,7,False,False
q7,17.473303592132073,0.0460164325874064,False,1,6,False,False
q7,17.886658164832152,0.042313210808336534,False,1,7,False,False
q7,17.276606371965812,0.04913068463803213,False,1,8,False,False
q7,17.276606371965812,0.04913068463803213,False,1,8,False,False
q7,17.501901649722765,0.04812637366901063,False,1,7,False,False
q7,18.170787243407883,0.04790586333706576,False,1,6,False,False
q7,19.599015757410758,0.04779568122003674,False,1,7,False,False
q7,22.482984439865238,0.04774073625940908,False,1,7,False,False
q7,17.247734867359263,0.04867774419194762,False,1,7,False,False
q7,17.338925038060363,0.048473666484697545,False,1,6,False,False
q7,17.69761643090214,0.048444535981353815,False,1,7,False,False
q7,18.46022787990201,0.048430010309715735,False,1,7,False,False
q7,17.198395369928434,0.0485465440505081,False,1,8,False,False
q7,17.198395369928434,0.0485465440505081,False,1,8,False,False
q7,17.198395369928434,0.0485465440505081,False,1,8,False,False
q7,17.198395369928434,0.0485465440505081,False,1,8,False,False
q7,17.198395369928434,0.0485465440505081,False,1,8,False,False
q7,17.198395369928434,0.0485465440505081,False,1,8,False,False
q7,17.198395369928434,0.0485465440505081,False,1,8,False,False
q7,17.198395369928434,0.0485465440505081,False,1,8,False,False
q7,17.198395369928434,0.0485465440505081,False,1,8,False,False
q7,17.198395369928434,0.0485465440505081,False,1,8,False,False
q7,17.198395369928434,0.0485465440505081,False,1,8,False,False
q7,17.198395369928434,0.0485465440505081,False,1,8,False,False
q7,17.198395369928434,0.0485465440505081,False,1,8,False,False
q7,17.198395369928434,0.0485465440505081,False,1,8,False,False
q7,17.198395369928434,0.0485465440505081,False,1,8,False,False
q7,17.198395369928434,0.0485465440505081,False,1,8,False,False
q7,17.198395369928434,0.0485465440505081,False,1,8,False,False
q7,17.198395369928434,0.0485465440505081,False,1,8,False,False
q7,17.198395369928434,0.0485465440505081,False,1,8,False,False
q7,17.198395369928434,0.0485465440505081,False,1,8,False,False
q7,17.351311462246006,0.04853319671654354,False,1,8,False,False
q7,17.83622376312773,0.048519872251332335,False,1,8,False,False
q7,17.83622376312773,0.048519872251332335,False,1,8,False,False
q7,17.83622376312773,0.048519872251332335,False,1,8,False,False
q7,17.198395369928434,0.0485465440505081,False,1,8,False,False
q7,17.198395369928434,0.0485465440505081,False,1,8,False,False
q7,17.198395369928434,0.0485465440505081,False,1,8,False,False
q7,17.198395369928434,0.0485465440505081,False,1,8,False,False
q7,17.198395369928434,0.0485465440505081,False,1,8,False,False
q7,17.198395369928434,0.0485465440505081,False,1,8,False,False
q7,17.198395369928434,0.0485465440505081,False,1,8,False,False
q7,17.198395369928434,0.0485465440505081,False,1,8,False,False
q7,17.198395369928434,0.0485465440505081,False,1,8,False,False
q7,17.198395369928434,0.0485465440505081,False,1,8,False,False
q7,17.198395369928434,0.0485465440505081,False,1,8,False,False
q7,17.198395369928434,0.0485465440505081,False,1,8,False,False
q7,47.35817218811625,0.2943245896719924,False,0,7,False,False
q7,17.198395369928434,0.0485465440505081,False,1,8,False,False
q7,17.198395369928434,0.0485465440505081,False,1,8,False,False
q7,17.198395369928434,0.0485465440505081,False,1,8,False,False
q7,17.198395369928434,0.0485465440505081,False,1,8,False,False
q7,17.198395369928434,0.0485465440505081,False,1,8,False,False
q7,17.198395369928434,0.0485465440505081,False,1,8,False,False
q7,17.198395369928434,0.0485465440505081,False,1,8,False,False
q7,17.198395369928434,0.0485465440505081,False,1,8,False,False
q7,17.198395369928434,0.0485465440505081,False,1,8,False,False
q7,17.198395369928434,0.0485465440505081,False,1,8,False,False
q7,17.198395369928434,0.0485465440505081,False,1,8,False,False
q7,17.198395369928434,0.0485465440505081,False,1,8,False,False
q7,17.198395369928434,0.0485465440505081,False,1,8,False,False
q7,17.198395369928434,0.0485465440505081,False,1,8,False,False
q7,17.198395369928434,0.0485465440505081,False,1,8,False,False
q7,17.198395369928434,0.0485465440505081,False,1,8,False,False
q7,17.198395369928434,0.0485465440505081,False,1,8,False,False
q7,17.198395369928434,0.0485465440505081,False,1,8,False,False
q7,17.198395369928434,0.0485465440505081,False,1,8,False,False
q7,17.198395369928434,0.0485465440505081,False,1,8,False,False
q7,17.198395369928434,0.0485465440505081,False,1,8,False,False
q7,17.198395369928434,0.0485465440505081,False,1,8,False,False
q7,17.198395369928434,0.0485465440505081,False,1,8,False,False
q7,17.198395369928434,0.0485465440505081,False,1,8,False,False
q7,17.198395369928434,0.0485465440505081,False,1,8,False,False
q7,17.198395369928434,0.0485465440505081,False,1,8,False,False
q7,17.198395369928434,0.0485465440505081,False,1,8,False,False
q7,17.198395369928434,0.0485465440505081,False,1,8,False,False
q7,17.198395369928434,0.0485465440505081,False,1,8,False,False
q7,17.198395369928434,0.0485465440505081,False,1,8,False,False
q7,17.198395369928434,0.0485465440505081,False,1,8,False,False
q7,17.198395369928434,0.0485465440505081,False,1,8,False,False
q7,17.198395369928434,0.0485465440505081,False,1,8,False,False
q7,17.198395369928434,0.0485465440505081,False,1,8,False,False
q7,17.198395369928434,0.0485465440505081,False,1,8,False,False
q7,17.198395369928434,0.0485465440505081,False,1,8,False,False
q7,18.947525024974684,0.055205707519842495,False,1,7,False,False
q7,18.141313960741673,0.042847676889059515,False,1,6,False,False
q7,19.04347714781926,0.04142297401288078,False,1,7,False,False
q7,21.811654245144837,0.039998310096415614,False,1,7,False,False
q7,21.811654245144837,0.039998310096415614,False,1,7,False,False
q7,21.811654245144837,0.039998310096415614,False,1,7,False,False
q7,17.198395369928434,0.0485465440505081,False,1,7,False,False
q7,17.737155088847036,0.04617598111130615,False,1,6,False,False
q7,19.612521897192607,0.04475368561900607,False,1,7,False,False
q7,18.069385804568764,0.0645913841682514,False,1,7,False,False
q7,18.24315274225236,0.06412569822745635,False,1,7,False,False
q7,17.63242816656135,0.05425628958293193,False,1,6,False,False
q7,18.75511904256246,0.052290205313248544,False,1,7,False,False
q7,17.198395369928434,0.0485465440505081,False,1,8,False,False
q7,17.198395369928434,0.0485465440505081,True,1,8,False,False
q7,17.64046283464531,0.04369152978870614,True,1,8,False,False
q7,17.895765442056334,0.05549623319764076,False,1,5,False,False
q7,18.170787243407883,0.04790586333706576,False,1,5,False,False
q7,18.765449082563347,0.04167252387271897,False,1,5,False,False
q7,18.096162771991526,0.05783278876670382,False,1,6,False,False
q7,18.067804558137777,0.05608038000733999,False,1,6,False,False
q7,17.06473028640091,0.05606403634527255,False,1,6,False,False
q7,17.36099688147579,0.05565844294286436,False,1,6,False,False
q7,19.32399395605921,0.05538605108061175,False,1,6,False,False
q7,22.20883423056959,0.05533110611998407,False,1,6,False,False
q7,16.97358465806361,0.05626811405252262,False,1,7,False,False
q7,17.42313706052161,0.056034905841928814,False,1,7,False,False
q7,18.18520607855047,0.05602038017029073,False,1,7,False,False
q7,16.924245160632786,0.05613691391108311,False,1,8,False,False
q7,16.924245160632786,0.05613691391108311,False,1,8,False,False
q7,16.924245160632786,0.05613691391108311,False,1,8,False,False
q7,16.924245160632786,0.05613691391108311,False,1,8,False,False
q7,16.924245160632786,0.05613691391108311,False,1,8,False,False
q7,16.924245160632786,0.05613691391108311,False,1,8,False,False
q7,16.924245160632786,0.05613691391108311,False,1,8,False,False
q7,16.924245160632786,0.05613691391108311,False,1,8,False,False
q7,16.924245160632786,0.05613691391108311,False,1,8,False,False
q7,16.924245160632786,0.05613691391108311,False,1,8,False,False
q7,16.924245160632786,0.05613691391108311,False,1,8,False,False
q7,16.924245160632786,0.05613691391108311,False,1,8,False,False
q7,16.924245160632786,0.05613691391108311,False,1,8,False,False
q7,16.924245160632786,0.05613691391108311,False,1,8,False,False
q7,16.924245160632786,0.05613691391108311,False,1,8,False,False
q7,16.924245160632786,0.05613691391108311,False,1,8,False,False
q7,16.924245160632786,0.05613691391108311,False,1,8,False,False
q7,16.924245160632786,0.05613691391108311,False,1,8,False,False
q7,16.924245160632786,0.05613691391108311,False,1,8,False,False
q7,16.924245160632786,0.05613691391108311,False,1,8,False,False
q7,17.077161252950358,0.05612356657711854,False,1,8,False,False
q7,17.562073553832082,0.056110242111907335,False,1,8,False,False
q7,17.562073553832082,0.056110242111907335,False,1,8,False,False
q7,17.562073553832082,0.056110242111907335,False,1,8,False,False
q7,16.924245160632786,0.05613691391108311,False,1,8,False,False
q7,16.924245160632786,0.05613691391108311,False,1,8,False,False
q7,16.924245160632786,0.05613691391108311,False,1,8,False,False
q7,16.924245160632786,0.05613691391108311,False,1,8,False,False
q7,16.924245160632786,0.05613691391108311,False,1,8,False,False
q7,16.924245160632786,0.05613691391108311,False,1,8,False,False
q7,16.924245160632786,0.05613691391108311,False,1,8,False,False
q7,16.924245160632786,0.05613691391108311,False,1,8,False,False
q7,16.924245160632786,0.05613691391108311,False,1,8,False,False
q7,16.924245160632786,0.05613691391108311,False,1,8,False,False
q7,16.924245160632786,0.05613691391108311,False,1,8,False,False
q7,16.924245160632786,0.05613691391108311,False,1,8,False,False
q7,47.09911677855734,0.5868096780493877,False,0,7,False,False
q7,16.924245160632786,0.05613691391108311,False,1,8,False,False
q7,16.924245160632786,0.05613691391108311,False,1,8,False,False
q7,16.924245160632786,0.05613691391108311,False,1,8,False,False
q7,16.924245160632786,0.05613691391108311,False,1,8,False,False
q7,16.924245160632786,0.05613691391108311,False,1,8,False,False
q7,16.924245160632786,0.05613691391108311,False,1,8,False,False
q7,16.924245160632786,0.05613691391108311,False,1,8,False,False
q7,16.924245160632786,0.05613691391108311,False,1,8,False,False
q7,16.924245160632786,0.05613691391108311,False,1,8,False,False
q7,16.924245160632786,0.05613691391108311,False,1,8,False,False
q7,16.924245160632786,0.05613691391108311,False,1,8,False,False
q7,16.924245160632786,0.05613691391108311,False,1,8,False,False
q7,16.924245160632786,0.05613691391108311,False,1,8,False,False
q7,16.924245160632786,0.05613691391108311,False,1,8,False,False
q7,16.924245160632786,0.05613691391108311,False,1,8,False,False
q7,16.924245160632786,0.05613691391108311,False,1,8,False,False
q7,16.924245160632786,0.05613691391108311,False,1,8,False,False
q7,16.924245160632786,0.05613691391108311,False,1,8,False,False
q7,16.924245160632786,0.05613691391108311,False,1,8,False,False
q7,16.924245160632786,0.05613691391108311,False,1,8,False,False
q7,16.924245160632786,0.05613691391108311,False,1,8,False,False
q7,16.924245160632786,0.05613691391108311,False,1,8,False,False
q7,16.924245160632786,0.05613691391108311,False,1,8,False,False
q7,16.924245160632786,0.05613691391108311,False,1,8,False,False
q7,16.924245160632786,0.05613691391108311,False,1,8,False,False
q7,16.924245160632786,0.05613691391108311,False,1,8,False,False
q7,16.924245160632786,0.05613691391108311,False,1,8,False,False
q7,16.924245160632786,0.05613691391108311,False,1,8,False,False
q7,16.924245160632786,0.05613691391108311,False,1,8,False,False
q7,16.924245160632786,0.05613691391108311,False,1,8,False,False
q7,16.924245160632786,0.05613691391108311,False,1,8,False,False
q7,16.924245160632786,0.05613691391108311,False,1,8,False,False
q7,16.924245160632786,0.05613691391108311,False,1,8,False,False
q7,16.924245160632786,0.05613691391108311,False,1,8,False,False
q7,16.924245160632786,0.05613691391108311,False,1,8,False,False
q7,16.924245160632786,0.05613691391108311,False,1,8,False,False
q7,18.548404029999958,0.06279606936932232,False,1,7,False,False
q7,17.92885128753883,0.05043805075518211,False,1,6,False,False
q7,18.818287674471097,0.05154347626074114,False,1,7,False,False
q7,21.557387777925815,0.057709198069333174,False,1,7,False,False
q7,21.557387777925815,0.057709198069333174,False,1,7,False,False
q7,21.557387777925815,0.057709198069333174,False,1,7,False,False
q7,16.924245160632786,0.05613691391108311,False,1,7,False,False
q7,17.51698147363259,0.05376635447673529,False,1,6,False,False
q7,19.397907430031783,0.05487418855353174,False,1,7,False,False
q7,17.795235595273116,0.07218175402882639,False,1,7,False,False
q7,17.969002532956708,0.07171606808803133,False,1,7,False,False
q7,17.3582779572657,0.06184665944350693,False,1,6,False,False
q7,18.480968833266807,0.05988057517382355,False,1,7,False,False
q7,16.924245160632786,0.05613691391108311,False,1,8,False,False
q7,16.924245160632786,0.05613691391108311,False,1,8,False,False
q7,17.366312625349657,0.05128189964928114,False,1,8,False,False
q7,16.924245160632786,0.05613691391108311,True,1,7,False,False
q7,17.062560073249394,0.055494973256837825,True,1,6,False,False
q7,17.580221828499006,0.0576399658888042,False,1,7,False,False
q7,16.748799179779542,0.058473444591445295,False,1,8,False,False
q7,17.002155259133872,0.05672105449860713,False,1,8,False,False
q7,17.309816540424706,0.05799815258369869,False,1,8,False,False
q7,18.096162771991526,0.05783278876670382,False,1,7,False,False
q7,20.006351751174652,0.05772263864943307,False,1,8,False,False
q7,23.83423655668817,0.057667757688321934,False,1,8,False,False
q7,16.79807542860569,0.0586046447328848,False,1,8,False,False
q7,16.889442427059375,0.058400567025634724,False,1,7,False,False
q7,17.248133819901152,0.058371436522290994,False,1,8,False,False
q7,18.010745268901022,0.05835691085065292,False,1,8,False,False
q7,16.748799179779542,0.058473444591445295,False,1,9,False,False
q7,16.748799179779542,0.058473444591445295,False,1,9,False,False
q7,16.748799179779542,0.058473444591445295,False,1,9,False,False
q7,16.748799179779542,0.058473444591445295,False,1,9,False,False
q7,16.748799179779542,0.058473444591445295,False,1,9,False,False
q7,16.748799179779542,0.058473444591445295,False,1,9,False,False
q7,16.748799179779542,0.058473444591445295,False,1,9,False,False
q7,16.748799179779542,0.058473444591445295,False,1,9,False,False
q7,16.748799179779542,0.058473444591445295,False,1,9,False,False
q7,16.748799179779542,0.058473444591445295,False,1,9,False,False
q7,16.748799179779542,0.058473444591445295,False,1,9,False,False
q7,16.748799179779542,0.058473444591445295,False,1,9,False,False
q7,16.748799179779542,0.058473444591445295,False,1,9,False,False
q7,16.748799179779542,0.058473444591445295,False,1,9,False,False
q7,16.748799179779542,0.058473444591445295,False,1,9,False,False
q7,16.748799179779542,0.058473444591445295,False,1,9,False,False
q7,16.748799179779542,0.058473444591445295,False,1,9,False,False
q7,16.748799179779542,0.058473444591445295,False,1,9,False,False
q7,16.748799179779542,0.058473444591445295,False,1,9,False,False
q7,16.748799179779542,0.058473444591445295,False,1,9,False,False
q7,16.90137360782112,0.05846009725748073,False,1,9,False,False
q7,17.38608484737037,0.05844677279226952,False,1,9,False,False
q7,17.38608484737037,0.05844677279226952,False,1,9,False,False
q7,17.38608484737037,0.05844677279226952,False,1,9,False,False
q7,16.748799179779542,0.058473444591445295,False,1,9,False,False
q7,16.748799179779542,0.058473444591445295,False,1,9,False,False
q7,16.748799179779542,0.058473444591445295,False,1,9,False,False
q7,16.748799179779542,0.058473444591445295,False,1,9,False,False
q7,16.748799179779542,0.058473444591445295,False,1,9,False,False
q7,16.748799179779542,0.058473444591445295,False,1,9,False,False
q7,16.748799179779542,0.058473444591445295,False,1,9,False,False
q7,16.748799179779542,0.058473444591445295,False,1,9,False,False
q7,16.748799179779542,0.058473444591445295,False,1,9,False,False
q7,16.748799179779542,0.058473444591445295,False,1,9,False,False
q7,16.748799179779542,0.058473444591445295,False,1,9,False,False
q7,16.748799179779542,0.058473444591445295,False,1,9,False,False
q7,52.48673611191985,0.6608136814369477,False,0,8,False,False
q7,16.748799179779542,0.058473444591445295,False,1,9,False,False
q7,16.748799179779542,0.058473444591445295,False,1,9,False,False
q7,16.748799179779542,0.058473444591445295,False,1,9,False,False
q7,16.748799179779542,0.058473444591445295,False,1,9,False,False
q7,16.748799179779542,0.058473444591445295,False,1,9,False,False
q7,16.748799179779542,0.058473444591445295,False,1,9,False,False
q7,16.748799179779542,0.058473444591445295,False,1,9,False,False
q7,16.748799179779542,0.058473444591445295,False,1,9,False,False
q7,16.748799179779542,0.058473444591445295,False,1,9,False,False
q7,16.748799179779542,0.058473444591445295,False,1,9,False,False
q7,16.748799179779542,0.058473444591445295,False,1,9,False,False
q7,16.748799179779542,0.058473444591445295,False,1,9,False,False
q7,16.748799179779542,0.058473444591445295,False,1,9,False,False
q7,16.748799179779542,0.058473444591445295,False,1,9,False,False
q7,16.748799179779542,0.058473444591445295,False,1,9,False,False
q7,16.748799179779542,0.058473444591445295,False,1,9,False,False
q7,16.748799179779542,0.058473444591445295,False,1,9,False,False
q7,16.748799179779542,0.058473444591445295,False,1,9,False,False
q7,16.748799179779542,0.058473444591445295,False,1,9,False,False
q7,16.748799179779542,0.058473444591445295,False,1,9,False,False
q7,16.748799179779542,0.058473444591445295,False,1,9,False,False
q7,16.748799179779542,0.058473444591445295,False,1,9,False,False
q7,16.748799179779542,0.058473444591445295,False,1,9,False,False
q7,16.748799179779542,0.058473444591445295,False,1,9,False,False
q7,16.748799179779542,0.058473444591445295,False,1,9,False,False
q7,16.748799179779542,0.058473444591445295,False,1,9,False,False
q7,16.748799179779542,0.058473444591445295,False,1,9,False,False
q7,16.748799179779542,0.058473444591445295,False,1,9,False,False
q7,16.748799179779542,0.058473444591445295,False,1,9,False,False
q7,16.748799179779542,0.058473444591445295,False,1,9,False,False
q7,16.748799179779542,0.058473444591445295,False,1,9,False,False
q7,16.748799179779542,0.058473444591445295,False,1,9,False,False
q7,16.748799179779542,0.058473444591445295,False,1,9,False,False
q7,16.748799179779542,0.058473444591445295,False,1,9,False,False
q7,16.748799179779542,0.058473444591445295,False,1,9,False,False
q7,16.748799179779542,0.058473444591445295,False,1,9,False,False
q7,18.373816479221293,0.06513260004968449,False,1,8,False,False
q7,17.752985268500357,0.0527745814355443,False,1,7,False,False
q7,18.782911787994035,0.054464151574728295,False,1,8,False,False
q7,21.55574183907083,0.062382282088222864,False,1,8,False,False
q7,21.55574183907083,0.062382282088222864,False,1,8,False,False
q7,21.55574183907083,0.062382282088222864,False,1,8,False,False
q7,16.748799179779542,0.058473444591445295,False,1,8,False,False
q7,17.34116728523,0.05610288515709749,False,1,7,False,False
q7,19.362482912482296,0.05779486386751889,False,1,8,False,False
q7,17.609379532779325,0.07447419833504967,False,1,8,False,False
q7,17.7785267622686,0.07396442640126892,False,1,8,False,False
q7,17.16780218657759,0.06409501775674449,False,1,7,False,False
q7,18.305522852413564,0.062217105854185745,False,1,8,False,False
q7,16.748799179779542,0.058473444591445295,False,1,9,False,False
q7,16.748799179779542,0.058473444591445295,False,1,9,False,False
q7,17.830996290218174,0.05302658119680969,False,1,9,False,False
q7,20.119081683120182,0.050395766045609094,False,1,9,False,False
q7,16.748799179779542,0.058473444591445295,True,1,8,False,False
q7,16.886745884846807,0.057831503937200025,True,1,7,False,False
q7,17.544797310949516,0.060560641202791365,False,1,8,False,False
q7,17.473303592132073,0.0460164325874064,True,1,7,False,False
q7,17.886658164832152,0.042313210808336534,True,1,8,False,False
q8,16.579321866602367,0.022665242258769987,False,3,0,False,True
q8,16.532020250122304,0.022663465550529546,False,2,0,False,False
q8,18.945875533130064,0.02716857307744033,False,1,0,False,False
q8,38.109868890170326,0.1173234568909828,False,1,0,False,False
q8,16.532020250122304,0.022663465550529546,False,2,1,False,False
q8,16.532020250122304,0.022663465550529546,False,2,1,False,False
q8,16.532020250122304,0.022663465550529546,False,2,1,False,False
q8,16.532020250122304,0.022663465550529546,False,2,1,False,False
q8,16.532020250122304,0.022663465550529546,False,2,1,False,False
q8,16.532020250122304,0.022663465550529546,False,2,1,False,False
q8,16.532020250122304,0.022663465550529546,False,2,1,False,False
q8,16.532020250122304,0.022663465550529546,False,2,1,False,False
q8,16.532020250122304,0.022663465550529546,False,2,1,False,False
q8,16.532020250122304,0.022663465550529546,False,2,1,False,False
q8,16.532020250122304,0.022663465550529546,False,2,1,False,False
q8,16.532020250122304,0.022663465550529546,False,2,1,False,False
q8,16.532020250122304,0.022663465550529546,False,2,1,False,False
q8,16.532020250122304,0.022663465550529546,False,2,1,False,False
q8,16.532020250122304,0.022663465550529546,False,2,1,False,False
q8,16.532020250122304,0.022663465550529546,False,2,1,False,False
q8,16.532020250122304,0.022663465550529546,False,2,1,False,False
q8,16.532020250122304,0.022663465550529546,False,2,1,False,False
q8,16.532020250122304,0.022663465550529546,False,2,1,False,False
q8,16.532020250122304,0.022663465550529546,False,2,1,False,False
q8,16.532020250122304,0.022663465550529546,False,2,1,False,False
q8,16.532020250122304,0.022663465550529546,False,2,1,False,False
q8,16.532020250122304,0.022663465550529546,False,2,1,False,False
q8,16.532020250122304,0.022663465550529546,False,2,1,False,False
q8,16.532020250122304,0.022663465550529546,False,2,1,False,False
q8,16.532020250122304,0.022663465550529546,False,2,1,False,False
q8,16.532020250122304,0.022663465550529546,False,2,1,False,False
q8,16.532020250122304,0.022663465550529546,False,2,1,False,False
q8,16.532020250122304,0.022663465550529546,False,2,1,False,False
q8,16.532020250122304,0.022663465550529546,False,2,1,False,False
q8,16.532020250122304,0.022663465550529546,False,2,1,False,False
q8,16.532020250122304,0.022663465550529546,False,2,1,False,False
q8,16.532020250122304,0.022663465550529546,False,2,1,False,False
q8,16.532020250122304,0.022663465550529546,False,2,1,False,False
q8,16.532020250122304,0.022663465550529546,False,2,1,False,False
q8,16.532020250122304,0.022663465550529546,False,2,1,False,False
q8,16.532020250122304,0.022663465550529546,False,2,1,False,False
q8,16.532020250122304,0.022663465550529546,False,2,1,False,False
q8,16.532020250122304,0.022663465550529546,False,2,1,False,False
q8,16.532020250122304,0.022663465550529546,False,2,1,False,False
q8,16.532020250122304,0.022663465550529546,False,2,1,False,False
q8,16.532020250122304,0.022663465550529546,False,2,1,False,False
q8,16.37455128192818,0.023011722351610368,False,2,1,False,False
q8,16.532020250122304,0.022663465550529546,False,2,1,False,False
q8,16.532020250122304,0.022663465550529546,False,2,1,False,False
q8,16.532020250122304,0.022663465550529546,False,2,1,False,False
q8,16.532020250122304,0.022663465550529546,False,2,1,False,False
q8,16.532020250122304,0.022663465550529546,False,2,1,False,False
q8,16.532020250122304,0.022663465550529546,False,2,1,False,False
q8,16.532020250122304,0.022663465550529546,False,2,1,False,False
q8,16.532020250122304,0.022663465550529546,False,2,1,False,False
q8,16.532020250122304,0.022663465550529546,False,2,1,False,False
q8,16.532020250122304,0.022663465550529546,False,2,1,False,False
q8,16.532020250122304,0.022663465550529546,False,2,1,False,False
q8,16.532020250122304,0.022663465550529546,False,2,1,False,False
q8,16.532020250122304,0.022663465550529546,False,2,1,False,False
q8,16.532020250122304,0.022663465550529546,False,2,1,False,False
q8,16.532020250122304,0.022663465550529546,False,2,1,False,False
q8,16.532020250122304,0.022663465550529546,False,2,1,False,False
q8,16.532020250122304,0.022663465550529546,False,2,1,False,False
q8,17.077383942563767,0.02565338399474776,False,2,1,False,False
q8,17.1882355020164,0.02419214179908192,False,2,1,False,False
q8,16.85255691930689,0.021783514194748377,False,2,1,False,False
q8,17.562962044943177,0.021343538674229664,False,2,1,False,False
q8,17.562962044943177,0.021343538674229664,False,2,1,False,False
q8,17.562962044943177,0.021343538674229664,False,2,1,False,False
q8,17.562962044943177,0.021343538674229664,False,2,2,False,False
q8,17.562962044943177,0.021343538674229664,False,2,2,False,False
q8,18.778330478946142,0.02100604823707683,False,2,2,False,False
q8,19.16446378035164,0.024050985019287915,False,2,3,False,False
q8,19.24294239242159,0.023945987963741137,False,2,3,False,False
q8,17.884707561943422,0.019221079738240318,False,2,3,False,False
q8,17.042579410595053,0.01736916685498365,False,2,3,False,False
q8,16.270893891307846,0.017763283998632452,False,2,4,False,False
q8,16.546923242038755,0.017481769273052145,False,2,4,False,False
q8,19.021168476608572,0.017301436347578563,False,2,4,False,False
q8,19.021168476608572,0.017301436347578563,False,2,4,False,False
q8,19.021168476608572,0.017301436347578563,False,2,4,False,False
q8,19.021168476608572,0.017301436347578563,False,2,4,False,False
q8,19.021168476608572,0.017301436347578563,False,2,5,False,False
q8,19.021168476608572,0.017301436347578563,False,2,5,False,False
q8,19.021168476608572,0.017301436347578563,False,2,5,False,False
q8,19.021168476608572,0.017301436347578563,False,2,5,False,False
q8,19.021168476608572,0.017301436347578563,False,2,5,False,False
q8,19.021168476608572,0.017301436347578563,False,2,5,False,False
q8,19.021168476608572,0.017301436347578563,False,2,5,False,False
q8,19.021168476608572,0.017301436347578563,False,2,5,False,False
q8,19.021168476608572,0.017301436347578563,False,2,5,False,False
q8,19.021168476608572,0.017301436347578563,False,2,5,False,False
q8,19.021168476608572,0.017301436347578563,False,2,5,False,False
q8,19.021168476608572,0.017301436347578563,False,2,5,False,False
q8,19.021168476608572,0.017301436347578563,False,2,5,False,False
q8,19.021168476608572,0.017301436347578563,False,2,5,False,False
q8,19.021168476608572,0.017301436347578563,False,2,5,False,False
q8,19.021168476608572,0.017301436347578563,False,2,5,False,False
q8,19.021168476608572,0.017301436347578563,False,2,5,False,False
q8,19.021168476608572,0.017301436347578563,False,2,5,False,False
q8,19.021168476608572,0.017301436347578563,False,2,5,False,False
q8,19.021168476608572,0.017301436347578563,False,2,5,False,False
q8,19.021168476608572,0.017301436347578563,False,2,5,False,False
q8,19.021168476608572,0.017301436347578563,False,2,5,False,False
q8,19.021168476608572,0.017301436347578563,False,2,5,False,False
q8,19.021168476608572,0.017301436347578563,False,2,5,False,False
q8,19.021168476608572,0.017301436347578563,False,2,5,False,False
q8,19.021168476608572,0.017301436347578563,False,2,5,False,False
q8,19.021168476608572,0.017301436347578563,False,2,5,False,False
q8,18.16933339257852,0.01782162519198123,False,2,5,False,False
q8,18.51006742619054,0.017405470619502046,False,2,5,False,False
q8,19.021168476608572,0.017301436347578563,False,2,5,False,False
q8,19.021168476608572,0.017301436347578563,False,2,5,False,False
q8,19.021168476608572,0.017301436347578563,False,2,5,False,False
q8,19.021168476608572,0.017301436347578563,False,2,5,False,False
q8,19.021168476608572,0.017301436347578563,False,2,5,False,False
q8,19.021168476608572,0.017301436347578563,False,2,5,False,False
q8,19.021168476608572,0.017301436347578563,False,2,5,False,False
q8,19.021168476608572,0.017301436347578563,False,2,5,False,False
q8,19.021168476608572,0.017301436347578563,False,2,5,False,False
q8,19.021168476608572,0.017301436347578563,False,2,5,False,False
q8,19.021168476608572,0.017301436347578563,False,2,5,False,False
q8,19.021168476608572,0.017301436347578563,False,2,5,False,False
q8,19.021168476608572,0.017301436347578563,False,2,5,False,False
q8,19.021168476608572,0.017301436347578563,False,2,5,False,False
q8,19.021168476608572,0.017301436347578563,False,2,5,False,False
q8,19.021168476608572,0.017301436347578563,False,2,5,False,False
q8,19.021168476608572,0.017301436347578563,False,2,5,False,False
q8,19.021168476608572,0.017301436347578563,False,2,5,False,False
q8,19.021168476608572,0.017301436347578563,False,2,5,False,False
q8,19.021168476608572,0.017301436347578563,False,2,5,False,False
q8,19.021168476608572,0.017301436347578563,False,2,5,False,False
q8,19.021168476608572,0.017301436347578563,False,2,5,False,False
q8,19.021168476608572,0.017301436347578563,False,2,5,False,False
q8,19.021168476608572,0.017301436347578563,False,2,5,False,False
q8,19.021168476608572,0.017301436347578563,False,2,5,False,False
q8,19.021168476608572,0.017301436347578563,False,2,5,False,False
q8,19.021168476608572,0.017301436347578563,False,2,5,False,False
q8,19.021168476608572,0.017301436347578563,False,2,5,False,False
q8,19.021168476608572,0.017301436347578563,False,2,5,False,False
q8,19.021168476608572,0.017301436347578563,False,2,5,False,False
q8,19.021168476608572,0.017301436347578563,False,2,5,False,False
q8,19.021168476608572,0.017301436347578563,False,2,5,False,False
q8,19.021168476608572,0.017301436347578563,False,2,5,False,False
q8,19.021168476608572,0.017301436347578563,False,2,5,False,False
q8,19.021168476608572,0.017301436347578563,False,2,5,False,False
q8,19.021168476608572,0.017301436347578563,False,2,5,False,False
q8,19.021168476608572,0.017301436347578563,False,2,5,False,False
q8,19.021168476608572,0.017301436347578563,False,2,5,False,False
q8,19.021168476608572,0.017301436347578563,False,2,5,False,False
q8,19.021168476608572,0.017301436347578563,False,2,5,False,False
q8,19.021168476608572,0.017301436347578563,False,2,5,False,False
q8,19.021168476608572,0.017301436347578563,False,2,5,False,False
q8,19.021168476608572,0.017301436347578563,False,2,5,False,False
q8,19.021168476608572,0.017301436347578563,False,2,5,False,False
q8,19.021168476608572,0.017301436347578563,False,2,5,False,False
q8,19.021168476608572,0.017301436347578563,False,2,5,False,False
q8,19.021168476608572,0.017301436347578563,False,2,5,False,False
q8,19.021168476608572,0.017301436347578563,False,2,5,False,False
q8,19.021168476608572,0.017301436347578563,False,2,5,False,False
q8,19.021168476608572,0.017301436347578563,False,2,5,False,False
q8,19.021168476608572,0.017301436347578563,False,2,5,False,False
q8,19.021168476608572,0.017301436347578563,False,2,5,False,False
q8,19.021168476608572,0.017301436347578563,False,2,5,False,False
q8,19.021168476608572,0.017301436347578563,False,2,5,False,False
q8,19.021168476608572,0.017301436347578563,False,2,5,False,False
q8,19.021168476608572,0.017301436347578563,False,2,5,False,False
q8,19.021168476608572,0.017301436347578563,False,2,5,False,False
q8,19.021168476608572,0.017301436347578563,False,2,5,False,False
q8,19.06847009308863,0.017303213078691936,False,3,4,False,False
q8,19.021168476608572,0.017301436347578563,False,2,5,False,False
q8,19.021168476608572,0.017301436347578563,False,2,5,False,False
q8,19.021168476608572,0.017301436347578563,False,2,5,False,False
q8,19.021168476608572,0.017301436347578563,False,2,5,False,False
q8,19.021168476608572,0.017301436347578563,False,2,5,False,False
q8,19.021168476608572,0.017301436347578563,False,2,5,False,False
q8,19.021168476608572,0.017301436347578563,False,2,5,False,False
q8,19.021168476608572,0.017301436347578563,False,2,5,False,False
q8,19.021168476608572,0.017301436347578563,False,2,5,False,False
q8,19.021168476608572,0.017301436347578563,False,2,5,False,False
q8,19.021168476608572,0.017301436347578563,False,2,5,False,False
q8,19.021168476608572,0.017301436347578563,False,2,5,False,False
q8,19.021168476608572,0.017301436347578563,False,2,5,False,False
q8,19.021168476608572,0.017301436347578563,False,2,5,False,False
q8,19.021168476608572,0.017301436347578563,False,2,5,False,False
q8,19.021168476608572,0.017301436347578563,False,2,5,False,False
q8,19.021168476608572,0.017301436347578563,False,2,5,False,False
q8,19.021168476608572,0.017301436347578563,False,2,5,False,False
q8,19.021168476608572,0.017301436347578563,False,2,5,False,False
q8,19.021168476608572,0.017301436347578563,False,2,5,False,False
q8,19.021168476608572,0.017301436347578563,False,2,5,False,False
q8,19.021168476608572,0.017301436347578563,False,2,5,False,False
q8,19.021168476608572,0.017301436347578563,False,2,5,False,False
q8,19.021168476608572,0.017301436347578563,False,2,5,False,False
q8,19.021168476608572,0.017301436347578563,False,2,5,False,False
q8,19.021168476608572,0.017301436347578563,False,2,5,False,False
q8,19.021168476608572,0.017301436347578563,False,2,5,False,False
q8,19.021168476608572,0.017301436347578563,False,2,5,False,False
q8,19.021168476608572,0.017301436347578563,False,2,5,False,False
q8,19.021168476608572,0.017301436347578563,False,2,5,False,False
q8,19.021168476608572,0.017301436347578563,False,2,5,False,False
q8,19.021168476608572,0.017301436347578563,False,2,5,False,False
q8,19.021168476608572,0.017301436347578563,False,2,5,False,False
q8,19.021168476608572,0.017301436347578563,False,2,5,False,False
q8,19.021168476608572,0.017301436347578563,False,2,5,False,False
q8,19.021168476608572,0.017301436347578563,False,2,5,False,False
q8,19.021168476608572,0.017301436347578563,False,2,5,False,False
q8,19.021168476608572,0.017301436347578563,False,2,5,False,False
q8,19.021168476608572,0.017301436347578563,False,2,5,False,False
q8,19.021168476608572,0.017301436347578563,False,2,5,False,False
q8,19.021168476608572,0.017301436347578563,False,2,5,False,False
q8,19.021168476608572,0.017301436347578563,False,2,5,False,False
q8,18.86369950841445,0.017649693291270085,False,2,5,False,False
q8,19.021168476608572,0.017301436347578563,False,2,5,False,False
q8,19.021168476608572,0.017301436347578563,False,2,5,False,False
q8,19.021168476608572,0.017301436347578563,False,2,5,False,False
q8,19.021168476608572,0.017301436347578563,False,2,5,False,False
q8,19.021168476608572,0.017301436347578563,False,2,5,False,False
q8,19.021168476608572,0.017301436347578563,False,2,5,False,False
q8,19.021168476608572,0.017301436347578563,False,2,5,False,False
q8,19.021168476608572,0.017301436347578563,False,2,5,False,False
q8,19.021168476608572,0.017301436347578563,False,2,5,False,False
q8,19.021168476608572,0.017301436347578563,False,2,5,False,False
q8,19.021168476608572,0.017301436347578563,False,2,5,False,False
q8,19.021168476608572,0.017301436347578563,False,2,5,False,False
q8,19.021168476608572,0.017301436347578563,False,2,5,False,False
q8,19.021168476608572,0.017301436347578563,False,2,5,False,False
q8,19.021168476608572,0.017301436347578563,False,2,5,False,False
q8,19.021168476608572,0.017301436347578563,False,2,5,False,False
q8,19.021168476608572,0.017301436347578563,False,2,5,False,False
q8,18.859138714809063,0.02161128306187709,False,2,4,False,False
q8,18.808216103971745,0.02015004016930844,False,2,4,False,False
q8,18.059558469054824,0.018621363522457232,False,2,3,False,False
q8,18.33387394672799,0.01774141196758854,False,2,4,False,False
q8,19.021168476608572,0.017301436347578563,False,2,4,False,False
q8,19.021168476608572,0.017301436347578563,True,2,4,False,False
q8,17.805800042605608,0.01763921482247539,False,2,4,False,False
q8,17.805800042605608,0.01763921482247539,False,2,4,False,False
q8,17.805800042605608,0.01763921482247539,False,2,3,False,False
q8,22.75820616254002,0.023983269123514516,False,2,4,False,False
q8,22.8056241339143,0.023878271786974818,False,2,4,False,False
q8,21.47131428096008,0.020938324192508836,False,2,3,False,False
q8,20.049660472130963,0.019153350916792725,False,2,4,False,False
q8,76.33990327793495,0.35351019053044347,False,0,0,False,False
q8,76.387204894415,0.35351196725388334,False,1,0,False,False
q8,17.042579410595053,0.01736916685498365,False,2,4,False,False
q8,17.042579410595053,0.01736916685498365,False,2,4,False,False
q8,17.042579410595053,0.01736916685498365,False,2,4,False,False
q8,17.042579410595053,0.01736916685498365,False,2,4,False,False
q8,17.042579410595053,0.01736916685498365,False,2,4,False,False
q8,17.042579410595053,0.01736916685498365,False,2,4,False,False
q8,17.042579410595053,0.01736916685498365,False,2,4,False,False
q8,17.042579410595053,0.01736916685498365,False,2,4,False,False
q8,17.042579410595053,0.01736916685498365,False,2,4,False,False
q8,17.042579410595053,0.01736916685498365,False,2,4,False,False
q8,17.042579410595053,0.01736916685498365,False,2,4,False,False
q8,17.042579410595053,0.01736916685498365,False,2,4,False,False
q8,17.042579410595053,0.01736916685498365,False,2,4,False,False
q8,17.042579410595053,0.01736916685498365,False,2,4,False,False
q8,17.042579410595053,0.01736916685498365,False,2,4,False,False
q8,17.042579410595053,0.01736916685498365,False,2,4,False,False
q8,17.042579410595053,0.01736916685498365,False,2,4,False,False
q8,17.042579410595053,0.01736916685498365,False,2,4,False,False
q8,17.042579410595053,0.01736916685498365,False,2,4,False,False
q8,17.042579410595053,0.01736916685498365,False,2,4,False,False
q8,17.042579410595053,0.01736916685498365,False,2,4,False,False
q8,17.042579410595053,0.01736916685498365,False,2,4,False,False
q8,17.042579410595053,0.01736916685498365,False,2,4,False,False
q8,17.042579410595053,0.01736916685498365,False,2,4,False,False
q8,17.042579410595053,0.01736916685498365,False,2,4,False,False
q8,17.042579410595053,0.01736916685498365,False,2,4,False,False
q8,17.042579410595053,0.01736916685498365,False,2,4,False,False
q8,16.190744326565,0.01788935569938633,False,2,4,False,False
q8,16.53147836017702,0.017473201126907142,True,2,4,False,False
q8,17.042579410595053,0.01736916685498365,False,2,4,False,False
q8,17.042579410595053,0.01736916685498365,False,2,4,False,False
q8,17.042579410595053,0.01736916685498365,False,2,4,False,False
q8,17.042579410595053,0.01736916685498365,False,2,4,False,False
q8,17.042579410595053,0.01736916685498365,False,2,4,False,False
q8,17.042579410595053,0.01736916685498365,False,2,4,False,False
q8,18.02985613949598,0.017357730860297207,False,2,4,False,False
q8,18.02985613949598,0.017357730860297207,False,2,4,False,False
q8,18.02985613949598,0.017357730860297207,False,2,4,False,False
q8,18.02985613949598,0.017357730860297207,True,2,4,False,False
q8,17.042579410595053,0.01736916685498365,False,2,4,False,False
q8,17.042579410595053,0.01736916685498365,False,2,4,False,False
q8,17.042579410595053,0.01736916685498365,False,2,4,False,False
q8,17.042579410595053,0.01736916685498365,False,2,4,False,False
q8,17.042579410595053,0.01736916685498365,False,2,4,False,False
q8,17.042579410595053,0.01736916685498365,False,2,4,False,False
q8,17.042579410595053,0.01736916685498365,False,2,4,False,False
q8,17.042579410595053,0.01736916685498365,False,2,4,False,False
q8,17.042579410595053,0.01736916685498365,False,2,4,False,False
q8,17.042579410595053,0.01736916685498365,False,2,4,False,False
q8,17.042579410595053,0.01736916685498365,False,2,4,False,False
q8,17.042579410595053,0.01736916685498365,False,2,4,False,False
q8,17.042579410595053,0.01736916685498365,False,2,4,False,False
q8,17.042579410595053,0.01736916685498365,False,2,4,False,False
q8,17.042579410595053,0.01736916685498365,False,2,4,False,False
q8,17.042579410595053,0.01736916685498365,False,2,4,False,False
q8,17.042579410595053,0.01736916685498365,False,2,4,False,False
q8,17.042579410595053,0.01736916685498365,False,2,4,False,False
q8,17.042579410595053,0.01736916685498365,False,2,4,False,False
q8,17.042579410595053,0.01736916685498365,False,2,4,False,False
q8,17.042579410595053,0.01736916685498365,False,2,4,False,False
q8,17.042579410595053,0.01736916685498365,False,2,4,False,False
q8,17.042579410595053,0.01736916685498365,False,2,4,False,False
q8,17.042579410595053,0.01736916685498365,False,2,4,False,False
q8,17.042579410595053,0.01736916685498365,False,2,4,False,False
q8,17.042579410595053,0.01736916685498365,False,2,4,False,False
q8,17.042579410595053,0.01736916685498365,False,2,4,False,False
q8,17.042579410595053,0.01736916685498365,False,2,4,False,False
q8,17.042579410595053,0.01736916685498365,False,2,4,False,False
q8,17.042579410595053,0.01736916685498365,False,2,4,False,False
q8,17.042579410595053,0.01736916685498365,False,2,4,False,False
q8,17.042579410595053,0.01736916685498365,False,2,4,False,False
q8,17.042579410595053,0.01736916685498365,False,2,4,False,False
q8,17.042579410595053,0.01736916685498365,False,2,4,False,False
q8,17.042579410595053,0.01736916685498365,False,2,4,False,False
q8,17.042579410595053,0.01736916685498365,False,2,4,False,False
q8,17.042579410595053,0.01736916685498365,False,2,4,False,False
q8,17.042579410595053,0.01736916685498365,False,2,4,False,False
q8,17.042579410595053,0.01736916685498365,False,2,4,False,False
q8,17.042579410595053,0.01736916685498365,False,2,4,False,False
q8,17.042579410595053,0.01736916685498365,False,2,4,False,False
q8,17.042579410595053,0.01736916685498365,False,2,4,False,False
q8,17.042579410595053,0.01736916685498365,False,2,4,False,False
q8,17.042579410595053,0.01736916685498365,False,2,4,False,False
q8,17.042579410595053,0.01736916685498365,False,2,4,False,False
q8,17.042579410595053,0.01736916685498365,False,2,4,False,False
q8,17.042579410595053,0.01736916685498365,False,2,4,False,False
q8,17.042579410595053,0.01736916685498365,False,2,4,False,False
q8,17.089881027075112,0.0173709435861034,False,3,3,False,False
q8,19.802446019449878,0.02122683337989174,False,1,3,False,False
q8,17.042579410595053,0.01736916685498365,False,2,4,False,False
q8,17.042579410595053,0.01736916685498365,False,2,4,False,False
q8,17.042579410595053,0.01736916685498365,False,2,4,False,False
q8,17.042579410595053,0.01736916685498365,False,2,4,False,False
q8,17.042579410595053,0.01736916685498365,False,2,4,False,False
q8,17.042579410595053,0.01736916685498365,False,2,4,False,False
q8,17.042579410595053,0.01736916685498365,False,2,4,False,False
q8,17.042579410595053,0.01736916685498365,False,2,4,False,False
q8,17.042579410595053,0.01736916685498365,False,2,4,False,False
q8,17.042579410595053,0.01736916685498365,False,2,4,False,False
q8,17.042579410595053,0.01736916685498365,False,2,4,False,False
q8,17.042579410595053,0.01736916685498365,False,2,4,False,False
q8,17.042579410595053,0.01736916685498365,False,2,4,False,False
q8,17.042579410595053,0.01736916685498365,False,2,4,False,False
q8,17.042579410595053,0.01736916685498365,False,2,4,False,False
q8,17.042579410595053,0.01736916685498365,False,2,4,False,False
q8,17.042579410595053,0.01736916685498365,False,2,4,False,False
q8,17.042579410595053,0.01736916685498365,False,2,4,False,False
q8,17.042579410595053,0.01736916685498365,False,2,4,False,False
q8,17.042579410595053,0.01736916685498365,False,2,4,False,False
q8,17.042579410595053,0.01736916685498365,False,2,4,False,False
q8,17.042579410595053,0.01736916685498365,False,2,4,False,False
q8,17.042579410595053,0.01736916685498365,False,2,4,False,False
q8,17.042579410595053,0.01736916685498365,False,2,4,False,False
q8,17.042579410595053,0.01736916685498365,False,2,4,False,False
q8,17.042579410595053,0.01736916685498365,False,2,4,False,False
q8,17.042579410595053,0.01736916685498365,False,2,4,False,False
q8,17.042579410595053,0.01736916685498365,False,2,4,False,False
q8,17.042579410595053,0.01736916685498365,False,2,4,False,False
q8,17.042579410595053,0.01736916685498365,False,2,4,False,False
q8,17.042579410595053,0.01736916685498365,False,2,4,False,False
q8,17.042579410595053,0.01736916685498365,False,2,4,False,False
q8,17.042579410595053,0.01736916685498365,False,2,4,False,False
q8,17.042579410595053,0.01736916685498365,False,2,4,False,False
q8,17.042579410595053,0.01736916685498365,False,2,4,False,False
q8,17.042579410595053,0.01736916685498365,False,2,4,False,False
q8,17.042579410595053,0.01736916685498365,False,2,4,False,False
q8,17.042579410595053,0.01736916685498365,False,2,4,False,False
q8,17.042579410595053,0.01736916685498365,False,2,4,False,False
q8,17.042579410595053,0.01736916685498365,False,2,4,False,False
q8,17.042579410595053,0.01736916685498365,False,2,4,False,False
q8,17.042579410595053,0.01736916685498365,False,2,4,False,False
q8,16.88511044240093,0.017717423798675178,False,2,4,False,False
q8,17.042579410595053,0.01736916685498365,False,2,4,False,False
q8,17.042579410595053,0.01736916685498365,False,2,4,False,False
q8,17.042579410595053,0.01736916685498365,False,2,4,False,False
q8,17.042579410595053,0.01736916685498365,False,2,4,False,False
q8,17.042579410595053,0.01736916685498365,False,2,4,False,False
q8,17.042579410595053,0.01736916685498365,False,2,4,False,False
q8,17.042579410595053,0.01736916685498365,False,2,4,False,False
q8,17.042579410595053,0.01736916685498365,False,2,4,False,False
q8,17.042579410595053,0.01736916685498365,False,2,4,False,False
q8,17.042579410595053,0.01736916685498365,False,2,4,False,False
q8,17.042579410595053,0.01736916685498365,False,2,4,False,False
q8,17.042579410595053,0.01736916685498365,False,2,4,False,False
q8,17.042579410595053,0.01736916685498365,False,2,4,False,False
q8,17.042579410595053,0.01736916685498365,False,2,4,False,False
q8,17.042579410595053,0.01736916685498365,False,2,4,False,False
q8,17.042579410595053,0.01736916685498365,False,2,4,False,False
q8,17.042579410595053,0.01736916685498365,False,2,4,False,False
q8,16.880549648795544,0.02167901356928218,False,2,3,False,False
q8,16.829627037958225,0.020217770676713535,False,2,3,False,False
q8,16.080969403041305,0.018689094029862324,False,2,2,False,False
q8,16.355284880714468,0.017809142474993635,False,2,3,False,False
q8,17.042579410595053,0.01736916685498365,False,2,3,False,False
q8,17.042579410595053,0.01736916685498365,True,2,3,False,False
q8,15.827210976592088,0.017706562171763782,False,2,3,False,False
q8,15.827210976592088,0.017706562171763782,False,2,3,False,False
q8,15.827210976592088,0.017706562171763782,False,2,2,False,False
q8,17.949095346348674,0.02438847546279098,False,2,2,False,False
q8,18.027573958418625,0.0242834784070574,False,2,2,False,False
q8,16.669339127940457,0.019558570171429094,False,2,2,False,False
q8,15.054678153780515,0.018097978337375732,False,2,3,False,False
q8,15.331150700642697,0.017818392858767913,False,2,3,False,False
q8,17.805800042605608,0.01763921482247539,False,2,3,False,False
q8,17.805800042605608,0.01763921482247539,False,2,3,False,False
q8,17.805800042605608,0.01763921482247539,False,2,3,False,False
q8,15.331150700642697,0.017818392858767913,False,2,4,False,False
q8,15.331150700642697,0.017818392858767913,False,2,4,False,False
q8,15.331150700642697,0.017818392858767913,False,2,4,False,False
q8,15.331150700642697,0.017818392858767913,False,2,4,False,False
q8,15.331150700642697,0.017818392858767913,False,2,4,False,False
q8,15.331150700642697,0.017818392858767913,False,2,4,False,False
q8,15.331150700642697,0.017818392858767913,False,2,4,False,False
q8,15.331150700642697,0.017818392858767913,False,2,4,False,False
q8,15.331150700642697,0.017818392858767913,False,2,4,False,False
q8,15.331150700642697,0.017818392858767913,False,2,4,False,False
q8,15.331150700642697,0.017818392858767913,False,2,4,False,False
q8,15.331150700642697,0.017818392858767913,False,2,4,False,False
q8,15.331150700642697,0.017818392858767913,False,2,4,False,False
q8,15.331150700642697,0.017818392858767913,False,2,4,False,False
q8,15.331150700642697,0.017818392858767913,False,2,4,False,False
q8,15.331150700642697,0.017818392858767913,False,2,4,False,False
q8,15.331150700642697,0.017818392858767913,False,2,4,False,False
q8,15.331150700642697,0.017818392858767913,False,2,4,False,False
q8,15.331150700642697,0.017818392858767913,False,2,4,False,False
q8,15.331150700642697,0.017818392858767913,False,2,4,False,False
q8,15.331150700642697,0.017818392858767913,False,2,4,False,False
q8,15.331150700642697,0.017818392858767913,False,2,4,False,False
q8,15.331150700642697,0.017818392858767913,False,2,4,False,False
q8,15.331150700642697,0.017818392858767913,False,2,4,False,False
q8,15.331150700642697,0.017818392858767913,False,2,4,False,False
q8,15.331150700642697,0.017818392858767913,False,2,4,False,False
q8,15.774685815617993,0.01773530839906347,False,2,4,False,False
q8,14.417195057670297,0.018334572945206448,False,2,4,False,False
q8,14.600067007743394,0.018024861147453188,False,2,4,False,False
q8,15.331150700642697,0.017818392858767913,False,2,4,False,False
q8,15.331150700642697,0.017818392858767913,False,2,4,False,False
q8,15.331150700642697,0.017818392858767913,False,2,4,False,False
q8,15.331150700642697,0.017818392858767913,True,2,4,False,False
q8,13.854618232533038,0.01813934649056401,False,2,5,False,False
q8,13.854618232533038,0.01813934649056401,False,2,5,False,False
q8,15.58734373664432,0.018013422383105958,False,2,5,False,False
q8,15.58734373664432,0.018013422383105958,False,2,5,False,False
q8,15.58734373664432,0.018013422383105958,False,2,5,False,False
q8,15.58734373664432,0.018013422383105958,False,2,5,False,False
q8,13.854618232533038,0.01813934649056401,False,2,6,False,False
q8,13.854618232533038,0.01813934649056401,False,2,6,False,False
q8,13.854618232533038,0.01813934649056401,False,2,6,False,False
q8,13.854618232533038,0.01813934649056401,False,2,6,False,False
q8,13.854618232533038,0.01813934649056401,False,2,6,False,False
q8,13.854618232533038,0.01813934649056401,False,2,6,False,False
q8,13.854618232533038,0.01813934649056401,False,2,6,False,False
q8,13.854618232533038,0.01813934649056401,False,2,6,False,False
q8,13.854618232533038,0.01813934649056401,False,2,6,False,False
q8,13.854618232533038,0.01813934649056401,False,2,6,False,False
q8,13.854618232533038,0.01813934649056401,False,2,6,False,False
q8,13.854618232533038,0.01813934649056401,False,2,6,False,False
q8,13.854618232533038,0.01813934649056401,False,2,6,False,False
q8,13.854618232533038,0.01813934649056401,False,2,6,False,False
q8,13.854618232533038,0.01813934649056401,False,2,6,False,False
q8,13.854618232533038,0.01813934649056401,False,2,6,False,False
q8,13.854618232533038,0.01813934649056401,False,2,6,False,False
q8,13.854618232533038,0.01813934649056401,False,2,6,False,False
q8,13.854618232533038,0.01813934649056401,False,2,6,False,False
q8,13.854618232533038,0.01813934649056401,False,2,6,False,False
q8,13.854618232533038,0.01813934649056401,False,2,6,False,False
q8,13.854618232533038,0.01813934649056401,False,2,6,False,False
q8,13.854618232533038,0.01813934649056401,False,2,6,False,False
q8,13.854618232533038,0.01813934649056401,False,2,6,False,False
q8,13.854618232533038,0.01813934649056401,False,2,6,False,False
q8,13.854618232533038,0.01813934649056401,False,2,6,False,False
q8,13.854618232533038,0.01813934649056401,False,2,6,False,False
q8,13.854618232533038,0.01813934649056401,False,2,6,False,False
q8,13.854618232533038,0.01813934649056401,False,2,6,False,False
q8,13.854618232533038,0.01813934649056401,False,2,6,False,False
q8,13.854618232533038,0.01813934649056401,False,2,6,False,False
q8,13.854618232533038,0.01813934649056401,False,2,6,False,False
q8,13.854618232533038,0.01813934649056401,False,2,6,False,False
q8,13.854618232533038,0.01813934649056401,False,2,6,False,False
q8,13.854618232533038,0.01813934649056401,False,2,6,False,False
q8,13.854618232533038,0.01813934649056401,False,2,6,False,False
q8,13.854618232533038,0.01813934649056401,False,2,6,False,False
q8,13.854618232533038,0.01813934649056401,False,2,6,False,False
q8,13.854618232533038,0.01813934649056401,False,2,6,False,False
q8,13.854618232533038,0.01813934649056401,False,2,6,False,False
q8,13.854618232533038,0.01813934649056401,False,2,6,False,False
q8,13.854618232533038,0.01813934649056401,False,2,6,False,False
q8,13.854618232533038,0.01813934649056401,False,2,6,False,False
q8,13.854618232533038,0.01813934649056401,False,2,6,False,False
q8,13.854618232533038,0.01813934649056401,False,2,6,False,False
q8,13.854618232533038,0.01813934649056401,False,2,6,False,False
q8,13.854618232533038,0.01813934649056401,False,2,6,False,False
q8,13.854618232533038,0.01813934649056401,False,2,6,False,False
q8,13.901919849013098,0.01814112319881465,False,3,5,False,False
q8,16.946835803594936,0.024340397693912053,False,1,5,False,False
q8,35.52049044136186,0.1178886091066991,False,1,5,False,False
q8,13.854618232533038,0.01813934649056401,False,2,6,False,False
q8,13.854618232533038,0.01813934649056401,False,2,6,False,False
q8,13.854618232533038,0.01813934649056401,False,2,6,False,False
q8,13.854618232533038,0.01813934649056401,False,2,6,False,False
q8,13.854618232533038,0.01813934649056401,False,2,6,False,False
q8,13.854618232533038,0.01813934649056401,False,2,6,False,False
q8,13.854618232533038,0.01813934649056401,False,2,6,False,False
q8,13.854618232533038,0.01813934649056401,False,2,6,False,False
q8,13.854618232533038,0.01813934649056401,False,2,6,False,False
q8,13.854618232533038,0.01813934649056401,False,2,6,False,False
q8,13.854618232533038,0.01813934649056401,False,2,6,False,False
q8,13.854618232533038,0.01813934649056401,False,2,6,False,False
q8,13.854618232533038,0.01813934649056401,False,2,6,False,False
q8,13.854618232533038,0.01813934649056401,False,2,6,False,False
q8,13.854618232533038,0.01813934649056401,False,2,6,False,False
q8,13.854618232533038,0.01813934649056401,False,2,6,False,False
q8,13.854618232533038,0.01813934649056401,False,2,6,False,False
q8,13.854618232533038,0.01813934649056401,False,2,6,False,False
q8,13.854618232533038,0.01813934649056401,False,2,6,False,False
q8,13.854618232533038,0.01813934649056401,False,2,6,False,False
q8,13.854618232533038,0.01813934649056401,False,2,6,False,False
q8,13.854618232533038,0.01813934649056401,False,2,6,False,False
q8,13.854618232533038,0.01813934649056401,False,2,6,False,False
q8,13.854618232533038,0.01813934649056401,False,2,6,False,False
q8,13.854618232533038,0.01813934649056401,False,2,6,False,False
q8,13.854618232533038,0.01813934649056401,False,2,6,False,False
q8,13.854618232533038,0.01813934649056401,False,2,6,False,False
q8,13.854618232533038,0.01813934649056401,False,2,6,False,False
q8,13.854618232533038,0.01813934649056401,False,2,6,False,False
q8,13.854618232533038,0.01813934649056401,False,2,6,False,False
q8,13.854618232533038,0.01813934649056401,False,2,6,False,False
q8,13.854618232533038,0.01813934649056401,False,2,6,False,False
q8,13.854618232533038,0.01813934649056401,False,2,6,False,False
q8,13.854618232533038,0.01813934649056401,False,2,6,False,False
q8,13.854618232533038,0.01813934649056401,False,2,6,False,False
q8,13.854618232533038,0.01813934649056401,False,2,6,False,False
q8,13.854618232533038,0.01813934649056401,False,2,6,False,False
q8,13.854618232533038,0.01813934649056401,False,2,6,False,False
q8,13.854618232533038,0.01813934649056401,False,2,6,False,False
q8,13.854618232533038,0.01813934649056401,False,2,6,False,False
q8,13.854618232533038,0.01813934649056401,False,2,6,False,False
q8,13.854618232533038,0.01813934649056401,False,2,6,False,False
q8,13.697149264338915,0.01848760329164483,True,2,6,False,False
q8,13.854618232533038,0.01813934649056401,False,2,6,False,False
q8,13.854618232533038,0.01813934649056401,False,2,6,False,False
q8,13.854618232533038,0.01813934649056401,False,2,6,False,False
q8,13.854618232533038,0.01813934649056401,False,2,6,False,False
q8,13.854618232533038,0.01813934649056401,False,2,6,False,False
q8,13.854618232533038,0.01813934649056401,False,2,6,False,False
q8,13.854618232533038,0.01813934649056401,False,2,6,False,False
q8,13.854618232533038,0.01813934649056401,False,2,6,False,False
q8,13.854618232533038,0.01813934649056401,False,2,6,False,False
q8,13.854618232533038,0.01813934649056401,False,2,6,False,False
q8,13.854618232533038,0.01813934649056401,False,2,6,False,False
q8,13.854618232533038,0.01813934649056401,False,2,6,False,False
q8,13.854618232533038,0.01813934649056401,False,2,6,False,False
q8,13.854618232533038,0.01813934649056401,False,2,6,False,False
q8,13.854618232533038,0.01813934649056401,False,2,6,False,False
q8,13.854618232533038,0.01813934649056401,False,2,6,False,False
q8,13.854618232533038,0.01813934649056401,False,2,6,False,False
q8,13.369040130153628,0.022449191811082105,False,2,5,False,False
q8,13.479891689606262,0.020987949615416265,False,2,5,False,False
q8,12.82367643771217,0.019459273366863893,False,2,4,False,False
q8,13.14421310689675,0.018579322011082724,False,2,5,False,False
q8,13.854618232533038,0.01813934649056401,False,2,5,False,False
q8,13.854618232533038,0.01813934649056401,False,2,5,False,False
q8,13.854618232533038,0.01813934649056401,False,2,6,False,False
q8,13.854618232533038,0.01813934649056401,False,2,6,False,False
q8,15.339626057936357,0.017654475190199952,True,2,6,False,False
q8,15.168925944202195,0.024821252469826412,False,2,5,False,False
q8,15.262934876619981,0.024716255554703696,False,2,5,False,False
q8,15.233171932883918,0.021776319758980082,False,2,4,False,False
q8,14.603564461794397,0.019991353646564153,False,2,5,False,False
q8,13.612525456174858,0.018590672319651003,False,2,5,False,False
q8,14.465641174804677,0.017958821044979256,True,2,4,False,False
q8,15.763563767333094,0.01786856774528338,False,2,5,False,False
q8,15.763563767333094,0.01786856774528338,False,2,5,False,False
q8,15.763563767333094,0.01786856774528338,False,2,5,False,False
q8,15.763563767333094,0.01786856774528338,False,2,5,False,False
q8,13.854618232533038,0.01813934649056401,False,2,6,False,False
q8,13.854618232533038,0.01813934649056401,False,2,6,False,False
q8,13.854618232533038,0.01813934649056401,False,2,6,False,False
q8,13.854618232533038,0.01813934649056401,False,2,6,False,False
q8,13.854618232533038,0.01813934649056401,False,2,6,False,False
q8,13.854618232533038,0.01813934649056401,False,2,6,False,False
q8,13.854618232533038,0.01813934649056401,False,2,6,False,False
q8,13.854618232533038,0.01813934649056401,False,2,6,False,False
q8,13.854618232533038,0.01813934649056401,False,2,6,False,False
q8,13.854618232533038,0.01813934649056401,False,2,6,False,False
q8,13.854618232533038,0.01813934649056401,False,2,6,False,False
q8,13.854618232533038,0.01813934649056401,False,2,6,False,False
q8,13.854618232533038,0.01813934649056401,False,2,6,False,False
q8,13.854618232533038,0.01813934649056401,False,2,6,False,False
q8,13.854618232533038,0.01813934649056401,False,2,6,False,False
q8,13.854618232533038,0.01813934649056401,False,2,6,False,False
q8,13.854618232533038,0.01813934649056401,False,2,6,False,False
q8,13.854618232533038,0.01813934649056401,False,2,6,False,False
q8,13.854618232533038,0.01813934649056401,False,2,6,False,False
q8,13.854618232533038,0.01813934649056401,False,2,6,False,False
q8,13.854618232533038,0.01813934649056401,False,2,6,False,False
q8,13.854618232533038,0.01813934649056401,False,2,6,False,False
q8,13.854618232533038,0.01813934649056401,False,2,6,False,False
q8,13.854618232533038,0.01813934649056401,False,2,6,False,False
q8,13.854618232533038,0.01813934649056401,False,2,6,False,False
q8,13.854618232533038,0.01813934649056401,True,2,6,False,False
q8,14.567388631515595,0.017907229592931857,True,2,6,False,False
q8,13.689939603587407,0.0185864504700141,False,2,5,False,False
q8,14.8493490788935,0.01784128637467594,False,2,4,False,False
q8,14.8493490788935,0.01784128637467594,False,2,5,False,False
q8,14.8493490788935,0.01784128637467594,False,2,5,False,False
q8,14.8493490788935,0.01784128637467594,False,2,5,False,False
q8,14.8493490788935,0.01784128637467594,True,2,5,False,False
q8,16.454882908218654,0.022295945859359925,False,2,2,False,False
q8,16.454882908218654,0.022295945859359925,False,2,2,False,False
q8,18.09103594906556,0.021446023857086806,False,2,2,False,False
q8,17.23869022071239,0.024828450983309693,False,2,2,False,False
q8,17.31716883278234,0.024723453927576113,False,2,2,False,False
q8,15.958934002304169,0.019998545691947804,False,2,2,False,False
q8,15.1168058509558,0.018146537692282496,False,2,2,False,False
q8,14.344273028144228,0.018537953857894446,False,2,3,False,False
q8,14.62074557500641,0.018258368379286627,False,2,3,False,False
q8,17.09539491696932,0.018079190342994104,False,2,3,False,False
q8,17.09539491696932,0.018079190342994104,False,2,3,False,False
q8,17.09539491696932,0.018079190342994104,False,2,3,False,False
q8,17.09539491696932,0.018079190342994104,False,2,3,False,False
q8,14.62074557500641,0.018258368379286627,False,2,4,False,False
q8,14.62074557500641,0.018258368379286627,False,2,4,False,False
q8,14.62074557500641,0.018258368379286627,False,2,4,False,False
q8,14.62074557500641,0.018258368379286627,False,2,4,False,False
q8,14.62074557500641,0.018258368379286627,False,2,4,False,False
q8,14.62074557500641,0.018258368379286627,False,2,4,False,False
q8,14.62074557500641,0.018258368379286627,False,2,4,False,False
q8,14.62074557500641,0.018258368379286627,False,2,4,False,False
q8,14.62074557500641,0.018258368379286627,False,2,4,False,False
q8,14.62074557500641,0.018258368379286627,False,2,4,False,False
q8,14.62074557500641,0.018258368379286627,False,2,4,False,False
q8,14.62074557500641,0.018258368379286627,False,2,4,False,False
q8,14.62074557500641,0.018258368379286627,False,2,4,False,False
q8,14.62074557500641,0.018258368379286627,False,2,4,False,False
q8,14.62074557500641,0.018258368379286627,False,2,4,False,False
q8,14.62074557500641,0.018258368379286627,False,2,4,False,False
q8,14.62074557500641,0.018258368379286627,False,2,4,False,False
q8,14.62074557500641,0.018258368379286627,False,2,4,False,False
q8,14.62074557500641,0.018258368379286627,False,2,4,False,False
q8,14.62074557500641,0.018258368379286627,False,2,4,False,False
q8,14.62074557500641,0.018258368379286627,False,2,4,False,False
q8,14.62074557500641,0.018258368379286627,False,2,4,False,False
q8,14.62074557500641,0.018258368379286627,False,2,4,False,False
q8,14.62074557500641,0.018258368379286627,False,2,4,False,False
q8,14.62074557500641,0.018258368379286627,False,2,4,False,False
q8,14.62074557500641,0.018258368379286627,False,2,4,False,False
q8,15.064280689981704,0.018175283919582185,False,2,4,False,False
q8,13.706789932034008,0.018774548465725162,False,2,4,False,False
q8,13.889661882107106,0.018464836667971902,False,2,4,False,False
q8,14.62074557500641,0.018258368379286627,False,2,4,False,False
q8,14.62074557500641,0.018258368379286627,False,2,4,False,False
q8,14.62074557500641,0.018258368379286627,False,2,4,False,False
q8,14.62074557500641,0.018258368379286627,False,2,4,False,False
q8,13.14421310689675,0.018579322011082724,False,2,5,False,False
q8,14.87693861100803,0.01845339790362467,False,2,5,False,False
q8,14.87693861100803,0.01845339790362467,False,2,5,False,False
q8,14.87693861100803,0.01845339790362467,False,2,5,False,False
q8,14.87693861100803,0.01845339790362467,False,2,5,False,False
q8,13.14421310689675,0.018579322011082724,False,2,6,False,False
q8,13.14421310689675,0.018579322011082724,False,2,6,False,False
q8,13.14421310689675,0.018579322011082724,False,2,6,False,False
q8,13.14421310689675,0.018579322011082724,False,2,6,False,False
q8,13.14421310689675,0.018579322011082724,False,2,6,False,False
q8,13.14421310689675,0.018579322011082724,False,2,6,False,False
q8,13.14421310689675,0.018579322011082724,False,2,6,False,False
q8,13.14421310689675,0.018579322011082724,False,2,6,False,False
q8,13.14421310689675,0.018579322011082724,False,2,6,False,False
q8,13.14421310689675,0.018579322011082724,False,2,6,False,False
q8,13.14421310689675,0.018579322011082724,False,2,6,False,False
q8,13.14421310689675,0.018579322011082724,False,2,6,False,False
q8,13.14421310689675,0.018579322011082724,False,2,6,False,False
q8,13.14421310689675,0.018579322011082724,False,2,6,False,False
q8,13.14421310689675,0.018579322011082724,False,2,6,False,False
q8,13.14421310689675,0.018579322011082724,False,2,6,False,False
q8,13.14421310689675,0.018579322011082724,False,2,6,False,False
q8,13.14421310689675,0.018579322011082724,False,2,6,False,False
q8,13.14421310689675,0.018579322011082724,False,2,6,False,False
q8,13.14421310689675,0.018579322011082724,False,2,6,False,False
q8,13.14421310689675,0.018579322011082724,False,2,6,False,False
q8,13.14421310689675,0.018579322011082724,False,2,6,False,False
q8,13.14421310689675,0.018579322011082724,False,2,6,False,False
q8,13.14421310689675,0.018579322011082724,False,2,6,False,False
q8,13.14421310689675,0.018579322011082724,False,2,6,False,False
q8,13.14421310689675,0.018579322011082724,False,2,6,False,False
q8,13.14421310689675,0.018579322011082724,False,2,6,False,False
q8,13.14421310689675,0.018579322011082724,False,2,6,False,False
q8,13.14421310689675,0.018579322011082724,False,2,6,False,False
q8,13.14421310689675,0.018579322011082724,False,2,6,False,False
q8,13.14421310689675,0.018579322011082724,False,2,6,False,False
q8,13.14421310689675,0.018579322011082724,False,2,6,False,False
q8,13.14421310689675,0.018579322011082724,False,2,6,False,False
q8,13.14421310689675,0.018579322011082724,False,2,6,False,False
q8,13.14421310689675,0.018579322011082724,False,2,6,False,False
q8,13.14421310689675,0.018579322011082724,False,2,6,False,False
q8,13.14421310689675,0.018579322011082724,False,2,6,False,False
q8,13.14421310689675,0.018579322011082724,False,2,6,False,False
q8,13.14421310689675,0.018579322011082724,False,2,6,False,False
q8,13.14421310689675,0.018579322011082724,False,2,6,False,False
q8,13.14421310689675,0.018579322011082724,False,2,6,False,False
q8,13.14421310689675,0.018579322011082724,False,2,6,False,False
q8,13.14421310689675,0.018579322011082724,False,2,6,False,False
q8,13.14421310689675,0.018579322011082724,False,2,6,False,False
q8,13.14421310689675,0.018579322011082724,False,2,6,False,False
q8,13.14421310689675,0.018579322011082724,False,2,6,False,False
q8,13.14421310689675,0.018579322011082724,False,2,6,False,False
q8,13.14421310689675,0.018579322011082724,False,2,6,False,False
q8,13.191514723376809,0.01858109871933607,False,3,5,False,False
q8,16.236430677958648,0.024780372553142724,False,1,5,False,False
q8,34.812186278976085,0.11832858466839195,False,1,5,False,False
q8,13.14421310689675,0.018579322011082724,False,2,6,False,False
q8,13.14421310689675,0.018579322011082724,False,2,6,False,False
q8,13.14421310689675,0.018579322011082724,False,2,6,False,False
q8,13.14421310689675,0.018579322011082724,False,2,6,False,False
q8,13.14421310689675,0.018579322011082724,False,2,6,False,False
q8,13.14421310689675,0.018579322011082724,False,2,6,False,False
q8,13.14421310689675,0.018579322011082724,False,2,6,False,False
q8,13.14421310689675,0.018579322011082724,False,2,6,False,False
q8,13.14421310689675,0.018579322011082724,False,2,6,False,False
q8,13.14421310689675,0.018579322011082724,False,2,6,False,False
q8,13.14421310689675,0.018579322011082724,False,2,6,False,False
q8,13.14421310689675,0.018579322011082724,False,2,6,False,False
q8,13.14421310689675,0.018579322011082724,False,2,6,False,False
q8,13.14421310689675,0.018579322011082724,False,2,6,False,False
q8,13.14421310689675,0.018579322011082724,False,2,6,False,False
q8,13.14421310689675,0.018579322011082724,False,2,6,False,False
q8,13.14421310689675,0.018579322011082724,False,2,6,False,False
q8,13.14421310689675,0.018579322011082724,False,2,6,False,False
q8,13.14421310689675,0.018579322011082724,False,2,6,False,False
q8,13.14421310689675,0.018579322011082724,False,2,6,False,False
q8,13.14421310689675,0.018579322011082724,False,2,6,False,False
q8,13.14421310689675,0.018579322011082724,False,2,6,False,False
q8,13.14421310689675,0.018579322011082724,False,2,6,False,False
q8,13.14421310689675,0.018579322011082724,False,2,6,False,False
q8,13.14421310689675,0.018579322011082724,False,2,6,False,False
q8,13.14421310689675,0.018579322011082724,False,2,6,False,False
q8,13.14421310689675,0.018579322011082724,False,2,6,False,False
q8,13.14421310689675,0.018579322011082724,False,2,6,False,False
q8,13.14421310689675,0.018579322011082724,False,2,6,False,False
q8,13.14421310689675,0.018579322011082724,False,2,6,False,False
q8,13.14421310689675,0.018579322011082724,False,2,6,False,False
q8,13.14421310689675,0.018579322011082724,False,2,6,False,False
q8,13.14421310689675,0.018579322011082724,False,2,6,False,False
q8,13.14421310689675,0.018579322011082724,False,2,6,False,False
q8,13.14421310689675,0.018579322011082724,False,2,6,False,False
q8,13.14421310689675,0.018579322011082724,False,2,6,False,False
q8,13.14421310689675,0.018579322011082724,False,2,6,False,False
q8,13.14421310689675,0.018579322011082724,False,2,6,False,False
q8,13.14421310689675,0.018579322011082724,False,2,6,False,False
q8,13.14421310689675,0.018579322011082724,False,2,6,False,False
q8,13.14421310689675,0.018579322011082724,False,2,6,False,False
q8,13.14421310689675,0.018579322011082724,False,2,6,False,False
q8,12.986744138702626,0.018927578812163545,True,2,6,False,False
q8,13.14421310689675,0.018579322011082724,False,2,6,False,False
q8,13.14421310689675,0.018579322011082724,False,2,6,False,False
q8,13.14421310689675,0.018579322011082724,False,2,6,False,False
q8,13.14421310689675,0.018579322011082724,False,2,6,False,False
q8,13.14421310689675,0.018579322011082724,False,2,6,False,False
q8,13.14421310689675,0.018579322011082724,False,2,6,False,False
q8,13.14421310689675,0.018579322011082724,False,2,6,False,False
q8,13.14421310689675,0.018579322011082724,False,2,6,False,False
q8,13.14421310689675,0.018579322011082724,False,2,6,False,False
q8,13.14421310689675,0.018579322011082724,False,2,6,False,False
q8,13.14421310689675,0.018579322011082724,False,2,6,False,False
q8,13.14421310689675,0.018579322011082724,False,2,6,False,False
q8,13.14421310689675,0.018579322011082724,False,2,6,False,False
q8,13.14421310689675,0.018579322011082724,False,2,6,False,False
q8,13.14421310689675,0.018579322011082724,False,2,6,False,False
q8,13.14421310689675,0.018579322011082724,False,2,6,False,False
q8,13.14421310689675,0.018579322011082724,False,2,6,False,False
q8,12.746539095808515,0.019091753675694267,False,2,6,False,False
q8,12.746539095808515,0.019091753675694267,True,2,6,False,False
q8,14.652331528055775,0.01809445081020993,False,2,6,False,False
q8,14.458520818565908,0.025261227990345126,False,2,5,False,False
q8,14.552529750983695,0.02515623107522241,False,2,5,False,False
q8,14.52276680724763,0.022216295279498793,False,2,4,False,False
q8,13.89315933615811,0.020431329167082866,False,2,5,False,False
q8,12.90212033053857,0.019030647840169716,True,2,5,False,False
q8,13.75523604916839,0.01839879656549797,True,2,4,False,False
q8,15.053158641696808,0.018308543265802092,False,2,5,False,False
q8,15.053158641696808,0.018308543265802092,False,2,5,False,False
q8,15.053158641696808,0.018308543265802092,False,2,5,False,False
q8,15.053158641696808,0.018308543265802092,False,2,5,False,False
q8,13.14421310689675,0.018579322011082724,False,2,6,False,False
q8,13.14421310689675,0.018579322011082724,False,2,6,False,False
q8,13.14421310689675,0.018579322011082724,False,2,6,False,False
q8,13.14421310689675,0.018579322011082724,False,2,6,False,False
q8,13.14421310689675,0.018579322011082724,False,2,6,False,False
q8,13.14421310689675,0.018579322011082724,False,2,6,False,False
q8,13.14421310689675,0.018579322011082724,False,2,6,False,False
q8,13.14421310689675,0.018579322011082724,False,2,6,False,False
q8,13.14421310689675,0.018579322011082724,False,2,6,False,False
q8,13.14421310689675,0.018579322011082724,False,2,6,False,False
q8,13.14421310689675,0.018579322011082724,False,2,6,False,False
q8,13.14421310689675,0.018579322011082724,False,2,6,False,False
q8,13.14421310689675,0.018579322011082724,False,2,6,False,False
q8,13.14421310689675,0.018579322011082724,False,2,6,False,False
q8,13.14421310689675,0.018579322011082724,False,2,6,False,False
q8,13.14421310689675,0.018579322011082724,False,2,6,False,False
q8,13.14421310689675,0.018579322011082724,False,2,6,False,False
q8,13.14421310689675,0.018579322011082724,False,2,6,False,False
q8,13.14421310689675,0.018579322011082724,False,2,6,False,False
q8,13.14421310689675,0.018579322011082724,False,2,6,False,False
q8,13.14421310689675,0.018579322011082724,False,2,6,False,False
q8,13.14421310689675,0.018579322011082724,False,2,6,False,False
q8,13.14421310689675,0.018579322011082724,False,2,6,False,False
q8,13.14421310689675,0.018579322011082724,False,2,6,False,False
q8,13.14421310689675,0.018579322011082724,False,2,6,False,False
q8,13.14421310689675,0.018579322011082724,True,2,6,False,False
q8,13.856983505879306,0.018347205113450567,False,2,6,False,False
q8,12.979534477951118,0.019026425990532808,True,2,5,False,False
q8,14.138943953257213,0.018281261895194655,False,2,4,False,False
q8,14.138943953257213,0.018281261895194655,False,2,5,False,False
q8,14.138943953257213,0.018281261895194655,False,2,5,False,False
q8,14.138943953257213,0.018281261895194655,False,2,5,False,False
q8,14.138943953257213,0.018281261895194655,False,2,5,False,False
q8,16.841016209624154,0.025340882647921236,False,2,3,False,False
q8,16.919494821694105,0.025235885592187656,False,2,3,False,False
q8,15.561259991215934,0.02051097735655935,False,2,3,False,False
q8,14.719131839867565,0.01865896935689404,False,2,3,False,False
q8,13.946598446887716,0.019050385522505993,False,2,4,False,False
q8,14.223070993749898,0.018770800043898174,False,2,4,False,False
q8,16.697720905881084,0.01859162200760565,False,2,4,False,False
q8,16.697720905881084,0.01859162200760565,False,2,4,False,False
q8,16.697720905881084,0.01859162200760565,False,2,4,False,False
q8,16.697720905881084,0.01859162200760565,False,2,4,False,False
q8,13.946598446887716,0.019050385522505993,False,2,5,False,False
q8,13.946598446887716,0.019050385522505993,False,2,5,False,False
q8,13.946598446887716,0.019050385522505993,False,2,5,False,False
q8,13.946598446887716,0.019050385522505993,False,2,5,False,False
q8,13.946598446887716,0.019050385522505993,False,2,5,False,False
q8,13.946598446887716,0.019050385522505993,False,2,5,False,False
q8,13.946598446887716,0.019050385522505993,False,2,5,False,False
q8,13.946598446887716,0.019050385522505993,False,2,5,False,False
q8,13.946598446887716,0.019050385522505993,False,2,5,False,False
q8,13.946598446887716,0.019050385522505993,False,2,5,False,False
q8,13.946598446887716,0.019050385522505993,False,2,5,False,False
q8,13.946598446887716,0.019050385522505993,False,2,5,False,False
q8,13.946598446887716,0.019050385522505993,False,2,5,False,False
q8,13.946598446887716,0.019050385522505993,False,2,5,False,False
q8,13.946598446887716,0.019050385522505993,False,2,5,False,False
q8,13.946598446887716,0.019050385522505993,False,2,5,False,False
q8,13.946598446887716,0.019050385522505993,False,2,5,False,False
q8,13.946598446887716,0.019050385522505993,False,2,5,False,False
q8,13.946598446887716,0.019050385522505993,False,2,5,False,False
q8,13.946598446887716,0.019050385522505993,False,2,5,False,False
q8,13.946598446887716,0.019050385522505993,False,2,5,False,False
q8,13.946598446887716,0.019050385522505993,False,2,5,False,False
q8,13.946598446887716,0.019050385522505993,False,2,5,False,False
q8,13.946598446887716,0.019050385522505993,False,2,5,False,False
q8,13.799445986948397,0.019233179503447217,False,2,5,False,False
q8,13.799445986948397,0.019233179503447217,False,2,5,False,False
q8,14.601703000806198,0.01895068539629937,False,2,5,False,False
q8,12.750365871735697,0.019749358192372706,False,2,6,False,False
q8,13.170220217238146,0.019336410936336965,False,2,6,False,False
q8,13.799445986948397,0.019233179503447217,False,2,6,False,False
q8,13.799445986948397,0.019233179503447217,False,2,6,False,False
q8,13.799445986948397,0.019233179503447217,False,2,6,False,False
q8,13.799445986948397,0.019233179503447217,False,2,6,False,False
q8,12.229065121500353,0.020344717898436268,False,2,7,False,False
q8,12.020639563544515,0.0198409450457757,False,2,7,False,False
q8,13.737642600636624,0.019737919428025472,False,2,7,False,False
q8,13.737642600636624,0.019737919428025472,False,2,7,False,False
q8,13.737642600636624,0.019737919428025472,False,2,7,False,False
q8,13.737642600636624,0.019737919428025472,False,2,7,False,False
q8,12.020639563544515,0.0198409450457757,False,2,8,False,False
q8,12.020639563544515,0.0198409450457757,False,2,8,False,False
q8,12.020639563544515,0.0198409450457757,False,2,8,False,False
q8,12.020639563544515,0.0198409450457757,False,2,8,False,False
q8,12.020639563544515,0.0198409450457757,False,2,8,False,False
q8,12.020639563544515,0.0198409450457757,False,2,8,False,False
q8,12.020639563544515,0.0198409450457757,False,2,8,False,False
q8,12.020639563544515,0.0198409450457757,False,2,8,False,False
q8,12.020639563544515,0.0198409450457757,False,2,8,False,False
q8,12.020639563544515,0.0198409450457757,False,2,8,False,False
q8,12.020639563544515,0.0198409450457757,False,2,8,False,False
q8,12.020639563544515,0.0198409450457757,False,2,8,False,False
q8,12.020639563544515,0.0198409450457757,False,2,8,False,False
q8,12.020639563544515,0.0198409450457757,False,2,8,False,False
q8,12.020639563544515,0.0198409450457757,False,2,8,False,False
q8,12.020639563544515,0.0198409450457757,False,2,8,False,False
q8,12.020639563544515,0.0198409450457757,False,2,8,False,False
q8,12.020639563544515,0.0198409450457757,False,2,8,False,False
q8,12.020639563544515,0.0198409450457757,False,2,8,False,False
q8,12.020639563544515,0.0198409450457757,False,2,8,False,False
q8,12.020639563544515,0.0198409450457757,False,2,8,False,False
q8,12.020639563544515,0.0198409450457757,False,2,8,False,False
q8,12.020639563544515,0.0198409450457757,False,2,8,False,False
q8,12.020639563544515,0.0198409450457757,False,2,8,False,False
q8,12.020639563544515,0.0198409450457757,False,2,8,False,False
q8,12.020639563544515,0.0198409450457757,False,2,8,False,False
q8,12.020639563544515,0.0198409450457757,False,2,8,False,False
q8,12.020639563544515,0.0198409450457757,False,2,8,False,False
q8,12.020639563544515,0.0198409450457757,False,2,8,False,False
q8,12.020639563544515,0.0198409450457757,False,2,8,False,False
q8,12.020639563544515,0.0198409450457757,False,2,8,False,False
q8,12.020639563544515,0.0198409450457757,False,2,8,False,False
q8,12.020639563544515,0.0198409450457757,False,2,8,False,False
q8,12.020639563544515,0.0198409450457757,False,2,8,False,False
q8,12.020639563544515,0.0198409450457757,False,2,8,False,False
q8,12.020639563544515,0.0198409450457757,False,2,8,False,False
q8,12.020639563544515,0.0198409450457757,False,2,8,False,False
q8,12.020639563544515,0.0198409450457757,False,2,8,False,False
q8,12.020639563544515,0.0198409450457757,False,2,8,False,False
q8,12.020639563544515,0.0198409450457757,False,2,8,False,False
q8,12.020639563544515,0.0198409450457757,False,2,8,False,False
q8,12.020639563544515,0.0198409450457757,False,2,8,False,False
q8,12.020639563544515,0.0198409450457757,False,2,8,False,False
q8,12.020639563544515,0.0198409450457757,False,2,8,False,False
q8,12.020639563544515,0.0198409450457757,False,2,8,False,False
q8,12.020639563544515,0.0198409450457757,False,2,8,False,False
q8,12.020639563544515,0.0198409450457757,False,2,8,False,False
q8,12.020639563544515,0.0198409450457757,False,2,8,False,False
q8,12.067940718014516,0.019842721754033333,False,3,7,False,False
q8,14.97061151366573,0.032057274751457226,False,1,7,False,False
q8,34.95789540213699,0.16669334110395773,False,1,7,False,False
q8,12.020639563544515,0.0198409450457757,False,2,8,False,False
q8,12.020639563544515,0.0198409450457757,False,2,8,False,False
q8,12.020639563544515,0.0198409450457757,False,2,8,False,False
q8,12.020639563544515,0.0198409450457757,False,2,8,False,False
q8,12.020639563544515,0.0198409450457757,False,2,8,False,False
q8,12.020639563544515,0.0198409450457757,False,2,8,False,False
q8,12.020639563544515,0.0198409450457757,False,2,8,False,False
q8,12.020639563544515,0.0198409450457757,False,2,8,False,False
q8,12.020639563544515,0.0198409450457757,False,2,8,False,False
q8,12.020639563544515,0.0198409450457757,False,2,8,False,False
q8,12.020639563544515,0.0198409450457757,False,2,8,False,False
q8,12.020639563544515,0.0198409450457757,False,2,8,False,False
q8,12.020639563544515,0.0198409450457757,False,2,8,False,False
q8,12.020639563544515,0.0198409450457757,False,2,8,False,False
q8,12.020639563544515,0.0198409450457757,False,2,8,False,False
q8,12.020639563544515,0.0198409450457757,False,2,8,False,False
q8,12.020639563544515,0.0198409450457757,False,2,8,False,False
q8,12.020639563544515,0.0198409450457757,False,2,8,False,False
q8,12.020639563544515,0.0198409450457757,False,2,8,False,False
q8,12.020639563544515,0.0198409450457757,False,2,8,False,False
q8,12.020639563544515,0.0198409450457757,False,2,8,False,False
q8,12.020639563544515,0.0198409450457757,False,2,8,False,False
q8,12.020639563544515,0.0198409450457757,False,2,8,False,False
q8,12.020639563544515,0.0198409450457757,False,2,8,False,False
q8,12.020639563544515,0.0198409450457757,False,2,8,False,False
q8,12.020639563544515,0.0198409450457757,False,2,8,False,False
q8,12.020639563544515,0.0198409450457757,False,2,8,False,False
q8,12.020639563544515,0.0198409450457757,False,2,8,False,False
q8,12.020639563544515,0.0198409450457757,False,2,8,False,False
q8,12.020639563544515,0.0198409450457757,False,2,8,False,False
q8,12.020639563544515,0.0198409450457757,False,2,8,False,False
q8,12.020639563544515,0.0198409450457757,False,2,8,False,False
q8,12.020639563544515,0.0198409450457757,False,2,8,False,False
q8,12.020639563544515,0.0198409450457757,False,2,8,False,False
q8,12.020639563544515,0.0198409450457757,False,2,8,False,False
q8,12.020639563544515,0.0198409450457757,False,2,8,False,False
q8,12.020639563544515,0.0198409450457757,False,2,8,False,False
q8,12.020639563544515,0.0198409450457757,False,2,8,False,False
q8,12.020639563544515,0.0198409450457757,False,2,8,False,False
q8,12.020639563544515,0.0198409450457757,False,2,8,False,False
q8,12.020639563544515,0.0198409450457757,False,2,8,False,False
q8,12.020639563544515,0.0198409450457757,False,2,8,False,False
q8,11.790544431105706,0.020508800663071147,True,2,8,False,False
q8,12.020639563544515,0.0198409450457757,False,2,8,False,False
q8,12.020639563544515,0.0198409450457757,False,2,8,False,False
q8,12.020639563544515,0.0198409450457757,False,2,8,False,False
q8,12.020639563544515,0.0198409450457757,False,2,8,False,False
q8,12.020639563544515,0.0198409450457757,False,2,8,False,False
q8,12.020639563544515,0.0198409450457757,False,2,8,False,False
q8,12.020639563544515,0.0198409450457757,False,2,8,False,False
q8,12.020639563544515,0.0198409450457757,False,2,8,False,False
q8,12.020639563544515,0.0198409450457757,False,2,8,False,False
q8,12.020639563544515,0.0198409450457757,False,2,8,False,False
q8,12.020639563544515,0.0198409450457757,False,2,8,False,False
q8,12.020639563544515,0.0198409450457757,False,2,8,False,False
q8,12.020639563544515,0.0198409450457757,False,2,8,False,False
q8,12.020639563544515,0.0198409450457757,False,2,8,False,False
q8,12.020639563544515,0.0198409450457757,False,2,8,False,False
q8,12.020639563544515,0.0198409450457757,False,2,8,False,False
q8,12.020639563544515,0.0198409450457757,False,2,8,False,False
q8,11.695871039013591,0.02575050712848741,False,2,7,False,False
q8,12.128973848003143,0.02545690873694898,False,2,7,False,False
q8,11.39404486071824,0.022065360967339607,True,2,6,False,False
q8,13.412424233166002,0.018705745277217262,False,2,7,False,False
q8,13.412424233166002,0.018705745277217262,False,2,7,False,False
q8,13.412424233166002,0.018705745277217262,False,2,7,False,False
q8,12.020639563544515,0.0198409450457757,False,2,7,False,False
q8,12.702019107529715,0.019145720797735976,True,2,6,False,False
q8,14.003197798908031,0.018815012777710124,False,2,7,False,False
q8,12.886303271617301,0.02652284696294656,False,2,7,False,False
q8,12.988943231747824,0.026417850125940983,False,2,7,False,False
q8,13.200779432785735,0.023477916517497435,False,2,6,False,False
q8,12.717840724168571,0.02169295173307298,False,2,7,False,False
q8,12.329534276138162,0.019538461255095792,True,2,7,True,False
q8,13.040394331925883,0.019380835542668787,False,2,6,False,False
q8,14.512698915491418,0.019302033441819594,False,2,7,False,False
q8,14.512698915491418,0.019302033441819594,False,2,7,False,False
q8,14.512698915491418,0.019302033441819594,False,2,7,False,False
q8,14.512698915491418,0.019302033441819594,False,2,7,False,False
q8,12.020639563544515,0.0198409450457757,False,2,8,False,False
q8,12.020639563544515,0.0198409450457757,False,2,8,False,False
q8,12.020639563544515,0.0198409450457757,False,2,8,False,False
q8,12.020639563544515,0.0198409450457757,False,2,8,False,False
q8,12.020639563544515,0.0198409450457757,False,2,8,False,False
q8,12.020639563544515,0.0198409450457757,False,2,8,False,False
q8,12.020639563544515,0.0198409450457757,False,2,8,False,False
q8,12.020639563544515,0.0198409450457757,False,2,8,False,False
q8,12.020639563544515,0.0198409450457757,False,2,8,False,False
q8,12.020639563544515,0.0198409450457757,False,2,8,False,False
q8,12.020639563544515,0.0198409450457757,False,2,8,False,False
q8,12.020639563544515,0.0198409450457757,False,2,8,False,False
q8,12.020639563544515,0.0198409450457757,False,2,8,False,False
q8,12.020639563544515,0.0198409450457757,False,2,8,False,False
q8,12.020639563544515,0.0198409450457757,False,2,8,False,False
q8,12.020639563544515,0.0198409450457757,False,2,8,False,False
q8,12.020639563544515,0.0198409450457757,False,2,8,False,False
q8,12.020639563544515,0.0198409450457757,False,2,8,False,False
q8,12.020639563544515,0.0198409450457757,False,2,8,False,False
q8,12.020639563544515,0.0198409450457757,False,2,8,False,False
q8,12.020639563544515,0.0198409450457757,False,2,8,False,False
q8,12.020639563544515,0.0198409450457757,False,2,8,False,False
q8,12.020639563544515,0.0198409450457757,False,2,8,False,False
q8,12.020639563544515,0.0198409450457757,False,2,8,False,False
q8,12.020639563544515,0.0198409450457757,True,2,7,False,False
q8,12.304344526273203,0.01965815246234752,True,2,6,False,False
q8,13.04389007938999,0.01952015596159675,False,2,7,False,False
q8,12.440531622581924,0.01942799778973997,True,2,7,False,False
q8,13.228584898062087,0.019267521376030633,False,2,6,False,False
q8,13.228584898062087,0.019267521376030633,False,2,7,False,False
q8,13.228584898062087,0.019267521376030633,False,2,7,False,False
q8,13.228584898062087,0.019267521376030633,False,2,7,False,False
q8,13.228584898062087,0.019267521376030633,False,2,7,False,False
q8,16.37455128192818,0.023011722351610368,False,2,2,False,False
q8,16.37455128192818,0.023011722351610368,False,2,2,False,False
q8,16.37455128192818,0.023011722351610368,False,2,2,False,False
q8,16.37455128192818,0.023011722351610368,False,2,2,False,False
q8,16.37455128192818,0.023011722351610368,False,2,2,False,False
q8,16.37455128192818,0.023011722351610368,False,2,2,False,False
q8,16.37455128192818,0.023011722351610368,False,2,2,False,False
q8,16.37455128192818,0.023011722351610368,False,2,2,False,False
q8,16.37455128192818,0.023011722351610368,False,2,2,False,False
q8,16.37455128192818,0.023011722351610368,False,2,2,False,False
q8,16.37455128192818,0.023011722351610368,False,2,2,False,False
q8,16.37455128192818,0.023011722351610368,False,2,2,False,False
q8,16.919914974369643,0.026001640795828583,False,2,2,False,False
q8,17.030766533822273,0.02454039860016274,False,2,2,False,False
q8,16.695087951112765,0.0221317709958292,False,2,2,False,False
q8,17.405493076749053,0.021691795475310485,False,2,2,False,False
q8,17.405493076749053,0.021691795475310485,False,2,2,False,False
q8,17.405493076749053,0.021691795475310485,False,2,2,False,False
q8,15.845252298095586,0.024515785301108962,False,2,2,False,False
q8,15.953766675084239,0.02352415391666507,False,2,2,False,False
q8,17.659251503198266,0.022674232355647028,False,2,2,False,False
q8,16.33989997648974,0.02656909070522638,False,2,3,False,False
q8,16.41837858855969,0.0264640936494928,False,2,3,False,False
q8,15.06014375808152,0.021739185413864496,False,2,3,False,False
q8,14.21801560673315,0.019887177414199184,False,2,3,False,False
q8,13.445418084186544,0.020278593579811138,False,2,4,False,False
q8,13.721890631048726,0.019999008101203315,False,2,4,False,False
q8,16.19660467274667,0.019819830064910796,False,2,4,False,False
q8,16.19660467274667,0.019819830064910796,False,2,4,False,False
q8,16.19660467274667,0.019819830064910796,False,2,4,False,False
q8,16.19660467274667,0.019819830064910796,False,2,4,False,False
q8,13.445418084186544,0.020278593579811138,False,2,5,False,False
q8,13.445418084186544,0.020278593579811138,False,2,5,False,False
q8,13.445418084186544,0.020278593579811138,False,2,5,False,False
q8,13.445418084186544,0.020278593579811138,False,2,5,False,False
q8,13.445418084186544,0.020278593579811138,False,2,5,False,False
q8,13.445418084186544,0.020278593579811138,False,2,5,False,False
q8,13.445418084186544,0.020278593579811138,False,2,5,False,False
q8,13.445418084186544,0.020278593579811138,False,2,5,False,False
q8,13.445418084186544,0.020278593579811138,False,2,5,False,False
q8,13.445418084186544,0.020278593579811138,False,2,5,False,False
q8,13.445418084186544,0.020278593579811138,False,2,5,False,False
q8,13.445418084186544,0.020278593579811138,False,2,5,False,False
q8,13.445418084186544,0.020278593579811138,False,2,5,False,False
q8,13.445418084186544,0.020278593579811138,False,2,5,False,False
q8,13.445418084186544,0.020278593579811138,False,2,5,False,False
q8,13.445418084186544,0.020278593579811138,False,2,5,False,False
q8,13.445418084186544,0.020278593579811138,False,2,5,False,False
q8,13.445418084186544,0.020278593579811138,False,2,5,False,False
q8,13.445418084186544,0.020278593579811138,False,2,5,False,False
q8,13.445418084186544,0.020278593579811138,False,2,5,False,False
q8,13.445418084186544,0.020278593579811138,False,2,5,False,False
q8,13.445418084186544,0.020278593579811138,False,2,5,False,False
q8,13.445418084186544,0.020278593579811138,False,2,5,False,False
q8,13.445418084186544,0.020278593579811138,False,2,5,False,False
q8,13.472817021209638,0.020826980118030004,False,2,5,False,False
q8,13.298180555385924,0.02046138756075236,False,2,5,False,False
q8,14.100437569243729,0.02017889345360451,False,2,5,False,False
q8,12.249249638601283,0.020977566249677847,False,2,6,False,False
q8,12.669039854536974,0.020564618993642106,False,2,6,False,False
q8,13.298180555385924,0.02046138756075236,False,2,6,False,False
q8,13.298180555385924,0.02046138756075236,False,2,6,False,False
q8,13.298180555385924,0.02046138756075236,False,2,6,False,False
q8,13.298180555385924,0.02046138756075236,False,2,6,False,False
q8,11.727884758799181,0.021572925955741413,False,2,7,False,False
q8,11.519459200843343,0.021069153103080846,False,2,7,False,False
q8,13.23652636750221,0.020966127485330617,False,2,7,False,False
q8,13.23652636750221,0.020966127485330617,False,2,7,False,False
q8,13.23652636750221,0.020966127485330617,False,2,7,False,False
q8,13.23652636750221,0.020966127485330617,False,2,7,False,False
q8,11.519459200843343,0.021069153103080846,False,2,8,False,False
q8,11.519459200843343,0.021069153103080846,False,2,8,False,False
q8,11.519459200843343,0.021069153103080846,False,2,8,False,False
q8,11.519459200843343,0.021069153103080846,False,2,8,False,False
q8,11.519459200843343,0.021069153103080846,False,2,8,False,False
q8,11.519459200843343,0.021069153103080846,False,2,8,False,False
q8,11.519459200843343,0.021069153103080846,False,2,8,False,False
q8,11.519459200843343,0.021069153103080846,False,2,8,False,False
q8,11.519459200843343,0.021069153103080846,False,2,8,False,False
q8,11.519459200843343,0.021069153103080846,False,2,8,False,False
q8,11.519459200843343,0.021069153103080846,False,2,8,False,False
q8,11.519459200843343,0.021069153103080846,False,2,8,False,False
q8,11.519459200843343,0.021069153103080846,False,2,8,False,False
q8,11.519459200843343,0.021069153103080846,False,2,8,False,False
q8,11.519459200843343,0.021069153103080846,False,2,8,False,False
q8,11.519459200843343,0.021069153103080846,False,2,8,False,False
q8,11.519459200843343,0.021069153103080846,False,2,8,False,False
q8,11.519459200843343,0.021069153103080846,False,2,8,False,False
q8,11.519459200843343,0.021069153103080846,False,2,8,False,False
q8,11.519459200843343,0.021069153103080846,False,2,8,False,False
q8,11.519459200843343,0.021069153103080846,False,2,8,False,False
q8,11.519459200843343,0.021069153103080846,False,2,8,False,False
q8,11.519459200843343,0.021069153103080846,False,2,8,False,False
q8,11.519459200843343,0.021069153103080846,False,2,8,False,False
q8,11.519459200843343,0.021069153103080846,False,2,8,False,False
q8,11.519459200843343,0.021069153103080846,False,2,8,False,False
q8,11.519459200843343,0.021069153103080846,False,2,8,False,False
q8,11.519459200843343,0.021069153103080846,False,2,8,False,False
q8,11.519459200843343,0.021069153103080846,False,2,8,False,False
q8,11.519459200843343,0.021069153103080846,False,2,8,False,False
q8,11.519459200843343,0.021069153103080846,False,2,8,False,False
q8,11.519459200843343,0.021069153103080846,False,2,8,False,False
q8,11.519459200843343,0.021069153103080846,False,2,8,False,False
q8,11.519459200843343,0.021069153103080846,False,2,8,False,False
q8,11.519459200843343,0.021069153103080846,False,2,8,False,False
q8,11.519459200843343,0.021069153103080846,False,2,8,False,False
q8,11.519459200843343,0.021069153103080846,False,2,8,False,False
q8,11.519459200843343,0.021069153103080846,False,2,8,False,False
q8,11.519459200843343,0.021069153103080846,False,2,8,False,False
q8,11.519459200843343,0.021069153103080846,False,2,8,False,False
q8,11.519459200843343,0.021069153103080846,False,2,8,False,False
q8,11.519459200843343,0.021069153103080846,False,2,8,False,False
q8,11.519459200843343,0.021069153103080846,False,2,8,False,False
q8,11.519459200843343,0.021069153103080846,False,2,8,False,False
q8,11.519459200843343,0.021069153103080846,False,2,8,False,False
q8,11.519459200843343,0.021069153103080846,False,2,8,False,False
q8,11.519459200843343,0.021069153103080846,False,2,8,False,False
q8,11.519459200843343,0.021069153103080846,False,2,8,False,False
q8,11.566760355313345,0.021070929811340386,False,3,7,False,False
q8,14.365606367925459,0.03663708300045202,False,1,7,False,False
q8,34.456715039435814,0.167921549072378,False,1,7,False,False
q8,11.519459200843343,0.021069153103080846,False,2,8,False,False
q8,11.519459200843343,0.021069153103080846,False,2,8,False,False
q8,11.519459200843343,0.021069153103080846,False,2,8,False,False
q8,11.519459200843343,0.021069153103080846,False,2,8,False,False
q8,11.519459200843343,0.021069153103080846,False,2,8,False,False
q8,11.519459200843343,0.021069153103080846,False,2,8,False,False
q8,11.519459200843343,0.021069153103080846,False,2,8,False,False
q8,11.519459200843343,0.021069153103080846,False,2,8,False,False
q8,11.519459200843343,0.021069153103080846,False,2,8,False,False
q8,11.519459200843343,0.021069153103080846,False,2,8,False,False
q8,11.519459200843343,0.021069153103080846,False,2,8,False,False
q8,11.519459200843343,0.021069153103080846,False,2,8,False,False
q8,11.519459200843343,0.021069153103080846,False,2,8,False,False
q8,11.519459200843343,0.021069153103080846,False,2,8,False,False
q8,11.519459200843343,0.021069153103080846,False,2,8,False,False
q8,11.519459200843343,0.021069153103080846,False,2,8,False,False
q8,11.519459200843343,0.021069153103080846,False,2,8,False,False
q8,11.519459200843343,0.021069153103080846,False,2,8,False,False
q8,11.519459200843343,0.021069153103080846,False,2,8,False,False
q8,11.519459200843343,0.021069153103080846,False,2,8,False,False
q8,11.519459200843343,0.021069153103080846,False,2,8,False,False
q8,11.519459200843343,0.021069153103080846,False,2,8,False,False
q8,11.519459200843343,0.021069153103080846,False,2,8,False,False
q8,11.519459200843343,0.021069153103080846,False,2,8,False,False
q8,11.519459200843343,0.021069153103080846,False,2,8,False,False
q8,11.519459200843343,0.021069153103080846,False,2,8,False,False
q8,11.519459200843343,0.021069153103080846,False,2,8,False,False
q8,11.519459200843343,0.021069153103080846,False,2,8,False,False
q8,11.519459200843343,0.021069153103080846,False,2,8,False,False
q8,11.519459200843343,0.021069153103080846,False,2,8,False,False
q8,11.519459200843343,0.021069153103080846,False,2,8,False,False
q8,11.519459200843343,0.021069153103080846,False,2,8,False,False
q8,11.519459200843343,0.021069153103080846,False,2,8,False,False
q8,11.519459200843343,0.021069153103080846,False,2,8,False,False
q8,11.519459200843343,0.021069153103080846,False,2,8,False,False
q8,11.519459200843343,0.021069153103080846,False,2,8,False,False
q8,11.519459200843343,0.021069153103080846,False,2,8,False,False
q8,11.519459200843343,0.021069153103080846,False,2,8,False,False
q8,11.519459200843343,0.021069153103080846,False,2,8,False,False
q8,11.519459200843343,0.021069153103080846,False,2,8,False,False
q8,11.519459200843343,0.021069153103080846,False,2,8,False,False
q8,11.519459200843343,0.021069153103080846,False,2,8,False,False
q8,11.676992298604226,0.020720896302000025,False,2,7,False,False
q8,11.676992298604226,0.020720896302000025,False,2,6,False,False
q8,11.676992298604226,0.020720896302000025,False,2,7,False,False
q8,11.676992298604226,0.020720896302000025,False,2,7,False,False
q8,11.676992298604226,0.020720896302000025,False,2,7,False,False
q8,11.676992298604226,0.020720896302000025,True,2,7,False,False
q8,11.519459200843343,0.021069153103080846,False,2,8,False,False
q8,11.519459200843343,0.021069153103080846,False,2,8,False,False
q8,11.519459200843343,0.021069153103080846,False,2,8,False,False
q8,11.519459200843343,0.021069153103080846,False,2,8,False,False
q8,11.519459200843343,0.021069153103080846,False,2,8,False,False
q8,11.519459200843343,0.021069153103080846,False,2,8,False,False
q8,11.519459200843343,0.021069153103080846,False,2,8,False,False
q8,11.519459200843343,0.021069153103080846,False,2,8,False,False
q8,11.519459200843343,0.021069153103080846,False,2,8,False,False
q8,11.519459200843343,0.021069153103080846,False,2,8,False,False
q8,11.519459200843343,0.021069153103080846,False,2,8,False,False
q8,11.519459200843343,0.021069153103080846,False,2,8,False,False
q8,11.973867691111485,0.023999750680670253,False,2,8,False,False
q8,12.129453261226022,0.02259782915251952,False,2,8,False,False
q8,11.863106465783634,0.02018920184685653,False,2,8,False,False
q8,13.25489113540512,0.01905400207829808,False,2,8,False,False
q8,13.25489113540512,0.01905400207829808,False,2,8,False,False
q8,13.25489113540512,0.01905400207829808,False,2,8,False,False
q8,11.309066612337235,0.02209401895220581,False,2,7,False,False
q8,12.22394934058425,0.020373928954597966,False,2,6,False,False
q8,13.57134922347398,0.020043221276270343,False,2,7,False,False
q8,12.385122908916129,0.027751055020251703,False,2,7,False,False
q8,12.48776286904665,0.027646058183246128,False,2,7,False,False
q8,12.699599070084561,0.02470612457480258,False,2,6,False,False
q8,12.2166603614674,0.02292115979037812,False,2,7,False,False
q8,11.828418043003747,0.020766669312400933,False,2,7,False,False
q8,12.539278098791469,0.020609043599973932,False,2,6,False,False
q8,14.011582682357004,0.020530241499124736,False,2,7,False,False
q8,14.011582682357004,0.020530241499124736,False,2,7,False,False
q8,14.011582682357004,0.020530241499124736,False,2,7,False,False
q8,14.011582682357004,0.020530241499124736,False,2,7,False,False
q8,11.519459200843343,0.021069153103080846,False,2,8,False,False
q8,11.519459200843343,0.021069153103080846,False,2,8,False,False
q8,11.519459200843343,0.021069153103080846,False,2,8,False,False
q8,11.519459200843343,0.021069153103080846,False,2,8,False,False
q8,11.519459200843343,0.021069153103080846,False,2,8,False,False
q8,11.519459200843343,0.021069153103080846,False,2,8,False,False
q8,11.519459200843343,0.021069153103080846,False,2,8,False,False
q8,11.519459200843343,0.021069153103080846,False,2,8,False,False
q8,11.519459200843343,0.021069153103080846,False,2,8,False,False
q8,11.519459200843343,0.021069153103080846,False,2,8,False,False
q8,11.519459200843343,0.021069153103080846,False,2,8,False,False
q8,11.519459200843343,0.021069153103080846,False,2,8,False,False
q8,11.519459200843343,0.021069153103080846,False,2,8,False,False
q8,11.519459200843343,0.021069153103080846,False,2,8,False,False
q8,11.519459200843343,0.021069153103080846,False,2,8,False,False
q8,11.519459200843343,0.021069153103080846,False,2,8,False,False
q8,11.519459200843343,0.021069153103080846,False,2,8,False,False
q8,11.519459200843343,0.021069153103080846,False,2,8,False,False
q8,11.519459200843343,0.021069153103080846,False,2,8,False,False
q8,11.519459200843343,0.021069153103080846,False,2,8,False,False
q8,11.519459200843343,0.021069153103080846,False,2,8,False,False
q8,11.519459200843343,0.021069153103080846,False,2,8,False,False
q8,11.519459200843343,0.021069153103080846,False,2,8,False,False
q8,11.519459200843343,0.021069153103080846,True,2,8,False,False
q8,11.446897166165416,0.021388751919295467,True,2,7,False,False
q8,11.803164163572031,0.02088636051965266,False,2,6,False,False
q8,12.542624647827518,0.020748364161479804,False,2,7,False,False
q8,11.93926619101945,0.02065620584704511,False,2,7,False,False
q8,12.727319466499614,0.02049572943333577,False,2,6,False,False
q8,12.727319466499614,0.02049572943333577,False,2,7,False,False
q8,12.727319466499614,0.02049572943333577,False,2,7,False,False
q8,12.727319466499614,0.02049572943333577,False,2,7,False,False
q8,12.727319466499614,0.02049572943333577,False,2,7,False,False
q8,12.17473032041002,0.028775920869376664,False,2,7,False,False
q8,12.277370280540541,0.028670924032371092,False,2,7,False,False
q8,12.489206481578453,0.025730990423927545,False,2,6,False,False
q8,12.00626777296129,0.023946025639503085,False,2,7,False,False
q8,11.618025739581778,0.021791535161525898,False,2,7,False,False
q8,12.328885795369498,0.021633909449098897,False,2,6,False,False
q8,13.801190378935033,0.0215551073482497,False,2,7,False,False
q8,13.801190378935033,0.0215551073482497,False,2,7,False,False
q8,13.801190378935033,0.0215551073482497,False,2,7,False,False
q8,13.801190378935033,0.0215551073482497,False,2,7,False,False
q8,11.309066612337235,0.02209401895220581,False,2,8,False,False
q8,11.309066612337235,0.02209401895220581,False,2,8,False,False
q8,11.309066612337235,0.02209401895220581,False,2,8,False,False
q8,11.309066612337235,0.02209401895220581,False,2,8,False,False
q8,11.309066612337235,0.02209401895220581,False,2,8,False,False
q8,11.309066612337235,0.02209401895220581,False,2,8,False,False
q8,11.309066612337235,0.02209401895220581,False,2,8,False,False
q8,11.309066612337235,0.02209401895220581,False,2,8,False,False
q8,11.309066612337235,0.02209401895220581,False,2,8,False,False
q8,11.309066612337235,0.02209401895220581,False,2,8,False,False
q8,11.309066612337235,0.02209401895220581,False,2,8,False,False
q8,11.309066612337235,0.02209401895220581,False,2,8,False,False
q8,11.309066612337235,0.02209401895220581,False,2,8,False,False
q8,11.309066612337235,0.02209401895220581,False,2,8,False,False
q8,11.309066612337235,0.02209401895220581,False,2,8,False,False
q8,11.309066612337235,0.02209401895220581,False,2,8,False,False
q8,11.309066612337235,0.02209401895220581,False,2,8,False,False
q8,11.309066612337235,0.02209401895220581,False,2,8,False,False
q8,11.309066612337235,0.02209401895220581,False,2,8,False,False
q8,11.309066612337235,0.02209401895220581,False,2,8,False,False
q8,11.309066612337235,0.02209401895220581,False,2,8,False,False
q8,11.309066612337235,0.02209401895220581,False,2,8,False,False
q8,11.309066612337235,0.02209401895220581,False,2,8,False,False
q8,11.309066612337235,0.02209401895220581,False,2,8,False,False
q8,11.461328088610136,0.023096784258471142,False,2,7,False,False
q8,11.64115868116893,0.02224495162341793,False,2,6,False,False
q8,12.333304964438332,0.02176553586062114,False,2,7,False,False
q8,11.728873486841861,0.021681071696170073,False,2,7,False,False
q8,12.516926762322024,0.02152059528246074,False,2,6,False,False
q8,12.516926762322024,0.02152059528246074,False,2,7,False,False
q8,12.516926762322024,0.02152059528246074,False,2,7,False,False
q8,12.516926762322024,0.02152059528246074,False,2,7,False,False
q8,12.516926762322024,0.02152059528246074,False,2,7,False,False
q8,11.517492170293073,0.022597791804866377,False,2,7,False,False
q8,12.038857335179312,0.022002432098802812,False,2,6,False,False
q8,13.026134064080237,0.021990993334455578,False,2,7,False,False
q8,13.026134064080237,0.021990993334455578,False,2,7,False,False
q8,13.026134064080237,0.021990993334455578,False,2,7,False,False
q8,13.026134064080237,0.021990993334455578,False,2,7,False,False
q8,11.309066612337235,0.02209401895220581,False,2,8,False,False
q8,11.309066612337235,0.02209401895220581,False,2,8,False,False
q8,11.309066612337235,0.02209401895220581,False,2,8,False,False
q8,11.309066612337235,0.02209401895220581,False,2,8,False,False
q8,11.309066612337235,0.02209401895220581,False,2,8,False,False
q8,11.309066612337235,0.02209401895220581,False,2,8,False,False
q8,11.309066612337235,0.02209401895220581,False,2,8,False,False
q8,11.309066612337235,0.02209401895220581,False,2,8,False,False
q8,11.309066612337235,0.02209401895220581,False,2,8,False,False
q8,11.309066612337235,0.02209401895220581,False,2,8,False,False
q8,11.309066612337235,0.02209401895220581,False,2,8,False,False
q8,11.309066612337235,0.02209401895220581,False,2,8,False,False
q8,11.309066612337235,0.02209401895220581,False,2,8,False,False
q8,11.309066612337235,0.02209401895220581,False,2,8,False,False
q8,11.309066612337235,0.02209401895220581,False,2,8,False,False
q8,11.309066612337235,0.02209401895220581,False,2,8,False,False
q8,11.309066612337235,0.02209401895220581,False,2,8,False,False
q8,11.309066612337235,0.02209401895220581,False,2,8,False,False
q8,11.309066612337235,0.02209401895220581,False,2,8,False,False
q8,11.309066612337235,0.02209401895220581,False,2,8,False,False
q8,11.309066612337235,0.02209401895220581,False,2,8,False,False
q8,11.309066612337235,0.02209401895220581,False,2,8,False,False
q8,11.309066612337235,0.02209401895220581,False,2,8,False,False
q8,11.309066612337235,0.02209401895220581,False,2,8,False,False
q8,11.309066612337235,0.02209401895220581,False,2,8,False,False
q8,11.309066612337235,0.02209401895220581,False,2,8,False,False
q8,11.309066612337235,0.02209401895220581,False,2,8,False,False
q8,11.309066612337235,0.02209401895220581,False,2,8,False,False
q8,11.309066612337235,0.02209401895220581,False,2,8,False,False
q8,11.309066612337235,0.02209401895220581,False,2,8,False,False
q8,11.309066612337235,0.02209401895220581,False,2,8,False,False
q8,11.309066612337235,0.02209401895220581,False,2,8,False,False
q8,11.309066612337235,0.02209401895220581,False,2,8,False,False
q8,11.309066612337235,0.02209401895220581,False,2,8,False,False
q8,11.309066612337235,0.02209401895220581,False,2,8,False,False
q8,11.309066612337235,0.02209401895220581,False,2,8,False,False
q8,11.309066612337235,0.02209401895220581,False,2,8,False,False
q8,11.309066612337235,0.02209401895220581,False,2,8,False,False
q8,11.309066612337235,0.02209401895220581,False,2,8,False,False
q8,11.309066612337235,0.02209401895220581,False,2,8,False,False
q8,11.309066612337235,0.02209401895220581,False,2,8,False,False
q8,11.309066612337235,0.02209401895220581,False,2,8,False,False
q8,11.309066612337235,0.02209401895220581,False,2,8,False,False
q8,11.309066612337235,0.02209401895220581,False,2,8,False,False
q8,11.309066612337235,0.02209401895220581,False,2,8,False,False
q8,11.309066612337235,0.02209401895220581,False,2,8,False,False
q8,11.309066612337235,0.02209401895220581,False,2,8,False,False
q8,11.309066612337235,0.02209401895220581,False,2,8,False,False
q8,11.356367766807235,0.022095795660466152,False,3,7,False,False
q8,14.136087595132086,0.03909114865371906,False,1,7,False,False
q8,34.24632245092971,0.1689464140900517,False,1,7,False,False
q8,11.309066612337235,0.02209401895220581,False,2,8,False,False
q8,11.309066612337235,0.02209401895220581,False,2,8,False,False
q8,11.309066612337235,0.02209401895220581,False,2,8,False,False
q8,11.309066612337235,0.02209401895220581,False,2,8,False,False
q8,11.309066612337235,0.02209401895220581,False,2,8,False,False
q8,11.309066612337235,0.02209401895220581,False,2,8,False,False
q8,11.309066612337235,0.02209401895220581,False,2,8,False,False
q8,11.309066612337235,0.02209401895220581,False,2,8,False,False
q8,11.309066612337235,0.02209401895220581,False,2,8,False,False
q8,11.309066612337235,0.02209401895220581,False,2,8,False,False
q8,11.309066612337235,0.02209401895220581,False,2,8,False,False
q8,11.309066612337235,0.02209401895220581,False,2,8,False,False
q8,11.309066612337235,0.02209401895220581,False,2,8,False,False
q8,11.309066612337235,0.02209401895220581,False,2,8,False,False
q8,11.309066612337235,0.02209401895220581,False,2,8,False,False
q8,11.309066612337235,0.02209401895220581,False,2,8,False,False
q8,11.309066612337235,0.02209401895220581,False,2,8,False,False
q8,11.309066612337235,0.02209401895220581,False,2,8,False,False
q8,11.309066612337235,0.02209401895220581,False,2,8,False,False
q8,11.309066612337235,0.02209401895220581,False,2,8,False,False
q8,11.309066612337235,0.02209401895220581,False,2,8,False,False
q8,11.309066612337235,0.02209401895220581,False,2,8,False,False
q8,11.309066612337235,0.02209401895220581,False,2,8,False,False
q8,11.309066612337235,0.02209401895220581,False,2,8,False,False
q8,11.309066612337235,0.02209401895220581,False,2,8,False,False
q8,11.309066612337235,0.02209401895220581,False,2,8,False,False
q8,11.309066612337235,0.02209401895220581,False,2,8,False,False
q8,11.309066612337235,0.02209401895220581,False,2,8,False,False
q8,11.309066612337235,0.02209401895220581,False,2,8,False,False
q8,11.309066612337235,0.02209401895220581,False,2,8,False,False
q8,11.309066612337235,0.02209401895220581,False,2,8,False,False
q8,11.309066612337235,0.02209401895220581,False,2,8,False,False
q8,11.309066612337235,0.02209401895220581,False,2,8,False,False
q8,11.309066612337235,0.02209401895220581,False,2,8,False,False
q8,11.309066612337235,0.02209401895220581,False,2,8,False,False
q8,11.309066612337235,0.02209401895220581,False,2,8,False,False
q8,11.309066612337235,0.02209401895220581,False,2,8,False,False
q8,11.309066612337235,0.02209401895220581,False,2,8,False,False
q8,11.309066612337235,0.02209401895220581,False,2,8,False,False
q8,11.309066612337235,0.02209401895220581,False,2,8,False,False
q8,11.309066612337235,0.02209401895220581,False,2,8,False,False
q8,11.309066612337235,0.02209401895220581,False,2,8,False,False
q8,11.466599710098116,0.02174576215112499,False,2,7,False,False
q8,11.466599710098116,0.02174576215112499,False,2,6,False,False
q8,11.466599710098116,0.02174576215112499,False,2,7,False,False
q8,11.466599710098116,0.02174576215112499,False,2,7,False,False
q8,11.466599710098116,0.02174576215112499,False,2,7,False,False
q8,11.466599710098116,0.02174576215112499,False,2,7,False,False
q8,11.309066612337235,0.02209401895220581,False,2,8,False,False
q8,11.309066612337235,0.02209401895220581,False,2,8,False,False
q8,11.309066612337235,0.02209401895220581,False,2,8,False,False
q8,11.309066612337235,0.02209401895220581,False,2,8,False,False
q8,11.309066612337235,0.02209401895220581,False,2,8,False,False
q8,11.309066612337235,0.02209401895220581,False,2,8,False,False
q8,11.309066612337235,0.02209401895220581,False,2,8,False,False
q8,11.309066612337235,0.02209401895220581,False,2,8,False,False
q8,11.309066612337235,0.02209401895220581,False,2,8,False,False
q8,11.309066612337235,0.02209401895220581,False,2,8,False,False
q8,11.309066612337235,0.02209401895220581,False,2,8,False,False
q8,11.309066612337235,0.02209401895220581,True,2,8,False,False
q8,11.666896974366237,0.025539444167205317,False,2,8,False,False
q8,12.101914052695419,0.025417843129149492,False,2,8,False,False
q8,11.863106465783634,0.02018920184685653,True,2,8,False,False
q8,13.25489113540512,0.01905400207829808,False,2,8,False,False
q8,13.25489113540512,0.01905400207829808,False,2,8,False,False
q8,13.25489113540512,0.01905400207829808,False,2,8,False,False
q8,16.231406965624913,0.027560722089670274,False,2,3,False,False
q8,16.30988220409637,0.0274557250339367,False,2,3,False,False
q8,14.951636503134145,0.02273081679830839,False,2,3,False,False
q8,14.109533243189999,0.020878808798643077,False,2,3,False,False
q8,13.341915123698728,0.02127022496425503,False,2,4,False,False
q8,13.616064452088468,0.020990639485647215,False,2,4,False,False
q8,16.083361636269377,0.020811461449354685,False,2,4,False,False
q8,16.083361636269377,0.020811461449354685,False,2,4,False,False
q8,16.083361636269377,0.020811461449354685,False,2,4,False,False
q8,16.083361636269377,0.020811461449354685,False,2,4,False,False
q8,13.341915123698728,0.02127022496425503,False,2,5,False,False
q8,13.341915123698728,0.02127022496425503,False,2,5,False,False
q8,13.341915123698728,0.02127022496425503,False,2,5,False,False
q8,13.341915123698728,0.02127022496425503,False,2,5,False,False
q8,13.341915123698728,0.02127022496425503,False,2,5,False,False
q8,13.341915123698728,0.02127022496425503,False,2,5,False,False
q8,13.341915123698728,0.02127022496425503,False,2,5,False,False
q8,13.341915123698728,0.02127022496425503,False,2,5,False,False
q8,13.341915123698728,0.02127022496425503,False,2,5,False,False
q8,13.341915123698728,0.02127022496425503,False,2,5,False,False
q8,13.341915123698728,0.02127022496425503,False,2,5,False,False
q8,13.341915123698728,0.02127022496425503,False,2,5,False,False
q8,13.341915123698728,0.02127022496425503,False,2,5,False,False
q8,13.341915123698728,0.02127022496425503,False,2,5,False,False
q8,13.341915123698728,0.02127022496425503,False,2,5,False,False
q8,13.341915123698728,0.02127022496425503,False,2,5,False,False
q8,13.341915123698728,0.02127022496425503,False,2,5,False,False
q8,13.341915123698728,0.02127022496425503,False,2,5,False,False
q8,13.341915123698728,0.02127022496425503,False,2,5,False,False
q8,13.341915123698728,0.02127022496425503,False,2,5,False,False
q8,13.341915123698728,0.02127022496425503,False,2,5,False,False
q8,13.341915123698728,0.02127022496425503,False,2,5,False,False
q8,13.341915123698728,0.02127022496425503,False,2,5,False,False
q8,13.341915123698728,0.02127022496425503,False,2,5,False,False
q8,14.015534092747925,0.02253504971887945,False,2,5,False,False
q8,13.087787851208335,0.021486253409877323,False,2,5,False,False
q8,13.892166100720704,0.02120375930272948,False,2,5,False,False
q8,12.458647266030866,0.021589484842767074,False,2,6,False,False
q8,13.087787851208335,0.021486253409877323,False,2,6,False,False
q8,13.087787851208335,0.021486253409877323,False,2,6,False,False
q8,13.087787851208335,0.021486253409877323,False,2,6,False,False
q8,13.087787851208335,0.021486253409877323,False,2,6,False,False
q9,33.55478443511173,0.07862139734162153,False,1,0,False,True
q9,54.208112873029314,0.18062415240893767,False,0,0,False,False
q9,33.55478443511173,0.07862139734162153,False,1,1,False,False
q9,33.55478443511173,0.07862139734162153,False,1,1,False,False
q9,33.55478443511173,0.07862139734162153,False,1,1,False,False
q9,33.55478443511173,0.07862139734162153,False,1,1,False,False
q9,33.55478443511173,0.07862139734162153,False,1,1,False,False
q9,33.55478443511173,0.07862139734162153,False,1,1,False,False
q9,33.55478443511173,0.07862139734162153,False,1,1,False,False
q9,33.55478443511173,0.07862139734162153,False,1,1,False,False
q9,33.55478443511173,0.07862139734162153,False,1,1,False,False
q9,33.55478443511173,0.07862139734162153,False,1,1,False,False
q9,33.55478443511173,0.07862139734162153,False,1,1,False,False
q9,33.55478443511173,0.07862139734162153,False,1,1,False,False
q9,34.18301647992797,0.07975371266819743,False,1,1,False,False
q9,33.4500691134577,0.07902641508006017,False,1,1,False,False
q9,34.13456644643764,0.07841888875776482,False,1,1,False,False
q9,34.13456644643764,0.07841888875776482,False,1,1,False,False
q9,34.13456644643764,0.07841888875776482,False,1,1,False,False
q9,34.13456644643764,0.07841888875776482,False,1,1,False,False
q9,33.33189218317236,0.08099944742112221,False,1,2,False,False
q9,33.63289503189684,0.0790640281485329,False,1,2,False,False
q9,34.13456644643764,0.07841888875776482,False,1,2,False,False
q9,34.13456644643764,0.07841888875776482,False,1,2,False,False
q9,34.13456644643764,0.07841888875776482,False,1,2,False,False
q9,34.13456644643764,0.07841888875776482,False,1,2,False,False
q9,33.81273841168554,0.08169939020082477,False,1,2,False,False
q9,33.84556089479499,0.08166545401702441,False,1,2,False,False
q9,33.5997545437262,0.07649583525495672,False,1,2,False,False
q9,32.06512116487969,0.07619041854227236,False,1,2,False,False
q9,31.376852623952857,0.07813756494349935,False,1,3,False,False
q9,31.606275470928466,0.07683946576610208,False,1,3,False,False
q9,32.06512116487969,0.07619041854227236,False,1,3,False,False
q9,32.06512116487969,0.07619041854227236,False,1,3,False,False
q9,32.06512116487969,0.07619041854227236,False,1,3,False,False
q9,32.06512116487969,0.07619041854227236,False,1,3,False,False
q9,32.06512116487969,0.07619041854227236,False,1,3,False,False
q9,32.06512116487969,0.07619041854227236,False,1,3,False,False
q9,32.06512116487969,0.07619041854227236,False,1,3,False,False
q9,32.06512116487969,0.07619041854227236,False,1,3,False,False
q9,32.06512116487969,0.07619041854227236,False,1,3,False,False
q9,32.06512116487969,0.07619041854227236,False,1,3,False,False
q9,32.06512116487969,0.07619041854227236,False,1,3,False,False
q9,32.06512116487969,0.07619041854227236,False,1,3,False,False
q9,33.44819829446561,0.08296274239192722,False,1,3,False,False
q9,31.961802846052557,0.07780812924795534,False,1,3,False,False
q9,33.07676032287908,0.06694962773702393,False,1,3,False,False
q9,33.07676032287908,0.06694962773702393,False,1,3,False,False
q9,33.07676032287908,0.06694962773702393,False,1,3,False,False
q9,33.07676032287908,0.06694962773702393,False,1,3,False,False
q9,33.07676032287908,0.06694962773702393,False,1,4,False,False
q9,33.07676032287908,0.06694962773702393,False,1,4,False,False
q9,33.07676032287908,0.06694962773702393,False,1,4,False,False
q9,33.07676032287908,0.06694962773702393,False,1,4,False,False
q9,33.07676032287908,0.06694962773702393,False,1,4,False,False
q9,33.07676032287908,0.06694962773702393,False,1,4,False,False
q9,33.07676032287908,0.06694962773702393,False,1,4,False,False
q9,33.07676032287908,0.06694962773702393,False,1,4,False,False
q9,33.07676032287908,0.06694962773702393,False,1,4,False,False
q9,33.07676032287908,0.06694962773702393,False,1,4,False,False
q9,33.07676032287908,0.06694962773702393,False,1,4,False,False
q9,33.07676032287908,0.06694962773702393,False,1,4,False,False
q9,33.07676032287908,0.06694962773702393,False,1,4,False,False
q9,33.07676032287908,0.06694962773702393,False,1,4,False,False
q9,33.07676032287908,0.06694962773702393,False,1,4,False,False
q9,33.07676032287908,0.06694962773702393,False,1,4,False,False
q9,33.07676032287908,0.06694962773702393,False,1,4,False,False
q9,33.07676032287908,0.06694962773702393,False,1,4,False,False
q9,33.07676032287908,0.06694962773702393,False,1,4,False,False
q9,33.07676032287908,0.06694962773702393,False,1,4,False,False
q9,33.07676032287908,0.06694962773702393,False,1,4,False,False
q9,33.07676032287908,0.06694962773702393,False,1,4,False,False
q9,33.07676032287908,0.06694962773702393,False,1,4,False,False
q9,33.07676032287908,0.06694962773702393,False,1,4,False,False
q9,33.07676032287908,0.06694962773702393,False,1,4,False,False
q9,33.07676032287908,0.06694962773702393,False,1,4,False,False
q9,33.07676032287908,0.06694962773702393,False,1,4,False,False
q9,33.07676032287908,0.06694962773702393,False,1,4,False,False
q9,33.07676032287908,0.06694962773702393,False,1,4,False,False
q9,31.91287026332114,0.06905933547126651,False,1,4,False,False
q9,32.49678885208586,0.06740266263598778,False,1,4,False,False
q9,35.81322548788242,0.0659611706075656,False,1,4,False,False
q9,39.91792323538741,0.06546712076970945,False,1,4,False,False
q9,39.91792323538741,0.06546712076970945,False,1,5,False,False
q9,39.91792323538741,0.06546712076970945,False,1,5,False,False
q9,39.91792323538741,0.06546712076970945,False,1,5,False,False
q9,39.91792323538741,0.06546712076970945,False,1,5,False,False
q9,39.91792323538741,0.06546712076970945,False,1,5,False,False
q9,39.91792323538741,0.06546712076970945,False,1,5,False,False
q9,39.91792323538741,0.06546712076970945,False,1,5,False,False
q9,39.91792323538741,0.06546712076970945,False,1,5,False,False
q9,39.91792323538741,0.06546712076970945,False,1,5,False,False
q9,39.91792323538741,0.06546712076970945,False,1,5,False,False
q9,39.91792323538741,0.06546712076970945,False,1,5,False,False
q9,39.91792323538741,0.06546712076970945,False,1,5,False,False
q9,60.88329591454401,0.13551920662302305,False,0,4,False,False
q9,39.91792323538741,0.06546712076970945,False,1,5,False,False
q9,39.91792323538741,0.06546712076970945,False,1,5,False,False
q9,39.91792323538741,0.06546712076970945,False,1,5,False,False
q9,39.91792323538741,0.06546712076970945,False,1,5,False,False
q9,39.91792323538741,0.06546712076970945,False,1,5,False,False
q9,39.91792323538741,0.06546712076970945,False,1,5,False,False
q9,39.91792323538741,0.06546712076970945,False,1,5,False,False
q9,39.91792323538741,0.06546712076970945,False,1,5,False,False
q9,39.91792323538741,0.06546712076970945,False,1,5,False,False
q9,39.91792323538741,0.06546712076970945,False,1,5,False,False
q9,39.91792323538741,0.06546712076970945,False,1,5,False,False
q9,39.91792323538741,0.06546712076970945,False,1,5,False,False
q9,39.96637326887775,0.06680194468014207,False,1,4,False,False
q9,39.233425902407475,0.0660746470920048,False,1,4,False,False
q9,39.3381412240615,0.06566962935356617,False,1,3,False,False
q9,39.91792323538741,0.06546712076970945,False,1,4,False,False
q9,39.91792323538741,0.06546712076970945,False,1,4,False,False
q9,39.91792323538741,0.06546712076970945,False,1,4,False,False
q9,39.11524897212213,0.06804455825878422,False,1,5,False,False
q9,39.41625182084661,0.06611226016047755,False,1,5,False,False
q9,39.91792323538741,0.06546712076970945,False,1,5,False,False
q9,39.91792323538741,0.06546712076970945,False,1,5,False,False
q9,39.91792323538741,0.06546712076970945,False,1,5,False,False
q9,39.91792323538741,0.06546712076970945,False,1,5,False,False
q9,41.64889160827937,0.07109446300825821,False,1,4,False,False
q9,41.68171409138883,0.07106052682445783,False,1,4,False,False
q9,41.97071964303147,0.06781396156519824,False,1,3,False,False
q9,41.43590774032003,0.06589090806239015,False,1,4,False,False
q9,39.22965469446057,0.06741426717093643,False,1,5,False,False
q9,39.45907754143619,0.06611616799353917,False,1,5,False,False
q9,39.91792323538741,0.06546712076970945,False,1,5,False,False
q9,39.91792323538741,0.06546712076970945,False,1,5,False,False
q9,39.91792323538741,0.06546712076970945,False,1,5,False,False
q9,39.91792323538741,0.06546712076970945,False,1,5,False,False
q9,39.91792323538741,0.06546712076970945,False,1,5,False,False
q9,39.91792323538741,0.06546712076970945,False,1,5,False,False
q9,39.91792323538741,0.06546712076970945,False,1,5,False,False
q9,39.91792323538741,0.06546712076970945,False,1,5,False,False
q9,39.91792323538741,0.06546712076970945,False,1,5,False,False
q9,39.91792323538741,0.06546712076970945,False,1,5,False,False
q9,39.91792323538741,0.06546712076970945,False,1,5,False,False
q9,39.91792323538741,0.06546712076970945,False,1,5,False,False
q9,40.66229598264516,0.0814802575205896,False,1,4,False,False
q9,39.2691342281499,0.07632564990061193,False,1,4,False,False
q9,39.37245254697704,0.07470793919492896,False,1,3,False,False
q9,39.91792323538741,0.06546712076970945,False,1,4,False,False
q9,39.91792323538741,0.06546712076970945,False,1,4,False,False
q9,39.91792323538741,0.06546712076970945,False,1,4,False,False
q9,39.91792323538741,0.06546712076970945,False,1,5,False,False
q9,39.91792323538741,0.06546712076970945,False,1,5,False,False
q9,39.91792323538741,0.06546712076970945,False,1,5,False,False
q9,39.91792323538741,0.06546712076970945,False,1,5,False,False
q9,39.91792323538741,0.06546712076970945,False,1,5,False,False
q9,39.91792323538741,0.06546712076970945,False,1,5,False,False
q9,39.91792323538741,0.06546712076970945,False,1,5,False,False
q9,39.91792323538741,0.06546712076970945,False,1,5,False,False
q9,39.91792323538741,0.06546712076970945,False,1,5,False,False
q9,39.91792323538741,0.06546712076970945,False,1,5,False,False
q9,39.91792323538741,0.06546712076970945,False,1,5,False,False
q9,39.91792323538741,0.06546712076970945,False,1,5,False,False
q9,39.91792323538741,0.06546712076970945,False,1,5,False,False
q9,39.91792323538741,0.06546712076970945,False,1,5,False,False
q9,39.91792323538741,0.06546712076970945,False,1,5,False,False
q9,39.91792323538741,0.06546712076970945,False,1,5,False,False
q9,39.91792323538741,0.06546712076970945,False,1,5,False,False
q9,39.91792323538741,0.06546712076970945,False,1,5,False,False
q9,39.91792323538741,0.06546712076970945,False,1,5,False,False
q9,39.91792323538741,0.06546712076970945,False,1,5,False,False
q9,39.91792323538741,0.06546712076970945,False,1,5,False,False
q9,39.91792323538741,0.06546712076970945,False,1,5,False,False
q9,39.91792323538741,0.06546712076970945,False,1,5,False,False
q9,39.91792323538741,0.06546712076970945,False,1,5,False,False
q9,39.91792323538741,0.06546712076970945,False,1,5,False,False
q9,39.91792323538741,0.06546712076970945,False,1,5,False,False
q9,39.91792323538741,0.06546712076970945,False,1,5,False,False
q9,39.91792323538741,0.06546712076970945,False,1,5,False,False
q9,39.91792323538741,0.06546712076970945,True,1,5,False,False
q9,35.81322548788242,0.0659611706075656,False,1,5,False,False
q9,35.81322548788242,0.0659611706075656,False,1,5,False,False
q9,35.81322548788242,0.0659611706075656,False,1,5,False,False
q9,38.525991705483676,0.06556771896056852,True,1,5,False,False
q9,35.81322548788242,0.0659611706075656,False,1,5,False,False
q9,35.81322548788242,0.0659611706075656,False,1,5,False,False
q9,35.81322548788242,0.0659611706075656,False,1,5,False,False
q9,37.92898793122842,0.0657558954387489,True,1,5,False,False
q9,35.81322548788242,0.0659611706075656,False,1,5,False,False
q9,35.81322548788242,0.0659611706075656,False,1,5,False,False
q9,35.81322548788242,0.0659611706075656,False,1,5,False,False
q9,36.81690402933234,0.06594339916118952,True,1,5,False,False
q9,56.805846908147096,0.13601251041263065,False,0,4,False,False
q9,35.81322548788242,0.0659611706075656,False,1,5,False,False
q9,35.81322548788242,0.0659611706075656,False,1,5,False,False
q9,35.81322548788242,0.0659611706075656,False,1,5,False,False
q9,35.81322548788242,0.0659611706075656,False,1,5,False,False
q9,35.81322548788242,0.0659611706075656,False,1,5,False,False
q9,35.81322548788242,0.0659611706075656,False,1,5,False,False
q9,35.81322548788242,0.0659611706075656,False,1,5,False,False
q9,35.81322548788242,0.0659611706075656,False,1,5,False,False
q9,35.81322548788242,0.0659611706075656,False,1,5,False,False
q9,35.81322548788242,0.0659611706075656,False,1,5,False,False
q9,35.81322548788242,0.0659611706075656,False,1,5,False,False
q9,35.81322548788242,0.0659611706075656,False,1,5,False,False
q9,35.86167552137275,0.0672959945179982,False,1,4,False,False
q9,35.12872815490248,0.06656869692986095,False,1,4,False,False
q9,35.23344347655651,0.06616367919142231,True,1,3,False,False
q9,35.81322548788242,0.0659611706075656,False,1,4,False,False
q9,35.81322548788242,0.0659611706075656,False,1,4,False,False
q9,35.81322548788242,0.0659611706075656,False,1,4,False,False
q9,35.01055122461714,0.06853740450975608,False,1,5,False,False
q9,35.31155407334162,0.06660630999833368,False,1,5,False,False
q9,35.81322548788242,0.0659611706075656,False,1,5,False,False
q9,35.81322548788242,0.0659611706075656,False,1,5,False,False
q9,35.81322548788242,0.0659611706075656,False,1,5,False,False
q9,35.81322548788242,0.0659611706075656,False,1,5,False,False
q9,37.56417250947104,0.0715885140298274,False,1,4,False,False
q9,37.5969949925805,0.07155457784602705,False,1,4,False,False
q9,37.886000544223144,0.06830801258676746,False,1,3,False,False
q9,37.351188641511705,0.06638495908395935,False,1,4,False,False
q9,35.12495694695558,0.06790831700879257,False,1,5,False,False
q9,35.354379793931194,0.06661021783139531,False,1,5,False,False
q9,35.81322548788242,0.0659611706075656,False,1,5,False,False
q9,35.81322548788242,0.0659611706075656,False,1,5,False,False
q9,35.81322548788242,0.0659611706075656,False,1,5,False,False
q9,35.81322548788242,0.0659611706075656,False,1,5,False,False
q9,35.81322548788242,0.0659611706075656,False,1,5,False,False
q9,35.81322548788242,0.0659611706075656,False,1,5,False,False
q9,35.81322548788242,0.0659611706075656,False,1,5,False,False
q9,35.81322548788242,0.0659611706075656,False,1,5,False,False
q9,35.81322548788242,0.0659611706075656,False,1,5,False,False
q9,35.81322548788242,0.0659611706075656,False,1,5,False,False
q9,35.81322548788242,0.0659611706075656,False,1,5,False,False
q9,35.81322548788242,0.0659611706075656,False,1,5,False,False
q9,36.33383736973743,0.08197429410085964,False,1,4,False,False
q9,34.88473539889149,0.07681968316648545,False,1,4,False,False
q9,34.98805371771863,0.07520197246080247,False,1,3,False,False
q9,35.81322548788242,0.0659611706075656,False,1,4,False,False
q9,35.81322548788242,0.0659611706075656,False,1,4,False,False
q9,35.81322548788242,0.0659611706075656,False,1,4,False,False
q9,35.81322548788242,0.0659611706075656,False,1,5,False,False
q9,35.81322548788242,0.0659611706075656,False,1,5,False,False
q9,35.81322548788242,0.0659611706075656,False,1,5,False,False
q9,35.81322548788242,0.0659611706075656,False,1,5,False,False
q9,35.81322548788242,0.0659611706075656,False,1,5,False,False
q9,35.81322548788242,0.0659611706075656,False,1,5,False,False
q9,35.81322548788242,0.0659611706075656,False,1,5,False,False
q9,35.81322548788242,0.0659611706075656,False,1,5,False,False
q9,35.81322548788242,0.0659611706075656,False,1,5,False,False
q9,35.81322548788242,0.0659611706075656,False,1,5,False,False
q9,35.81322548788242,0.0659611706075656,False,1,5,False,False
q9,35.81322548788242,0.0659611706075656,False,1,5,False,False
q9,35.81322548788242,0.0659611706075656,False,1,5,False,False
q9,35.81322548788242,0.0659611706075656,False,1,5,False,False
q9,35.81322548788242,0.0659611706075656,False,1,5,False,False
q9,35.81322548788242,0.0659611706075656,False,1,5,False,False
q9,35.81322548788242,0.0659611706075656,False,1,5,False,False
q9,35.81322548788242,0.0659611706075656,False,1,5,False,False
q9,35.81322548788242,0.0659611706075656,False,1,5,False,False
q9,35.81322548788242,0.0659611706075656,False,1,5,False,False
q9,35.81322548788242,0.0659611706075656,False,1,5,False,False
q9,35.81322548788242,0.0659611706075656,False,1,5,False,False
q9,35.81322548788242,0.0659611706075656,False,1,5,False,False
q9,35.81322548788242,0.0659611706075656,False,1,5,False,False
q9,35.81322548788242,0.0659611706075656,False,1,5,False,False
q9,35.81322548788242,0.0659611706075656,False,1,5,False,False
q9,35.81322548788242,0.0659611706075656,False,1,5,False,False
q9,35.81322548788242,0.0659611706075656,False,1,5,False,False
q9,35.81322548788242,0.0659611706075656,True,1,5,False,False
q9,32.653349807041685,0.08120195591459058,False,1,1,False,False
q9,32.991387792567956,0.07926653667589689,False,1,1,False,False
q9,33.55478443511173,0.07862139734162153,False,1,1,False,False
q9,33.55478443511173,0.07862139734162153,False,1,1,False,False
q9,33.55478443511173,0.07862139734162153,False,1,1,False,False
q9,33.55478443511173,0.07862139734162153,False,1,1,False,False
q9,33.232956400359626,0.08190189878468149,False,1,1,False,False
q9,33.26577888346908,0.08186796260088113,False,1,1,False,False
q9,33.01997253240029,0.07669834383881342,False,1,1,False,False
q9,31.48533915355378,0.07639292712612908,False,1,1,False,False
q9,30.797070612626946,0.07834007352735607,False,1,2,False,False
q9,31.02649345960256,0.0770419743499588,False,1,2,False,False
q9,31.48533915355378,0.07639292712612908,False,1,2,False,False
q9,31.48533915355378,0.07639292712612908,False,1,2,False,False
q9,31.48533915355378,0.07639292712612908,False,1,2,False,False
q9,31.48533915355378,0.07639292712612908,False,1,2,False,False
q9,31.48533915355378,0.07639292712612908,False,1,2,False,False
q9,31.48533915355378,0.07639292712612908,False,1,2,False,False
q9,31.48533915355378,0.07639292712612908,False,1,2,False,False
q9,31.48533915355378,0.07639292712612908,False,1,2,False,False
q9,31.48533915355378,0.07639292712612908,False,1,2,False,False
q9,31.48533915355378,0.07639292712612908,False,1,2,False,False
q9,31.48533915355378,0.07639292712612908,False,1,2,False,False
q9,31.48533915355378,0.07639292712612908,False,1,2,False,False
q9,32.8684162831397,0.08316525097578394,False,1,2,False,False
q9,31.382020834726646,0.07801063783181207,False,1,2,False,False
q9,32.49697831155317,0.06715213632088063,False,1,2,False,False
q9,32.49697831155317,0.06715213632088063,False,1,2,False,False
q9,32.49697831155317,0.06715213632088063,False,1,2,False,False
q9,32.49697831155317,0.06715213632088063,False,1,2,False,False
q9,32.49697831155317,0.06715213632088063,False,1,3,False,False
q9,32.49697831155317,0.06715213632088063,False,1,3,False,False
q9,32.49697831155317,0.06715213632088063,False,1,3,False,False
q9,32.49697831155317,0.06715213632088063,False,1,3,False,False
q9,32.49697831155317,0.06715213632088063,False,1,3,False,False
q9,32.49697831155317,0.06715213632088063,False,1,3,False,False
q9,32.49697831155317,0.06715213632088063,False,1,3,False,False
q9,32.49697831155317,0.06715213632088063,False,1,3,False,False
q9,32.49697831155317,0.06715213632088063,False,1,3,False,False
q9,32.49697831155317,0.06715213632088063,False,1,3,False,False
q9,32.49697831155317,0.06715213632088063,False,1,3,False,False
q9,32.49697831155317,0.06715213632088063,False,1,3,False,False
q9,32.49697831155317,0.06715213632088063,False,1,3,False,False
q9,32.49697831155317,0.06715213632088063,False,1,3,False,False
q9,32.49697831155317,0.06715213632088063,False,1,3,False,False
q9,32.49697831155317,0.06715213632088063,False,1,3,False,False
q9,32.49697831155317,0.06715213632088063,False,1,3,False,False
q9,32.49697831155317,0.06715213632088063,False,1,3,False,False
q9,32.49697831155317,0.06715213632088063,False,1,3,False,False
q9,32.49697831155317,0.06715213632088063,False,1,3,False,False
q9,32.49697831155317,0.06715213632088063,False,1,3,False,False
q9,32.49697831155317,0.06715213632088063,False,1,3,False,False
q9,32.49697831155317,0.06715213632088063,False,1,3,False,False
q9,32.49697831155317,0.06715213632088063,False,1,3,False,False
q9,32.49697831155317,0.06715213632088063,False,1,3,False,False
q9,32.49697831155317,0.06715213632088063,False,1,3,False,False
q9,32.49697831155317,0.06715213632088063,False,1,3,False,False
q9,32.49697831155317,0.06715213632088063,False,1,3,False,False
q9,32.49697831155317,0.06715213632088063,False,1,3,False,False
q9,31.33308825199523,0.06926184405512323,False,1,3,False,False
q9,31.917006840759946,0.06760517121984451,False,1,3,False,False
q9,32.49697831155317,0.06715213632088063,False,1,3,False,False
q9,32.49697831155317,0.06715213632088063,False,1,3,False,False
q9,34.305489123287344,0.06636498758623369,True,1,3,False,False
q9,37.0182553408886,0.06597153593923663,False,1,3,False,False
q9,32.49697831155317,0.06715213632088063,False,1,3,False,False
q9,32.49697831155317,0.06715213632088063,False,1,3,False,False
q9,33.99219335275868,0.06674139662039427,True,1,3,False,False
q9,36.23501591456695,0.06653613006642406,False,1,3,False,False
q9,32.49697831155317,0.06715213632088063,False,1,3,False,False
q9,32.49697831155317,0.06715213632088063,False,1,3,False,False
q9,33.24926396217994,0.06711650389077808,False,1,3,False,False
q9,34.37769243812009,0.06709874141107078,False,1,3,False,False
q9,51.68476247949104,0.14576224209033015,False,0,2,False,False
q9,32.49697831155317,0.06715213632088063,False,1,3,False,False
q9,32.49697831155317,0.06715213632088063,False,1,3,False,False
q9,32.49697831155317,0.06715213632088063,False,1,3,False,False
q9,32.49697831155317,0.06715213632088063,False,1,3,False,False
q9,32.49697831155317,0.06715213632088063,False,1,3,False,False
q9,32.49697831155317,0.06715213632088063,False,1,3,False,False
q9,32.49697831155317,0.06715213632088063,False,1,3,False,False
q9,32.49697831155317,0.06715213632088063,False,1,3,False,False
q9,32.49697831155317,0.06715213632088063,False,1,3,False,False
q9,32.49697831155317,0.06715213632088063,False,1,3,False,False
q9,32.49697831155317,0.06715213632088063,False,1,3,False,False
q9,32.49697831155317,0.06715213632088063,False,1,3,False,False
q9,33.125210356369415,0.06828445164745653,False,1,3,False,False
q9,32.392262989899145,0.06755715405931928,True,1,3,False,False
q9,33.07676032287908,0.06694962773702393,False,1,3,False,False
q9,33.07676032287908,0.06694962773702393,False,1,3,False,False
q9,33.07676032287908,0.06694962773702393,True,1,3,False,False
q9,31.595543683483132,0.06972596174494133,False,1,3,False,False
q9,31.933581669009396,0.067797275655156,False,1,3,False,False
q9,32.49697831155317,0.06715213632088063,False,1,3,False,False
q9,32.49697831155317,0.06715213632088063,False,1,3,False,False
q9,32.49697831155317,0.06715213632088063,False,1,3,False,False
q9,32.49697831155317,0.06715213632088063,False,1,3,False,False
q9,34.26124443227291,0.07277948053228446,False,1,2,False,False
q9,34.294066915382366,0.07274554434848411,False,1,2,False,False
q9,34.58307246702501,0.0694989790892245,False,1,1,False,False
q9,34.048260564313566,0.06757592558641641,False,1,2,False,False
q9,31.808709770626333,0.06909928272210762,False,1,3,False,False
q9,32.038132617601946,0.06780118354471035,False,1,3,False,False
q9,32.49697831155317,0.06715213632088063,False,1,3,False,False
q9,32.49697831155317,0.06715213632088063,False,1,3,False,False
q9,32.49697831155317,0.06715213632088063,False,1,3,False,False
q9,32.49697831155317,0.06715213632088063,False,1,3,False,False
q9,32.49697831155317,0.06715213632088063,False,1,3,False,False
q9,32.49697831155317,0.06715213632088063,False,1,3,False,False
q9,32.49697831155317,0.06715213632088063,False,1,3,False,False
q9,32.49697831155317,0.06715213632088063,False,1,3,False,False
q9,32.49697831155317,0.06715213632088063,False,1,3,False,False
q9,32.49697831155317,0.06715213632088063,False,1,3,False,False
q9,32.49697831155317,0.06715213632088063,False,1,3,False,False
q9,32.49697831155317,0.06715213632088063,True,1,3,False,False
q9,31.84031584523791,0.06845213118721116,False,1,4,False,False
q9,31.84031584523791,0.06845213118721116,False,1,4,False,False
q9,33.72551765249412,0.06681802248519755,True,1,4,False,False
q9,36.43828387009537,0.0664245708382005,False,1,4,False,False
q9,31.917006840759946,0.06760517121984451,False,1,4,False,False
q9,31.917006840759946,0.06760517121984451,False,1,4,False,False
q9,33.41222188196546,0.06719443151935811,False,1,4,False,False
q9,35.655044443773726,0.06698916496538793,False,1,4,False,False
q9,31.917006840759946,0.06760517121984451,False,1,4,False,False
q9,31.917006840759946,0.06760517121984451,False,1,4,False,False
q9,32.66929249138671,0.06756953878974194,False,1,4,False,False
q9,33.79772096732686,0.06755177631003466,False,1,4,False,False
q9,50.85873671757168,0.1464622681304586,False,0,3,False,False
q9,31.917006840759946,0.06760517121984451,False,1,4,False,False
q9,31.917006840759946,0.06760517121984451,False,1,4,False,False
q9,31.917006840759946,0.06760517121984451,False,1,4,False,False
q9,31.917006840759946,0.06760517121984451,False,1,4,False,False
q9,31.917006840759946,0.06760517121984451,False,1,4,False,False
q9,31.917006840759946,0.06760517121984451,False,1,4,False,False
q9,31.917006840759946,0.06760517121984451,False,1,4,False,False
q9,31.917006840759946,0.06760517121984451,False,1,4,False,False
q9,31.917006840759946,0.06760517121984451,False,1,4,False,False
q9,31.917006840759946,0.06760517121984451,False,1,4,False,False
q9,31.917006840759946,0.06760517121984451,False,1,4,False,False
q9,31.917006840759946,0.06760517121984451,False,1,4,False,False
q9,32.54523888557619,0.0687374865464204,False,1,4,False,False
q9,31.81229151910592,0.06801018895828315,True,1,4,False,False
q9,32.49678885208586,0.06740266263598778,False,1,4,False,False
q9,32.49678885208586,0.06740266263598778,False,1,4,False,False
q9,32.49678885208586,0.06740266263598778,True,1,4,False,False
q9,31.015572212689904,0.07017896964549175,False,1,4,False,False
q9,31.353610198216167,0.06825031055411987,True,1,4,False,False
q9,31.917006840759946,0.06760517121984451,False,1,4,False,False
q9,31.917006840759946,0.06760517121984451,False,1,4,False,False
q9,31.917006840759946,0.06760517121984451,False,1,4,False,False
q9,31.917006840759946,0.06760517121984451,False,1,4,False,False
q9,33.43344686097848,0.07347965773214214,False,1,3,False,False
q9,33.466269344087934,0.0734457215483418,False,1,3,False,False
q9,33.75527489573058,0.0701991562890822,False,1,2,False,False
q9,33.22046299301914,0.06827610278627409,False,1,3,False,False
q9,31.228738299833104,0.06955231762107149,False,1,4,False,False
q9,31.45816114680872,0.06825421844367423,False,1,4,False,False
q9,31.917006840759946,0.06760517121984451,False,1,4,False,False
q9,31.917006840759946,0.06760517121984451,False,1,4,False,False
q9,31.917006840759946,0.06760517121984451,False,1,4,False,False
q9,31.917006840759946,0.06760517121984451,False,1,4,False,False
q9,31.917006840759946,0.06760517121984451,False,1,4,False,False
q9,31.917006840759946,0.06760517121984451,False,1,4,False,False
q9,31.917006840759946,0.06760517121984451,False,1,4,False,False
q9,31.917006840759946,0.06760517121984451,False,1,4,False,False
q9,31.917006840759946,0.06760517121984451,False,1,4,False,False
q9,31.917006840759946,0.06760517121984451,False,1,4,False,False
q9,31.917006840759946,0.06760517121984451,False,1,4,False,False
q9,31.917006840759946,0.06760517121984451,False,1,4,False,False
q9,32.234811422235204,0.08356794163441916,False,1,3,False,False
q9,30.701651861540743,0.07841332719068393,False,1,3,False,False
q9,30.80497018036788,0.07679561648500095,False,1,2,False,False
q9,31.917006840759946,0.06760517121984451,False,1,3,False,False
q9,31.917006840759946,0.06760517121984451,False,1,3,False,False
q9,31.917006840759946,0.06760517121984451,False,1,3,False,False
q9,31.917006840759946,0.06760517121984451,False,1,4,False,False
q9,31.917006840759946,0.06760517121984451,False,1,4,False,False
q9,31.917006840759946,0.06760517121984451,False,1,4,False,False
q9,31.917006840759946,0.06760517121984451,False,1,4,False,False
q9,31.917006840759946,0.06760517121984451,False,1,4,False,False
q9,31.917006840759946,0.06760517121984451,False,1,4,False,False
q9,31.917006840759946,0.06760517121984451,False,1,4,False,False
q9,31.917006840759946,0.06760517121984451,False,1,4,False,False
q9,31.917006840759946,0.06760517121984451,False,1,4,False,False
q9,31.917006840759946,0.06760517121984451,False,1,4,False,False
q9,31.917006840759946,0.06760517121984451,False,1,4,False,False
q9,31.917006840759946,0.06760517121984451,False,1,4,False,False
q9,31.917006840759946,0.06760517121984451,False,1,4,False,False
q9,31.917006840759946,0.06760517121984451,False,1,4,False,False
q9,31.917006840759946,0.06760517121984451,False,1,4,False,False
q9,31.917006840759946,0.06760517121984451,False,1,4,False,False
q9,31.917006840759946,0.06760517121984451,False,1,4,False,False
q9,31.917006840759946,0.06760517121984451,False,1,4,False,False
q9,31.917006840759946,0.06760517121984451,False,1,4,False,False
q9,31.917006840759946,0.06760517121984451,False,1,4,False,False
q9,31.917006840759946,0.06760517121984451,False,1,4,False,False
q9,31.917006840759946,0.06760517121984451,False,1,4,False,False
q9,31.917006840759946,0.06760517121984451,False,1,4,False,False
q9,31.917006840759946,0.06760517121984451,False,1,4,False,False
q9,31.917006840759946,0.06760517121984451,False,1,4,False,False
q9,31.917006840759946,0.06760517121984451,False,1,4,False,False
q9,31.917006840759946,0.06760517121984451,False,1,4,False,False
q9,31.917006840759946,0.06760517121984451,False,1,4,False,False
q9,31.917006840759946,0.06760517121984451,True,1,4,False,False
q9,32.669559757815854,0.08254703811895685,False,1,2,False,False
q9,32.70238224092531,0.0825131019351565,False,1,2,False,False
q9,32.45657588985651,0.0773434831730888,False,1,2,False,False
q9,30.92194251101001,0.07703806646040445,False,1,2,False,False
q9,30.23367397008317,0.07898521286163143,False,1,3,False,False
q9,30.463096817058783,0.07768711368423417,False,1,3,False,False
q9,30.463096817058783,0.07768711368423417,False,1,4,False,False
q9,30.463096817058783,0.07768711368423417,False,1,4,False,False
q9,30.463096817058783,0.07768711368423417,False,1,4,False,False
q9,30.463096817058783,0.07768711368423417,False,1,4,False,False
q9,30.463096817058783,0.07768711368423417,False,1,4,False,False
q9,30.463096817058783,0.07768711368423417,False,1,4,False,False
q9,30.463096817058783,0.07768711368423417,False,1,4,False,False
q9,30.463096817058783,0.07768711368423417,False,1,4,False,False
q9,30.463096817058783,0.07768711368423417,False,1,4,False,False
q9,30.463096817058783,0.07768711368423417,False,1,4,False,False
q9,30.463096817058783,0.07768711368423417,False,1,4,False,False
q9,30.463096817058783,0.07768711368423417,False,1,4,False,False
q9,31.846173946644708,0.08445943753388901,False,1,4,False,False
q9,30.359778498231645,0.07930482438991714,False,1,4,False,False
q9,31.47473597505817,0.06844632287898572,False,1,4,False,False
q9,31.47473597505817,0.06844632287898572,False,1,4,False,False
q9,31.47473597505817,0.06844632287898572,False,1,4,False,False
q9,31.47473597505817,0.06844632287898572,False,1,4,False,False
q9,31.47473597505817,0.06844632287898572,False,1,5,False,False
q9,31.47473597505817,0.06844632287898572,False,1,5,False,False
q9,31.47473597505817,0.06844632287898572,False,1,5,False,False
q9,31.47473597505817,0.06844632287898572,False,1,5,False,False
q9,31.47473597505817,0.06844632287898572,False,1,5,False,False
q9,31.47473597505817,0.06844632287898572,False,1,5,False,False
q9,31.47473597505817,0.06844632287898572,False,1,5,False,False
q9,31.47473597505817,0.06844632287898572,False,1,5,False,False
q9,31.47473597505817,0.06844632287898572,False,1,5,False,False
q9,31.47473597505817,0.06844632287898572,False,1,5,False,False
q9,31.47473597505817,0.06844632287898572,False,1,5,False,False
q9,31.47473597505817,0.06844632287898572,False,1,5,False,False
q9,31.47473597505817,0.06844632287898572,False,1,5,False,False
q9,31.47473597505817,0.06844632287898572,False,1,5,False,False
q9,31.47473597505817,0.06844632287898572,False,1,5,False,False
q9,31.387074736008177,0.06983580384036689,False,1,5,False,False
q9,31.387074736008177,0.06983580384036689,False,1,5,False,False
q9,31.47473597505817,0.06844632287898572,False,1,5,False,False
q9,31.47473597505817,0.06844632287898572,False,1,5,False,False
q9,31.299642263876013,0.07015361487747478,False,1,5,False,False
q9,31.299642263876013,0.07015361487747478,False,1,5,False,False
q9,31.47473597505817,0.06844632287898572,False,1,5,False,False
q9,31.47473597505817,0.06844632287898572,False,1,5,False,False
q9,31.47473597505817,0.06844632287898572,False,1,5,False,False
q9,31.47473597505817,0.06844632287898572,False,1,5,False,False
q9,31.47473597505817,0.06844632287898572,False,1,5,False,False
q9,31.47473597505817,0.06844632287898572,False,1,5,False,False
q9,31.47473597505817,0.06844632287898572,False,1,5,False,False
q9,31.47473597505817,0.06844632287898572,False,1,5,False,False
q9,30.310845915500224,0.07055603061322832,False,1,5,False,False
q9,30.89476450426494,0.06889935777794959,False,1,5,False,False
q9,34.211201140061505,0.06745786574952739,False,1,5,False,False
q9,38.3158988875665,0.06696381591167125,False,1,5,False,False
q9,30.818073508742906,0.06974530485989894,False,1,6,False,False
q9,30.818073508742906,0.06974530485989894,False,1,6,False,False
q9,32.70327531599911,0.06811220904330265,False,1,6,False,False
q9,35.41604153360037,0.06771875739630558,False,1,6,False,False
q9,30.89476450426494,0.06889935777794959,False,1,6,False,False
q9,30.89476450426494,0.06889935777794959,False,1,6,False,False
q9,32.38997954547045,0.0684886180774632,False,1,6,False,False
q9,34.63280210727872,0.068283351523493,False,1,6,False,False
q9,30.89476450426494,0.06889935777794959,False,1,6,False,False
q9,30.89476450426494,0.06889935777794959,False,1,6,False,False
q9,31.647050154891705,0.06886372534784702,False,1,6,False,False
q9,32.775478630831856,0.06884596286813975,False,1,6,False,False
q9,50.85873671757168,0.1464622681304586,False,0,5,False,False
q9,30.89476450426494,0.06889935777794959,False,1,6,False,False
q9,30.89476450426494,0.06889935777794959,False,1,6,False,False
q9,30.89476450426494,0.06889935777794959,False,1,6,False,False
q9,30.89476450426494,0.06889935777794959,False,1,6,False,False
q9,30.89476450426494,0.06889935777794959,False,1,6,False,False
q9,30.89476450426494,0.06889935777794959,False,1,6,False,False
q9,30.89476450426494,0.06889935777794959,False,1,6,False,False
q9,30.89476450426494,0.06889935777794959,False,1,6,False,False
q9,30.89476450426494,0.06889935777794959,False,1,6,False,False
q9,30.89476450426494,0.06889935777794959,False,1,6,False,False
q9,30.89476450426494,0.06889935777794959,False,1,6,False,False
q9,30.89476450426494,0.06889935777794959,False,1,6,False,False
q9,31.152645181063328,0.07003167276556915,False,1,6,False,False
q9,30.666598726604967,0.06930437540340278,False,1,6,False,False
q9,31.53627174359383,0.0686968492505856,False,1,6,False,False
q9,31.53627174359383,0.0686968492505856,False,1,6,False,False
q9,31.53627174359383,0.0686968492505856,False,1,6,False,False
q9,31.53627174359383,0.0686968492505856,False,1,6,False,False
q9,30.556726518738678,0.07082925177766844,False,1,5,False,False
q9,31.45816114680872,0.06825421844367423,False,1,5,False,False
q9,31.45816114680872,0.06825421844367423,False,1,5,False,False
q9,31.45816114680872,0.06825421844367423,False,1,5,False,False
q9,31.45816114680872,0.06825421844367423,False,1,5,False,False
q9,32.210723189147735,0.07468713537455321,False,1,5,False,False
q9,32.244618257672784,0.07465319919812514,False,1,5,False,False
q9,32.63623448074026,0.0714066346449381,False,1,4,False,False
q9,31.629118693512794,0.0708991893704111,False,1,5,False,False
q9,30.665341657289332,0.07019745695534686,False,1,5,False,False
q9,30.89476450426494,0.06889935777794959,False,1,6,False,False
q9,30.89476450426494,0.06889935777794959,False,1,6,False,False
q9,30.89476450426494,0.06889935777794959,False,1,6,False,False
q9,30.89476450426494,0.06889935777794959,False,1,6,False,False
q9,30.89476450426494,0.06889935777794959,False,1,6,False,False
q9,30.89476450426494,0.06889935777794959,False,1,6,False,False
q9,30.89476450426494,0.06889935777794959,False,1,6,False,False
q9,30.89476450426494,0.06889935777794959,False,1,6,False,False
q9,30.89476450426494,0.06889935777794959,False,1,6,False,False
q9,30.89476450426494,0.06889935777794959,False,1,6,False,False
q9,30.89476450426494,0.06889935777794959,False,1,6,False,False
q9,30.89476450426494,0.06889935777794959,False,1,6,False,False
q9,31.21256908574021,0.08486212819252424,False,1,5,False,False
q9,29.68071754759686,0.07970751374878901,False,1,5,False,False
q9,29.784035866424,0.07808980304310603,False,1,4,False,False
q9,30.89476450426494,0.06889935777794959,False,1,5,False,False
q9,30.89476450426494,0.06889935777794959,False,1,5,False,False
q9,30.89476450426494,0.06889935777794959,False,1,5,False,False
q9,30.89476450426494,0.06889935777794959,False,1,6,False,False
q9,30.89476450426494,0.06889935777794959,False,1,6,False,False
q9,30.89476450426494,0.06889935777794959,False,1,6,False,False
q9,30.89476450426494,0.06889935777794959,False,1,6,False,False
q9,30.89476450426494,0.06889935777794959,False,1,6,False,False
q9,30.89476450426494,0.06889935777794959,False,1,6,False,False
q9,30.89476450426494,0.06889935777794959,False,1,6,False,False
q9,30.89476450426494,0.06889935777794959,False,1,6,False,False
q9,30.89476450426494,0.06889935777794959,False,1,6,False,False
q9,30.89476450426494,0.06889935777794959,False,1,6,False,False
q9,30.89476450426494,0.06889935777794959,False,1,6,False,False
q9,30.89476450426494,0.06889935777794959,False,1,6,False,False
q9,30.89476450426494,0.06889935777794959,False,1,6,False,False
q9,30.89476450426494,0.06889935777794959,False,1,6,False,False
q9,30.89476450426494,0.06889935777794959,False,1,6,False,False
q9,30.80710326521495,0.07028883873933077,False,1,6,False,False
q9,30.80710326521495,0.07028883873933077,False,1,6,False,False
q9,30.89476450426494,0.06889935777794959,False,1,6,False,False
q9,30.89476450426494,0.06889935777794959,False,1,6,False,False
q9,30.719670793082784,0.07060664977643864,False,1,6,False,False
q9,30.719670793082784,0.07060664977643864,False,1,6,False,False
q9,30.89476450426494,0.06889935777794959,False,1,6,False,False
q9,30.89476450426494,0.06889935777794959,False,1,6,False,False
q9,30.89476450426494,0.06889935777794959,False,1,6,False,False
q9,30.89476450426494,0.06889935777794959,False,1,6,False,False
q9,30.89476450426494,0.06889935777794959,False,1,6,False,False
q9,30.89476450426494,0.06889935777794959,False,1,6,False,False
q9,30.89476450426494,0.06889935777794959,False,1,6,False,False
q9,30.89476450426494,0.06889935777794959,True,1,6,False,False
q9,30.25449046747513,0.07123426668107319,False,1,6,False,False
q9,31.353445825154694,0.06865923618211286,False,1,5,False,False
q9,31.353445825154694,0.06865923618211286,False,1,6,False,False
q9,31.353445825154694,0.06865923618211286,False,1,6,False,False
q9,31.353445825154694,0.06865923618211286,False,1,6,False,False
q9,31.353445825154694,0.06865923618211286,False,1,6,False,False
q9,31.98255741148776,0.07509215034573857,False,1,6,False,False
q9,32.0164524800128,0.07505821416931052,False,1,6,False,False
q9,32.40806870308028,0.07181164961612346,False,1,5,False,False
q9,31.400952915852812,0.0713042069958643,False,1,6,False,False
q9,30.43717587962935,0.07060247458080006,False,1,6,False,False
q9,31.125444420556192,0.06865532817957307,True,1,5,False,False
q9,30.666598726604967,0.06930437540340278,False,1,7,False,False
q9,30.666598726604967,0.06930437540340278,False,1,7,False,False
q9,30.666598726604967,0.06930437540340278,False,1,7,False,False
q9,30.666598726604967,0.06930437540340278,False,1,7,False,False
q9,30.666598726604967,0.06930437540340278,False,1,7,False,False
q9,30.666598726604967,0.06930437540340278,False,1,7,False,False
q9,30.666598726604967,0.06930437540340278,False,1,7,False,False
q9,30.666598726604967,0.06930437540340278,False,1,7,False,False
q9,30.666598726604967,0.06930437540340278,False,1,7,False,False
q9,30.666598726604967,0.06930437540340278,False,1,7,False,False
q9,30.666598726604967,0.06930437540340278,False,1,7,False,False
q9,30.666598726604967,0.06930437540340278,False,1,7,False,False
q9,30.98440330808023,0.08526714581797744,False,1,6,False,False
q9,29.452560678634633,0.08011253137424221,False,1,6,False,False
q9,29.55587899746177,0.07849482066855923,False,1,5,False,False
q9,30.666598726604967,0.06930437540340278,False,1,6,False,False
q9,30.666598726604967,0.06930437540340278,False,1,6,False,False
q9,30.666598726604967,0.06930437540340278,False,1,6,False,False
q9,30.666598726604967,0.06930437540340278,False,1,7,False,False
q9,30.666598726604967,0.06930437540340278,False,1,7,False,False
q9,30.666598726604967,0.06930437540340278,False,1,7,False,False
q9,30.666598726604967,0.06930437540340278,False,1,7,False,False
q9,30.666598726604967,0.06930437540340278,False,1,7,False,False
q9,30.666598726604967,0.06930437540340278,False,1,7,False,False
q9,30.666598726604967,0.06930437540340278,False,1,7,False,False
q9,30.666598726604967,0.06930437540340278,False,1,7,False,False
q9,30.666598726604967,0.06930437540340278,False,1,7,False,False
q9,30.666598726604967,0.06930437540340278,False,1,7,False,False
q9,30.666598726604967,0.06930437540340278,False,1,7,False,False
q9,30.666598726604967,0.06930437540340278,False,1,7,False,False
q9,30.666598726604967,0.06930437540340278,False,1,7,False,False
q9,30.666598726604967,0.06930437540340278,False,1,7,False,False
q9,30.666598726604967,0.06930437540340278,False,1,7,False,False
q9,30.578937487554974,0.07069385636478397,False,1,7,False,False
q9,30.578937487554974,0.07069385636478397,False,1,7,False,False
q9,30.666598726604967,0.06930437540340278,False,1,7,False,False
q9,30.666598726604967,0.06930437540340278,False,1,7,False,False
q9,30.49150501542281,0.07101166740189184,False,1,7,False,False
q9,30.49150501542281,0.07101166740189184,False,1,7,False,False
q9,30.666598726604967,0.06930437540340278,False,1,7,False,False
q9,30.666598726604967,0.06930437540340278,False,1,7,False,False
q9,30.666598726604967,0.06930437540340278,False,1,7,False,False
q9,30.666598726604967,0.06930437540340278,False,1,7,False,False
q9,30.666598726604967,0.06930437540340278,False,1,7,False,False
q9,30.666598726604967,0.06930437540340278,False,1,7,False,False
q9,30.666598726604967,0.06930437540340278,False,1,7,False,False
q9,30.666598726604967,0.06930437540340278,False,1,7,False,False
q9,30.08268013784025,0.07096104823868152,False,1,6,False,False
q9,31.246570197398196,0.06885134050443892,False,1,5,False,False
q9,33.98303536240153,0.06786288337498059,False,1,6,False,False
q9,38.08773310990652,0.06736883353712445,False,1,6,False,False
q9,30.58990773108293,0.07015031983108432,False,1,7,False,False
q9,30.58990773108293,0.07015031983108432,True,1,7,False,False
q9,32.47510953833913,0.06851722666875584,False,1,7,False,False
q9,35.18787575594039,0.06812377502175877,False,1,7,False,False
q9,30.666598726604967,0.06930437540340278,False,1,7,False,False
q9,30.666598726604967,0.06930437540340278,False,1,7,False,False
q9,32.16181376781048,0.0688936357029164,False,1,7,False,False
q9,34.40463632961875,0.0686883691489462,False,1,7,False,False
q9,30.666598726604967,0.06930437540340278,False,1,7,False,False
q9,30.666598726604967,0.06930437540340278,False,1,7,False,False
q9,31.41888437723173,0.06926874297330021,False,1,7,False,False
q9,32.54731285317188,0.06925098049359295,False,1,7,False,False
q9,50.221017490447935,0.16049742883322848,False,0,6,False,False
q9,30.666598726604967,0.06930437540340278,False,1,7,False,False
q9,30.666598726604967,0.06930437540340278,False,1,7,False,False
q9,30.666598726604967,0.06930437540340278,False,1,7,False,False
q9,30.666598726604967,0.06930437540340278,False,1,7,False,False
q9,30.666598726604967,0.06930437540340278,False,1,7,False,False
q9,30.666598726604967,0.06930437540340278,False,1,7,False,False
q9,30.666598726604967,0.06930437540340278,False,1,7,False,False
q9,30.666598726604967,0.06930437540340278,False,1,7,False,False
q9,30.666598726604967,0.06930437540340278,False,1,7,False,False
q9,30.666598726604967,0.06930437540340278,False,1,7,False,False
q9,30.666598726604967,0.06930437540340278,False,1,7,False,False
q9,30.666598726604967,0.06930437540340278,True,1,7,False,False
q9,30.74606479382704,0.07402796306994074,False,1,6,False,False
q9,29.97379132218773,0.07207513775488168,True,1,6,False,False
q9,32.345420578701166,0.06957207935487886,False,1,6,False,False
q9,35.05818679630242,0.06917862770788176,False,1,6,False,False
q9,30.310845915500224,0.07055603061322832,False,1,6,False,False
q9,30.310845915500224,0.07055603061322832,False,1,6,False,False
q9,32.0167866090681,0.07004259469086994,False,1,6,False,False
q9,34.29137420049193,0.06983733029061137,False,1,6,False,False
q9,30.310845915500224,0.07055603061322832,False,1,6,False,False
q9,30.310845915500224,0.07055603061322832,False,1,6,False,False
q9,31.180557885172252,0.07051148503993249,False,1,6,False,False
q9,32.340173844734956,0.07049372480189242,False,1,6,False,False
q9,50.77749957478132,0.14752395983963365,False,0,5,False,False
q9,30.310845915500224,0.07055603061322832,False,1,6,False,False
q9,30.310845915500224,0.07055603061322832,False,1,6,False,False
q9,30.310845915500224,0.07055603061322832,False,1,6,False,False
q9,30.310845915500224,0.07055603061322832,False,1,6,False,False
q9,30.310845915500224,0.07055603061322832,False,1,6,False,False
q9,30.310845915500224,0.07055603061322832,False,1,6,False,False
q9,30.310845915500224,0.07055603061322832,False,1,6,False,False
q9,30.310845915500224,0.07055603061322832,False,1,6,False,False
q9,30.310845915500224,0.07055603061322832,False,1,6,False,False
q9,30.310845915500224,0.07055603061322832,False,1,6,False,False
q9,30.310845915500224,0.07055603061322832,False,1,6,False,False
q9,30.310845915500224,0.07055603061322832,True,1,6,False,False
q9,30.56872659229861,0.07168834560084789,False,1,6,False,False
q9,30.95235315482911,0.07035352208586432,False,1,6,False,False
q9,30.95235315482911,0.07035352208586432,False,1,6,False,False
q9,30.95235315482911,0.07035352208586432,False,1,6,False,False
q9,30.95235315482911,0.07035352208586432,False,1,6,False,False
q9,29.670571878710412,0.07289025404637964,False,1,6,False,False
q9,30.769527236389976,0.07031590901739158,False,1,5,False,False
q9,30.769527236389976,0.07031590901739158,False,1,6,False,False
q9,30.769527236389976,0.07031590901739158,False,1,6,False,False
q9,30.769527236389976,0.07031590901739158,False,1,6,False,False
q9,30.769527236389976,0.07031590901739158,False,1,6,False,False
q9,31.900916519860843,0.0761540268945576,False,1,6,False,False
q9,31.934811588385887,0.07612009071813686,False,1,6,False,False
q9,32.326427811453364,0.07287352616486024,False,1,5,False,False
q9,30.817034327088095,0.07296087983114302,False,1,6,False,False
q9,29.853257290864633,0.07225914741607878,True,1,6,False,False
q9,30.541525831791475,0.0703117533717413,True,1,5,False,False
q9,30.08268013784025,0.07096104823868152,False,1,7,False,False
q9,30.08268013784025,0.07096104823868152,False,1,7,False,False
q9,30.08268013784025,0.07096104823868152,False,1,7,False,False
q9,30.08268013784025,0.07096104823868152,False,1,7,False,False
q9,30.08268013784025,0.07096104823868152,False,1,7,False,False
q9,30.08268013784025,0.07096104823868152,False,1,7,False,False
q9,30.08268013784025,0.07096104823868152,False,1,7,False,False
q9,30.08268013784025,0.07096104823868152,False,1,7,False,False
q9,30.08268013784025,0.07096104823868152,False,1,7,False,False
q9,30.08268013784025,0.07096104823868152,False,1,7,False,False
q9,30.08268013784025,0.07096104823868152,False,1,7,False,False
q9,30.08268013784025,0.07096104823868152,False,1,7,False,False
q9,30.56011433872454,0.08652564778355369,False,1,6,False,False
q9,28.77927157756284,0.08181953858409273,False,1,6,False,False
q9,28.88258989638998,0.08020182787840975,False,1,5,False,False
q9,30.08268013784025,0.07096104823868152,False,1,6,False,False
q9,30.08268013784025,0.07096104823868152,False,1,6,False,False
q9,30.08268013784025,0.07096104823868152,False,1,6,False,False
q9,30.08268013784025,0.07096104823868152,False,1,7,False,False
q9,30.08268013784025,0.07096104823868152,False,1,7,False,False
q9,30.08268013784025,0.07096104823868152,False,1,7,False,False
q9,30.08268013784025,0.07096104823868152,False,1,7,False,False
q9,30.08268013784025,0.07096104823868152,False,1,7,False,False
q9,30.08268013784025,0.07096104823868152,False,1,7,False,False
q9,30.08268013784025,0.07096104823868152,False,1,7,False,False
q9,30.08268013784025,0.07096104823868152,False,1,7,False,False
q9,30.08268013784025,0.07096104823868152,False,1,7,False,False
q9,30.08268013784025,0.07096104823868152,False,1,7,False,False
q9,30.08268013784025,0.07096104823868152,False,1,7,False,False
q9,30.08268013784025,0.07096104823868152,False,1,7,False,False
q9,30.08268013784025,0.07096104823868152,False,1,7,False,False
q9,30.08268013784025,0.07096104823868152,False,1,7,False,False
q9,30.08268013784025,0.07096104823868152,False,1,7,False,False
q9,29.995018898790256,0.07235052920006269,False,1,7,False,False
q9,29.995018898790256,0.07235052920006269,False,1,7,False,False
q9,30.08268013784025,0.07096104823868152,False,1,7,False,False
q9,30.08268013784025,0.07096104823868152,False,1,7,False,False
q9,29.90758642665809,0.07266834023717059,False,1,7,False,False
q9,29.90758642665809,0.07266834023717059,False,1,7,False,False
q9,30.08268013784025,0.07096104823868152,False,1,7,False,False
q9,30.08268013784025,0.07096104823868152,False,1,7,False,False
q9,30.08268013784025,0.07096104823868152,False,1,7,False,False
q9,30.08268013784025,0.07096104823868152,False,1,7,False,False
q9,30.08268013784025,0.07096104823868152,False,1,7,False,False
q9,30.08268013784025,0.07096104823868152,False,1,7,False,False
q9,30.08268013784025,0.07096104823868152,False,1,7,False,False
q9,30.08268013784025,0.07096104823868152,False,1,7,False,False
q9,30.517899016167064,0.07443297804112611,False,1,7,False,False
q9,29.745625544527755,0.07248015272606706,True,1,7,False,False
q9,32.11725480104119,0.06997709698033205,False,1,7,False,False
q9,34.83002101864245,0.06958364533333496,False,1,7,False,False
q9,30.08268013784025,0.07096104823868152,False,1,7,False,False
q9,30.08268013784025,0.07096104823868152,False,1,7,False,False
q9,31.78862083140812,0.07044761231632314,False,1,7,False,False
q9,34.063208422831956,0.07024234791606457,False,1,7,False,False
q9,30.08268013784025,0.07096104823868152,False,1,7,False,False
q9,30.08268013784025,0.07096104823868152,False,1,7,False,False
q9,30.952392107512278,0.07091650266538568,False,1,7,False,False
q9,32.11200806707498,0.07089874242734562,False,1,7,False,False
q9,50.13978034765757,0.16155912054240354,False,0,6,False,False
q9,30.08268013784025,0.07096104823868152,False,1,7,False,False
q9,30.08268013784025,0.07096104823868152,False,1,7,False,False
q9,30.08268013784025,0.07096104823868152,False,1,7,False,False
q9,30.08268013784025,0.07096104823868152,False,1,7,False,False
q9,30.08268013784025,0.07096104823868152,False,1,7,False,False
q9,30.08268013784025,0.07096104823868152,False,1,7,False,False
q9,30.08268013784025,0.07096104823868152,False,1,7,False,False
q9,30.08268013784025,0.07096104823868152,False,1,7,False,False
q9,30.08268013784025,0.07096104823868152,False,1,7,False,False
q9,30.08268013784025,0.07096104823868152,False,1,7,False,False
q9,30.08268013784025,0.07096104823868152,False,1,7,False,False
q9,30.08268013784025,0.07096104823868152,True,1,7,False,False
q9,32.35111375577814,0.0816069734722525,False,1,2,False,False
q9,32.763222014907974,0.0796715543013501,False,1,2,False,False
q9,33.4500691134577,0.07902641508006017,False,1,2,False,False
q9,33.4500691134577,0.07902641508006017,False,1,2,False,False
q9,33.4500691134577,0.07902641508006017,False,1,2,False,False
q9,33.4500691134577,0.07902641508006017,False,1,2,False,False
q9,32.02928572102604,0.08488747491531247,False,1,3,False,False
q9,32.06210820413549,0.08485353873151211,False,1,3,False,False
q9,31.8163018530667,0.07968391996944442,False,1,3,False,False
q9,30.281668474220194,0.07937850325676006,False,1,3,False,False
q9,29.593399933293355,0.08132564965798705,False,1,4,False,False
q9,29.822822780268968,0.08002755048058978,False,1,4,False,False
q9,29.822822780268968,0.08002755048058978,False,1,5,False,False
q9,29.822822780268968,0.08002755048058978,False,1,5,False,False
q9,29.822822780268968,0.08002755048058978,False,1,5,False,False
q9,29.822822780268968,0.08002755048058978,False,1,5,False,False
q9,29.822822780268968,0.08002755048058978,False,1,5,False,False
q9,29.822822780268968,0.08002755048058978,False,1,5,False,False
q9,29.822822780268968,0.08002755048058978,False,1,5,False,False
q9,29.822822780268968,0.08002755048058978,False,1,5,False,False
q9,29.822822780268968,0.08002755048058978,False,1,5,False,False
q9,29.822822780268968,0.08002755048058978,False,1,5,False,False
q9,29.822822780268968,0.08002755048058978,False,1,5,False,False
q9,29.822822780268968,0.08002755048058978,False,1,5,False,False
q9,31.20589990985489,0.08679987433024462,False,1,5,False,False
q9,29.71950446144183,0.08164526118627276,False,1,5,False,False
q9,30.83446193826836,0.07078125878052277,False,1,5,False,False
q9,30.83446193826836,0.07078125878052277,False,1,5,False,False
q9,30.83446193826836,0.07078125878052277,False,1,5,False,False
q9,30.83446193826836,0.07078125878052277,False,1,5,False,False
q9,30.83446193826836,0.07078125878052277,False,1,6,False,False
q9,30.83446193826836,0.07078125878052277,False,1,6,False,False
q9,30.83446193826836,0.07078125878052277,False,1,6,False,False
q9,30.83446193826836,0.07078125878052277,False,1,6,False,False
q9,30.83446193826836,0.07078125878052277,False,1,6,False,False
q9,30.83446193826836,0.07078125878052277,False,1,6,False,False
q9,30.83446193826836,0.07078125878052277,False,1,6,False,False
q9,30.83446193826836,0.07078125878052277,False,1,6,False,False
q9,30.83446193826836,0.07078125878052277,False,1,6,False,False
q9,30.83446193826836,0.07078125878052277,False,1,6,False,False
q9,30.83446193826836,0.07078125878052277,False,1,6,False,False
q9,30.83446193826836,0.07078125878052277,False,1,6,False,False
q9,30.83446193826836,0.07078125878052277,False,1,6,False,False
q9,30.83446193826836,0.07078125878052277,False,1,6,False,False
q9,30.83446193826836,0.07078125878052277,False,1,6,False,False
q9,30.746800699218362,0.07217446829926899,False,1,6,False,False
q9,30.746800699218362,0.07217446829926899,False,1,6,False,False
q9,30.83446193826836,0.07078125878052277,False,1,6,False,False
q9,30.83446193826836,0.07078125878052277,False,1,6,False,False
q9,33.2291009879376,0.07502426018539696,False,1,6,False,False
q9,30.801229423146484,0.07419565706676365,False,1,6,False,False
q9,30.83446193826836,0.07078125878052277,False,1,6,False,False
q9,30.83446193826836,0.07078125878052277,False,1,6,False,False
q9,30.83446193826836,0.07078125878052277,False,1,6,False,False
q9,30.83446193826836,0.07078125878052277,False,1,6,False,False
q9,30.83446193826836,0.07078125878052277,False,1,6,False,False
q9,30.83446193826836,0.07078125878052277,False,1,6,False,False
q9,30.83446193826836,0.07078125878052277,False,1,6,False,False
q9,30.83446193826836,0.07078125878052277,False,1,6,False,False
q9,33.570927103271686,0.06979520871169875,False,1,6,False,False
q9,37.675624850776686,0.0693023624607269,False,1,6,False,False
q9,30.105790757037227,0.07636119658358775,False,1,7,False,False
q9,29.333517285397917,0.0744083712685287,False,1,7,False,False
q9,31.70514654191135,0.07190929647682834,False,1,7,False,False
q9,34.41791275951261,0.07151704218815899,False,1,7,False,False
q9,28.982561886721896,0.0755302310718268,False,1,8,False,False
q9,28.982561886721896,0.0755302310718268,False,1,8,False,False
q9,31.71290304068447,0.0736916600741158,False,1,8,False,False
q9,34.43220104672625,0.07348702563633719,False,1,8,False,False
q9,28.483736658509866,0.07563724099660717,False,1,9,False,False
q9,28.483736658509866,0.07563724099660717,False,1,9,False,False
q9,30.37927252571559,0.07546788755245155,False,1,9,False,False
q9,31.975513255994095,0.07545016058369408,False,1,9,False,False
q9,48.80591233887203,0.16411741737971441,False,0,9,False,False
q9,28.483736658509866,0.07563724099660717,False,1,10,False,False
q9,28.483736658509866,0.07563724099660717,False,1,10,False,False
q9,28.483736658509866,0.07563724099660717,False,1,10,False,False
q9,28.483736658509866,0.07563724099660717,False,1,10,False,False
q9,28.483736658509866,0.07563724099660717,False,1,10,False,False
q9,28.483736658509866,0.07563724099660717,False,1,10,False,False
q9,28.483736658509866,0.07563724099660717,False,1,10,False,False
q9,28.483736658509866,0.07563724099660717,False,1,10,False,False
q9,28.483736658509866,0.07563724099660717,False,1,10,False,False
q9,28.483736658509866,0.07563724099660717,False,1,10,False,False
q9,28.483736658509866,0.07563724099660717,False,1,10,False,False
q9,28.483736658509866,0.07563724099660717,False,1,10,False,False
q9,28.821642565761078,0.07636453424176941,False,1,9,False,False
q9,28.785972709773414,0.07523222609320243,False,1,8,False,False
q9,29.464515085904086,0.0750297189268412,False,1,9,False,False
q9,29.464515085904086,0.0750297189268412,False,1,9,False,False
q9,29.464515085904086,0.0750297189268412,False,1,9,False,False
q9,29.464515085904086,0.0750297189268412,False,1,9,False,False
q9,28.895844917639703,0.07370902245414553,True,1,9,True,False
q9,29.58269201618943,0.07306628344216431,False,1,8,False,False
q9,29.58269201618943,0.07306628344216431,False,1,9,False,False
q9,29.58269201618943,0.07306628344216431,False,1,9,False,False
q9,29.58269201618943,0.07306628344216431,False,1,9,False,False
q9,29.58269201618943,0.07306628344216431,False,1,9,False,False
q9,30.15297641115463,0.08063335703815026,False,1,9,False,False
q9,30.186871479679674,0.0805994208617222,False,1,9,False,False
q9,30.57848770274715,0.07735285630853515,False,1,8,False,False
q9,29.21809084775771,0.07763704925505102,False,1,9,False,False
q9,28.25431381153425,0.07693780998776133,False,1,9,False,False
q9,28.94258235246109,0.07498695886443046,False,1,8,False,False
q9,28.483736658509866,0.07563724099660717,False,1,10,False,False
q9,28.483736658509866,0.07563724099660717,False,1,10,False,False
q9,28.483736658509866,0.07563724099660717,False,1,10,False,False
q9,28.483736658509866,0.07563724099660717,False,1,10,False,False
q9,28.483736658509866,0.07563724099660717,False,1,10,False,False
q9,28.483736658509866,0.07563724099660717,False,1,10,False,False
q9,28.483736658509866,0.07563724099660717,False,1,10,False,False
q9,28.483736658509866,0.07563724099660717,False,1,10,False,False
q9,28.483736658509866,0.07563724099660717,False,1,10,False,False
q9,28.483736658509866,0.07563724099660717,False,1,10,False,False
q9,28.483736658509866,0.07563724099660717,False,1,10,False,False
q9,28.483736658509866,0.07563724099660717,False,1,10,False,False
q9,28.856212642641722,0.09082032115224722,False,1,9,False,False
q9,27.180328098232458,0.08650862165963356,False,1,9,False,False
q9,27.283646417059597,0.08489091095354427,False,1,8,False,False
q9,28.483736658509866,0.07563724099660717,False,1,9,False,False
q9,28.483736658509866,0.07563724099660717,False,1,9,False,False
q9,28.483736658509866,0.07563724099660717,False,1,9,False,False
q9,28.483736658509866,0.07563724099660717,False,1,10,False,False
q9,28.483736658509866,0.07563724099660717,False,1,10,False,False
q9,28.483736658509866,0.07563724099660717,False,1,10,False,False
q9,28.483736658509866,0.07563724099660717,False,1,10,False,False
q9,28.483736658509866,0.07563724099660717,False,1,10,False,False
q9,28.483736658509866,0.07563724099660717,False,1,10,False,False
q9,28.483736658509866,0.07563724099660717,False,1,10,False,False
q9,28.483736658509866,0.07563724099660717,False,1,10,False,False
q9,28.483736658509866,0.07563724099660717,False,1,10,False,False
q9,28.483736658509866,0.07563724099660717,False,1,10,False,False
q9,28.483736658509866,0.07563724099660717,False,1,10,False,False
q9,28.483736658509866,0.07563724099660717,False,1,10,False,False
q9,28.483736658509866,0.07563724099660717,False,1,10,False,False
q9,28.483736658509866,0.07563724099660717,False,1,10,False,False
q9,28.483736658509866,0.07563724099660717,False,1,10,False,False
q9,28.39607541945987,0.07703045051535337,False,1,10,False,False
q9,28.39607541945987,0.07703045051535337,False,1,10,False,False
q9,28.483736658509866,0.07563724099660717,False,1,10,False,False
q9,28.483736658509866,0.07563724099660717,False,1,10,False,False
q9,31.032169046202974,0.07974977174502304,False,1,10,False,False
q9,28.45050414338799,0.07905163928284804,False,1,10,False,False
q9,28.483736658509866,0.07563724099660717,False,1,10,False,False
q9,28.483736658509866,0.07563724099660717,False,1,10,False,False
q9,28.483736658509866,0.07563724099660717,False,1,10,False,False
q9,28.483736658509866,0.07563724099660717,False,1,10,False,False
q9,28.483736658509866,0.07563724099660717,False,1,10,False,False
q9,28.483736658509866,0.07563724099660717,False,1,10,False,False
q9,28.483736658509866,0.07563724099660717,False,1,10,False,False
q9,28.483736658509866,0.07563724099660717,False,1,10,False,False
q9,29.12417121014127,0.07300016195846702,True,1,9,False,False
q9,30.83446193826836,0.07078125878052277,False,1,8,False,False
q9,33.570927103271686,0.06979520871169875,False,1,9,False,False
q9,37.675624850776686,0.0693023624607269,False,1,9,False,False
q9,28.068885441722436,0.08015025219164057,False,1,9,False,False
q9,29.670571878710412,0.07289025404637964,True,1,8,False,False
q9,31.70514654191135,0.07190929647682834,False,1,9,False,False
q9,34.41791275951261,0.07151704218815899,False,1,9,False,False
q9,28.483736658509866,0.07563724099660717,True,1,9,False,False
q9,29.333517285397917,0.0744083712685287,False,1,8,False,False
q9,31.71290304068447,0.0736916600741158,False,1,9,False,False
q9,34.43220104672625,0.07348702563633719,False,1,9,False,False
q9,29.593399933293355,0.08132564965798705,False,1,5,False,False
q9,29.593399933293355,0.08132564965798705,False,1,5,False,False
q9,29.593399933293355,0.08132564965798705,False,1,5,False,False
q9,29.593399933293355,0.08132564965798705,False,1,5,False,False
q9,29.593399933293355,0.08132564965798705,False,1,5,False,False
q9,29.593399933293355,0.08132564965798705,False,1,5,False,False
q9,29.593399933293355,0.08132564965798705,False,1,5,False,False
q9,29.593399933293355,0.08132564965798705,False,1,5,False,False
q9,29.593399933293355,0.08132564965798705,False,1,5,False,False
q9,29.593399933293355,0.08132564965798705,False,1,5,False,False
q9,29.593399933293355,0.08132564965798705,False,1,5,False,False
q9,29.593399933293355,0.08132564965798705,False,1,5,False,False
q9,30.97647706287928,0.08809797350764191,False,1,5,False,False
q9,29.490081614466217,0.08294336036367003,False,1,5,False,False
q9,30.605039091292742,0.07208182777167693,False,1,5,False,False
q9,30.605039091292742,0.07208182777167693,False,1,5,False,False
q9,30.605039091292742,0.07208182777167693,False,1,5,False,False
q9,30.605039091292742,0.07208182777167693,False,1,5,False,False
q9,29.593399933293355,0.08132564965798705,False,1,5,False,False
q9,29.593399933293355,0.08132564965798705,False,1,5,False,False
q9,30.235967643104313,0.0728906797078098,False,1,5,False,False
q9,30.235967643104313,0.0728906797078098,False,1,6,False,False
q9,30.235967643104313,0.0728906797078098,False,1,6,False,False
q9,30.235967643104313,0.0728906797078098,False,1,6,False,False
q9,30.235967643104313,0.0728906797078098,False,1,6,False,False
q9,30.235967643104313,0.0728906797078098,False,1,6,False,False
q9,30.235967643104313,0.0728906797078098,False,1,6,False,False
q9,30.235967643104313,0.0728906797078098,False,1,6,False,False
q9,30.235967643104313,0.0728906797078098,False,1,6,False,False
q9,30.235967643104313,0.0728906797078098,False,1,6,False,False
q9,30.235967643104313,0.0728906797078098,False,1,6,False,False
q9,30.235967643104313,0.0728906797078098,False,1,6,False,False
q9,30.235967643104313,0.0728906797078098,False,1,6,False,False
q9,30.446145806001443,0.07707032075627444,False,1,6,False,False
q9,30.14830640405432,0.07428319174880126,False,1,6,False,False
q9,30.235967643104313,0.0728906797078098,False,1,6,False,False
q9,30.235967643104313,0.0728906797078098,False,1,6,False,False
q9,32.63095467634408,0.07713368111268397,False,1,6,False,False
q9,30.202735127982443,0.07630507799405067,False,1,6,False,False
q9,30.235967643104313,0.0728906797078098,False,1,6,False,False
q9,30.235967643104313,0.0728906797078098,False,1,6,False,False
q9,30.235967643104313,0.0728906797078098,False,1,6,False,False
q9,30.235967643104313,0.0728906797078098,False,1,6,False,False
q9,30.235967643104313,0.0728906797078098,False,1,6,False,False
q9,30.235967643104313,0.0728906797078098,False,1,6,False,False
q9,30.235967643104313,0.0728906797078098,False,1,6,False,False
q9,30.235967643104313,0.0728906797078098,False,1,6,False,False
q9,29.072077583546367,0.07499967497366665,False,1,6,False,False
q9,29.655996172311085,0.07334368760836021,False,1,6,False,False
q9,32.97243280810764,0.07190462963898578,False,1,6,False,False
q9,37.07713055561264,0.07141120382010563,False,1,6,False,False
q9,29.50729646187318,0.0784706175108748,False,1,7,False,False
q9,28.735022990233873,0.07651779219581574,False,1,7,False,False
q9,31.106652246747306,0.07401871740411536,False,1,7,False,False
q9,33.819418464348566,0.07362601561631613,False,1,7,False,False
q9,28.38406759155785,0.07763965199911382,False,1,8,False,False
q9,28.38406759155785,0.07763965199911382,False,1,8,False,False
q9,31.114408745520425,0.07580108100140281,False,1,8,False,False
q9,33.833706751562204,0.07559644656362421,False,1,8,False,False
q9,27.88524236334582,0.0777466619238942,False,1,9,False,False
q9,27.88524236334582,0.0777466619238942,False,1,9,False,False
q9,29.780778230551544,0.07757730847973858,False,1,9,False,False
q9,31.37701896083005,0.07755958151098112,False,1,9,False,False
q9,48.4368408906836,0.16492620163819524,False,0,9,False,False
q9,27.88524236334582,0.0777466619238942,False,1,10,False,False
q9,27.88524236334582,0.0777466619238942,False,1,10,False,False
q9,27.88524236334582,0.0777466619238942,False,1,10,False,False
q9,27.88524236334582,0.0777466619238942,False,1,10,False,False
q9,27.88524236334582,0.0777466619238942,False,1,10,False,False
q9,27.88524236334582,0.0777466619238942,False,1,10,False,False
q9,27.88524236334582,0.0777466619238942,False,1,10,False,False
q9,27.88524236334582,0.0777466619238942,False,1,10,False,False
q9,27.88524236334582,0.0777466619238942,False,1,10,False,False
q9,27.88524236334582,0.0777466619238942,False,1,10,False,False
q9,27.88524236334582,0.0777466619238942,False,1,10,False,False
q9,27.88524236334582,0.0777466619238942,False,1,10,False,False
q9,28.22314827059704,0.07847395516905645,False,1,9,False,False
q9,28.18747841460937,0.07734164702048946,False,1,8,False,False
q9,28.86602079074005,0.07713913985412822,False,1,9,False,False
q9,28.86602079074005,0.07713913985412822,False,1,9,False,False
q9,28.86602079074005,0.07713913985412822,False,1,9,False,False
q9,28.86602079074005,0.07713913985412822,False,1,9,False,False
q9,28.29735062247566,0.07581844338143257,True,1,9,False,False
q9,28.984197721025385,0.07517570436945134,False,1,8,False,False
q9,28.984197721025385,0.07517570436945134,False,1,9,False,False
q9,28.984197721025385,0.07517570436945134,False,1,9,False,False
q9,28.984197721025385,0.07517570436945134,False,1,9,False,False
q9,28.984197721025385,0.07517570436945134,False,1,9,False,False
q9,29.100427670378185,0.08548260921165102,False,1,9,False,False
q9,29.134623379283152,0.08544867303729078,False,1,9,False,False
q9,29.55500086536328,0.08220210868192662,False,1,8,False,False
q9,29.543462556053314,0.07975378372556938,False,1,9,False,False
q9,28.114665210321434,0.07644609293274003,True,1,9,False,False
q9,28.57351090427266,0.07579581080056333,False,1,8,False,False
q9,27.88524236334582,0.0777466619238942,False,1,10,False,False
q9,27.88524236334582,0.0777466619238942,False,1,10,False,False
q9,27.88524236334582,0.0777466619238942,False,1,10,False,False
q9,27.88524236334582,0.0777466619238942,False,1,10,False,False
q9,27.88524236334582,0.0777466619238942,False,1,10,False,False
q9,27.88524236334582,0.0777466619238942,False,1,10,False,False
q9,27.88524236334582,0.0777466619238942,False,1,10,False,False
q9,27.88524236334582,0.0777466619238942,False,1,10,False,False
q9,27.88524236334582,0.0777466619238942,False,1,10,False,False
q9,27.88524236334582,0.0777466619238942,False,1,10,False,False
q9,27.88524236334582,0.0777466619238942,False,1,10,False,False
q9,27.88524236334582,0.0777466619238942,False,1,10,False,False
q9,30.648670797298216,0.08452057819080067,False,1,10,False,False
q9,27.944358855052833,0.0793643757963343,False,1,10,False,False
q9,28.25431381153425,0.07693780998776133,False,1,10,False,False
q9,28.25431381153425,0.07693780998776133,False,1,10,False,False
q9,28.25431381153425,0.07693780998776133,False,1,10,False,False
q9,28.25431381153425,0.07693780998776133,False,1,10,False,False
q9,27.054223570083984,0.08619071578390192,False,1,9,False,False
q9,27.054223570083984,0.08619071578390192,False,1,9,False,False
q9,27.054223570083984,0.08619071578390192,False,1,8,False,False
q9,27.88524236334582,0.0777466619238942,False,1,10,False,False
q9,27.88524236334582,0.0777466619238942,False,1,10,False,False
q9,27.88524236334582,0.0777466619238942,False,1,10,False,False
q9,27.88524236334582,0.0777466619238942,False,1,10,False,False
q9,27.88524236334582,0.0777466619238942,False,1,10,False,False
q9,27.88524236334582,0.0777466619238942,False,1,10,False,False
q9,27.88524236334582,0.0777466619238942,False,1,10,False,False
q9,27.88524236334582,0.0777466619238942,False,1,10,False,False
q9,27.88524236334582,0.0777466619238942,False,1,10,False,False
q9,27.88524236334582,0.0777466619238942,False,1,10,False,False
q9,27.88524236334582,0.0777466619238942,False,1,10,False,False
q9,27.88524236334582,0.0777466619238942,False,1,10,False,False
q9,28.09542052624295,0.08192724346221776,False,1,10,False,False
q9,27.797581124295828,0.0791398714426404,True,1,10,False,False
q9,27.88524236334582,0.0777466619238942,False,1,10,False,False
q9,27.88524236334582,0.0777466619238942,False,1,10,False,False
q9,30.434022734609457,0.08185919267231007,False,1,10,False,False
q9,27.85200984822395,0.08116106021013507,False,1,10,False,False
q9,27.88524236334582,0.0777466619238942,False,1,10,False,False
q9,27.88524236334582,0.0777466619238942,False,1,10,False,False
q9,27.88524236334582,0.0777466619238942,False,1,10,False,False
q9,27.88524236334582,0.0777466619238942,False,1,10,False,False
q9,27.88524236334582,0.0777466619238942,False,1,10,False,False
q9,27.88524236334582,0.0777466619238942,False,1,10,False,False
q9,27.88524236334582,0.0777466619238942,False,1,10,False,False
q9,27.88524236334582,0.0777466619238942,False,1,10,False,False
q9,28.525676914977225,0.07510958288575405,True,1,9,False,False
q9,30.235967643104313,0.0728906797078098,False,1,8,False,False
q9,32.97243280810764,0.07190462963898578,False,1,9,False,False
q9,37.07713055561264,0.07141120382010563,False,1,9,False,False
q9,27.47039114655839,0.0822596731189276,False,1,9,False,False
q9,29.072077583546367,0.07499967497366665,False,1,8,False,False
q9,31.106652246747306,0.07401871740411536,False,1,9,False,False
q9,33.819418464348566,0.07362601561631613,False,1,9,False,False
q9,27.88524236334582,0.0777466619238942,True,1,9,False,False
q9,28.735022990233873,0.07651779219581574,False,1,8,False,False
q9,31.114408745520425,0.07580108100140281,False,1,9,False,False
q9,33.833706751562204,0.07559644656362421,False,1,9,False,False
q9,28.921593950549973,0.09649282224096313,False,1,6,False,False
q9,28.921593950549973,0.09649282224096313,False,1,6,False,False
q9,30.295084134811326,0.07450839358024991,False,1,6,False,False
q9,29.490081614466217,0.08294336036367003,False,1,6,False,False
q9,29.490081614466217,0.08294336036367003,False,1,6,False,False
q9,29.490081614466217,0.08294336036367003,False,1,6,False,False
q9,29.490081614466217,0.08294336036367003,False,1,6,False,False
q9,29.490081614466217,0.08294336036367003,False,1,6,False,False
q9,29.490081614466217,0.08294336036367003,False,1,6,False,False
q9,29.490081614466217,0.08294336036367003,False,1,6,False,False
q9,29.490081614466217,0.08294336036367003,False,1,6,False,False
q9,29.490081614466217,0.08294336036367003,False,1,6,False,False
q9,29.490081614466217,0.08294336036367003,False,1,6,False,False
q9,29.490081614466217,0.08294336036367003,False,1,6,False,False
q9,29.490081614466217,0.08294336036367003,False,1,6,False,False
q9,29.700259777363343,0.08713252160012273,False,1,6,False,False
q9,29.40242037541622,0.08433284132505121,False,1,6,False,False
q9,28.740166989501695,0.08527251391654765,False,1,7,False,False
q9,28.740166989501695,0.08527251391654765,False,1,7,False,False
q9,33.34276279497079,0.07342316295071584,False,1,7,False,False
q9,32.649586295746026,0.09696684280489426,False,1,8,False,False
q9,31.2831017194145,0.09081811911846342,False,1,8,False,False
q9,31.52156598370585,0.07479951508876026,False,1,8,False,False
q9,28.740166989501695,0.08527251391654765,False,1,8,False,False
q9,28.740166989501695,0.08527251391654765,False,1,8,False,False
q9,30.96984578081702,0.07559618840283452,False,1,8,False,False
q9,28.740166989501695,0.08527251391654765,False,1,8,False,False
q9,28.740166989501695,0.08527251391654765,False,1,8,False,False
q9,29.768637843643756,0.07592069093931325,False,1,8,False,False
q9,28.740166989501695,0.08527251391654765,False,1,8,False,False
q9,28.740166989501695,0.08527251391654765,False,1,8,False,False
q9,29.32105600305697,0.07642396307221427,False,1,8,False,False
q9,28.740166989501695,0.08527251391654765,False,1,8,False,False
q9,28.740166989501695,0.08527251391654765,False,1,8,False,False
q9,27.38782584649287,0.08738221048527002,False,1,8,False,False
q9,28.062291717222465,0.0856752032754195,False,1,8,False,False
q9,31.66309954234063,0.08428406783507773,False,1,8,False,False
q9,36.04749837159904,0.08379003456920421,False,1,8,False,False
q9,27.823044724819685,0.0908633731121567,False,1,9,False,False
q9,27.050771253180375,0.08890510956783565,False,1,9,False,False
q9,29.42240050969381,0.08639825922692056,False,1,9,False,False
q9,32.135166727295065,0.08600480757992349,False,1,9,False,False
q9,26.699815854504354,0.0900305572423802,False,1,10,False,False
q9,26.699815854504354,0.0900305572423802,False,1,10,False,False
q9,29.43015700846693,0.08818629816733016,False,1,10,False,False
q9,32.14945501450871,0.08798106391903439,False,1,10,False,False
q9,26.200990626292324,0.09013758004246251,False,1,11,False,False
q9,26.200990626292324,0.09013758004246251,False,1,11,False,False
q9,28.096526493498047,0.08996820640236969,False,1,11,False,False
q9,29.69276722377655,0.08995047754767048,False,1,11,False,False
q9,46.81855743550851,0.21507251621696263,False,0,11,False,False
q9,26.200990626292324,0.09013758004246251,False,1,12,False,False
q9,26.200990626292324,0.09013758004246251,False,1,12,False,False
q9,26.200990626292324,0.09013758004246251,False,1,12,False,False
q9,26.200990626292324,0.09013758004246251,False,1,12,False,False
q9,26.200990626292324,0.09013758004246251,False,1,12,False,False
q9,26.200990626292324,0.09013758004246251,False,1,12,False,False
q9,26.200990626292324,0.09013758004246251,False,1,12,False,False
q9,26.200990626292324,0.09013758004246251,False,1,12,False,False
q9,26.200990626292324,0.09013758004246251,False,1,12,False,False
q9,26.200990626292324,0.09013758004246251,False,1,12,False,False
q9,26.200990626292324,0.09013758004246251,False,1,12,False,False
q9,26.200990626292324,0.09013758004246251,False,1,12,False,False
q9,26.538896533543543,0.09086487726904635,False,1,11,False,False
q9,26.503226677555876,0.08973256248480058,False,1,10,False,False
q9,27.18176905368655,0.08953005399133222,False,1,11,False,False
q9,27.18176905368655,0.08953005399133222,False,1,11,False,False
q9,27.18176905368655,0.08953005399133222,False,1,11,False,False
q9,27.18176905368655,0.08953005399133222,False,1,11,False,False
q9,26.61309888542216,0.0882021608715601,False,1,11,False,False
q9,27.29994598397189,0.08755702165027018,False,1,10,False,False
q9,27.29994598397189,0.08755702165027018,False,1,11,False,False
q9,27.29994598397189,0.08755702165027018,False,1,11,False,False
q9,27.29994598397189,0.08755702165027018,False,1,11,False,False
q9,27.29994598397189,0.08755702165027018,False,1,11,False,False
q9,27.572498256111654,0.10464554887425159,False,1,11,False,False
q9,27.60669166367312,0.10461161269989933,False,1,11,False,False
q9,28.027022270533617,0.10136504834450624,False,1,10,False,False
q9,27.026139065360535,0.09421680553349608,False,1,11,False,False
q9,26.430413473267937,0.08883884853402198,False,1,11,False,False
q9,27.639173792183684,0.08585833952745685,False,1,10,False,False
q9,26.200990626292324,0.09013758004246251,False,1,12,False,False
q9,26.200990626292324,0.09013758004246251,False,1,12,False,False
q9,26.200990626292324,0.09013758004246251,False,1,12,False,False
q9,26.200990626292324,0.09013758004246251,False,1,12,False,False
q9,26.200990626292324,0.09013758004246251,False,1,12,False,False
q9,26.200990626292324,0.09013758004246251,False,1,12,False,False
q9,26.200990626292324,0.09013758004246251,False,1,12,False,False
q9,26.200990626292324,0.09013758004246251,False,1,12,False,False
q9,26.200990626292324,0.09013758004246251,False,1,12,False,False
q9,26.200990626292324,0.09013758004246251,False,1,12,False,False
q9,26.200990626292324,0.09013758004246251,False,1,12,False,False
q9,26.200990626292324,0.09013758004246251,False,1,12,False,False
q9,27.87687517070159,0.09445004639227497,False,1,11,False,False
q9,26.304308945119462,0.08851986933677954,False,1,10,False,False
q9,27.50439918656973,0.07926803686214975,False,1,11,False,False
q9,27.50439918656973,0.07926803686214975,False,1,11,False,False
q9,27.50439918656973,0.07926803686214975,False,1,11,False,False
q9,27.50439918656973,0.07926803686214975,False,1,11,False,False
q9,25.63250296237608,0.10368704191975561,False,1,12,False,False
q9,25.63250296237608,0.10368704191975561,False,1,12,False,False
q9,27.194444230088312,0.08169460267072272,True,1,12,False,False
q9,26.200990626292324,0.09013758004246251,False,1,12,False,False
q9,26.200990626292324,0.09013758004246251,False,1,12,False,False
q9,26.200990626292324,0.09013758004246251,False,1,12,False,False
q9,26.200990626292324,0.09013758004246251,False,1,12,False,False
q9,26.200990626292324,0.09013758004246251,False,1,12,False,False
q9,26.200990626292324,0.09013758004246251,False,1,12,False,False
q9,26.200990626292324,0.09013758004246251,False,1,12,False,False
q9,26.200990626292324,0.09013758004246251,False,1,12,False,False
q9,26.200990626292324,0.09013758004246251,False,1,12,False,False
q9,26.200990626292324,0.09013758004246251,False,1,12,False,False
q9,26.200990626292324,0.09013758004246251,False,1,12,False,False
q9,26.200990626292324,0.09013758004246251,True,1,12,False,False
q9,25.826033313810065,0.09479592047704961,False,1,11,False,False
q9,26.950905251256845,0.08780842648958491,False,1,10,False,False
q9,26.2710500139247,0.09291739310876981,False,1,11,False,False
q9,27.16108341415397,0.09198883169925236,False,1,10,False,False
q9,33.26579126302865,0.12191237040572447,False,1,12,False,False
q9,28.423277313846235,0.10039183531810225,False,1,12,False,False
q9,30.752499213500677,0.08278010162074542,False,1,12,False,False
q9,25.826033313810065,0.09479592047704961,False,1,12,False,False
q9,25.826033313810065,0.09479592047704961,False,1,12,False,False
q9,28.229793746809698,0.08511265767367794,False,1,12,False,False
q9,25.826033313810065,0.09479592047704961,False,1,12,False,False
q9,25.826033313810065,0.09479592047704961,False,1,12,False,False
q9,27.042955251403004,0.08543716021015667,True,1,12,False,False
q9,25.826033313810065,0.09479592047704961,False,1,12,False,False
q9,25.826033313810065,0.09479592047704961,False,1,12,False,False
q9,26.59537341081622,0.08594043234305769,True,1,12,False,False
q9,25.826033313810065,0.09479592047704961,False,1,12,False,False
q9,25.826033313810065,0.09479592047704961,False,1,12,False,False
q9,26.622796700985806,0.09191627965272135,False,1,11,False,False
q9,28.365209677019436,0.08993085435113472,False,1,10,False,False
q9,31.28302352181102,0.08894240826966483,False,1,11,False,False
q9,35.65870484218242,0.08844837500379131,False,1,11,False,False
q9,25.411182097022635,0.09931291577496854,False,1,11,False,False
q9,27.01286853401061,0.09204055091985712,False,1,10,False,False
q9,29.04744319721155,0.09105659966150766,False,1,11,False,False
q9,31.760209414812806,0.09066314801451059,False,1,11,False,False
q9,25.938758924187503,0.09695750630226878,False,1,11,False,False
q9,27.448087412337426,0.09552254527669149,False,1,10,False,False
q9,30.03550767773729,0.09500916911983079,False,1,11,False,False
q9,33.48540136493712,0.09480398440690246,False,1,11,False,False
q9,25.764983397772227,0.09910777044451254,False,1,11,False,False
q9,26.77716277122105,0.09898295630639402,False,1,10,False,False
q9,28.512327411419037,0.09893847797676932,False,1,11,False,False
q9,30.828410728141968,0.09892080235656968,False,1,11,False,False
q9,46.356833894005824,0.2194023931223093,False,0,11,False,False
q9,25.411182097022635,0.09931291577496854,False,1,12,False,False
q9,25.411182097022635,0.09931291577496854,False,1,12,False,False
q9,25.411182097022635,0.09931291577496854,False,1,12,False,False
q9,25.411182097022635,0.09931291577496854,False,1,12,False,False
q9,25.411182097022635,0.09931291577496854,False,1,12,False,False
q9,25.411182097022635,0.09931291577496854,False,1,12,False,False
q9,25.411182097022635,0.09931291577496854,False,1,12,False,False
q9,25.411182097022635,0.09931291577496854,False,1,12,False,False
q9,25.411182097022635,0.09931291577496854,False,1,12,False,False
q9,25.411182097022635,0.09931291577496854,False,1,12,False,False
q9,25.411182097022635,0.09931291577496854,False,1,12,False,False
q9,25.411182097022635,0.09931291577496854,False,1,12,False,False
q9,25.749088004273855,0.10004020902013078,False,1,11,False,False
q9,25.713418148286188,0.09890790087156379,False,1,10,False,False
q9,26.391960524416863,0.09870539370520257,False,1,11,False,False
q9,26.391960524416863,0.09870539370520257,False,1,11,False,False
q9,26.391960524416863,0.09870539370520257,False,1,11,False,False
q9,26.391960524416863,0.09870539370520257,False,1,11,False,False
q9,25.823290356152473,0.0973846972325069,False,1,11,False,False
q9,26.510137454702203,0.0967419582205257,False,1,10,False,False
q9,26.510137454702203,0.0967419582205257,False,1,11,False,False
q9,26.510137454702203,0.0967419582205257,False,1,11,False,False
q9,26.510137454702203,0.0967419582205257,False,1,11,False,False
q9,26.510137454702203,0.0967419582205257,False,1,11,False,False
q9,27.715514051459838,0.10901668898962305,False,1,11,False,False
q9,27.749707459021305,0.10898275281527077,False,1,11,False,False
q9,28.1700380658818,0.1057361884598777,False,1,10,False,False
q9,27.31514887496534,0.10966991451834238,False,1,11,False,False
q9,26.015562256480507,0.09335185972905535,True,1,11,False,False
q9,27.224322575396254,0.09037135072249025,False,1,10,False,False
q9,25.411182097022635,0.09931291577496854,False,1,12,False,False
q9,25.411182097022635,0.09931291577496854,False,1,12,False,False
q9,25.411182097022635,0.09931291577496854,False,1,12,False,False
q9,25.411182097022635,0.09931291577496854,False,1,12,False,False
q9,25.411182097022635,0.09931291577496854,False,1,12,False,False
q9,25.411182097022635,0.09931291577496854,False,1,12,False,False
q9,25.411182097022635,0.09931291577496854,False,1,12,False,False
q9,25.411182097022635,0.09931291577496854,False,1,12,False,False
q9,25.411182097022635,0.09931291577496854,False,1,12,False,False
q9,25.411182097022635,0.09931291577496854,False,1,12,False,False
q9,25.411182097022635,0.09931291577496854,False,1,12,False,False
q9,25.411182097022635,0.09931291577496854,False,1,12,False,False
q9,27.017495319361966,0.10323217234922412,False,1,11,False,False
q9,25.514500415849774,0.09769520506887926,False,1,10,False,False
q9,26.714590657300043,0.08844153511194217,False,1,11,False,False
q9,26.714590657300043,0.08844153511194217,False,1,11,False,False
q9,26.714590657300043,0.08844153511194217,False,1,11,False,False
q9,26.714590657300043,0.08844153511194217,False,1,11,False,False
q9,24.84269443310639,0.11286237765449722,False,1,12,False,False
q9,24.84269443310639,0.11286237765449722,False,1,12,False,False
q9,26.404635700818623,0.09086810092051514,False,1,12,False,False
q9,25.411182097022635,0.09931291577496854,False,1,12,False,False
q9,25.411182097022635,0.09931291577496854,False,1,12,False,False
q9,25.411182097022635,0.09931291577496854,False,1,12,False,False
q9,25.411182097022635,0.09931291577496854,False,1,12,False,False
q9,25.411182097022635,0.09931291577496854,False,1,12,False,False
q9,25.411182097022635,0.09931291577496854,False,1,12,False,False
q9,25.411182097022635,0.09931291577496854,False,1,12,False,False
q9,25.411182097022635,0.09931291577496854,False,1,12,False,False
q9,25.411182097022635,0.09931291577496854,False,1,12,False,False
q9,25.411182097022635,0.09931291577496854,False,1,12,False,False
q9,25.411182097022635,0.09931291577496854,False,1,12,False,False
q9,25.411182097022635,0.09931291577496854,False,1,12,False,False
q9,25.786139409504894,0.09465242872020951,True,1,11,False,False
q9,26.536054034469416,0.0923222018458211,False,1,10,False,False
q9,25.85619879713727,0.09744333003555201,False,1,11,False,False
q9,26.746232197366542,0.09650366458843739,False,1,10,False,False
q9,32.842544683317854,0.12662160009021592,False,1,12,False,False
q9,28.000030734135436,0.10510106500259371,False,1,12,False,False
q9,30.075304685963403,0.09053660245301542,False,1,12,False,False
q9,25.411182097022635,0.09931291577496854,False,1,12,False,False
q9,25.411182097022635,0.09931291577496854,False,1,12,False,False
q9,27.8151760940335,0.08962566886871134,False,1,12,False,False
q9,25.411182097022635,0.09931291577496854,False,1,12,False,False
q9,25.411182097022635,0.09931291577496854,False,1,12,False,False
q9,26.628104034615575,0.08995017140519007,False,1,12,False,False
q9,25.411182097022635,0.09931291577496854,False,1,12,False,False
q9,25.411182097022635,0.09931291577496854,False,1,12,False,False
q9,26.18052219402879,0.0904534435380911,True,1,12,False,False
q9,25.411182097022635,0.09931291577496854,False,1,12,False,False
q9,25.411182097022635,0.09931291577496854,True,1,12,False,False
q9,26.622796700985806,0.09191627965272135,False,1,11,False,False
q9,28.365209677019436,0.08993085435113472,False,1,10,False,False
q9,31.28302352181102,0.08894240826966483,False,1,11,False,False
q9,35.65870484218242,0.08844837500379131,False,1,11,False,False
q9,28.921593950549973,0.09649282224096313,False,1,7,False,False
q9,28.921593950549973,0.09649282224096313,False,1,7,False,False
q9,28.921593950549973,0.09649282224096313,False,1,7,False,False
q9,28.921593950549973,0.09649282224096313,False,1,7,False,False
q9,28.921593950549973,0.09649282224096313,False,1,7,False,False
q9,28.921593950549973,0.09649282224096313,False,1,7,False,False
q9,28.921593950549973,0.09649282224096313,False,1,7,False,False
q9,28.921593950549973,0.09649282224096313,False,1,7,False,False
q9,28.921593950549973,0.09649282224096313,False,1,7,False,False
q9,28.921593950549973,0.09649282224096313,False,1,7,False,False
q9,28.921593950549973,0.09649282224096313,False,1,7,False,False
q9,28.921593950549973,0.09649282224096313,False,1,7,False,False
q9,29.1317721134471,0.10068198347522565,False,1,7,False,False
q9,28.833932711499976,0.0978823032023443,False,1,7,False,False
q9,28.17167932558545,0.09882197579384074,False,1,8,False,False
q9,28.17167932558545,0.09882197579384074,False,1,8,False,False
q9,32.774275131054544,0.08697262482800892,False,1,8,False,False
q9,32.08109863182978,0.11051630468218736,False,1,9,False,False
q9,30.714614055498256,0.10436758099575652,False,1,9,False,False
q9,30.953078319789608,0.08834897696828894,False,1,9,False,False
q9,28.17167932558545,0.09882197579384074,False,1,9,False,False
q9,28.17167932558545,0.09882197579384074,False,1,9,False,False
q9,30.401358116900777,0.08914565028236321,False,1,9,False,False
q9,28.17167932558545,0.09882197579384074,False,1,9,False,False
q9,28.17167932558545,0.09882197579384074,False,1,9,False,False
q9,29.200150179727512,0.08947015281884192,False,1,9,False,False
q9,28.17167932558545,0.09882197579384074,False,1,9,False,False
q9,28.17167932558545,0.09882197579384074,False,1,9,False,False
q9,28.752568339140726,0.08997342495174296,False,1,9,False,False
q9,28.835624940560212,0.1021364185750944,False,1,9,False,False
q9,28.835624940560212,0.1021364185750944,False,1,9,False,False
q9,26.819338182576626,0.10093167236256313,False,1,9,False,False
q9,27.49380405330622,0.09922466515271261,False,1,9,False,False
q9,31.094611878424384,0.09783352971237083,False,1,9,False,False
q9,35.4790107076828,0.09733949644649731,False,1,9,False,False
q9,27.25455706090344,0.10441283499168538,False,1,10,False,False
q9,26.48228358926413,0.10245457144512875,False,1,10,False,False
q9,28.853912845777565,0.09994772110421365,False,1,10,False,False
q9,31.56667906337882,0.09955426945721657,False,1,10,False,False
q9,26.13132819058811,0.10358001911967328,False,1,11,False,False
q9,26.13132819058811,0.10358001911967328,False,1,11,False,False
q9,28.861669344550688,0.10173576004462327,False,1,11,False,False
q9,31.580967350592463,0.1015305257963275,False,1,11,False,False
q9,25.63250296237608,0.10368704191975561,False,1,12,False,False
q9,27.528038829581803,0.10351766827966279,False,1,12,False,False
q9,29.124279559860305,0.10349993942496359,False,1,12,False,False
q9,46.250069771592266,0.22862187385133634,False,0,12,False,False
q9,25.63250296237608,0.10368704191975561,False,1,13,False,False
q9,25.63250296237608,0.10368704191975561,False,1,13,False,False
q9,25.63250296237608,0.10368704191975561,False,1,13,False,False
q9,25.63250296237608,0.10368704191975561,False,1,13,False,False
q9,25.63250296237608,0.10368704191975561,False,1,13,False,False
q9,25.63250296237608,0.10368704191975561,False,1,13,False,False
q9,25.63250296237608,0.10368704191975561,False,1,13,False,False
q9,25.63250296237608,0.10368704191975561,False,1,13,False,False
q9,25.63250296237608,0.10368704191975561,False,1,13,False,False
q9,25.63250296237608,0.10368704191975561,False,1,13,False,False
q9,25.63250296237608,0.10368704191975561,False,1,13,False,False
q9,25.63250296237608,0.10368704191975561,False,1,13,False,False
q9,25.9704088696273,0.10441433914633945,False,1,12,False,False
q9,25.934739013639632,0.10328202436209369,False,1,11,False,False
q9,26.613281389770307,0.10307951586862532,False,1,12,False,False
q9,26.613281389770307,0.10307951586862532,False,1,12,False,False
q9,26.613281389770307,0.10307951586862532,False,1,12,False,False
q9,26.613281389770307,0.10307951586862532,False,1,12,False,False
q9,26.044611221505917,0.1017516227488532,False,1,12,False,False
q9,26.731458320055648,0.10110648352756327,False,1,11,False,False
q9,26.731458320055648,0.10110648352756327,False,1,12,False,False
q9,26.731458320055648,0.10110648352756327,False,1,12,False,False
q9,26.731458320055648,0.10110648352756327,False,1,12,False,False
q9,26.731458320055648,0.10110648352756327,False,1,12,False,False
q9,27.00401059219541,0.11819501075154469,False,1,12,False,False
q9,27.038203999756877,0.11816107457719242,False,1,12,False,False
q9,27.458534606617373,0.11491451022179934,False,1,11,False,False
q9,26.45765140144429,0.10776626741078918,False,1,12,False,False
q9,25.861925809351693,0.10238831041355066,False,1,12,False,False
q9,27.07068612826744,0.09940780140698553,False,1,11,False,False
q9,25.63250296237608,0.10368704191975561,False,1,13,False,False
q9,25.63250296237608,0.10368704191975561,False,1,13,False,False
q9,25.63250296237608,0.10368704191975561,False,1,13,False,False
q9,25.63250296237608,0.10368704191975561,False,1,13,False,False
q9,25.63250296237608,0.10368704191975561,False,1,13,False,False
q9,25.63250296237608,0.10368704191975561,False,1,13,False,False
q9,25.63250296237608,0.10368704191975561,False,1,13,False,False
q9,25.63250296237608,0.10368704191975561,False,1,13,False,False
q9,25.63250296237608,0.10368704191975561,False,1,13,False,False
q9,25.63250296237608,0.10368704191975561,False,1,13,False,False
q9,25.63250296237608,0.10368704191975561,False,1,13,False,False
q9,25.63250296237608,0.10368704191975561,False,1,13,False,False
q9,26.317497746156462,0.1762040159201617,False,1,12,False,False
q9,26.304308945119462,0.08851986933677954,True,1,11,False,False
q9,27.50439918656973,0.07926803686214975,False,1,12,False,False
q9,27.50439918656973,0.07926803686214975,False,1,12,False,False
q9,27.50439918656973,0.07926803686214975,False,1,12,False,False
q9,27.50439918656973,0.07926803686214975,True,1,12,False,False
q9,25.63250296237608,0.10368704191975561,False,1,13,False,False
q9,25.63250296237608,0.10368704191975561,False,1,13,False,False
q9,25.63250296237608,0.10368704191975561,False,1,13,False,False
q9,25.63250296237608,0.10368704191975561,False,1,13,False,False
q9,25.63250296237608,0.10368704191975561,False,1,13,False,False
q9,25.63250296237608,0.10368704191975561,False,1,13,False,False
q9,25.63250296237608,0.10368704191975561,False,1,13,False,False
q9,25.63250296237608,0.10368704191975561,False,1,13,False,False
q9,25.63250296237608,0.10368704191975561,False,1,13,False,False
q9,25.63250296237608,0.10368704191975561,False,1,13,False,False
q9,25.63250296237608,0.10368704191975561,False,1,13,False,False
q9,25.63250296237608,0.10368704191975561,False,1,13,False,False
q9,25.25754564989382,0.10834538235434271,False,1,12,False,False
q9,26.3824175873406,0.10135788836687801,False,1,11,False,False
q9,25.702562350008456,0.10646685498387272,False,1,12,False,False
q9,26.592595750237727,0.10553829357878104,False,1,11,False,False
q9,32.69730359911241,0.13546183228525316,False,1,13,False,False
q9,27.85478964992999,0.11394129719763094,False,1,13,False,False
q9,30.184011549584433,0.09632956348924276,False,1,13,False,False
q9,25.25754564989382,0.10834538235434271,False,1,13,False,False
q9,25.25754564989382,0.10834538235434271,False,1,13,False,False
q9,27.661306082893454,0.09866211955320661,False,1,13,False,False
q9,25.25754564989382,0.10834538235434271,False,1,13,False,False
q9,25.25754564989382,0.10834538235434271,False,1,13,False,False
q9,26.47446758748676,0.09898662208968534,False,1,13,False,False
q9,25.25754564989382,0.10834538235434271,False,1,13,False,False
q9,25.25754564989382,0.10834538235434271,False,1,13,False,False
q9,26.026885746899975,0.09948989422258639,False,1,13,False,False
q9,25.645930151025457,0.11111515046055687,False,1,13,False,False
q9,25.645930151025457,0.11111515046055687,False,1,13,False,False
q9,26.05430903706956,0.10546574153225004,False,1,12,False,False
q9,27.796722013103192,0.10348031622842782,False,1,11,False,False
q9,30.714535857894777,0.10249187014695792,False,1,12,False,False
q9,35.09021717826618,0.1019978368810844,False,1,12,False,False
q9,26.444380870094367,0.1055900127971502,False,1,11,False,False
q9,28.478955533295306,0.10460606153880075,False,1,12,False,False
q9,31.191721750896562,0.10421260989180367,False,1,12,False,False
q9,25.37027126027126,0.11050696818179746,False,1,12,False,False
q9,26.87959974842118,0.10907200715398457,False,1,11,False,False
q9,29.467020013821045,0.10855863099712387,False,1,12,False,False
q9,32.916913701020874,0.10835344628419558,False,1,12,False,False
q9,25.196495733855983,0.11265723232404122,False,1,12,False,False
q9,26.208675107304806,0.1125324181859227,False,1,11,False,False
q9,27.943839747502793,0.112487939856298,False,1,12,False,False
q9,30.259923064225724,0.11247026423609836,False,1,12,False,False
q9,45.78834623008958,0.23295175075668303,False,0,12,False,False
q9,24.84269443310639,0.11286237765449722,False,1,13,False,False
q9,24.84269443310639,0.11286237765449722,False,1,13,False,False
q9,24.84269443310639,0.11286237765449722,False,1,13,False,False
q9,24.84269443310639,0.11286237765449722,False,1,13,False,False
q9,24.84269443310639,0.11286237765449722,False,1,13,False,False
q9,24.84269443310639,0.11286237765449722,False,1,13,False,False
q9,24.84269443310639,0.11286237765449722,False,1,13,False,False
q9,24.84269443310639,0.11286237765449722,False,1,13,False,False
q9,24.84269443310639,0.11286237765449722,False,1,13,False,False
q9,24.84269443310639,0.11286237765449722,False,1,13,False,False
q9,24.84269443310639,0.11286237765449722,False,1,13,False,False
q9,24.84269443310639,0.11286237765449722,False,1,13,False,False
q9,25.180600340357607,0.11358967089965946,False,1,12,False,False
q9,25.144930484369944,0.11245736275109247,True,1,11,False,False
q9,25.82347286050062,0.11225485558473125,False,1,12,False,False
q9,25.82347286050062,0.11225485558473125,False,1,12,False,False
q9,25.82347286050062,0.11225485558473125,False,1,12,False,False
q9,25.82347286050062,0.11225485558473125,False,1,12,False,False
q9,25.25480269223623,0.11093415911203558,False,1,12,False,False
q9,25.94164979078596,0.11029142010005438,False,1,11,False,False
q9,25.94164979078596,0.11029142010005438,False,1,12,False,False
q9,25.94164979078596,0.11029142010005438,False,1,12,False,False
q9,25.94164979078596,0.11029142010005438,False,1,12,False,False
q9,25.94164979078596,0.11029142010005438,False,1,12,False,False
q9,27.147026387543594,0.12256615086691615,False,1,12,False,False
q9,27.18121979510506,0.12253221469256387,False,1,12,False,False
q9,27.601550401965557,0.1192856503371708,False,1,11,False,False
q9,26.746661211049098,0.12321937638683973,False,1,12,False,False
q9,25.447074592564263,0.10690132160858404,False,1,12,False,False
q9,26.65583491148001,0.10392081260201894,False,1,11,False,False
q9,24.84269443310639,0.11286237765449722,False,1,13,False,False
q9,24.84269443310639,0.11286237765449722,False,1,13,False,False
q9,24.84269443310639,0.11286237765449722,False,1,13,False,False
q9,24.84269443310639,0.11286237765449722,False,1,13,False,False
q9,24.84269443310639,0.11286237765449722,False,1,13,False,False
q9,24.84269443310639,0.11286237765449722,False,1,13,False,False
q9,24.84269443310639,0.11286237765449722,False,1,13,False,False
q9,24.84269443310639,0.11286237765449722,False,1,13,False,False
q9,24.84269443310639,0.11286237765449722,False,1,13,False,False
q9,24.84269443310639,0.11286237765449722,False,1,13,False,False
q9,24.84269443310639,0.11286237765449722,False,1,13,False,False
q9,24.84269443310639,0.11286237765449722,False,1,13,False,False
q9,25.458117894816837,0.18498614188324308,False,1,12,False,False
q9,25.514500415849774,0.09769520506887926,True,1,11,False,False
q9,26.714590657300043,0.08844153511194217,False,1,12,False,False
q9,26.714590657300043,0.08844153511194217,False,1,12,False,False
q9,26.714590657300043,0.08844153511194217,False,1,12,False,False
q9,26.714590657300043,0.08844153511194217,False,1,12,False,False
q9,24.84269443310639,0.11286237765449722,False,1,13,False,False
q9,24.84269443310639,0.11286237765449722,False,1,13,False,False
q9,24.84269443310639,0.11286237765449722,False,1,13,False,False
q9,24.84269443310639,0.11286237765449722,False,1,13,False,False
q9,24.84269443310639,0.11286237765449722,False,1,13,False,False
q9,24.84269443310639,0.11286237765449722,False,1,13,False,False
q9,24.84269443310639,0.11286237765449722,False,1,13,False,False
q9,24.84269443310639,0.11286237765449722,False,1,13,False,False
q9,24.84269443310639,0.11286237765449722,False,1,13,False,False
q9,24.84269443310639,0.11286237765449722,False,1,13,False,False
q9,24.84269443310639,0.11286237765449722,False,1,13,False,False
q9,24.84269443310639,0.11286237765449722,False,1,13,False,False
q9,25.21765174558865,0.1082018905997382,True,1,12,False,False
q9,25.967566370553172,0.10587166372534978,False,1,11,False,False
q9,25.287711133221027,0.11099279191284511,False,1,12,False,False
q9,26.177744533450298,0.11005312646573048,False,1,11,False,False
q9,32.27405701940161,0.1401710619697446,False,1,13,False,False
q9,27.431543070219192,0.1186505268821224,False,1,13,False,False
q9,29.50681702204716,0.1040860643325441,False,1,13,False,False
q9,24.84269443310639,0.11286237765449722,False,1,13,False,False
q9,24.84269443310639,0.11286237765449722,False,1,13,False,False
q9,27.246688430117256,0.10317513074824003,False,1,13,False,False
q9,24.84269443310639,0.11286237765449722,False,1,13,False,False
q9,24.84269443310639,0.11286237765449722,False,1,13,False,False
q9,26.05961637069933,0.10349963328471873,False,1,13,False,False
q9,24.84269443310639,0.11286237765449722,False,1,13,False,False
q9,24.84269443310639,0.11286237765449722,True,1,13,False,False
q9,25.612034530112545,0.10400290541761978,False,1,13,False,False
q9,25.18352681847979,0.11544511208555404,False,1,13,False,False
q9,25.18352681847979,0.11544511208555404,False,1,13,False,False
q9,26.05430903706956,0.10546574153225004,False,1,12,False,False
q9,27.796722013103192,0.10348031622842782,False,1,11,False,False
q9,30.714535857894777,0.10249187014695792,False,1,12,False,False
q9,35.09021717826618,0.1019978368810844,False,1,12,False,False
q10,22.567408865669872,0.05080596682221652,False,2,0,False,True
q10,23.5903152056975,0.05464321284954044,False,1,0,False,False
q10,23.0457422965322,0.06247822184893693,False,1,0,False,False
q10,23.06957138651524,0.05277787840468643,False,2,1,False,False
q10,22.423304186939294,0.05194969394770043,False,2,1,False,False
q10,22.769335152308237,0.05052003504084555,False,2,1,False,False
q10,23.43578176642262,0.05023410325947457,False,2,1,False,False
q10,23.43578176642262,0.05023410325947457,False,2,1,False,False
q10,23.43578176642262,0.05023410325947457,False,2,1,False,False
q10,22.804293642306522,0.05137928125301504,False,2,2,False,False
q10,23.152120244158716,0.05037725041624117,False,2,2,False,False
q10,23.43578176642262,0.05023410325947457,False,2,2,False,False
q10,23.43578176642262,0.05023410325947457,False,2,2,False,False
q10,23.43578176642262,0.05023410325947457,False,2,2,False,False
q10,24.06891688711667,0.04990304804739969,False,2,2,False,False
q10,24.06891688711667,0.04990304804739969,False,2,2,False,False
q10,24.06891688711667,0.04990304804739969,False,2,2,False,False
q10,24.06891688711667,0.04990304804739969,False,2,3,False,False
q10,24.06891688711667,0.04990304804739969,False,2,3,False,False
q10,24.06891688711667,0.04990304804739969,False,2,3,False,False
q10,24.06891688711667,0.04990304804739969,False,2,3,False,False
q10,24.06891688711667,0.04990304804739969,False,2,3,False,False
q10,24.06891688711667,0.04990304804739969,False,2,3,False,False
q10,25.265718006887326,0.05982650203426825,False,2,3,False,False
q10,23.37903622882189,0.05131094048995512,False,2,3,False,False
q10,23.16346646013355,0.04743722672355893,False,2,3,False,False
q10,24.832924073974432,0.048079497763982244,False,2,3,False,False
q10,22.64511092856802,0.055971570894908236,False,2,4,False,False
q10,22.64511092856802,0.055971570894908236,False,2,4,False,False
q10,23.16346646013355,0.04743722672355893,False,2,4,False,False
q10,23.16346646013355,0.04743722672355893,False,2,4,False,False
q10,23.16346646013355,0.04743722672355893,False,2,4,False,False
q10,23.16346646013355,0.04743722672355893,False,2,4,False,False
q10,23.16346646013355,0.04743722672355893,False,2,4,False,False
q10,23.16346646013355,0.04743722672355893,False,2,4,False,False
q10,23.16346646013355,0.04743722672355893,False,2,4,False,False
q10,23.16346646013355,0.04743722672355893,False,2,4,False,False
q10,23.16346646013355,0.04743722672355893,False,2,4,False,False
q10,23.16346646013355,0.04743722672355893,False,2,4,False,False
q10,23.16346646013355,0.04743722672355893,False,2,4,False,False
q10,23.16346646013355,0.04743722672355893,False,2,4,False,False
q10,23.16346646013355,0.04743722672355893,False,2,4,False,False
q10,23.16346646013355,0.04743722672355893,False,2,4,False,False
q10,21.975066124407732,0.04918968886948782,False,2,4,False,False
q10,22.506148864984592,0.047791224097646495,False,2,4,False,False
q10,26.04147181734534,0.04690085732624884,False,2,4,False,False
q10,31.79748253176892,0.046632870341193754,False,2,4,False,False
q10,31.79748253176892,0.046632870341193754,False,2,5,False,False
q10,31.79748253176892,0.046632870341193754,False,2,5,False,False
q10,31.79748253176892,0.046632870341193754,False,2,5,False,False
q10,31.79748253176892,0.046632870341193754,False,2,5,False,False
q10,31.79748253176892,0.046632870341193754,False,2,5,False,False
q10,31.79748253176892,0.046632870341193754,False,2,5,False,False
q10,31.79748253176892,0.046632870341193754,False,2,5,False,False
q10,31.79748253176892,0.046632870341193754,False,2,5,False,False
q10,34.93618428732224,0.04896590585114704,False,1,4,False,False
q10,32.22877047707319,0.058234200374773816,False,1,4,False,False
q10,31.431272151861542,0.049176645486405615,False,2,4,False,False
q10,30.785004952285597,0.04834846102941961,False,2,4,False,False
q10,30.929109631016182,0.0472047339039357,False,2,3,False,False
q10,31.131035917654543,0.04691880212256473,False,2,4,False,False
q10,31.79748253176892,0.046632870341193754,False,2,4,False,False
q10,31.79748253176892,0.046632870341193754,False,2,4,False,False
q10,31.165994407652832,0.04777804833473422,False,2,5,False,False
q10,31.513821009505023,0.04677601749796035,False,2,5,False,False
q10,31.16434741107487,0.046963925553268636,False,2,4,False,False
q10,31.16434741107487,0.046963925553268636,False,2,4,False,False
q10,31.16434741107487,0.046963925553268636,False,2,3,False,False
q10,31.16434741107487,0.046963925553268636,False,2,4,False,False
q10,31.79748253176892,0.046632870341193754,False,2,4,False,False
q10,31.79748253176892,0.046632870341193754,False,2,4,False,False
q10,31.79748253176892,0.046632870341193754,False,2,5,False,False
q10,31.79748253176892,0.046632870341193754,False,2,5,False,False
q10,31.79748253176892,0.046632870341193754,False,2,5,False,False
q10,31.79748253176892,0.046632870341193754,False,2,5,False,False
q10,31.79748253176892,0.046632870341193754,False,2,5,False,False
q10,31.79748253176892,0.046632870341193754,False,2,5,False,False
q10,33.45320975421183,0.05902214112644137,False,2,4,False,False
q10,31.767669053224708,0.05050658109061547,False,2,4,False,False
q10,32.702932958752044,0.04909869166503452,False,2,3,False,False
q10,33.41468968787366,0.04727514892405326,False,2,4,False,False
q10,31.279127000203395,0.05516721451254306,False,2,5,False,False
q10,31.279127000203395,0.05516721451254306,False,2,5,False,False
q10,31.79748253176892,0.046632870341193754,False,2,5,False,False
q10,31.79748253176892,0.046632870341193754,False,2,5,False,False
q10,31.79748253176892,0.046632870341193754,False,2,5,False,False
q10,31.79748253176892,0.046632870341193754,False,2,5,False,False
q10,31.79748253176892,0.046632870341193754,False,2,5,False,False
q10,31.79748253176892,0.046632870341193754,False,2,5,False,False
q10,31.79748253176892,0.046632870341193754,False,2,5,False,False
q10,31.79748253176892,0.046632870341193754,False,2,5,False,False
q10,31.79748253176892,0.046632870341193754,False,2,5,False,False
q10,31.79748253176892,0.046632870341193754,False,2,5,False,False
q10,31.79748253176892,0.046632870341193754,False,2,5,False,False
q10,31.79748253176892,0.046632870341193754,False,2,5,False,False
q10,31.79748253176892,0.046632870341193754,False,2,5,False,False
q10,31.79748253176892,0.046632870341193754,False,2,5,False,False
q10,24.069781288286745,0.06630066788242595,False,0,0,False,False
q10,23.16346646013355,0.04743722672355893,False,2,4,False,False
q10,23.16346646013355,0.04743722672355893,False,2,4,False,False
q10,24.72683662704743,0.047077815179718464,False,2,4,False,False
q10,27.853576960875195,0.046898225454249896,False,2,4,False,False
q10,23.16346646013355,0.04743722672355893,False,2,4,False,False
q10,23.16346646013355,0.04743722672355893,False,2,4,False,False
q10,24.17547144694408,0.047355348110896756,False,2,4,False,False
q10,26.199481420565142,0.047314486801721095,False,2,4,False,False
q10,26.30216821568687,0.04977015782028484,False,1,3,False,False
q10,23.633577353185235,0.059035138348253274,False,1,3,False,False
q10,22.79725608022617,0.04998100186877079,False,2,3,False,False
q10,22.150988880650225,0.04915281741178478,False,2,3,False,False
q10,22.295093559380806,0.04800909028630088,False,2,2,False,False
q10,22.49701984601917,0.047723158504929905,False,2,3,False,False
q10,23.16346646013355,0.04743722672355893,False,2,3,False,False
q10,23.16346646013355,0.04743722672355893,False,2,3,False,False
q10,22.531978336017456,0.048582404717099396,False,2,4,False,False
q10,22.87980493786965,0.04758037388032552,False,2,4,False,False
q10,22.530331339439496,0.047768281935633816,False,2,3,False,False
q10,22.530331339439496,0.047768281935633816,False,2,3,False,False
q10,22.530331339439496,0.047768281935633816,False,2,2,False,False
q10,22.530331339439496,0.047768281935633816,False,2,3,False,False
q10,23.16346646013355,0.04743722672355893,False,2,3,False,False
q10,23.16346646013355,0.04743722672355893,False,2,3,False,False
q10,23.16346646013355,0.04743722672355893,False,2,4,False,False
q10,23.16346646013355,0.04743722672355893,False,2,4,False,False
q10,23.16346646013355,0.04743722672355893,False,2,4,False,False
q10,23.16346646013355,0.04743722672355893,False,2,4,False,False
q10,23.16346646013355,0.04743722672355893,False,2,4,False,False
q10,23.16346646013355,0.04743722672355893,False,2,4,False,False
q10,22.16497479918037,0.05123577119204834,False,2,2,False,False
q10,22.47556233767779,0.050663182193001935,False,2,2,False,False
q10,22.47556233767779,0.050663182193001935,False,2,3,False,False
q10,22.47556233767779,0.050663182193001935,False,2,3,False,False
q10,22.47556233767779,0.050663182193001935,False,2,3,False,False
q10,23.108697458371843,0.05033212698092705,False,2,3,False,False
q10,23.108697458371843,0.05033212698092705,False,2,3,False,False
q10,23.108697458371843,0.05033212698092705,False,2,3,False,False
q10,21.996749845715076,0.05103053208995512,False,2,3,False,False
q10,21.996749845715076,0.05103053208995512,False,2,3,False,False
q10,24.23435236905479,0.047757442037652274,False,2,3,False,False
q10,24.23435236905479,0.047757442037652274,False,2,3,False,False
q10,23.017168135944264,0.05450046665852278,False,2,4,False,False
q10,23.017168135944264,0.05450046665852278,False,2,4,False,False
q10,23.075821264714865,0.05783416138747963,False,2,4,False,False
q10,21.690903455073105,0.04923428941878488,False,2,4,False,False
q10,23.330253481996102,0.04529162071381151,False,2,4,False,False
q10,23.38984514475806,0.04575478915237212,False,2,4,False,False
q10,22.828446438050666,0.05382596488516083,False,2,5,False,False
q10,22.828446438050666,0.05382596488516083,False,2,5,False,False
q10,23.330253481996102,0.04529162071381151,False,2,5,False,False
q10,23.330253481996102,0.04529162071381151,False,2,5,False,False
q10,23.330253481996102,0.04529162071381151,False,2,5,False,False
q10,23.330253481996102,0.04529162071381151,False,2,5,False,False
q10,23.330253481996102,0.04529162071381151,False,2,5,False,False
q10,23.330253481996102,0.04529162071381151,False,2,5,False,False
q10,23.330253481996102,0.04529162071381151,False,2,5,False,False
q10,23.330253481996102,0.04529162071381151,False,2,5,False,False
q10,23.330253481996102,0.04529162071381151,False,2,5,False,False
q10,23.330253481996102,0.04529162071381151,False,2,5,False,False
q10,23.330253481996102,0.04529162071381151,False,2,5,False,False
q10,23.330253481996102,0.04529162071381151,False,2,5,False,False
q10,23.330253481996102,0.04529162071381151,False,2,5,False,False
q10,23.330253481996102,0.04529162071381151,False,2,5,False,False
q10,22.64006348677491,0.04720740858242894,False,2,5,False,False
q10,22.55246223594662,0.04576453082539992,True,2,5,False,False
q10,26.078695990821352,0.044755247852567764,False,2,5,False,False
q10,31.59004783821474,0.044487253939645366,False,2,5,False,False
q10,23.330253481996102,0.04529162071381151,False,2,5,False,False
q10,23.330253481996102,0.04529162071381151,False,2,5,False,False
q10,24.868433343885044,0.044932209169971045,False,2,5,False,False
q10,27.95925989740581,0.04475261944450249,False,2,5,False,False
q10,23.330253481996102,0.04529162071381151,False,2,5,False,False
q10,23.330253481996102,0.04529162071381151,False,2,5,False,False
q10,24.32209828180778,0.04520974210114934,False,2,5,False,False
q10,26.320254711174012,0.04516888079197368,False,2,5,False,False
q10,22.454994980225067,0.05294438681286708,False,1,4,False,False
q10,22.826016497980493,0.05534637188258264,False,1,4,False,False
q10,23.499060760616622,0.04754946401771972,False,2,4,False,False
q10,22.933866632618184,0.046721279597615364,False,2,4,False,False
q10,23.118309505975613,0.045577552490572285,True,2,3,False,False
q10,24.006530579523762,0.04500568893705074,False,2,4,False,False
q10,24.006530579523762,0.04500568893705074,False,2,4,False,False
q10,24.006530579523762,0.04500568893705074,False,2,4,False,False
q10,22.897037523227677,0.04701529037689774,False,2,4,False,False
q10,21.863884725325114,0.04805421371700479,False,2,3,False,False
q10,23.330253481996102,0.04529162071381151,False,2,5,False,False
q10,23.330253481996102,0.04529162071381151,False,2,5,False,False
q10,23.330253481996102,0.04529162071381151,True,2,5,False,False
q10,23.96198469948876,0.044960565501736625,False,2,5,False,False
q10,23.96198469948876,0.044960565501736625,False,2,5,False,False
q10,23.96198469948876,0.044960565501736625,False,2,5,False,False
q10,22.728364863726917,0.04652228080512447,False,2,5,False,False
q10,22.728364863726917,0.04652228080512447,False,2,5,False,False
q10,24.59043090366507,0.04301234150233766,False,2,5,False,False
q10,24.59043090366507,0.04301234150233766,False,2,5,False,False
q10,24.59043090366507,0.04301234150233766,False,2,6,False,False
q10,24.59043090366507,0.04301234150233766,False,2,6,False,False
q10,24.59043090366507,0.04301234150233766,False,2,6,False,False
q10,25.112349798658357,0.04694495493981563,False,2,5,False,False
q10,25.49245859258197,0.04547923876710985,False,2,4,False,False
q10,27.27965604392305,0.04339568000381701,False,2,5,False,False
q10,24.09394335997847,0.05154942025726321,False,2,6,False,False
q10,24.09394335997847,0.05154942025726321,False,2,6,False,False
q10,24.59043090366507,0.04301234150233766,False,2,6,False,False
q10,24.59043090366507,0.04301234150233766,False,2,6,False,False
q10,24.59043090366507,0.04301234150233766,False,2,6,False,False
q10,24.59043090366507,0.04301234150233766,False,2,6,False,False
q10,24.59043090366507,0.04301234150233766,False,2,6,False,False
q10,24.59043090366507,0.04301234150233766,False,2,6,False,False
q10,24.59043090366507,0.04301234150233766,False,2,6,False,False
q10,24.59043090366507,0.04301234150233766,False,2,6,False,False
q10,24.59043090366507,0.04301234150233766,False,2,6,False,False
q10,24.59043090366507,0.04301234150233766,False,2,6,False,False
q10,24.59043090366507,0.04301234150233766,False,2,6,False,False
q10,24.59043090366507,0.04301234150233766,False,2,6,False,False
q10,24.59043090366507,0.04301234150233766,False,2,6,False,False
q10,24.59043090366507,0.04301234150233766,True,2,6,False,False
q10,23.729472638254308,0.04446064059304868,False,2,6,False,False
q10,23.939314921403568,0.04336907886134863,False,2,6,False,False
q10,27.380708840894158,0.042389294364448174,True,2,6,False,False
q10,32.80982841857813,0.04212129698759212,True,2,6,False,False
q10,23.731867528192392,0.04392418601881416,False,2,7,False,False
q10,23.731867528192392,0.04392418601881416,False,2,7,False,False
q10,25.301786674466506,0.043009651164522225,True,2,7,False,False
q10,27.56684363342526,0.04283000617883858,False,2,7,False,False
q10,23.939314921403568,0.04336907886134863,False,2,7,False,False
q10,23.939314921403568,0.04336907886134863,False,2,7,False,False
q10,24.753931590498784,0.043287189639452016,False,2,7,False,False
q10,26.36378330971072,0.04324629159098151,False,2,7,False,False
q10,21.79767738507611,0.05329837626130681,False,1,6,False,False
q10,24.11966080903499,0.052672175484932256,False,1,6,False,False
q10,24.108112602269305,0.04562692216525684,False,2,6,False,False
q10,23.542820194329046,0.044798737745152487,True,2,6,False,False
q10,23.727320602457997,0.0436550106381094,True,2,5,False,False
q10,24.61574304770647,0.04308314708458786,False,2,6,False,False
q10,24.61574304770647,0.04308314708458786,False,2,6,False,False
q10,24.61574304770647,0.04308314708458786,False,2,6,False,False
q10,23.88367508069162,0.04599962046573204,False,2,6,False,False
q10,23.939314921403568,0.04336907886134863,False,2,7,False,False
q10,23.939314921403568,0.04336907886134863,False,2,7,False,False
q10,23.939314921403568,0.04336907886134863,False,2,7,False,False
q10,24.529325510997218,0.044818152905261144,False,2,7,False,False
q10,24.529325510997218,0.044818152905261144,False,2,7,False,False
q10,24.529325510997218,0.044818152905261144,False,2,7,False,False
q10,21.94986109746017,0.04699519091671288,False,2,6,False,False
q10,21.94986109746017,0.04699519091671288,False,2,6,False,False
q10,23.939314921403568,0.04336907886134863,False,2,6,False,False
q10,23.939314921403568,0.04336907886134863,False,2,7,False,False
q10,23.939314921403568,0.04336907886134863,False,2,7,False,False
q10,23.939314921403568,0.04336907886134863,False,2,7,False,False
q10,24.358069854893213,0.0474843514117694,False,2,6,False,False
q10,24.8407769743891,0.045834900185189396,False,2,5,False,False
q10,26.603385674595433,0.04374968213563054,False,2,6,False,False
q10,23.444741292329567,0.05190342303269795,False,2,7,False,False
q10,23.444741292329567,0.05190342303269795,False,2,7,False,False
q10,23.939314921403568,0.04336907886134863,False,2,7,False,False
q10,23.939314921403568,0.04336907886134863,False,2,7,False,False
q10,23.939314921403568,0.04336907886134863,False,2,7,False,False
q10,23.939314921403568,0.04336907886134863,False,2,7,False,False
q10,23.939314921403568,0.04336907886134863,False,2,7,False,False
q10,23.939314921403568,0.04336907886134863,False,2,7,False,False
q10,23.939314921403568,0.04336907886134863,False,2,7,False,False
q10,23.939314921403568,0.04336907886134863,False,2,7,False,False
q10,23.939314921403568,0.04336907886134863,False,2,7,False,False
q10,23.939314921403568,0.04336907886134863,False,2,7,False,False
q10,23.939314921403568,0.04336907886134863,False,2,7,False,False
q10,23.939314921403568,0.04336907886134863,False,2,7,False,False
q10,23.939314921403568,0.04336907886134863,False,2,7,False,False
q10,23.939314921403568,0.04336907886134863,True,2,7,False,False
q10,23.6324637507856,0.04898810212896524,False,2,4,False,False
q10,23.6324637507856,0.04898810212896524,False,2,4,False,False
q10,22.093764192396126,0.06801272140284398,False,2,5,False,False
q10,22.361256327030947,0.05573112599249262,False,2,5,False,False
q10,22.47393264644568,0.05907054313606964,False,2,5,False,False
q10,21.595626286288116,0.05046494951009785,False,2,5,False,False
q10,22.787244006271607,0.046985449243685085,False,2,5,False,False
q10,22.225845299564213,0.055056624976473796,False,2,6,False,False
q10,22.225845299564213,0.055056624976473796,False,2,6,False,False
q10,22.728364863726917,0.04652228080512447,False,2,6,False,False
q10,22.728364863726917,0.04652228080512447,False,2,6,False,False
q10,22.728364863726917,0.04652228080512447,False,2,6,False,False
q10,22.728364863726917,0.04652228080512447,False,2,6,False,False
q10,22.728364863726917,0.04652228080512447,False,2,6,False,False
q10,22.728364863726917,0.04652228080512447,False,2,6,False,False
q10,22.728364863726917,0.04652228080512447,False,2,6,False,False
q10,22.728364863726917,0.04652228080512447,False,2,6,False,False
q10,22.728364863726917,0.04652228080512447,False,2,6,False,False
q10,22.728364863726917,0.04652228080512447,False,2,6,False,False
q10,22.728364863726917,0.04652228080512447,False,2,6,False,False
q10,22.728364863726917,0.04652228080512447,False,2,6,False,False
q10,22.728364863726917,0.04652228080512447,False,2,6,False,False
q10,22.728364863726917,0.04652228080512447,False,2,6,False,False
q10,22.037462348288457,0.0484380686737419,False,2,6,False,False
q10,25.476094852334903,0.04598590794388073,False,2,6,False,False
q10,30.987446699728288,0.04571791403095833,False,2,6,False,False
q10,21.736544186668322,0.04759655754156971,False,2,7,False,False
q10,21.736544186668322,0.04759655754156971,True,2,7,False,False
q10,23.192300873180937,0.04663576321988648,False,2,7,False,False
q10,25.566238391385372,0.046396280780480345,False,2,7,False,False
q10,21.94986109746017,0.04699519091671288,False,2,7,False,False
q10,21.94986109746017,0.04699519091671288,True,2,7,False,False
q10,22.747692418888935,0.04691330169481626,False,2,7,False,False
q10,24.050634925699388,0.04687240364634576,False,2,7,False,False
q10,21.79767738507611,0.05329837626130681,False,1,6,False,False
q10,21.47889406858009,0.056869766378437055,False,1,6,False,False
q10,22.118658778325905,0.04925303422062109,False,2,6,False,False
q10,21.553366370385643,0.04842484980051673,False,2,6,False,False
q10,21.737866778514597,0.04728112269347365,True,2,5,False,False
q10,22.62628922376307,0.04670925913995211,False,2,6,False,False
q10,22.62628922376307,0.04670925913995211,False,2,6,False,False
q10,22.62628922376307,0.04670925913995211,False,2,6,False,False
q10,22.023777347435054,0.04947075743056953,False,2,6,False,False
q10,22.286165927783976,0.046276503280701535,False,2,5,False,False
q10,21.626680056860963,0.04863241410918374,False,2,6,False,False
q10,21.626680056860963,0.04863241410918374,False,2,6,False,False
q10,21.626680056860963,0.04863241410918374,False,2,6,False,False
q10,21.626680056860963,0.04863241410918374,False,2,6,False,False
q10,22.286165927783976,0.046276503280701535,False,2,6,False,False
q10,22.286165927783976,0.046276503280701535,False,2,6,False,False
q10,22.286165927783976,0.046276503280701535,False,2,6,False,False
q10,21.839702250870214,0.048077155879017466,False,2,6,False,False
q10,21.839702250870214,0.048077155879017466,False,2,6,False,False
q10,21.839702250870214,0.048077155879017466,False,2,6,False,False
q10,22.286165927783976,0.046276503280701535,False,2,5,False,False
q10,21.206567130176158,0.04840821109109235,True,2,4,False,False
q10,22.286165927783976,0.046276503280701535,False,2,5,False,False
q10,20.727754638213447,0.04877556098804554,True,2,4,False,False
q10,20.002881754538077,0.057538826264051685,False,2,6,False,False
q10,20.002881754538077,0.057538826264051685,False,2,6,False,False
q10,22.281913282530834,0.058797619592912034,False,2,5,False,False
q10,20.673074903735795,0.05010026134329523,False,2,5,False,False
q10,23.18762798076951,0.048742324604542295,False,2,4,False,False
q10,22.49719628223451,0.04662075981980976,False,2,5,False,False
q10,21.791592298709975,0.05481084745205085,False,2,6,False,False
q10,21.791592298709975,0.05481084745205085,False,2,6,False,False
q10,22.286165927783976,0.046276503280701535,False,2,6,False,False
q10,22.286165927783976,0.046276503280701535,False,2,6,False,False
q10,22.286165927783976,0.046276503280701535,False,2,6,False,False
q10,22.286165927783976,0.046276503280701535,False,2,6,False,False
q10,22.286165927783976,0.046276503280701535,False,2,6,False,False
q10,22.286165927783976,0.046276503280701535,False,2,6,False,False
q10,22.286165927783976,0.046276503280701535,False,2,6,False,False
q10,22.286165927783976,0.046276503280701535,False,2,6,False,False
q10,22.286165927783976,0.046276503280701535,False,2,6,False,False
q10,22.286165927783976,0.046276503280701535,False,2,6,False,False
q10,22.286165927783976,0.046276503280701535,False,2,6,False,False
q10,22.286165927783976,0.046276503280701535,False,2,6,False,False
q10,22.286165927783976,0.046276503280701535,False,2,6,False,False
q10,22.286165927783976,0.046276503280701535,False,2,6,False,False
q10,22.373767178612265,0.04771938103773055,False,2,5,False,False
q10,23.06408054792425,0.04580359316911313,False,2,4,False,False
q10,25.812399682658707,0.04526722030786938,False,2,5,False,False
q10,31.323751530052096,0.04499922639494698,False,2,5,False,False
q10,22.07284901699213,0.04687786990555837,False,2,6,False,False
q10,22.07284901699213,0.04687786990555837,True,2,6,False,False
q10,23.52801655737827,0.04591707558387513,False,2,6,False,False
q10,25.906480224034258,0.045677593144468995,False,2,6,False,False
q10,22.286165927783976,0.046276503280701535,False,2,6,False,False
q10,22.286165927783976,0.046276503280701535,True,2,6,False,False
q10,23.087934251537824,0.04619461405880491,False,2,6,False,False
q10,24.38635060989672,0.04615371601033441,False,2,6,False,False
q10,22.229473470203786,0.05224543813714156,False,1,5,False,False
q10,21.819135901228982,0.05617022975492223,False,1,5,False,False
q10,22.58641040941483,0.04853434664454242,False,2,5,False,False
q10,21.940227662542192,0.04770616218755641,False,2,5,False,False
q10,22.08428290120495,0.04656243506207251,True,2,4,False,False
q10,22.952482761720333,0.04599057149933056,False,2,5,False,False
q10,22.952482761720333,0.04599057149933056,False,2,5,False,False
q10,22.952482761720333,0.04599057149933056,False,2,5,False,False
q10,21.977247626432046,0.05137855569491626,False,2,1,False,False
q10,22.263524758672876,0.050949113969762705,False,2,1,False,False
q10,21.977247626432046,0.05137855569491626,False,2,2,False,False
q10,21.977247626432046,0.05137855569491626,False,2,2,False,False
q10,21.977247626432046,0.05137855569491626,False,2,2,False,False
q10,22.610382747126103,0.05104750048284138,False,2,2,False,False
q10,22.610382747126103,0.05104750048284138,False,2,2,False,False
q10,22.610382747126103,0.05104750048284138,False,2,2,False,False
q10,21.498435134469336,0.051745905591869444,False,2,2,False,False
q10,21.498435134469336,0.051745905591869444,False,2,2,False,False
q10,23.528385920953138,0.05118298462012151,False,2,3,False,False
q10,23.14046757410452,0.04970347563087956,False,2,3,False,False
q10,21.498435134469336,0.051745905591869444,False,2,3,False,False
q10,21.498435134469336,0.051745905591869444,False,2,3,False,False
q10,22.72006598219186,0.061669359578738016,False,2,3,False,False
q10,20.830420524508142,0.053153798034424875,False,2,3,False,False
q10,20.592984707486213,0.04928008426802869,False,2,3,False,False
q10,22.269614815190923,0.049922355308452,False,2,3,False,False
q10,20.074629175920684,0.057814428439378,False,2,4,False,False
q10,20.074629175920684,0.057814428439378,False,2,4,False,False
q10,20.592984707486213,0.04928008426802869,False,2,4,False,False
q10,20.592984707486213,0.04928008426802869,False,2,4,False,False
q10,20.592984707486213,0.04928008426802869,False,2,4,False,False
q10,20.592984707486213,0.04928008426802869,False,2,4,False,False
q10,20.592984707486213,0.04928008426802869,False,2,4,False,False
q10,20.592984707486213,0.04928008426802869,False,2,4,False,False
q10,20.592984707486213,0.04928008426802869,False,2,4,False,False
q10,20.592984707486213,0.04928008426802869,False,2,4,False,False
q10,20.592984707486213,0.04928008426802869,False,2,4,False,False
q10,20.592984707486213,0.04928008426802869,False,2,4,False,False
q10,20.592984707486213,0.04928008426802869,False,2,4,False,False
q10,20.592984707486213,0.04928008426802869,False,2,4,False,False
q10,20.592984707486213,0.04928008426802869,False,2,4,False,False
q10,20.592984707486213,0.04928008426802869,False,2,4,False,False
q10,19.4045843717604,0.05103254641395758,False,2,4,False,False
q10,19.935667112337256,0.04963408164211625,False,2,4,False,False
q10,23.470990064698004,0.048743714870718595,False,2,4,False,False
q10,29.22700077912159,0.04847572788566352,False,2,4,False,False
q10,19.696722217884037,0.05018918743073855,False,2,5,False,False
q10,19.696722217884037,0.05018918743073855,True,2,5,False,False
q10,21.499037279251137,0.04927467009827579,False,2,5,False,False
q10,24.625777613078903,0.04909508037280723,False,2,5,False,False
q10,19.935667112337256,0.04963408164211625,False,2,5,False,False
q10,19.935667112337256,0.04963408164211625,False,2,5,False,False
q10,20.947672099147788,0.049552203029454095,False,2,5,False,False
q10,22.97168207276885,0.049511341720278434,False,2,5,False,False
q10,21.593437428148594,0.054106411193594675,False,1,4,False,False
q10,20.411542353007682,0.06122818094523421,False,1,4,False,False
q10,20.195158616385477,0.05160599311394122,False,2,5,False,False
q10,19.710672094674294,0.05077780873071851,False,2,5,False,False
q10,20.12339428508558,0.04949129713924833,True,2,5,False,False
q10,20.762713128211733,0.04963480720021503,False,2,5,False,False
q10,20.762713128211733,0.04963480720021503,False,2,5,False,False
q10,20.762713128211733,0.04963480720021503,False,2,5,False,False
q10,20.221944244578083,0.049204639916962695,True,2,4,False,False
q10,20.525828351575083,0.049061492769416515,True,2,3,False,False
q10,19.935667112337256,0.04963408164211625,False,2,5,False,False
q10,19.935667112337256,0.04963408164211625,False,2,5,False,False
q10,19.935667112337256,0.04963408164211625,False,2,5,False,False
q10,21.047614724994023,0.04893567653308818,False,2,5,False,False
q10,21.047614724994023,0.04893567653308818,False,2,5,False,False
q10,21.047614724994023,0.04893567653308818,False,2,5,False,False
q10,19.935667112337256,0.04963408164211625,False,2,4,False,False
q10,20.414479604299967,0.049266731745163064,False,2,3,False,False
q10,21.856058420704038,0.049190073407869156,False,2,5,False,False
q10,21.45446549706914,0.04771056441862721,True,2,5,False,False
q10,19.935667112337256,0.04963408164211625,False,2,5,False,False
q10,19.935667112337256,0.04963408164211625,False,2,5,False,False
q10,21.944678633122976,0.0620233577070692,False,2,4,False,False
q10,20.08636327140359,0.05359720575918875,False,2,4,False,False
q10,20.84111753932038,0.05209990296595701,False,2,3,False,False
q10,21.586835385987417,0.05027635142546688,False,2,4,False,False
q10,19.417311580771727,0.05816842581346556,False,2,5,False,False
q10,19.417311580771727,0.05816842581346556,False,2,5,False,False
q10,19.935667112337256,0.04963408164211625,False,2,5,False,False
q10,19.935667112337256,0.04963408164211625,False,2,5,False,False
q10,19.935667112337256,0.04963408164211625,False,2,5,False,False
q10,19.935667112337256,0.04963408164211625,False,2,5,False,False
q10,19.935667112337256,0.04963408164211625,False,2,5,False,False
q10,19.935667112337256,0.04963408164211625,False,2,5,False,False
q10,19.935667112337256,0.04963408164211625,False,2,5,False,False
q10,19.935667112337256,0.04963408164211625,False,2,5,False,False
q10,19.935667112337256,0.04963408164211625,False,2,5,False,False
q10,19.935667112337256,0.04963408164211625,False,2,5,False,False
q10,19.935667112337256,0.04963408164211625,False,2,5,False,False
q10,19.935667112337256,0.04963408164211625,False,2,5,False,False
q10,19.935667112337256,0.04963408164211625,False,2,5,False,False
q10,19.935667112337256,0.04963408164211625,True,2,5,False,False
q10,19.233215678528385,0.05355900235251349,False,2,5,False,False
q10,19.049290417642084,0.051587652202579874,False,2,5,False,False
q10,21.08821378228304,0.05067313487011712,False,2,5,False,False
q10,24.214954116110803,0.05049354514464856,False,2,5,False,False
q10,18.547737261047985,0.05175148554809018,False,2,6,False,False
q10,18.547737261047985,0.05175148554809018,False,2,6,False,False
q10,20.104821759667153,0.05150577734385664,False,2,6,False,False
q10,22.66016916005084,0.05146492354255884,False,2,6,False,False
q10,20.225916029706564,0.05622380668934329,False,1,6,False,False
q10,19.10059206917013,0.06336769238143967,False,1,6,False,False
q10,18.807228765096205,0.05372339701991515,False,2,7,False,False
q10,18.322742243385022,0.05289521263669244,False,2,7,False,False
q10,18.73546443379631,0.051608701045222256,True,2,7,False,False
q10,19.37478327692246,0.05175221110618895,False,2,7,False,False
q10,19.37478327692246,0.05175221110618895,False,2,7,False,False
q10,19.37478327692246,0.05175221110618895,False,2,7,False,False
q10,18.83401439328881,0.051322043822936626,True,2,6,False,False
q10,19.13789850028581,0.05117889667539043,True,2,5,False,False
q10,18.547737261047985,0.05175148554809018,False,2,7,False,False
q10,18.547737261047985,0.05175148554809018,False,2,7,False,False
q10,18.547737261047985,0.05175148554809018,False,2,7,False,False
q10,19.65968487370475,0.05105308043906211,False,2,7,False,False
q10,19.65968487370475,0.05105308043906211,False,2,7,False,False
q10,19.65968487370475,0.05105308043906211,False,2,7,False,False
q10,18.547737261047985,0.05175148554809018,False,2,6,False,False
q10,19.026549753010695,0.051384135651136996,False,2,5,False,False
q10,21.230392005335226,0.051411808092604386,False,2,7,False,False
q10,20.82879908170033,0.04993229910336244,False,2,7,False,False
q10,18.547737261047985,0.05175148554809018,False,2,7,False,False
q10,18.547737261047985,0.05175148554809018,False,2,7,False,False
q10,20.691800710497795,0.06411228829785733,False,2,6,False,False
q10,18.850462879348733,0.05577559420950033,False,2,6,False,False
q10,19.453187688031107,0.05421730687193093,False,2,5,False,False
q10,20.15963590108691,0.052742125411683674,False,2,6,False,False
q10,18.03088528572532,0.060285829719439486,False,2,7,False,False
q10,18.03088528572532,0.060285829719439486,False,2,7,False,False
q10,18.547737261047985,0.05175148554809018,False,2,7,False,False
q10,18.547737261047985,0.05175148554809018,False,2,7,False,False
q10,18.547737261047985,0.05175148554809018,False,2,7,False,False
q10,18.547737261047985,0.05175148554809018,False,2,7,False,False
q10,18.547737261047985,0.05175148554809018,False,2,7,False,False
q10,18.547737261047985,0.05175148554809018,False,2,7,False,False
q10,18.547737261047985,0.05175148554809018,False,2,7,False,False
q10,18.547737261047985,0.05175148554809018,False,2,7,False,False
q10,18.547737261047985,0.05175148554809018,False,2,7,False,False
q10,18.547737261047985,0.05175148554809018,False,2,7,False,False
q10,18.547737261047985,0.05175148554809018,False,2,7,False,False
q10,18.547737261047985,0.05175148554809018,False,2,7,False,False
q10,18.547737261047985,0.05175148554809018,False,2,7,False,False
q10,18.547737261047985,0.05175148554809018,True,2,7,False,False
q10,19.153982028880314,0.050353020776248855,True,2,6,True,False
q10,20.592984707486213,0.04928008426802869,False,2,5,False,False
q10,23.470990064698004,0.048743714870718595,False,2,6,False,False
q10,29.22700077912159,0.04847572788566352,False,2,6,False,False
q10,18.254605354751632,0.05426165807043306,True,2,6,False,False
q10,19.4045843717604,0.05103254641395758,False,2,5,False,False
q10,21.08821378228304,0.05067313487011712,False,2,6,False,False
q10,24.214954116110803,0.05049354514464856,False,2,6,False,False
q10,18.64946454509204,0.052465770929979706,False,2,7,False,False
q10,18.99379382155523,0.052322623800874345,False,2,6,False,False
q10,18.322742243385022,0.05289521263669244,False,2,8,False,False
q10,18.322742243385022,0.05289521263669244,False,2,8,False,False
q10,18.322742243385022,0.05289521263669244,False,2,8,False,False
q10,19.43468985604179,0.05219680752766436,False,2,8,False,False
q10,19.43468985604179,0.05219680752766436,False,2,8,False,False
q10,19.43468985604179,0.05219680752766436,False,2,8,False,False
q10,18.322742243385022,0.05289521263669244,False,2,7,False,False
q10,18.801554735347736,0.05252786273973925,False,2,6,False,False
q10,21.005446427740086,0.05255553518120665,False,2,8,False,False
q10,20.603853504105185,0.051076026191964705,False,2,8,False,False
q10,18.322742243385022,0.05289521263669244,False,2,8,False,False
q10,18.322742243385022,0.05289521263669244,False,2,8,False,False
q10,20.466805692834836,0.06525624745605474,False,2,7,False,False
q10,18.62557483652511,0.05691955336769775,False,2,7,False,False
q10,19.228192670368145,0.05536103396053319,False,2,6,False,False
q10,19.934647221591906,0.053886084569881094,False,2,7,False,False
q10,17.805997242901697,0.06142955680804175,False,2,8,False,False
q10,17.805997242901697,0.06142955680804175,False,2,8,False,False
q10,18.322742243385022,0.05289521263669244,False,2,8,False,False
q10,18.322742243385022,0.05289521263669244,False,2,8,False,False
q10,18.322742243385022,0.05289521263669244,False,2,8,False,False
q10,18.322742243385022,0.05289521263669244,False,2,8,False,False
q10,18.322742243385022,0.05289521263669244,False,2,8,False,False
q10,18.322742243385022,0.05289521263669244,False,2,8,False,False
q10,18.322742243385022,0.05289521263669244,False,2,8,False,False
q10,18.322742243385022,0.05289521263669244,False,2,8,False,False
q10,18.322742243385022,0.05289521263669244,False,2,8,False,False
q10,18.322742243385022,0.05289521263669244,False,2,8,False,False
q10,18.322742243385022,0.05289521263669244,False,2,8,False,False
q10,18.322742243385022,0.05289521263669244,False,2,8,False,False
q10,18.322742243385022,0.05289521263669244,False,2,8,False,False
q10,18.322742243385022,0.05289521263669244,False,2,8,False,False
q10,18.92898701121735,0.05149674786485111,False,2,7,False,False
q10,20.36798968982325,0.050423811356630946,False,2,6,False,False
q10,23.24599504703504,0.049887441959320857,False,2,7,False,False
q10,29.002005761458626,0.04961945497426577,False,2,7,False,False
q10,18.02961033708867,0.05540561722863048,False,2,7,False,False
q10,19.179589354097438,0.052176273502559836,False,2,6,False,False
q10,20.86321876462008,0.051816861958719374,False,2,7,False,False
q10,23.98995909844784,0.05163727223325081,False,2,7,False,False
q10,18.322742243385022,0.05289521263669244,True,2,7,False,False
q10,18.824402374818465,0.052731379291182136,False,2,6,False,False
q10,19.87993371684353,0.0526495044324589,False,2,7,False,False
q10,22.43517414238788,0.052608650631161095,False,2,7,False,False
q10,20.001027986882942,0.05736753377794555,False,1,7,False,False
q10,18.875597051507167,0.06451141947004192,False,1,7,False,False
q10,21.752252608769087,0.05252228278351852,False,2,2,False,False
q10,22.078974910476106,0.05209284107680579,False,2,2,False,False
q10,21.752252608769087,0.05252228278351852,False,2,3,False,False
q10,21.752252608769087,0.05252228278351852,False,2,3,False,False
q10,21.752252608769087,0.05252228278351852,False,2,3,False,False
q10,22.38538772946314,0.052191227571443635,False,2,3,False,False
q10,22.38538772946314,0.052191227571443635,False,2,3,False,False
q10,22.38538772946314,0.052191227571443635,False,2,3,False,False
q10,21.273440116806373,0.052889632680471706,False,2,3,False,False
q10,21.273440116806373,0.052889632680471706,False,2,3,False,False
q10,23.30349787812952,0.052326711708723765,False,2,4,False,False
q10,22.915579531280898,0.05084720271948182,False,2,4,False,False
q10,21.273440116806373,0.052889632680471706,False,2,4,False,False
q10,21.273440116806373,0.052889632680471706,False,2,4,False,False
q10,22.495177939368237,0.06281308666734027,False,2,4,False,False
q10,20.60553248168452,0.054297525123027136,False,2,4,False,False
q10,20.36798968982325,0.050423811356630946,False,2,4,False,False
q10,22.044626135695918,0.05106608239705426,False,2,4,False,False
q10,19.84963415825772,0.05895815552798025,False,2,5,False,False
q10,19.84963415825772,0.05895815552798025,False,2,5,False,False
q10,20.36798968982325,0.050423811356630946,False,2,5,False,False
q10,20.36798968982325,0.050423811356630946,False,2,5,False,False
q10,20.36798968982325,0.050423811356630946,False,2,5,False,False
q10,20.36798968982325,0.050423811356630946,False,2,5,False,False
q10,20.36798968982325,0.050423811356630946,False,2,5,False,False
q10,20.36798968982325,0.050423811356630946,False,2,5,False,False
q10,20.36798968982325,0.050423811356630946,False,2,5,False,False
q10,20.36798968982325,0.050423811356630946,False,2,5,False,False
q10,20.36798968982325,0.050423811356630946,False,2,5,False,False
q10,20.36798968982325,0.050423811356630946,False,2,5,False,False
q10,20.36798968982325,0.050423811356630946,False,2,5,False,False
q10,20.36798968982325,0.050423811356630946,False,2,5,False,False
q10,20.36798968982325,0.050423811356630946,False,2,5,False,False
q10,20.36798968982325,0.050423811356630946,False,2,5,False,False
q10,19.179589354097438,0.052176273502559836,False,2,5,False,False
q10,23.24599504703504,0.049887441959320857,False,2,5,False,False
q10,29.002005761458626,0.04961945497426577,False,2,5,False,False
q10,19.008220660865423,0.054702961510710905,False,2,6,False,False
q10,20.86321876462008,0.051816861958719374,False,2,6,False,False
q10,23.98995909844784,0.05163727223325081,False,2,6,False,False
q10,18.279060027463135,0.054964716101500596,False,2,7,False,False
q10,20.44095734404184,0.05460658662048739,False,2,7,False,False
q10,23.10175404136948,0.05456539036933027,False,2,7,False,False
q10,19.687380652900007,0.0598929801756695,False,1,7,False,False
q10,18.567093878746,0.06654850963567188,False,1,7,False,False
q10,18.514096858799853,0.05623380161222886,False,2,7,False,False
q10,18.442332527499957,0.05412042381351257,False,2,7,False,False
q10,19.08165137062611,0.0542687006476036,False,2,7,False,False
q10,19.08165137062611,0.0542687006476036,False,2,7,False,False
q10,19.08165137062611,0.0542687006476036,False,2,7,False,False
q10,18.35633263879569,0.05497135073366613,False,2,7,False,False
q10,18.700661915258877,0.05482659534377771,False,2,6,False,False
q10,18.02961033708867,0.05540561722863048,False,2,8,False,False
q10,18.02961033708867,0.05540561722863048,False,2,8,False,False
q10,18.02961033708867,0.05540561722863048,False,2,8,False,False
q10,19.141557949745437,0.05470341041181794,False,2,8,False,False
q10,19.141557949745437,0.05470341041181794,False,2,8,False,False
q10,19.141557949745437,0.05470341041181794,False,2,8,False,False
q10,18.02961033708867,0.05540561722863048,False,2,7,False,False
q10,18.508422829051383,0.055034747604273695,False,2,6,False,False
q10,21.321070827858424,0.055158734825063054,False,2,8,False,False
q10,20.919477904223523,0.0536772073376638,False,2,8,False,False
q10,18.02961033708867,0.05540561722863048,False,2,8,False,False
q10,18.02961033708867,0.05540561722863048,False,2,8,False,False
q10,20.137888852523083,0.06689520817154636,False,2,7,False,False
q10,18.343594295471704,0.05867992008405081,False,2,7,False,False
q10,18.935060764071793,0.05787251449340267,False,2,6,False,False
q10,19.651017654592398,0.055646451286234154,False,2,7,False,False
q10,17.51125480552314,0.0641197763041389,False,2,8,False,False
q10,17.51125480552314,0.0641197763041389,False,2,8,False,False
q10,18.02961033708867,0.05540561722863048,False,2,8,False,False
q10,18.02961033708867,0.05540561722863048,False,2,8,False,False
q10,18.02961033708867,0.05540561722863048,False,2,8,False,False
q10,18.02961033708867,0.05540561722863048,False,2,8,False,False
q10,18.02961033708867,0.05540561722863048,False,2,8,False,False
q10,18.02961033708867,0.05540561722863048,False,2,8,False,False
q10,18.02961033708867,0.05540561722863048,False,2,8,False,False
q10,18.02961033708867,0.05540561722863048,False,2,8,False,False
q10,18.02961033708867,0.05540561722863048,False,2,8,False,False
q10,18.02961033708867,0.05540561722863048,False,2,8,False,False
q10,18.02961033708867,0.05540561722863048,False,2,8,False,False
q10,18.02961033708867,0.05540561722863048,False,2,8,False,False
q10,18.02961033708867,0.05540561722863048,False,2,8,False,False
q10,18.02961033708867,0.05540561722863048,True,2,8,False,False
q10,18.92898701121735,0.05149674786485111,False,2,7,False,False
q10,20.36798968982325,0.050423811356630946,False,2,6,False,False
q10,23.24599504703504,0.049887441959320857,False,2,7,False,False
q10,29.002005761458626,0.04961945497426577,False,2,7,False,False
q10,19.84963415825772,0.05895815552798025,False,2,6,False,False
q10,19.84963415825772,0.05895815552798025,False,2,6,False,False
q10,19.84963415825772,0.05895815552798025,False,2,6,False,False
q10,19.84963415825772,0.05895815552798025,False,2,6,False,False
q10,19.84963415825772,0.05895815552798025,False,2,6,False,False
q10,19.84963415825772,0.05895815552798025,False,2,6,False,False
q10,19.84963415825772,0.05895815552798025,False,2,6,False,False
q10,19.84963415825772,0.05895815552798025,False,2,6,False,False
q10,19.84963415825772,0.05895815552798025,False,2,6,False,False
q10,19.84963415825772,0.05895815552798025,False,2,6,False,False
q10,19.84963415825772,0.05895815552798025,False,2,6,False,False
q10,19.84963415825772,0.05895815552798025,False,2,6,False,False
q10,20.59417749339661,0.061933954615265775,False,2,6,False,False
q10,20.59417749339661,0.061933954615265775,False,2,6,False,False
q10,18.661233822531905,0.06071061767390915,False,2,6,False,False
q10,19.192316563108765,0.059312152902067816,False,2,6,False,False
q10,22.727639515469512,0.05842178613067016,False,2,6,False,False
q10,28.483650229893094,0.05815379914561509,False,2,6,False,False
q10,18.489865129299893,0.06341712058621932,False,2,7,False,False
q10,18.310816580391943,0.061265723462531445,False,2,7,False,False
q10,20.34486323305455,0.06035120613006869,False,2,7,False,False
q10,23.471603566882315,0.06017161640460012,False,2,7,False,False
q10,17.805997242901697,0.06142955680804175,False,2,8,False,False
q10,19.366347922417013,0.06118384860380821,False,2,8,False,False
q10,21.91681861082235,0.06114299480251041,False,2,8,False,False
q10,19.48744219245642,0.06590187188379107,False,1,8,False,False
q10,18.35081949519723,0.07745679895152352,False,1,8,False,False
q10,18.290301031967754,0.06225774119126446,False,2,8,False,False
q10,18.219408131429255,0.060143045216571565,False,2,8,False,False
q10,18.860046862294197,0.06028655527753827,False,2,8,False,False
q10,18.860046862294197,0.06028655527753827,False,2,8,False,False
q10,18.860046862294197,0.06028655527753827,False,2,8,False,False
q10,18.131109013526512,0.061000115101329015,False,2,8,False,False
q10,18.4754382899897,0.060856967972223654,False,2,7,False,False
q10,17.805997242901697,0.06142955680804175,False,2,9,False,False
q10,17.805997242901697,0.06142955680804175,False,2,9,False,False
q10,17.805997242901697,0.06142955680804175,False,2,9,False,False
q10,18.91633432447626,0.06073115169901367,False,2,9,False,False
q10,18.91633432447626,0.06073115169901367,False,2,9,False,False
q10,18.91633432447626,0.06073115169901367,False,2,9,False,False
q10,17.805997242901697,0.06142955680804175,False,2,8,False,False
q10,18.283199203782207,0.06106220691108856,False,2,7,False,False
q10,20.510872798666085,0.061089879352555956,False,2,9,False,False
q10,20.109279875031184,0.059610370363314014,False,2,9,False,False
q10,17.805997242901697,0.06142955680804175,False,2,9,False,False
q10,17.805997242901697,0.06142955680804175,False,2,9,False,False
q10,18.584064476151116,0.09674953860132071,False,2,8,False,False
q10,17.795439972260233,0.1156486593742749,False,2,8,False,False
q10,18.97383003974121,0.08054814831219746,False,2,7,False,False
q10,19.934647221591906,0.053886084569881094,False,2,8,False,False
q10,17.805997242901697,0.06142955680804175,False,2,9,False,False
q10,17.805997242901697,0.06142955680804175,False,2,9,False,False
q10,17.805997242901697,0.06142955680804175,False,2,9,False,False
q10,17.805997242901697,0.06142955680804175,False,2,9,False,False
q10,17.805997242901697,0.06142955680804175,False,2,9,False,False
q10,17.805997242901697,0.06142955680804175,False,2,9,False,False
q10,17.805997242901697,0.06142955680804175,False,2,9,False,False
q10,17.805997242901697,0.06142955680804175,False,2,9,False,False
q10,17.805997242901697,0.06142955680804175,False,2,9,False,False
q10,17.805997242901697,0.06142955680804175,False,2,9,False,False
q10,17.805997242901697,0.06142955680804175,False,2,9,False,False
q10,17.805997242901697,0.06142955680804175,True,2,9,False,False
q10,18.151060749395686,0.06454733758693275,False,2,9,False,False
q10,18.151060749395686,0.06454733758693275,False,2,9,False,False
q10,18.410631479651823,0.06003109203620041,False,2,8,False,False
q10,19.84963415825772,0.05895815552798025,False,2,7,False,False
q10,22.727639515469512,0.05842178613067016,False,2,8,False,False
q10,28.483650229893094,0.05815379914561509,False,2,8,False,False
q10,18.661233822531905,0.06071061767390915,False,2,7,False,False
q10,20.34486323305455,0.06035120613006869,False,2,8,False,False
q10,23.471603566882315,0.06017161640460012,False,2,8,False,False
q10,17.760704495897606,0.06363329536373422,False,2,8,False,False
q10,19.922601812476316,0.06332074569599581,False,2,8,False,False
q10,22.583398509803953,0.0632795494448387,False,2,8,False,False
q10,19.169025121334478,0.0686071329174366,False,1,8,False,False
q10,18.038688893141423,0.07942281707758583,False,1,8,False,False
q10,17.995741327234324,0.06494796068773728,False,2,8,False,False
q10,17.736249823186103,0.0629758171459415,True,2,7,False,False
q10,17.923976995934428,0.062834582889021,False,2,8,False,False
q10,18.56329583906058,0.06298285972311202,False,2,8,False,False
q10,18.56329583906058,0.06298285972311202,False,2,8,False,False
q10,18.56329583906058,0.06298285972311202,False,2,8,False,False
q10,17.83797710723016,0.06368550980917456,False,2,8,False,False
q10,18.182306383693348,0.06354075441928614,False,2,7,False,False
q10,17.51125480552314,0.0641197763041389,False,2,9,False,False
q10,17.51125480552314,0.0641197763041389,False,2,9,False,False
q10,17.51125480552314,0.0641197763041389,False,2,9,False,False
q10,18.623202418179908,0.06341756948732635,False,2,9,False,False
q10,18.623202418179908,0.06341756948732635,False,2,9,False,False
q10,18.623202418179908,0.06341756948732635,False,2,9,False,False
q10,17.51125480552314,0.0641197763041389,False,2,8,False,False
q10,17.990067297485854,0.06374890667978211,False,2,7,False,False
q10,20.826497198784423,0.06387289390057149,False,2,9,False,False
q10,20.424904275149522,0.06239136641317222,False,2,9,False,False
q10,17.51125480552314,0.0641197763041389,False,2,9,False,False
q10,17.51125480552314,0.0641197763041389,False,2,9,False,False
q10,18.147979662964637,0.09950559332108397,False,2,8,False,False
q10,17.51445574012198,0.117625834302817,False,2,8,False,False
q10,18.680698133444857,0.08339392253195416,False,2,7,False,False
q10,19.651017654592398,0.055646451286234154,False,2,8,False,False
q10,17.51125480552314,0.0641197763041389,False,2,9,False,False
q10,17.51125480552314,0.0641197763041389,False,2,9,False,False
q10,17.51125480552314,0.0641197763041389,False,2,9,False,False
q10,17.51125480552314,0.0641197763041389,False,2,9,False,False
q10,17.51125480552314,0.0641197763041389,False,2,9,False,False
q10,17.51125480552314,0.0641197763041389,False,2,9,False,False
q10,17.51125480552314,0.0641197763041389,False,2,9,False,False
q10,17.51125480552314,0.0641197763041389,False,2,9,False,False
q10,17.51125480552314,0.0641197763041389,False,2,9,False,False
q10,17.51125480552314,0.0641197763041389,False,2,9,False,False
q10,17.51125480552314,0.0641197763041389,False,2,9,False,False
q10,17.51125480552314,0.0641197763041389,True,2,9,False,False
q10,17.822143909083934,0.06627870660944825,False,2,9,False,False
q10,17.822143909083934,0.06627870660944825,False,2,9,False,False
q10,18.410631479651823,0.06003109203620041,False,2,8,False,False
q10,19.84963415825772,0.05895815552798025,False,2,7,False,False
q10,22.727639515469512,0.05842178613067016,False,2,8,False,False
q10,28.483650229893094,0.05815379914561509,False,2,8,False,False
q10,17.60324687910087,0.06626249244841453,False,2,8,False,False
q10,17.60324687910087,0.06626249244841453,False,2,9,False,False
q10,17.60324687910087,0.06626249244841453,False,2,9,False,False
q10,17.60324687910087,0.06626249244841453,False,2,9,False,False
q10,17.60324687910087,0.06626249244841453,False,2,9,False,False
q10,17.60324687910087,0.06626249244841453,False,2,9,False,False
q10,17.60324687910087,0.06626249244841453,False,2,9,False,False
q10,17.60324687910087,0.06626249244841453,False,2,9,False,False
q10,17.60324687910087,0.06626249244841453,False,2,9,False,False
q10,17.60324687910087,0.06626249244841453,False,2,9,False,False
q10,17.60324687910087,0.06626249244841453,False,2,9,False,False
q10,17.60324687910087,0.06626249244841453,False,2,9,False,False
q10,17.60324687910087,0.06626249244841453,False,2,9,False,False
q10,17.94822738701769,0.06938027322730553,False,2,9,False,False
q10,17.94822738701769,0.06938027322730553,False,2,9,False,False
q10,18.207798117273825,0.0648640276765732,False,2,8,False,False
q10,19.646800795879724,0.06379109116835303,False,2,7,False,False
q10,22.524806153091514,0.06325472177104294,False,2,8,False,False
q10,28.2808168675151,0.06298673478598786,False,2,8,False,False
q10,17.308421443145143,0.06895378776224911,False,2,8,False,False
q10,18.45840046015391,0.06554355331428194,False,2,7,False,False
q10,20.142029870676552,0.06518414177044148,False,2,8,False,False
q10,23.268770204504314,0.0650045520449729,False,2,8,False,False
q10,17.55787113351961,0.068466231004107,False,2,8,False,False
q10,18.287031766921896,0.06825113204432955,False,2,7,False,False
q10,19.719768450098314,0.06815475715410603,False,2,8,False,False
q10,22.380565147425955,0.06811356090294891,False,2,8,False,False
q10,18.96619175895648,0.07344114189714354,False,1,8,False,False
q10,18.128245279308807,0.08443857764254006,False,1,8,False,False
q10,17.792907964856326,0.0697819721458475,False,2,8,False,False
q10,17.533416460808102,0.0678098286040517,False,2,7,False,False
q10,17.721143633556427,0.06766859434713121,False,2,8,False,False
q10,18.360462476682578,0.06781687118122225,False,2,8,False,False
q10,18.360462476682578,0.06781687118122225,False,2,8,False,False
q10,18.360462476682578,0.06781687118122225,False,2,8,False,False
q10,17.63514374485216,0.06851952126728478,False,2,8,False,False
q10,17.97947302131535,0.06837476587739635,False,2,7,False,False
q10,17.308421443145143,0.06895378776224911,False,2,9,False,False
q10,17.308421443145143,0.06895378776224911,False,2,9,False,False
q10,17.308421443145143,0.06895378776224911,False,2,9,False,False
q10,18.42036905580191,0.06825158094543658,False,2,9,False,False
q10,18.42036905580191,0.06825158094543658,False,2,9,False,False
q10,18.42036905580191,0.06825158094543658,False,2,9,False,False
q10,17.308421443145143,0.06895378776224911,False,2,8,False,False
q10,17.787233935107853,0.06858291813789234,False,2,7,False,False
q10,20.618689040188187,0.0687069053586817,False,2,9,False,False
q10,20.217096116553286,0.06722537787128244,False,2,9,False,False
q10,17.308421443145143,0.06895378776224911,False,2,9,False,False
q10,17.308421443145143,0.06895378776224911,False,2,9,False,False
q10,18.453232263954327,0.07569972848188396,False,2,8,False,False
q10,18.376589779095507,0.06658667243355774,False,2,7,False,False
q10,19.651017654592398,0.055646451286234154,False,2,8,False,False
q10,17.308421443145143,0.06895378776224911,False,2,9,False,False
q10,17.308421443145143,0.06895378776224911,False,2,9,False,False
q10,17.308421443145143,0.06895378776224911,False,2,9,False,False
q10,17.308421443145143,0.06895378776224911,False,2,9,False,False
q10,17.308421443145143,0.06895378776224911,False,2,9,False,False
q10,17.308421443145143,0.06895378776224911,False,2,9,False,False
q10,17.308421443145143,0.06895378776224911,False,2,9,False,False
q10,17.308421443145143,0.06895378776224911,False,2,9,False,False
q10,17.308421443145143,0.06895378776224911,False,2,9,False,False
q10,17.308421443145143,0.06895378776224911,False,2,9,False,False
q10,17.308421443145143,0.06895378776224911,False,2,9,False,False
q10,17.308421443145143,0.06895378776224911,True,2,9,False,False
q10,17.619310546705936,0.07111271806755846,False,2,9,False,False
q10,17.619310546705936,0.07111271806755846,False,2,9,False,False
q10,18.207798117273825,0.0648640276765732,False,2,8,False,False
q10,19.646800795879724,0.06379109116835303,False,2,7,False,False
q10,22.524806153091514,0.06325472177104294,False,2,8,False,False
q10,28.2808168675151,0.06298673478598786,False,2,8,False,False
q11,6.334435226560513,0.0016037295695290367,False,3,0,False,True
q11,6.393656690733432,0.0016095832199075914,False,2,0,False,False
q11,6.270522645782361,0.0016013989397770949,False,2,0,False,False
q11,6.669658527638533,0.005317167252890502,False,1,0,False,False
q11,6.270522645782361,0.0016013989397770949,False,2,1,False,False
q11,6.270522645782361,0.0016013989397770949,False,2,1,False,False
q11,6.270522645782361,0.0016013989397770949,False,2,1,False,False
q11,6.270522645782361,0.0016013989397770949,False,2,1,False,False
q11,6.270522645782361,0.0016013989397770949,False,2,1,False,False
q11,6.270522645782361,0.0016013989397770949,False,2,1,False,False
q11,6.270522645782361,0.0016013989397770949,False,2,1,False,False
q11,6.270522645782361,0.0016013989397770949,False,2,1,False,False
q11,6.270522645782361,0.0016013989397770949,False,2,1,False,False
q11,6.270522645782361,0.0016013989397770949,False,2,1,False,False
q11,6.270522645782361,0.0016013989397770949,False,2,1,False,False
q11,6.270522645782361,0.0016013989397770949,False,2,1,False,False
q11,6.270522645782361,0.0016013989397770949,False,2,1,False,False
q11,6.270522645782361,0.0016013989397770949,False,2,1,False,False
q11,6.270522645782361,0.0016013989397770949,False,2,1,False,False
q11,6.270522645782361,0.0016013989397770949,False,2,1,False,False
q11,6.270522645782361,0.0016013989397770949,False,2,1,False,False
q11,6.270522645782361,0.0016013989397770949,False,2,1,False,False
q11,6.270522645782361,0.0016013989397770949,False,2,1,False,False
q11,6.270522645782361,0.0016013989397770949,False,2,1,False,False
q11,6.270522645782361,0.0016013989397770949,False,2,1,False,False
q11,6.270522645782361,0.0016013989397770949,False,2,1,False,False
q11,6.270522645782361,0.0016013989397770949,False,2,1,False,False
q11,6.270522645782361,0.0016013989397770949,False,2,1,False,False
q11,6.270522645782361,0.0016013989397770949,False,2,1,False,False
q11,6.270522645782361,0.0016013989397770949,False,2,1,False,False
q11,6.270522645782361,0.0016013989397770949,False,2,1,False,False
q11,6.270522645782361,0.0016013989397770949,False,2,1,False,False
q11,6.270522645782361,0.0016013989397770949,False,2,1,False,False
q11,6.270522645782361,0.0016013989397770949,False,2,1,False,False
q11,6.270522645782361,0.0016013989397770949,False,2,1,False,False
q11,6.270522645782361,0.0016013989397770949,False,2,1,False,False
q11,6.270522645782361,0.0016013989397770949,False,2,1,False,False
q11,6.270522645782361,0.0016013989397770949,False,2,1,False,False
q11,6.270522645782361,0.0016013989397770949,False,2,1,False,False
q11,6.270522645782361,0.0016013989397770949,False,2,1,False,False
q11,6.82298457513179,0.002819939992576804,False,2,1,False,False
q11,6.112276967705078,0.002040226017669929,False,2,1,False,False
q11,6.914646957140912,0.001381985415368043,False,2,1,False,False
q11,6.914646957140912,0.001381985415368043,False,2,1,False,False
q11,6.914646957140912,0.001381985415368043,False,2,1,False,False
q11,6.914646957140912,0.001381985415368043,False,2,1,False,False
q11,6.093729777783607,0.0015030481572552866,False,2,2,False,False
q11,6.401573720042597,0.0014122509686717106,False,2,2,False,False
q11,6.914646957140912,0.001381985415368043,False,2,2,False,False
q11,6.914646957140912,0.001381985415368043,False,2,2,False,False
q11,6.914646957140912,0.001381985415368043,False,2,2,False,False
q11,6.914646957140912,0.001381985415368043,False,2,2,False,False
q11,6.914646957140912,0.001381985415368043,False,2,2,False,False
q11,6.914646957140912,0.001381985415368043,False,2,2,False,False
q11,6.914646957140912,0.001381985415368043,False,2,2,False,False
q11,6.914646957140912,0.001381985415368043,False,2,2,False,False
q11,6.914646957140912,0.001381985415368043,False,2,2,False,False
q11,6.914646957140912,0.001381985415368043,False,2,2,False,False
q11,6.914646957140912,0.001381985415368043,False,2,2,False,False
q11,6.914646957140912,0.001381985415368043,False,2,2,False,False
q11,6.914646957140912,0.001381985415368043,False,2,2,False,False
q11,6.914646957140912,0.001381985415368043,False,2,2,False,False
q11,6.914646957140912,0.001381985415368043,False,2,2,False,False
q11,6.914646957140912,0.001381985415368043,False,2,2,False,False
q11,6.914646957140912,0.001381985415368043,False,2,2,False,False
q11,6.914646957140912,0.001381985415368043,False,2,2,False,False
q11,6.914646957140912,0.001381985415368043,False,2,2,False,False
q11,6.914646957140912,0.001381985415368043,False,2,2,False,False
q11,6.914646957140912,0.001381985415368043,False,2,2,False,False
q11,6.914646957140912,0.001381985415368043,False,2,2,False,False
q11,6.914646957140912,0.001381985415368043,False,2,2,False,False
q11,6.914646957140912,0.001381985415368043,False,2,2,False,False
q11,6.914646957140912,0.001381985415368043,False,2,2,False,False
q11,6.914646957140912,0.001381985415368043,False,2,2,False,False
q11,6.914646957140912,0.001381985415368043,False,2,2,False,False
q11,6.914646957140912,0.001381985415368043,False,2,2,False,False
q11,6.914646957140912,0.001381985415368043,False,2,2,False,False
q11,6.914646957140912,0.001381985415368043,False,2,2,False,False
q11,6.914646957140912,0.001381985415368043,False,2,2,False,False
q11,6.914646957140912,0.001381985415368043,False,2,2,False,False
q11,6.914646957140912,0.001381985415368043,False,2,2,False,False
q11,6.914646957140912,0.001381985415368043,False,2,2,False,False
q11,6.914646957140912,0.001381985415368043,False,2,2,False,False
q11,6.914646957140912,0.001381985415368043,False,2,2,False,False
q11,6.914646957140912,0.001381985415368043,False,2,2,False,False
q11,6.914646957140912,0.001381985415368043,False,2,2,False,False
q11,6.914646957140912,0.001381985415368043,False,2,2,False,False
q11,6.914646957140912,0.001381985415368043,False,2,2,False,False
q11,6.914646957140912,0.001381985415368043,False,2,2,False,False
q11,6.914646957140912,0.001381985415368043,False,2,2,False,False
q11,6.914646957140912,0.001381985415368043,False,2,2,False,False
q11,6.914646957140912,0.001381985415368043,False,2,2,False,False
q11,6.914646957140912,0.001381985415368043,False,2,2,False,False
q11,6.914646957140912,0.001381985415368043,False,2,2,False,False
q11,6.9626261892689065,0.0013874323941790946,False,1,1,False,False
q11,6.978559537919065,0.0013843160673585925,False,3,1,False,False
q11,8.533084342595764,0.0038220718377998007,False,1,1,False,False
q11,6.914646957140912,0.001381985415368043,False,2,2,False,False
q11,6.914646957140912,0.001381985415368043,False,2,2,False,False
q11,6.914646957140912,0.001381985415368043,False,2,2,False,False
q11,6.914646957140912,0.001381985415368043,False,2,2,False,False
q11,6.914646957140912,0.001381985415368043,False,2,2,False,False
q11,6.914646957140912,0.001381985415368043,False,2,2,False,False
q11,6.914646957140912,0.001381985415368043,False,2,2,False,False
q11,6.914646957140912,0.001381985415368043,False,2,2,False,False
q11,6.914646957140912,0.001381985415368043,False,2,2,False,False
q11,6.914646957140912,0.001381985415368043,False,2,2,False,False
q11,6.914646957140912,0.001381985415368043,False,2,2,False,False
q11,6.914646957140912,0.001381985415368043,False,2,2,False,False
q11,6.914646957140912,0.001381985415368043,False,2,2,False,False
q11,6.914646957140912,0.001381985415368043,False,2,2,False,False
q11,6.914646957140912,0.001381985415368043,False,2,2,False,False
q11,6.914646957140912,0.001381985415368043,False,2,2,False,False
q11,6.914646957140912,0.001381985415368043,False,2,2,False,False
q11,6.914646957140912,0.001381985415368043,False,2,2,False,False
q11,6.914646957140912,0.001381985415368043,False,2,2,False,False
q11,6.914646957140912,0.001381985415368043,False,2,2,False,False
q11,6.914646957140912,0.001381985415368043,False,2,2,False,False
q11,6.914646957140912,0.001381985415368043,False,2,2,False,False
q11,6.914646957140912,0.001381985415368043,False,2,2,False,False
q11,6.914646957140912,0.001381985415368043,False,2,2,False,False
q11,6.914646957140912,0.001381985415368043,False,2,2,False,False
q11,6.914646957140912,0.001381985415368043,False,2,2,False,False
q11,6.914646957140912,0.001381985415368043,False,2,2,False,False
q11,6.914646957140912,0.001381985415368043,False,2,2,False,False
q11,6.914646957140912,0.001381985415368043,False,2,2,False,False
q11,6.914646957140912,0.001381985415368043,False,2,2,False,False
q11,6.914646957140912,0.001381985415368043,False,2,2,False,False
q11,6.914646957140912,0.001381985415368043,False,2,2,False,False
q11,6.914646957140912,0.001381985415368043,False,2,2,False,False
q11,6.914646957140912,0.001381985415368043,False,2,2,False,False
q11,6.914646957140912,0.001381985415368043,False,2,2,False,False
q11,6.914646957140912,0.001381985415368043,True,2,2,False,False
q11,6.722749675871421,0.005322774245005032,False,0,0,False,False
q11,6.733571108416685,0.005319497896422744,False,2,0,False,False
q11,6.290061945549751,0.001489547635542314,False,2,3,False,False
q11,6.290061945549751,0.001489547635542314,True,2,3,False,False
q11,6.401573720042597,0.0014122509686717106,False,2,3,False,False
q11,6.401573720042597,0.0014122509686717106,False,2,3,False,False
q11,6.401573720042597,0.0014122509686717106,False,2,3,False,False
q11,6.401573720042597,0.0014122509686717106,False,2,3,False,False
q11,6.401573720042597,0.0014122509686717106,False,2,3,False,False
q11,6.401573720042597,0.0014122509686717106,False,2,3,False,False
q11,6.401573720042597,0.0014122509686717106,False,2,3,False,False
q11,6.401573720042597,0.0014122509686717106,False,2,3,False,False
q11,6.401573720042597,0.0014122509686717106,False,2,3,False,False
q11,6.401573720042597,0.0014122509686717106,False,2,3,False,False
q11,6.401573720042597,0.0014122509686717106,False,2,3,False,False
q11,6.401573720042597,0.0014122509686717106,False,2,3,False,False
q11,6.401573720042597,0.0014122509686717106,False,2,3,False,False
q11,6.401573720042597,0.0014122509686717106,False,2,3,False,False
q11,6.401573720042597,0.0014122509686717106,False,2,3,False,False
q11,6.401573720042597,0.0014122509686717106,False,2,3,False,False
q11,6.401573720042597,0.0014122509686717106,False,2,3,False,False
q11,6.401573720042597,0.0014122509686717106,False,2,3,False,False
q11,6.401573720042597,0.0014122509686717106,False,2,3,False,False
q11,6.401573720042597,0.0014122509686717106,False,2,3,False,False
q11,6.401573720042597,0.0014122509686717106,False,2,3,False,False
q11,6.401573720042597,0.0014122509686717106,False,2,3,False,False
q11,6.401573720042597,0.0014122509686717106,False,2,3,False,False
q11,6.401573720042597,0.0014122509686717106,False,2,3,False,False
q11,6.401573720042597,0.0014122509686717106,False,2,3,False,False
q11,6.401573720042597,0.0014122509686717106,False,2,3,False,False
q11,6.401573720042597,0.0014122509686717106,False,2,3,False,False
q11,6.401573720042597,0.0014122509686717106,False,2,3,False,False
q11,6.401573720042597,0.0014122509686717106,False,2,3,False,False
q11,6.401573720042597,0.0014122509686717106,False,2,3,False,False
q11,6.401573720042597,0.0014122509686717106,False,2,3,False,False
q11,6.401573720042597,0.0014122509686717106,False,2,3,False,False
q11,6.401573720042597,0.0014122509686717106,False,2,3,False,False
q11,6.401573720042597,0.0014122509686717106,False,2,3,False,False
q11,6.401573720042597,0.0014122509686717106,False,2,3,False,False
q11,6.401573720042597,0.0014122509686717106,False,2,3,False,False
q11,6.401573720042597,0.0014122509686717106,False,2,3,False,False
q11,6.401573720042597,0.0014122509686717106,False,2,3,False,False
q11,6.401573720042597,0.0014122509686717106,False,2,3,False,False
q11,6.401573720042597,0.0014122509686717106,False,2,3,False,False
q11,6.450968199063391,0.0014176954671859436,False,1,2,False,False
q11,6.465486300820749,0.0014145816029482348,False,3,2,False,False
q11,8.533084342595764,0.0038220718377998007,False,1,2,False,False
q11,6.401573720042597,0.0014122509686717106,False,2,3,False,False
q11,6.401573720042597,0.0014122509686717106,False,2,3,False,False
q11,6.401573720042597,0.0014122509686717106,False,2,3,False,False
q11,6.401573720042597,0.0014122509686717106,False,2,3,False,False
q11,6.401573720042597,0.0014122509686717106,False,2,3,False,False
q11,6.401573720042597,0.0014122509686717106,False,2,3,False,False
q11,6.401573720042597,0.0014122509686717106,False,2,3,False,False
q11,6.401573720042597,0.0014122509686717106,False,2,3,False,False
q11,6.401573720042597,0.0014122509686717106,False,2,3,False,False
q11,6.401573720042597,0.0014122509686717106,False,2,3,False,False
q11,6.401573720042597,0.0014122509686717106,False,2,3,False,False
q11,6.401573720042597,0.0014122509686717106,False,2,3,False,False
q11,6.401573720042597,0.0014122509686717106,False,2,3,False,False
q11,6.401573720042597,0.0014122509686717106,False,2,3,False,False
q11,6.401573720042597,0.0014122509686717106,False,2,3,False,False
q11,6.401573720042597,0.0014122509686717106,False,2,3,False,False
q11,6.401573720042597,0.0014122509686717106,False,2,3,False,False
q11,6.401573720042597,0.0014122509686717106,False,2,3,False,False
q11,6.401573720042597,0.0014122509686717106,False,2,3,False,False
q11,6.401573720042597,0.0014122509686717106,False,2,3,False,False
q11,6.401573720042597,0.0014122509686717106,False,2,3,False,False
q11,6.401573720042597,0.0014122509686717106,False,2,3,False,False
q11,6.401573720042597,0.0014122509686717106,False,2,3,False,False
q11,6.401573720042597,0.0014122509686717106,False,2,3,False,False
q11,6.401573720042597,0.0014122509686717106,False,2,3,False,False
q11,6.401573720042597,0.0014122509686717106,False,2,3,False,False
q11,6.401573720042597,0.0014122509686717106,False,2,3,False,False
q11,6.401573720042597,0.0014122509686717106,False,2,3,False,False
q11,6.401573720042597,0.0014122509686717106,False,2,3,False,False
q11,6.401573720042597,0.0014122509686717106,False,2,3,False,False
q11,6.401573720042597,0.0014122509686717106,False,2,3,False,False
q11,6.401573720042597,0.0014122509686717106,False,2,3,False,False
q11,6.401573720042597,0.0014122509686717106,False,2,3,False,False
q11,6.401573720042597,0.0014122509686717106,False,2,3,False,False
q11,6.401573720042597,0.0014122509686717106,False,2,3,False,False
q11,6.401573720042597,0.0014122509686717106,False,2,3,False,False
q11,5.927672890295489,0.0028502053817721727,False,2,2,False,False
q11,5.435387253004769,0.002070491500641468,False,2,2,False,False
q11,5.702843916150047,0.0016316644696367198,True,2,1,False,False
q11,6.401573720042597,0.0014122509686717106,False,2,2,False,False
q11,6.401573720042597,0.0014122509686717106,False,2,2,False,False
q11,6.401573720042597,0.0014122509686717106,True,2,2,False,False
q11,5.3622366783706585,0.0017224616441538698,False,2,1,False,False
q11,6.270522645782361,0.0016013989397770949,False,2,1,False,False
q11,6.270522645782361,0.0016013989397770949,False,2,1,False,False
q11,6.270522645782361,0.0016013989397770949,False,2,1,False,False
q11,6.270522645782361,0.0016013989397770949,False,2,1,False,False
q11,5.603188021843208,0.0020316488768302526,False,2,2,False,False
q11,5.330046029786059,0.0018770551348934014,True,2,2,False,False
q11,5.3622366783706585,0.0017224616441538698,False,2,2,False,False
q11,5.3622366783706585,0.0017224616441538698,False,2,2,False,False
q11,5.3622366783706585,0.0017224616441538698,False,2,2,False,False
q11,5.3622366783706585,0.0017224616441538698,False,2,2,False,False
q11,5.3622366783706585,0.0017224616441538698,False,2,2,False,False
q11,5.3622366783706585,0.0017224616441538698,False,2,2,False,False
q11,5.3622366783706585,0.0017224616441538698,False,2,2,False,False
q11,5.3622366783706585,0.0017224616441538698,False,2,2,False,False
q11,5.3622366783706585,0.0017224616441538698,False,2,2,False,False
q11,5.3622366783706585,0.0017224616441538698,False,2,2,False,False
q11,5.3622366783706585,0.0017224616441538698,False,2,2,False,False
q11,5.3622366783706585,0.0017224616441538698,False,2,2,False,False
q11,5.3622366783706585,0.0017224616441538698,False,2,2,False,False
q11,5.3622366783706585,0.0017224616441538698,False,2,2,False,False
q11,5.3622366783706585,0.0017224616441538698,False,2,2,False,False
q11,5.3622366783706585,0.0017224616441538698,False,2,2,False,False
q11,5.3622366783706585,0.0017224616441538698,False,2,2,False,False
q11,5.3622366783706585,0.0017224616441538698,False,2,2,False,False
q11,5.3622366783706585,0.0017224616441538698,False,2,2,False,False
q11,5.3622366783706585,0.0017224616441538698,False,2,2,False,False
q11,5.3622366783706585,0.0017224616441538698,False,2,2,False,False
q11,5.3622366783706585,0.0017224616441538698,False,2,2,False,False
q11,5.3622366783706585,0.0017224616441538698,False,2,2,False,False
q11,5.3622366783706585,0.0017224616441538698,False,2,2,False,False
q11,5.3622366783706585,0.0017224616441538698,False,2,2,False,False
q11,5.3622366783706585,0.0017224616441538698,False,2,2,False,False
q11,5.3622366783706585,0.0017224616441538698,False,2,2,False,False
q11,5.3622366783706585,0.0017224616441538698,False,2,2,False,False
q11,5.3622366783706585,0.0017224616441538698,False,2,2,False,False
q11,5.3622366783706585,0.0017224616441538698,False,2,2,False,False
q11,5.3622366783706585,0.0017224616441538698,False,2,2,False,False
q11,5.3622366783706585,0.0017224616441538698,False,2,2,False,False
q11,5.3622366783706585,0.0017224616441538698,False,2,2,False,False
q11,5.3622366783706585,0.0017224616441538698,False,2,2,False,False
q11,5.3622366783706585,0.0017224616441538698,False,2,2,False,False
q11,5.3622366783706585,0.0017224616441538698,False,2,2,False,False
q11,5.3622366783706585,0.0017224616441538698,False,2,2,False,False
q11,5.3622366783706585,0.0017224616441538698,False,2,2,False,False
q11,5.3622366783706585,0.0017224616441538698,False,2,2,False,False
q11,5.3622366783706585,0.0017224616441538698,False,2,2,False,False
q11,5.412511330378866,0.0017278839263362219,False,1,1,False,False
q11,5.4261492591488105,0.001724792242546934,False,3,1,False,False
q11,6.669658527638533,0.005317167252890502,False,1,1,False,False
q11,5.3622366783706585,0.0017224616441538698,False,2,2,False,False
q11,5.3622366783706585,0.0017224616441538698,False,2,2,False,False
q11,5.3622366783706585,0.0017224616441538698,False,2,2,False,False
q11,5.3622366783706585,0.0017224616441538698,False,2,2,False,False
q11,5.3622366783706585,0.0017224616441538698,False,2,2,False,False
q11,5.3622366783706585,0.0017224616441538698,False,2,2,False,False
q11,5.3622366783706585,0.0017224616441538698,False,2,2,False,False
q11,5.3622366783706585,0.0017224616441538698,False,2,2,False,False
q11,5.3622366783706585,0.0017224616441538698,False,2,2,False,False
q11,5.3622366783706585,0.0017224616441538698,False,2,2,False,False
q11,5.3622366783706585,0.0017224616441538698,False,2,2,False,False
q11,5.3622366783706585,0.0017224616441538698,False,2,2,False,False
q11,5.3622366783706585,0.0017224616441538698,False,2,2,False,False
q11,5.3622366783706585,0.0017224616441538698,False,2,2,False,False
q11,5.3622366783706585,0.0017224616441538698,False,2,2,False,False
q11,5.3622366783706585,0.0017224616441538698,False,2,2,False,False
q11,5.3622366783706585,0.0017224616441538698,False,2,2,False,False
q11,5.3622366783706585,0.0017224616441538698,False,2,2,False,False
q11,5.3622366783706585,0.0017224616441538698,False,2,2,False,False
q11,5.3622366783706585,0.0017224616441538698,False,2,2,False,False
q11,5.3622366783706585,0.0017224616441538698,False,2,2,False,False
q11,5.3622366783706585,0.0017224616441538698,False,2,2,False,False
q11,5.3622366783706585,0.0017224616441538698,False,2,2,False,False
q11,5.3622366783706585,0.0017224616441538698,False,2,2,False,False
q11,5.3622366783706585,0.0017224616441538698,False,2,2,False,False
q11,5.3622366783706585,0.0017224616441538698,False,2,2,False,False
q11,5.3622366783706585,0.0017224616441538698,False,2,2,False,False
q11,5.3622366783706585,0.0017224616441538698,False,2,2,False,False
q11,5.3622366783706585,0.0017224616441538698,False,2,2,False,False
q11,5.3622366783706585,0.0017224616441538698,False,2,2,False,False
q11,5.3622366783706585,0.0017224616441538698,False,2,2,False,False
q11,5.3622366783706585,0.0017224616441538698,False,2,2,False,False
q11,5.3622366783706585,0.0017224616441538698,False,2,2,False,False
q11,5.3622366783706585,0.0017224616441538698,False,2,2,False,False
q11,5.3622366783706585,0.0017224616441538698,False,2,2,False,False
q11,5.3622366783706585,0.0017224616441538698,True,2,2,False,False
q11,5.390485879393708,0.0029410024718907685,False,2,2,False,False
q11,5.029253424184582,0.002161288647025767,False,2,2,False,False
q11,6.093729777783607,0.0015030481572552866,False,2,2,False,False
q11,6.093729777783607,0.0015030481572552866,False,2,2,False,False
q11,6.093729777783607,0.0015030481572552866,True,2,2,False,False
q11,6.112276967705078,0.002040226017669929,False,2,2,False,False
q11,6.112276967705078,0.002040226017669929,False,2,2,False,False
q11,6.112276967705078,0.002040226017669929,False,2,2,False,False
q11,6.112276967705078,0.002040226017669929,False,2,2,False,False
q11,5.270204767657132,0.0024704758797021494,False,2,3,False,False
q11,4.997062775599983,0.0023158821377652987,False,2,3,False,False
q11,5.029253424184582,0.002161288647025767,False,2,3,False,False
q11,5.029253424184582,0.002161288647025767,False,2,3,False,False
q11,5.029253424184582,0.002161288647025767,False,2,3,False,False
q11,5.029253424184582,0.002161288647025767,False,2,3,False,False
q11,5.029253424184582,0.002161288647025767,False,2,3,False,False
q11,5.029253424184582,0.002161288647025767,False,2,3,False,False
q11,5.029253424184582,0.002161288647025767,False,2,3,False,False
q11,5.029253424184582,0.002161288647025767,False,2,3,False,False
q11,5.029253424184582,0.002161288647025767,False,2,3,False,False
q11,5.029253424184582,0.002161288647025767,False,2,3,False,False
q11,5.029253424184582,0.002161288647025767,False,2,3,False,False
q11,5.029253424184582,0.002161288647025767,False,2,3,False,False
q11,5.029253424184582,0.002161288647025767,False,2,3,False,False
q11,5.029253424184582,0.002161288647025767,False,2,3,False,False
q11,5.029253424184582,0.002161288647025767,False,2,3,False,False
q11,5.029253424184582,0.002161288647025767,False,2,3,False,False
q11,5.029253424184582,0.002161288647025767,False,2,3,False,False
q11,5.029253424184582,0.002161288647025767,False,2,3,False,False
q11,5.029253424184582,0.002161288647025767,False,2,3,False,False
q11,5.029253424184582,0.002161288647025767,False,2,3,False,False
q11,5.029253424184582,0.002161288647025767,False,2,3,False,False
q11,5.029253424184582,0.002161288647025767,False,2,3,False,False
q11,5.029253424184582,0.002161288647025767,False,2,3,False,False
q11,5.029253424184582,0.002161288647025767,False,2,3,False,False
q11,5.029253424184582,0.002161288647025767,False,2,3,False,False
q11,5.029253424184582,0.002161288647025767,False,2,3,False,False
q11,5.029253424184582,0.002161288647025767,False,2,3,False,False
q11,5.029253424184582,0.002161288647025767,False,2,3,False,False
q11,5.029253424184582,0.002161288647025767,False,2,3,False,False
q11,5.029253424184582,0.002161288647025767,False,2,3,False,False
q11,5.029253424184582,0.002161288647025767,False,2,3,False,False
q11,5.029253424184582,0.002161288647025767,False,2,3,False,False
q11,5.029253424184582,0.002161288647025767,False,2,3,False,False
q11,5.029253424184582,0.002161288647025767,False,2,3,False,False
q11,5.029253424184582,0.002161288647025767,False,2,3,False,False
q11,5.029253424184582,0.002161288647025767,False,2,3,False,False
q11,5.029253424184582,0.002161288647025767,False,2,3,False,False
q11,5.029253424184582,0.002161288647025767,False,2,3,False,False
q11,5.029253424184582,0.002161288647025767,False,2,3,False,False
q11,5.029253424184582,0.002161288647025767,False,2,3,False,False
q11,5.079543588618657,0.0021666812901477562,False,1,2,False,False
q11,5.093166004962735,0.002163619233922473,False,3,2,False,False
q11,5.919945221912681,0.008020142086176098,False,1,2,False,False
q11,5.029253424184582,0.002161288647025767,False,2,3,False,False
q11,5.029253424184582,0.002161288647025767,False,2,3,False,False
q11,5.029253424184582,0.002161288647025767,False,2,3,False,False
q11,5.029253424184582,0.002161288647025767,False,2,3,False,False
q11,5.029253424184582,0.002161288647025767,False,2,3,False,False
q11,5.029253424184582,0.002161288647025767,False,2,3,False,False
q11,5.029253424184582,0.002161288647025767,False,2,3,False,False
q11,5.029253424184582,0.002161288647025767,False,2,3,False,False
q11,5.029253424184582,0.002161288647025767,False,2,3,False,False
q11,5.029253424184582,0.002161288647025767,False,2,3,False,False
q11,5.029253424184582,0.002161288647025767,False,2,3,False,False
q11,5.029253424184582,0.002161288647025767,False,2,3,False,False
q11,5.029253424184582,0.002161288647025767,False,2,3,False,False
q11,5.029253424184582,0.002161288647025767,False,2,3,False,False
q11,5.029253424184582,0.002161288647025767,False,2,3,False,False
q11,5.029253424184582,0.002161288647025767,False,2,3,False,False
q11,5.029253424184582,0.002161288647025767,False,2,3,False,False
q11,5.029253424184582,0.002161288647025767,False,2,3,False,False
q11,5.029253424184582,0.002161288647025767,False,2,3,False,False
q11,5.029253424184582,0.002161288647025767,False,2,3,False,False
q11,5.029253424184582,0.002161288647025767,False,2,3,False,False
q11,5.029253424184582,0.002161288647025767,False,2,3,False,False
q11,5.029253424184582,0.002161288647025767,False,2,3,False,False
q11,5.029253424184582,0.002161288647025767,False,2,3,False,False
q11,5.029253424184582,0.002161288647025767,False,2,3,False,False
q11,5.029253424184582,0.002161288647025767,False,2,3,False,False
q11,5.029253424184582,0.002161288647025767,False,2,3,False,False
q11,5.029253424184582,0.002161288647025767,False,2,3,False,False
q11,5.029253424184582,0.002161288647025767,False,2,3,False,False
q11,5.029253424184582,0.002161288647025767,False,2,3,False,False
q11,5.029253424184582,0.002161288647025767,False,2,3,False,False
q11,5.029253424184582,0.002161288647025767,False,2,3,False,False
q11,5.029253424184582,0.002161288647025767,False,2,3,False,False
q11,5.029253424184582,0.002161288647025767,False,2,3,False,False
q11,5.029253424184582,0.002161288647025767,False,2,3,False,False
q11,5.029253424184582,0.002161288647025767,False,2,3,False,False
q11,4.391943871062433,0.0024006200489686295,False,2,4,False,False
q11,4.499539203169623,0.0023582508783456906,False,2,4,False,False
q11,4.997062775599983,0.0023158821377652987,False,2,4,False,False
q11,4.997062775599983,0.0023158821377652987,False,2,4,False,False
q11,4.997062775599983,0.0023158821377652987,False,2,4,False,False
q11,4.997062775599983,0.0023158821377652987,False,2,4,False,False
q11,3.9062573440515114,0.002482911737651386,False,2,5,False,False
q11,3.999284119686563,0.0024417656861152087,False,2,5,False,False
q11,4.391943871062433,0.0024006200489686295,False,2,5,False,False
q11,4.391943871062433,0.0024006200489686295,False,2,5,False,False
q11,4.391943871062433,0.0024006200489686295,False,2,5,False,False
q11,4.391943871062433,0.0024006200489686295,False,2,5,False,False
q11,3.4634613790790874,0.002519116068996064,False,2,6,False,False
q11,3.5741603703221934,0.002501013719326427,False,2,6,False,False
q11,3.9062573440515114,0.002482911737651386,False,2,6,False,False
q11,3.9062573440515114,0.002482911737651386,False,2,6,False,False
q11,3.9062573440515114,0.002482911737651386,False,2,6,False,False
q11,3.9062573440515114,0.002482911737651386,False,2,6,False,False
q11,3.2670979944158933,0.0025367697491079223,False,2,7,False,False
q11,3.3140046208803318,0.0025279428238255005,False,2,7,False,False
q11,3.4634613790790874,0.002519116068996064,False,2,7,False,False
q11,3.4634613790790874,0.002519116068996064,False,2,7,False,False
q11,3.4634613790790874,0.002519116068996064,False,2,7,False,False
q11,3.4634613790790874,0.002519116068996064,False,2,7,False,False
q11,3.2670979944158933,0.0025367697491079223,False,2,8,False,False
q11,3.2670979944158933,0.0025367697491079223,False,2,8,False,False
q11,3.2670979944158933,0.0025367697491079223,False,2,8,False,False
q11,3.2670979944158933,0.0025367697491079223,False,2,8,False,False
q11,3.2670979944158933,0.0025367697491079223,False,2,8,False,False
q11,3.2670979944158933,0.0025367697491079223,False,2,8,False,False
q11,3.2670979944158933,0.0025367697491079223,False,2,8,False,False
q11,3.2670979944158933,0.0025367697491079223,False,2,8,False,False
q11,3.2670979944158933,0.0025367697491079223,False,2,8,False,False
q11,3.2670979944158933,0.0025367697491079223,False,2,8,False,False
q11,3.2670979944158933,0.0025367697491079223,False,2,8,False,False
q11,3.2670979944158933,0.0025367697491079223,False,2,8,False,False
q11,3.323377895457776,0.0025421502901963556,False,1,7,False,False
q11,3.3310105751940458,0.0025391002751656215,False,3,7,False,False
q11,4.057117935043046,0.008638684910347178,False,1,7,False,False
q11,3.2670979944158933,0.0025367697491079223,False,2,8,False,False
q11,3.2670979944158933,0.0025367697491079223,False,2,8,False,False
q11,3.2670979944158933,0.0025367697491079223,False,2,8,False,False
q11,3.2670979944158933,0.0025367697491079223,False,2,8,False,False
q11,3.2670979944158933,0.0025367697491079223,False,2,8,False,False
q11,3.2670979944158933,0.0025367697491079223,False,2,8,False,False
q11,3.2670979944158933,0.0025367697491079223,False,2,8,False,False
q11,3.2670979944158933,0.0025367697491079223,False,2,8,False,False
q11,3.2670979944158933,0.0025367697491079223,False,2,8,False,False
q11,3.2670979944158933,0.0025367697491079223,False,2,8,False,False
q11,3.2670979944158933,0.0025367697491079223,False,2,8,False,False
q11,3.2670979944158933,0.0025367697491079223,False,2,8,False,False
q11,3.2670979944158933,0.0025367697491079223,False,2,8,False,False
q11,3.2670979944158933,0.0025367697491079223,False,2,8,False,False
q11,3.2670979944158933,0.0025367697491079223,False,2,8,False,False
q11,3.2670979944158933,0.0025367697491079223,False,2,8,False,False
q11,3.2670979944158933,0.0025367697491079223,False,2,8,False,False
q11,3.2670979944158933,0.0025367697491079223,False,2,8,False,False
q11,3.2670979944158933,0.0025367697491079223,False,2,8,False,False
q11,3.2670979944158933,0.0025367697491079223,False,2,8,False,False
q11,3.2670979944158933,0.0025367697491079223,False,2,8,False,False
q11,3.2670979944158933,0.0025367697491079223,False,2,8,False,False
q11,3.2670979944158933,0.0025367697491079223,False,2,8,False,False
q11,3.2670979944158933,0.0025367697491079223,False,2,8,False,False
q11,3.2670979944158933,0.0025367697491079223,False,2,8,False,False
q11,3.2670979944158933,0.0025367697491079223,False,2,8,False,False
q11,3.2670979944158933,0.0025367697491079223,False,2,8,False,False
q11,3.2670979944158933,0.0025367697491079223,False,2,8,False,False
q11,3.2670979944158933,0.0025367697491079223,False,2,8,False,False
q11,3.2670979944158933,0.0025367697491079223,False,2,8,False,False
q11,3.2670979944158933,0.0025367697491079223,False,2,8,False,False
q11,3.2670979944158933,0.0025367697491079223,False,2,8,False,False
q11,3.2670979944158933,0.0025367697491079223,False,2,8,False,False
q11,3.2670979944158933,0.0025367697491079223,False,2,8,False,False
q11,3.2670979944158933,0.0025367697491079223,False,2,8,False,False
q11,3.2670979944158933,0.0025367697491079223,False,2,8,False,False
q11,3.628330449625019,0.003316483573972924,False,2,7,False,False
q11,3.600081248601969,0.002097942746236025,True,2,6,True,False
q11,4.331574348014918,0.0018785292593374414,False,2,7,False,False
q11,4.331574348014918,0.0018785292593374414,False,2,7,False,False
q11,4.331574348014918,0.0018785292593374414,False,2,7,False,False
q11,4.331574348014918,0.0018785292593374414,True,2,7,False,False
q11,4.111586460976891,0.0022582314857118244,False,2,7,False,False
q11,6.112276967705078,0.002040226017669929,False,2,6,False,False
q11,6.112276967705078,0.002040226017669929,False,2,7,False,False
q11,6.112276967705078,0.002040226017669929,False,2,7,False,False
q11,6.112276967705078,0.002040226017669929,False,2,7,False,False
q11,6.112276967705078,0.002040226017669929,False,2,7,False,False
q11,2.9216564115065067,0.0029122526622963863,False,2,7,False,False
q11,5.029253424184582,0.002161288647025767,False,2,6,False,False
q11,5.029253424184582,0.002161288647025767,False,2,7,False,False
q11,5.029253424184582,0.002161288647025767,False,2,7,False,False
q11,5.029253424184582,0.002161288647025767,False,2,7,False,False
q11,5.029253424184582,0.002161288647025767,False,2,7,False,False
q11,3.7958093859589117,0.0025809189088310514,False,2,7,False,False
q11,5.270204767657132,0.0024704758797021494,False,2,6,False,False
q11,5.270204767657132,0.0024704758797021494,False,2,7,False,False
q11,5.270204767657132,0.0024704758797021494,False,2,7,False,False
q11,5.270204767657132,0.0024704758797021494,False,2,7,False,False
q11,5.270204767657132,0.0024704758797021494,False,2,7,False,False
q11,3.4710846060843767,0.0027080263818517318,False,2,7,False,False
q11,4.404272021325038,0.0026399520818346446,False,2,6,False,False
q11,4.404272021325038,0.0026399520818346446,False,2,7,False,False
q11,4.404272021325038,0.0026399520818346446,False,2,7,False,False
q11,4.404272021325038,0.0026399520818346446,False,2,7,False,False
q11,4.404272021325038,0.0026399520818346446,False,2,7,False,False
q11,3.154988423085312,0.002857945449126212,True,2,7,False,False
q11,3.5438751090499876,0.002839843561843663,False,2,6,False,False
q11,3.5438751090499876,0.002839843561843663,False,2,7,False,False
q11,3.5438751090499876,0.002839843561843663,False,2,7,False,False
q11,3.5438751090499876,0.002839843561843663,False,2,7,False,False
q11,3.5438751090499876,0.002839843561843663,False,2,7,False,False
q11,3.0008462118592325,0.002885771784177331,True,2,7,False,False
q11,3.150302970057988,0.0028769450293478936,False,2,6,False,False
q11,3.150302970057988,0.0028769450293478936,False,2,7,False,False
q11,3.150302970057988,0.0028769450293478936,False,2,7,False,False
q11,3.150302970057988,0.0028769450293478936,False,2,7,False,False
q11,3.150302970057988,0.0028769450293478936,True,2,7,False,False
q11,2.9216564115065067,0.0029122526622963863,False,2,8,False,False
q11,2.9216564115065067,0.0029122526622963863,False,2,8,False,False
q11,2.9216564115065067,0.0029122526622963863,False,2,8,False,False
q11,2.9216564115065067,0.0029122526622963863,False,2,8,False,False
q11,2.9216564115065067,0.0029122526622963863,False,2,8,False,False
q11,2.9216564115065067,0.0029122526622963863,False,2,8,False,False
q11,2.9216564115065067,0.0029122526622963863,False,2,8,False,False
q11,2.9216564115065067,0.0029122526622963863,False,2,8,False,False
q11,2.9216564115065067,0.0029122526622963863,False,2,8,False,False
q11,2.9216564115065067,0.0029122526622963863,False,2,8,False,False
q11,2.9216564115065067,0.0029122526622963863,False,2,8,False,False
q11,2.9216564115065067,0.0029122526622963863,False,2,8,False,False
q11,2.979134259869951,0.002917621189426143,False,1,7,False,False
q11,2.9855689922846596,0.0029145831764275988,False,3,7,False,False
q11,4.057117935043046,0.008638684910347178,False,1,7,False,False
q11,2.9216564115065067,0.0029122526622963863,False,2,8,False,False
q11,2.9216564115065067,0.0029122526622963863,False,2,8,False,False
q11,2.9216564115065067,0.0029122526622963863,False,2,8,False,False
q11,2.9216564115065067,0.0029122526622963863,False,2,8,False,False
q11,2.9216564115065067,0.0029122526622963863,False,2,8,False,False
q11,2.9216564115065067,0.0029122526622963863,False,2,8,False,False
q11,2.9216564115065067,0.0029122526622963863,False,2,8,False,False
q11,2.9216564115065067,0.0029122526622963863,False,2,8,False,False
q11,2.9216564115065067,0.0029122526622963863,False,2,8,False,False
q11,2.9216564115065067,0.0029122526622963863,False,2,8,False,False
q11,2.9216564115065067,0.0029122526622963863,False,2,8,False,False
q11,2.9216564115065067,0.0029122526622963863,False,2,8,False,False
q11,2.9216564115065067,0.0029122526622963863,False,2,8,False,False
q11,2.9216564115065067,0.0029122526622963863,False,2,8,False,False
q11,2.9216564115065067,0.0029122526622963863,False,2,8,False,False
q11,2.9216564115065067,0.0029122526622963863,False,2,8,False,False
q11,2.9216564115065067,0.0029122526622963863,False,2,8,False,False
q11,2.9216564115065067,0.0029122526622963863,False,2,8,False,False
q11,2.9216564115065067,0.0029122526622963863,False,2,8,False,False
q11,2.9216564115065067,0.0029122526622963863,False,2,8,False,False
q11,2.9216564115065067,0.0029122526622963863,False,2,8,False,False
q11,2.9216564115065067,0.0029122526622963863,False,2,8,False,False
q11,2.9216564115065067,0.0029122526622963863,False,2,8,False,False
q11,2.9216564115065067,0.0029122526622963863,False,2,8,False,False
q11,2.9216564115065067,0.0029122526622963863,False,2,8,False,False
q11,2.9216564115065067,0.0029122526622963863,False,2,8,False,False
q11,2.9216564115065067,0.0029122526622963863,False,2,8,False,False
q11,2.9216564115065067,0.0029122526622963863,False,2,8,False,False
q11,2.9216564115065067,0.0029122526622963863,False,2,8,False,False
q11,2.9216564115065067,0.0029122526622963863,False,2,8,False,False
q11,2.9216564115065067,0.0029122526622963863,False,2,8,False,False
q11,2.9216564115065067,0.0029122526622963863,False,2,8,False,False
q11,2.9216564115065067,0.0029122526622963863,False,2,8,False,False
q11,2.9216564115065067,0.0029122526622963863,False,2,8,False,False
q11,2.9216564115065067,0.0029122526622963863,False,2,8,False,False
q11,2.9216564115065067,0.0029122526622963863,True,2,8,False,False
q11,3.2828888667156333,0.0036919664871613873,False,2,7,False,False
q11,3.254639665692583,0.0024734256594244886,True,2,6,False,False
q11,3.9861327651055314,0.002254012172525905,False,2,7,False,False
q11,3.9861327651055314,0.002254012172525905,False,2,7,False,False
q11,3.9861327651055314,0.002254012172525905,False,2,7,False,False
q11,3.9861327651055314,0.002254012172525905,False,2,7,False,False
q11,4.111586460976891,0.0022582314857118244,False,2,7,False,False
q11,6.112276967705078,0.002040226017669929,False,2,6,False,False
q11,6.112276967705078,0.002040226017669929,False,2,7,False,False
q11,6.112276967705078,0.002040226017669929,False,2,7,False,False
q11,6.112276967705078,0.002040226017669929,False,2,7,False,False
q11,6.112276967705078,0.002040226017669929,False,2,7,False,False
q12,6.938273577914483,0.007935650609507839,False,1,0,False,True
q12,7.397982468337238,0.011505557698097987,False,0,0,False,False
q12,10.515291272998786,0.013016036483783596,False,1,1,False,False
q12,7.164644204952374,0.008908490457773411,False,1,1,False,False
q12,5.939472660939929,0.0064836516586939735,False,1,1,False,False
q12,6.229919818745994,0.005355932657301969,False,1,1,False,False
q12,5.5600376116548045,0.00544522607363553,False,1,2,False,False
q12,6.229919818745994,0.005355932657301969,False,1,2,False,False
q12,6.229919818745994,0.005355932657301969,False,1,2,False,False
q12,6.229919818745994,0.005355932657301969,False,1,2,False,False
q12,6.229919818745994,0.005355932657301969,False,1,2,False,False
q12,6.229919818745994,0.005355932657301969,True,1,2,False,False
q12,6.2879094803340205,0.0063378894155643635,False,1,2,False,False
q12,5.946152673857129,0.005531932478194908,False,1,2,False,False
q12,7.195391169408651,0.005179933981032665,False,1,2,False,False
q12,7.195391169408651,0.005179933981032665,False,1,2,False,False
q12,7.195391169408651,0.005179933981032665,False,1,2,False,False
q12,7.195391169408651,0.005179933981032665,False,1,2,False,False
q12,7.02795484943829,0.005223898951766661,True,1,3,False,False
q12,7.195391169408651,0.005179933981032665,False,1,3,False,False
q12,7.195391169408651,0.005179933981032665,False,1,3,False,False
q12,7.195391169408651,0.005179933981032665,False,1,3,False,False
q12,7.195391169408651,0.005179933981032665,False,1,3,False,False
q12,7.195391169408651,0.005179933981032665,False,1,3,False,False
q12,7.195391169408651,0.005179933981032665,False,1,3,False,False
q12,7.195391169408651,0.005179933981032665,False,1,3,False,False
q12,7.195391169408651,0.005179933981032665,False,1,3,False,False
q12,7.195391169408651,0.005179933981032665,False,1,3,False,False
q12,7.195391169408651,0.005179933981032665,False,1,3,False,False
q12,7.195391169408651,0.005179933981032665,False,1,3,False,False
q12,7.195391169408651,0.005179933981032665,False,1,3,False,False
q12,7.195391169408651,0.005179933981032665,False,1,3,False,False
q12,7.195391169408651,0.005179933981032665,False,1,3,False,False
q12,7.195391169408651,0.005179933981032665,False,1,3,False,False
q12,7.195391169408651,0.005179933981032665,False,1,3,False,False
q12,7.195391169408651,0.005179933981032665,False,1,3,False,False
q12,7.195391169408651,0.005179933981032665,False,1,3,False,False
q12,7.195391169408651,0.005179933981032665,False,1,3,False,False
q12,7.195391169408651,0.005179933981032665,False,1,3,False,False
q12,7.195391169408651,0.005179933981032665,False,1,3,False,False
q12,7.195391169408651,0.005179933981032665,False,1,3,False,False
q12,7.195391169408651,0.005179933981032665,False,1,3,False,False
q12,8.302005628091676,0.007532384702303982,False,0,2,False,False
q12,11.480762623661443,0.012840037807514292,False,1,2,False,False
q12,8.130115555615031,0.008732491781504106,False,1,2,False,False
q12,7.90374492857714,0.0077596519332385335,False,1,1,False,False
q12,6.904944011602586,0.00630765298242467,False,1,2,False,False
q12,6.525508962317462,0.005269227397366227,False,1,3,False,False
q12,7.195391169408651,0.005179933981032665,False,1,3,False,False
q12,7.195391169408651,0.005179933981032665,False,1,3,False,False
q12,7.195391169408651,0.005179933981032665,False,1,3,False,False
q12,7.195391169408651,0.005179933981032665,False,1,3,False,False
q12,7.195391169408651,0.005179933981032665,True,1,3,False,False
q12,5.618027273242831,0.006427182831897925,False,1,3,False,False
q12,5.276270466765939,0.005621225894528469,False,1,3,False,False
q12,6.525508962317462,0.005269227397366227,False,1,3,False,False
q12,6.525508962317462,0.005269227397366227,False,1,3,False,False
q12,6.525508962317462,0.005269227397366227,True,1,3,False,False
q12,5.364058812685428,0.005489190992949244,False,1,3,False,False
q12,5.5600376116548045,0.00544522607363553,False,1,3,False,False
q12,5.5600376116548045,0.00544522607363553,False,1,3,False,False
q12,5.5600376116548045,0.00544522607363553,False,1,3,False,False
q12,5.5600376116548045,0.00544522607363553,False,1,3,False,False
q12,5.5600376116548045,0.00544522607363553,True,1,3,False,False
q12,5.571285359430578,0.005721851873321794,False,1,4,False,False
q12,5.364058812685428,0.005489190992949244,False,1,4,False,False
q12,5.364058812685428,0.005489190992949244,False,1,4,False,False
q12,5.364058812685428,0.005489190992949244,False,1,4,False,False
q12,5.364058812685428,0.005489190992949244,False,1,4,False,False
q12,5.364058812685428,0.005489190992949244,False,1,4,False,False
q12,5.364058812685428,0.005489190992949244,False,1,4,False,False
q12,5.364058812685428,0.005489190992949244,False,1,4,False,False
q12,5.364058812685428,0.005489190992949244,False,1,4,False,False
q12,5.364058812685428,0.005489190992949244,False,1,4,False,False
q12,5.364058812685428,0.005489190992949244,False,1,4,False,False
q12,5.364058812685428,0.005489190992949244,False,1,4,False,False
q12,5.364058812685428,0.005489190992949244,False,1,4,False,False
q12,5.364058812685428,0.005489190992949244,False,1,4,False,False
q12,5.364058812685428,0.005489190992949244,False,1,4,False,False
q12,5.364058812685428,0.005489190992949244,False,1,4,False,False
q12,5.364058812685428,0.005489190992949244,False,1,4,False,False
q12,5.364058812685428,0.005489190992949244,True,1,4,False,False
q12,6.21189038857286,0.01072848398913286,False,0,3,False,False
q12,6.772348383837558,0.013149294207622486,False,1,3,False,False
q12,5.4463144927879075,0.009041748612144124,False,1,3,False,False
q12,5.69945751293346,0.008068908865846618,False,1,2,False,False
q12,4.967053066616375,0.006616909971681679,True,1,3,False,False
q12,6.033941019776618,0.005399897576615683,False,1,3,False,False
q12,6.033941019776618,0.005399897576615683,False,1,2,False,False
q12,6.033941019776618,0.005399897576615683,False,1,3,False,False
q12,6.033941019776618,0.005399897576615683,False,1,3,False,False
q12,6.033941019776618,0.005399897576615683,False,1,3,False,False
q12,6.033941019776618,0.005399897576615683,True,1,3,False,False
q12,5.250793600279367,0.006471147442689949,False,1,4,False,False
q12,5.051749188797548,0.005665190762421901,False,1,4,False,False
q12,6.3580726423471,0.005313192368100223,False,1,4,False,False
q12,6.3580726423471,0.005313192368100223,False,1,4,False,False
q12,6.3580726423471,0.005313192368100223,False,1,4,False,False
q12,6.3580726423471,0.005313192368100223,True,1,4,False,False
q12,5.276270466765939,0.005621225894528469,False,1,4,False,False
q12,5.276270466765939,0.005621225894528469,False,1,4,False,False
q12,5.276270466765939,0.005621225894528469,False,1,4,False,False
q12,5.276270466765939,0.005621225894528469,False,1,4,False,False
q12,5.276270466765939,0.005621225894528469,True,1,4,False,False
q12,5.258975735542698,0.0058978516427944504,False,1,5,False,False
q12,5.051749188797548,0.005665190762421901,False,1,5,False,False
q12,5.051749188797548,0.005665190762421901,False,1,5,False,False
q12,5.051749188797548,0.005665190762421901,False,1,5,False,False
q12,5.051749188797548,0.005665190762421901,False,1,5,False,False
q12,5.051749188797548,0.005665190762421901,False,1,5,False,False
q12,5.051749188797548,0.005665190762421901,False,1,5,False,False
q12,5.051749188797548,0.005665190762421901,False,1,5,False,False
q12,5.051749188797548,0.005665190762421901,False,1,5,False,False
q12,5.051749188797548,0.005665190762421901,False,1,5,False,False
q12,5.051749188797548,0.005665190762421901,False,1,5,False,False
q12,5.051749188797548,0.005665190762421901,False,1,5,False,False
q12,5.051749188797548,0.005665190762421901,False,1,5,False,False
q12,5.051749188797548,0.005665190762421901,False,1,5,False,False
q12,5.051749188797548,0.005665190762421901,False,1,5,False,False
q12,5.051749188797548,0.005665190762421901,False,1,5,False,False
q12,5.051749188797548,0.005665190762421901,False,1,5,False,False
q12,5.051749188797548,0.005665190762421901,True,1,5,True,False
q12,5.668614873154222,0.012121945648498968,False,0,4,False,False
q12,6.460038759949677,0.01332529397709514,False,1,4,False,False
q12,5.134004868900027,0.009217748381616781,False,1,4,False,False
q12,5.38714788904558,0.008244908635319275,False,1,3,False,False
q12,4.654743442728494,0.0067929097411543364,False,1,4,False,False
q12,5.721631395888738,0.005575897346088339,False,1,4,False,False
q12,5.721631395888738,0.005575897346088339,False,1,3,False,False
q12,5.721631395888738,0.005575897346088339,False,1,4,False,False
q12,5.721631395888738,0.005575897346088339,False,1,4,False,False
q12,5.721631395888738,0.005575897346088339,False,1,4,False,False
q12,5.721631395888738,0.005575897346088339,False,1,4,False,False
q12,5.163031865585751,0.006572945052367965,False,1,2,False,False
q12,5.939472660939929,0.0064836516586939735,False,1,2,False,False
q12,5.939472660939929,0.0064836516586939735,False,1,2,False,False
q12,5.939472660939929,0.0064836516586939735,False,1,2,False,False
q12,5.939472660939929,0.0064836516586939735,False,1,2,False,False
q12,5.939472660939929,0.0064836516586939735,False,1,2,False,False
q12,5.221021527173776,0.00755490181063036,False,1,3,False,False
q12,4.879264720696884,0.006748944873260904,False,1,3,False,False
q12,6.128503216248408,0.006396946376098662,False,1,3,False,False
q12,6.128503216248408,0.006396946376098662,False,1,3,False,False
q12,6.128503216248408,0.006396946376098662,False,1,3,False,False
q12,6.128503216248408,0.006396946376098662,False,1,3,False,False
q12,4.879264720696884,0.006748944873260904,False,1,4,False,False
q12,4.879264720696884,0.006748944873260904,False,1,4,False,False
q12,4.879264720696884,0.006748944873260904,False,1,4,False,False
q12,4.879264720696884,0.006748944873260904,False,1,4,False,False
q12,4.879264720696884,0.006748944873260904,True,1,4,False,False
q12,4.861969989473644,0.007025570621526886,False,1,5,False,False
q12,4.654743442728494,0.0067929097411543364,False,1,5,False,False
q12,4.654743442728494,0.0067929097411543364,False,1,5,False,False
q12,4.654743442728494,0.0067929097411543364,False,1,5,False,False
q12,4.654743442728494,0.0067929097411543364,False,1,5,False,False
q12,4.654743442728494,0.0067929097411543364,False,1,5,False,False
q12,4.654743442728494,0.0067929097411543364,False,1,5,False,False
q12,4.654743442728494,0.0067929097411543364,False,1,5,False,False
q12,4.654743442728494,0.0067929097411543364,False,1,5,False,False
q12,4.654743442728494,0.0067929097411543364,False,1,5,False,False
q12,4.654743442728494,0.0067929097411543364,False,1,5,False,False
q12,4.654743442728494,0.0067929097411543364,False,1,5,False,False
q12,4.654743442728494,0.0067929097411543364,False,1,5,False,False
q12,4.654743442728494,0.0067929097411543364,False,1,5,False,False
q12,4.654743442728494,0.0067929097411543364,False,1,5,False,False
q12,4.654743442728494,0.0067929097411543364,False,1,5,False,False
q12,4.654743442728494,0.0067929097411543364,False,1,5,False,False
q12,4.654743442728494,0.0067929097411543364,True,1,5,False,False
q12,5.271609127085168,0.013249664627231404,False,0,4,False,False
q12,5.431184238082672,0.006703616347480344,False,1,4,False,False
q12,5.431184238082672,0.006703616347480344,False,1,3,False,False
q12,5.431184238082672,0.006703616347480344,False,1,4,False,False
q12,5.431184238082672,0.006703616347480344,False,1,4,False,False
q12,5.431184238082672,0.006703616347480344,False,1,4,False,False
q12,5.431184238082672,0.006703616347480344,False,1,4,False,False
q12,4.853787854210313,0.007598866421422384,False,1,4,False,False
q12,5.961066896278046,0.006440911346832658,False,1,4,False,False
q12,5.961066896278046,0.006440911346832658,False,1,4,False,False
q12,5.961066896278046,0.006440911346832658,False,1,4,False,False
q12,5.961066896278046,0.006440911346832658,False,1,4,False,False
q13,11.85074642379075,0.014222526949294031,False,0,0,False,True
q13,11.85074642379075,0.014222526949294031,False,0,1,False,False
q13,11.85074642379075,0.014222526949294031,False,0,1,False,False
q13,11.85074642379075,0.014222526949294031,False,0,1,False,False
q13,11.85074642379075,0.014222526949294031,False,0,1,False,False
q13,11.85074642379075,0.014222526949294031,False,0,1,False,False
q13,11.85074642379075,0.014222526949294031,False,0,1,False,False
q13,11.342237431338832,0.018241655824692806,False,0,1,False,False
q13,11.638867676935783,0.014724917985107989,False,0,1,False,False
q13,12.657859147899526,0.013326659983660408,False,0,1,False,False
q13,12.657859147899526,0.013326659983660408,False,0,1,False,False
q13,12.657859147899526,0.013326659983660408,False,0,1,False,False
q13,12.657859147899526,0.013326659983660408,False,0,1,False,False
q13,13.316081413104644,0.021083462161478515,False,0,2,False,False
q13,11.52718090861083,0.01843993148398224,False,0,2,False,False
q13,12.657859147899526,0.013326659983660408,False,0,2,False,False
q13,12.657859147899526,0.013326659983660408,True,0,2,False,False
q13,14.304465672680124,0.011635227978778714,False,0,2,False,False
q13,14.304465672680124,0.011635227978778714,False,0,3,False,False
q13,14.304465672680124,0.011635227978778714,False,0,3,False,False
q13,14.304465672680124,0.011635227978778714,False,0,3,False,False
q13,14.304465672680124,0.011635227978778714,False,0,3,False,False
q13,14.304465672680124,0.011635227978778714,False,0,3,False,False
q13,14.304465672680124,0.011635227978778714,False,0,3,False,False
q13,14.304465672680124,0.011635227978778714,False,0,3,False,False
q13,15.707293260948717,0.01262095939552938,False,0,3,False,False
q13,14.511660243691802,0.011963796330889818,False,0,3,False,False
q13,14.304465672680124,0.011635227978778714,False,0,3,False,False
q13,14.304465672680124,0.011635227978778714,False,0,3,False,False
q13,14.304465672680124,0.011635227978778714,False,0,3,False,False
q13,14.304465672680124,0.011635227978778714,False,0,3,False,False
q13,14.304465672680124,0.011635227978778714,False,0,3,False,False
q13,14.304465672680124,0.011635227978778714,False,0,3,False,False
q13,14.304465672680124,0.011635227978778714,False,0,3,False,False
q13,14.304465672680124,0.011635227978778714,False,0,3,False,False
q13,14.304465672680124,0.011635227978778714,False,0,3,False,False
q13,14.304465672680124,0.011635227978778714,False,0,3,False,False
q13,14.304465672680124,0.011635227978778714,False,0,3,False,False
q13,14.304465672680124,0.011635227978778714,False,0,3,False,False
q13,14.304465672680124,0.011635227978778714,False,0,3,False,False
q13,14.304465672680124,0.011635227978778714,False,0,3,False,False
q13,14.304465672680124,0.011635227978778714,False,0,3,False,False
q13,14.304465672680124,0.011635227978778714,False,0,3,False,False
q13,12.98884395611943,0.01655022328537525,False,0,2,False,False
q13,13.285474201716381,0.013033485445790432,False,0,2,False,False
q13,13.497352948571347,0.012531094409976472,True,0,1,False,False
q13,14.304465672680124,0.011635227978778714,False,0,2,False,False
q13,14.304465672680124,0.011635227978778714,False,0,2,False,False
q13,14.304465672680124,0.011635227978778714,True,0,2,False,False
q13,15.69377451658262,0.019171679024079027,False,0,3,False,False
q13,14.156186322422071,0.015641509428651383,False,0,3,False,False
q13,12.508968688995868,0.02197934465720212,False,0,1,False,False
q13,10.896121716190544,0.019414500079568922,True,0,1,False,False
q13,11.85074642379075,0.014222526949294031,False,0,1,False,False
q13,11.85074642379075,0.014222526949294031,False,0,1,False,False
q13,17.28972043930514,0.010804970932979453,True,0,1,False,False
q13,11.85074642379075,0.014222526949294031,False,0,1,False,False
q13,11.85074642379075,0.014222526949294031,False,0,1,False,False
q13,12.633364378754964,0.01349601769221154,True,0,1,False,False
q13,14.913768779145645,0.012220179168468464,False,0,1,False,False
q13,11.421312205632615,0.015180769921420381,False,0,1,False,False
q13,11.421312205632615,0.015180769921420381,True,0,1,False,False
q13,12.761569402994056,0.01328570253200828,True,0,1,False,False
q13,11.85074642379075,0.014222526949294031,False,0,1,False,False
q13,11.85074642379075,0.014222526949294031,False,0,1,False,False
q13,12.951909315558268,0.015208248180313688,False,0,1,False,False
q13,11.857088584377847,0.014551088510917798,False,0,1,False,False
q13,11.85074642379075,0.014222526949294031,False,0,1,False,False
q13,11.85074642379075,0.014222526949294031,False,0,1,False,False
q13,11.85074642379075,0.014222526949294031,False,0,1,False,False
q13,11.85074642379075,0.014222526949294031,False,0,1,False,False
q13,11.85074642379075,0.014222526949294031,False,0,1,False,False
q13,11.85074642379075,0.014222526949294031,False,0,1,False,False
q13,11.85074642379075,0.014222526949294031,False,0,1,False,False
q13,11.85074642379075,0.014222526949294031,False,0,1,False,False
q13,11.85074642379075,0.014222526949294031,False,0,1,False,False
q13,11.85074642379075,0.014222526949294031,True,0,1,True,False
q13,12.297089942140902,0.02248173569301608,False,0,2,False,False
q13,10.684242969335578,0.019916891115382883,True,0,2,False,False
q13,11.638867676935783,0.014724917985107989,False,0,2,False,False
q13,11.638867676935783,0.014724917985107989,False,0,2,False,False
q13,17.077841678364504,0.011307361968793408,False,0,2,False,False
q13,11.638867676935783,0.014724917985107989,False,0,2,False,False
q13,11.638867676935783,0.014724917985107989,True,0,2,False,False
q13,12.421485631899998,0.013998408728025498,False,0,2,False,False
q13,14.701890032290681,0.01272257020428242,False,0,2,False,False
q13,11.20943345877765,0.015683160957234335,False,0,2,False,False
q13,11.20943345877765,0.015683160957234335,False,0,2,False,False
q13,12.549690656139092,0.013788093567822235,True,0,2,False,False
q13,12.785464068199571,0.017370966358524587,False,0,3,False,False
q13,12.785464068199571,0.017370966358524587,False,0,3,False,False
q13,12.511726491242111,0.016668888978741334,False,0,3,False,False
q13,11.34978325970427,0.016011727045849664,False,0,3,False,False
q13,11.20943345877765,0.015683160957234335,False,0,3,False,False
q13,11.20943345877765,0.015683160957234335,False,0,3,False,False
q13,11.20943345877765,0.015683160957234335,False,0,3,False,False
q13,11.20943345877765,0.015683160957234335,False,0,3,False,False
q13,11.20943345877765,0.015683160957234335,False,0,3,False,False
q13,11.20943345877765,0.015683160957234335,False,0,3,False,False
q13,11.20943345877765,0.015683160957234335,False,0,3,False,False
q13,11.20943345877765,0.015683160957234335,False,0,3,False,False
q13,11.20943345877765,0.015683160957234335,False,0,3,False,False
q13,11.20943345877765,0.015683160957234335,False,0,3,False,False
q13,11.20943345877765,0.015683160957234335,False,0,3,False,False
q13,11.20943345877765,0.015683160957234335,False,0,3,False,False
q13,11.20943345877765,0.015683160957234335,False,0,3,False,False
q13,11.20943345877765,0.015683160957234335,False,0,3,False,False
q13,11.20943345877765,0.015683160957234335,False,0,3,False,False
q13,11.20943345877765,0.015683160957234335,False,0,3,False,False
q13,10.912803213180698,0.019199898796819156,False,0,2,False,False
q13,12.64926042904186,0.014415989151282185,False,0,2,False,False
q13,12.64926042904186,0.014415989151282185,False,0,2,False,False
q13,12.64926042904186,0.014415989151282185,False,0,2,False,False
q13,12.64926042904186,0.014415989151282185,False,0,2,False,False
q13,11.86765572398277,0.023439978665142427,False,0,3,False,False
q13,10.230087848742887,0.020985412259570426,False,0,3,False,False
q13,11.20943345877765,0.015683160957234335,False,0,3,False,False
q13,11.20943345877765,0.015683160957234335,False,0,3,False,False
q13,13.285474201716381,0.013033485445790432,True,0,3,False,False
q13,17.077841678364504,0.011307361968793408,True,0,3,False,False
q13,11.20943345877765,0.015683160957234335,False,0,3,False,False
q13,11.20943345877765,0.015683160957234335,False,0,3,False,False
q13,12.421485631899998,0.013998408728025498,True,0,3,False,False
q13,14.701890032290681,0.01272257020428242,False,0,3,False,False
q13,10.313962153699984,0.02216839798207672,False,0,3,False,False
q13,10.313962153699984,0.02216839798207672,False,0,3,False,False
q13,13.06940433100817,0.01701354372827445,False,0,3,False,False
q13,18.032709717283172,0.015287443148510611,False,0,3,False,False
q13,10.204795106545197,0.023328283976348174,False,0,4,False,False
q13,10.204795106545197,0.023328283976348174,False,0,4,False,False
q13,11.588281068465795,0.020615945926726508,False,0,4,False,False
q13,14.700271215446897,0.019340099323522653,False,0,4,False,False
q13,9.321418537416566,0.02767515830155316,True,0,5,False,False
q13,9.513935542627143,0.024932142286055548,False,0,5,False,False
q13,11.587475896075489,0.0223914108454539,False,0,5,False,False
q13,11.42420019708555,0.026797141623538398,False,0,6,False,False
q13,11.42420019708555,0.026797141623538398,False,0,6,False,False
q13,10.735792504944254,0.025917867591367605,False,0,6,False,False
q13,9.600718131085792,0.025260706563874247,False,0,6,False,False
q13,9.513935542627143,0.024932142286055548,False,0,6,False,False
q13,9.513935542627143,0.024932142286055548,False,0,6,False,False
q13,9.513935542627143,0.024932142286055548,False,0,6,False,False
q13,9.513935542627143,0.024932142286055548,False,0,6,False,False
q13,9.513935542627143,0.024932142286055548,False,0,6,False,False
q13,9.513935542627143,0.024932142286055548,False,0,6,False,False
q13,9.513935542627143,0.024932142286055548,False,0,6,False,False
q13,9.513935542627143,0.024932142286055548,False,0,6,False,False
q13,9.513935542627143,0.024932142286055548,False,0,6,False,False
q13,9.513935542627143,0.024932142286055548,False,0,6,False,False
q13,9.513935542627143,0.024932142286055548,False,0,6,False,False
q13,9.513935542627143,0.024932142286055548,False,0,6,False,False
q13,9.513935542627143,0.024932142286055548,False,0,6,False,False
q13,9.513935542627143,0.024932142286055548,False,0,6,False,False
q13,9.513935542627143,0.024932142286055548,False,0,6,False,False
q13,9.513935542627143,0.024932142286055548,False,0,6,False,False
q13,9.21730529703019,0.028448880125640365,True,0,5,False,False
q13,9.72581428948211,0.02442975125024159,True,0,4,False,False
q13,10.756787097187848,0.023612461862501547,False,0,5,False,False
q13,10.756787097187848,0.023612461862501547,False,0,5,False,False
q13,10.756787097187848,0.023612461862501547,False,0,5,False,False
q13,10.756787097187848,0.023612461862501547,False,0,5,False,False
q13,12.199777881335748,0.033987246562351824,False,0,5,False,False
q13,11.20943345877765,0.015683160957234335,True,0,4,False,False
q13,9.513935542627143,0.024932142286055548,False,0,5,False,False
q13,10.230087848742887,0.020985412259570426,True,0,4,False,False
q13,13.06940433100817,0.01701354372827445,False,0,5,False,False
q13,18.032709717283172,0.015287443148510611,False,0,5,False,False
q13,9.513935542627143,0.024932142286055548,True,0,5,False,False
q13,9.859807033107291,0.023236919126264268,True,0,4,False,False
q13,11.588281068465795,0.020615945926726508,False,0,5,False,False
q13,14.700271215446897,0.019340099323522653,False,0,5,False,False
q13,12.00045969654395,0.0259984735326009,False,0,2,False,False
q13,10.387612723738625,0.0234336289549677,False,0,2,False,False
q13,10.017331908103033,0.025685135821661542,False,0,3,False,False
q13,10.017331908103033,0.025685135821661542,False,0,3,False,False
q13,12.77277408541122,0.020530281567859267,False,0,3,False,False
q13,17.736079451966283,0.018804180988095432,False,0,3,False,False
q13,9.908164860948245,0.026845021815932995,False,0,4,False,False
q13,9.908164860948245,0.026845021815932995,False,0,4,False,False
q13,11.291650822868844,0.02413268376631133,False,0,4,False,False
q13,14.403640950130008,0.02285683716465381,False,0,4,False,False
q13,9.024788291819613,0.031191896142684326,False,0,5,False,False
q13,11.290845650478536,0.02590814868658506,False,0,5,False,False
q13,27.123971373729223,0.04435283461115091,False,0,6,False,False
q13,10.30041056489363,0.03254121973803057,False,0,6,False,False
q13,10.327130409908504,0.03217762393868691,False,0,6,False,False
q13,9.165184688699544,0.03152046214974296,False,0,6,False,False
q13,9.024788291819613,0.031191896142684326,False,0,6,False,False
q13,9.024788291819613,0.031191896142684326,False,0,6,False,False
q13,9.024788291819613,0.031191896142684326,False,0,6,False,False
q13,9.024788291819613,0.031191896142684326,False,0,6,False,False
q13,9.024788291819613,0.031191896142684326,False,0,6,False,False
q13,9.024788291819613,0.031191896142684326,False,0,6,False,False
q13,9.024788291819613,0.031191896142684326,False,0,6,False,False
q13,9.024788291819613,0.031191896142684326,False,0,6,False,False
q13,9.024788291819613,0.031191896142684326,False,0,6,False,False
q13,9.024788291819613,0.031191896142684326,False,0,6,False,False
q13,9.024788291819613,0.031191896142684326,False,0,6,False,False
q13,9.024788291819613,0.031191896142684326,False,0,6,False,False
q13,9.024788291819613,0.031191896142684326,False,0,6,False,False
q13,9.024788291819613,0.031191896142684326,False,0,6,False,False
q13,9.024788291819613,0.031191896142684326,False,0,6,False,False
q13,9.024788291819613,0.031191896142684326,False,0,6,False,False
q13,9.533297284271534,0.027172767265518302,False,0,4,False,False
q13,10.761292123354021,0.02640793743443957,False,0,5,False,False
q13,10.761292123354021,0.02640793743443957,False,0,5,False,False
q13,10.761292123354021,0.02640793743443957,False,0,5,False,False
q13,10.761292123354021,0.02640793743443957,False,0,5,False,False
q13,11.907764723790748,0.04142531928023279,False,0,5,False,False
q13,10.912803213180698,0.019199898796819156,True,0,4,False,False
q13,9.024788291819613,0.031191896142684326,False,0,5,False,False
q13,9.933457603145934,0.024502150099155243,False,0,4,False,False
q13,12.77277408541122,0.020530281567859267,False,0,5,False,False
q13,17.736079451966283,0.018804180988095432,False,0,5,False,False
q13,9.024788291819613,0.031191896142684326,True,0,5,False,False
q13,9.56317678751034,0.026753656965849085,False,0,4,False,False
q13,11.291650822868844,0.02413268376631133,False,0,5,False,False
q13,14.403640950130008,0.02285683716465381,False,0,5,False,False
q14,11.095235464174332,0.01124921100460059,False,1,0,False,True
q14,10.89590399074313,0.011637843414994275,False,0,0,False,False
q14,11.547763794212957,0.015508801061919644,False,1,1,False,False
q14,10.934847483742109,0.012636054279076561,False,1,1,False,False
q14,12.039744944559784,0.010555789367362602,False,1,1,False,False
q14,9.974813803378991,0.007625518310990685,False,1,1,False,False
q14,9.069651427965391,0.00793606749246508,False,1,2,False,False
q14,9.356997071353153,0.007729034487169318,False,1,2,False,False
q14,11.927475545409184,0.007521992499091916,False,1,2,False,False
q14,11.927475545409184,0.007521992499091916,False,1,2,False,False
q14,11.927475545409184,0.007521992499091916,False,1,2,False,False
q14,11.927475545409184,0.007521992499091916,False,1,2,False,False
q14,11.936946282551505,0.007677882156160363,False,1,3,False,False
q14,11.927475545409184,0.007521992499091916,False,1,3,False,False
q14,11.927475545409184,0.007521992499091916,False,1,3,False,False
q14,11.927475545409184,0.007521992499091916,False,1,3,False,False
q14,11.927475545409184,0.007521992499091916,False,1,3,False,False
q14,11.927475545409184,0.007521992499091916,False,1,3,False,False
q14,11.252067583716938,0.007896689727028066,False,1,3,False,False
q14,11.50534556935153,0.007615665949856476,False,1,3,False,False
q14,11.927475545409184,0.007521992499091916,False,1,3,False,False
q14,11.927475545409184,0.007521992499091916,False,1,3,False,False
q14,11.927475545409184,0.007521992499091916,False,1,3,False,False
q14,11.927475545409184,0.007521992499091916,False,1,3,False,False
q14,11.927475545409184,0.007521992499091916,False,1,3,False,False
q14,11.927475545409184,0.007521992499091916,False,1,3,False,False
q14,11.927475545409184,0.007521992499091916,False,1,3,False,False
q14,11.927475545409184,0.007521992499091916,False,1,3,False,False
q14,11.927475545409184,0.007521992499091916,False,1,3,False,False
q14,11.927475545409184,0.007521992499091916,False,1,3,False,False
q14,11.927475545409184,0.007521992499091916,False,1,3,False,False
q14,11.927475545409184,0.007521992499091916,False,1,3,False,False
q14,11.927475545409184,0.007521992499091916,False,1,3,False,False
q14,11.927475545409184,0.007521992499091916,False,1,3,False,False
q14,11.927475545409184,0.007521992499091916,False,1,3,False,False
q14,11.927475545409184,0.007521992499091916,False,1,3,False,False
q14,11.927475545409184,0.007521992499091916,False,1,3,False,False
q14,11.927475545409184,0.007521992499091916,False,1,3,False,False
q14,11.927475545409184,0.007521992499091916,False,1,3,False,False
q14,11.927475545409184,0.007521992499091916,False,1,3,False,False
q14,11.927475545409184,0.007521992499091916,False,1,3,False,False
q14,11.927475545409184,0.007521992499091916,True,1,3,False,False
q14,11.428393769527998,0.007840880345207206,False,0,2,False,False
q14,15.024246173054317,0.015405276299239407,False,1,2,False,False
q14,13.59298174281451,0.012532528952927112,False,1,2,False,False
q14,13.358305113703095,0.01114568540643152,False,1,1,False,False
q14,14.105282289316731,0.010452263633183722,False,1,2,False,False
q14,9.984284540521312,0.007781407968059133,False,1,2,False,False
q14,9.974813803378991,0.007625518310990685,False,1,2,False,False
q14,9.974813803378991,0.007625518310990685,False,1,2,False,False
q14,9.974813803378991,0.007625518310990685,False,1,2,False,False
q14,9.974813803378991,0.007625518310990685,False,1,2,False,False
q14,9.974813803378991,0.007625518310990685,False,1,2,False,False
q14,9.299405841686744,0.008000215538926837,False,1,2,False,False
q14,9.552683827321337,0.007719191761755246,True,1,2,False,False
q14,9.974813803378991,0.007625518310990685,False,1,2,False,False
q14,9.974813803378991,0.007625518310990685,False,1,2,False,False
q14,9.974813803378991,0.007625518310990685,False,1,2,False,False
q14,9.974813803378991,0.007625518310990685,False,1,2,False,False
q14,9.974813803378991,0.007625518310990685,False,1,2,False,False
q14,9.974813803378991,0.007625518310990685,False,1,2,False,False
q14,10.67027935873235,0.007573749934242736,False,1,2,False,False
q14,10.67027935873235,0.007573749934242736,False,1,2,False,False
q14,10.67027935873235,0.007573749934242736,False,1,2,False,False
q14,10.67027935873235,0.007573749934242736,True,1,2,False,False
q14,9.60547334432209,0.007714150709682287,False,1,2,False,False
q14,9.60547334432209,0.007714150709682287,True,1,2,False,False
q14,9.974813803378991,0.007625518310990685,False,1,2,False,False
q14,9.974813803378991,0.007625518310990685,False,1,2,False,False
q14,9.974813803378991,0.007625518310990685,False,1,2,False,False
q14,9.974813803378991,0.007625518310990685,False,1,2,False,False
q14,9.974813803378991,0.007625518310990685,False,1,2,False,False
q14,9.974813803378991,0.007625518310990685,False,1,2,False,False
q14,9.974813803378991,0.007625518310990685,False,1,2,False,False
q14,9.974813803378991,0.007625518310990685,False,1,2,False,False
q14,9.974813803378991,0.007625518310990685,False,1,2,False,False
q14,9.974813803378991,0.007625518310990685,True,1,2,False,False
q14,9.77548232994779,0.008014150721384374,False,0,1,False,False
q14,9.366467808495473,0.007884924144237766,False,1,3,False,False
q14,9.356997071353153,0.007729034487169318,False,1,3,False,False
q14,9.356997071353153,0.007729034487169318,False,1,3,False,False
q14,9.356997071353153,0.007729034487169318,False,1,3,False,False
q14,9.356997071353153,0.007729034487169318,False,1,3,False,False
q14,9.356997071353153,0.007729034487169318,False,1,3,False,False
q14,8.681589109660905,0.00810373171510547,False,1,3,False,False
q14,8.934867095295498,0.007822707937933878,False,1,3,False,False
q14,9.356997071353153,0.007729034487169318,False,1,3,False,False
q14,9.356997071353153,0.007729034487169318,False,1,3,False,False
q14,9.356997071353153,0.007729034487169318,False,1,3,False,False
q14,9.356997071353153,0.007729034487169318,True,1,3,False,False
q14,9.00586484309593,0.008133333834331253,False,1,4,False,False
q14,9.00586484309593,0.008133333834331253,False,1,4,False,False
q14,9.630332650648858,0.007770939561185927,False,1,4,False,False
q14,9.630332650648858,0.007770939561185927,False,1,4,False,False
q14,9.630332650648858,0.007770939561185927,False,1,4,False,False
q14,9.630332650648858,0.007770939561185927,False,1,4,False,False
q14,8.565526636238598,0.00791134033662548,False,1,4,False,False
q14,8.565526636238598,0.00791134033662548,False,1,4,False,False
q14,8.934867095295498,0.007822707937933878,False,1,4,False,False
q14,8.934867095295498,0.007822707937933878,False,1,4,False,False
q14,8.934867095295498,0.007822707937933878,False,1,4,False,False
q14,8.934867095295498,0.007822707937933878,False,1,4,False,False
q14,7.997679956163627,0.007918484326848569,False,1,5,False,False
q14,7.997679956163627,0.007918484326848569,False,1,5,False,False
q14,8.565526636238598,0.00791134033662548,False,1,5,False,False
q14,8.565526636238598,0.00791134033662548,False,1,5,False,False
q14,8.565526636238598,0.00791134033662548,False,1,5,False,False
q14,8.565526636238598,0.00791134033662548,False,1,5,False,False
q14,6.811129715141276,0.00911501429126652,False,0,5,False,False
q14,8.924341468662806,0.015801766553168263,False,1,5,False,False
q14,8.702139840239248,0.012929020052059785,False,1,5,False,False
q14,8.993809037120297,0.011542176913593626,False,1,4,False,False
q14,10.006173295981046,0.010848755344360543,False,1,5,False,False
q14,7.710334312775866,0.008125517332144333,False,1,5,False,False
q14,8.615496688189465,0.007814968150669937,True,1,4,False,False
q14,11.50534556935153,0.007615665949856476,False,1,5,False,False
q14,11.50534556935153,0.007615665949856476,False,1,5,False,False
q14,11.50534556935153,0.007615665949856476,False,1,5,False,False
q14,11.50534556935153,0.007615665949856476,False,1,5,False,False
q14,7.928137771397221,0.0080743737168097,True,1,6,False,False
q14,7.997679956163627,0.007918484326848569,False,1,6,False,False
q14,7.997679956163627,0.007918484326848569,False,1,6,False,False
q14,7.997679956163627,0.007918484326848569,False,1,6,False,False
q14,7.997679956163627,0.007918484326848569,False,1,6,False,False
q14,7.997679956163627,0.007918484326848569,False,1,6,False,False
q14,7.744401970529035,0.008199508104020162,False,1,5,False,False
q14,8.41980993222128,0.007824810876084009,False,1,4,False,False
q14,8.41980993222128,0.007824810876084009,False,1,5,False,False
q14,8.41980993222128,0.007824810876084009,False,1,5,False,False
q14,8.41980993222128,0.007824810876084009,False,1,5,False,False
q14,8.41980993222128,0.007824810876084009,True,1,5,False,False
q14,6.773190435299704,0.008803787061045414,False,1,6,False,False
q14,6.773190435299704,0.008803787061045414,True,1,6,True,False
q14,9.630332650648858,0.007770939561185927,False,1,6,False,False
q14,9.630332650648858,0.007770939561185927,False,1,6,False,False
q14,9.630332650648858,0.007770939561185927,False,1,6,False,False
q14,9.630332650648858,0.007770939561185927,False,1,6,False,False
q14,7.997679956163627,0.007918484326848569,True,1,5,False,False
q14,8.934867095295498,0.007822707937933878,False,1,4,False,False
q14,8.934867095295498,0.007822707937933878,False,1,5,False,False
q14,8.934867095295498,0.007822707937933878,False,1,5,False,False
q14,8.934867095295498,0.007822707937933878,False,1,5,False,False
q14,8.934867095295498,0.007822707937933878,False,1,5,False,False
q14,9.079122165107714,0.008091957149533528,False,1,3,False,False
q14,9.069651427965391,0.00793606749246508,False,1,3,False,False
q14,9.069651427965391,0.00793606749246508,False,1,3,False,False
q14,9.069651427965391,0.00793606749246508,False,1,3,False,False
q14,9.069651427965391,0.00793606749246508,False,1,3,False,False
q14,9.069651427965391,0.00793606749246508,False,1,3,False,False
q14,8.394243466273144,0.008310764720401233,False,1,3,False,False
q14,8.647521451907737,0.008029740943229642,False,1,3,False,False
q14,9.069651427965391,0.00793606749246508,False,1,3,False,False
q14,9.069651427965391,0.00793606749246508,False,1,3,False,False
q14,9.069651427965391,0.00793606749246508,False,1,3,False,False
q14,9.069651427965391,0.00793606749246508,False,1,3,False,False
q14,9.520481376762179,0.00875453730747513,False,1,4,False,False
q14,8.718519199708169,0.008340366839627017,False,1,4,False,False
q14,9.342987007261097,0.007977972566481691,False,1,4,False,False
q14,9.342987007261097,0.007977972566481691,False,1,4,False,False
q14,9.342987007261097,0.007977972566481691,False,1,4,False,False
q14,9.342987007261097,0.007977972566481691,False,1,4,False,False
q14,8.278180992850837,0.008118373341921241,False,1,4,False,False
q14,8.278180992850837,0.008118373341921241,False,1,4,False,False
q14,8.647521451907737,0.008029740943229642,False,1,4,False,False
q14,8.647521451907737,0.008029740943229642,False,1,4,False,False
q14,8.647521451907737,0.008029740943229642,False,1,4,False,False
q14,8.647521451907737,0.008029740943229642,False,1,4,False,False
q14,7.710334312775866,0.008125517332144333,False,1,5,False,False
q14,8.278180992850837,0.008118373341921241,False,1,5,False,False
q14,8.278180992850837,0.008118373341921241,False,1,5,False,False
q14,8.278180992850837,0.008118373341921241,False,1,5,False,False
q14,8.278180992850837,0.008118373341921241,False,1,5,False,False
q14,6.581086856127931,0.009562930598527758,False,0,5,False,False
q14,8.139771994353564,0.016060557548567007,False,1,5,False,False
q14,8.093732949623288,0.013187811203977755,False,1,5,False,False
q14,8.561393404145003,0.0118009681410726,False,1,4,False,False
q14,9.690608751911597,0.011055788330226331,False,1,5,False,False
q14,7.64079212800946,0.008281406722105466,True,1,6,False,False
q14,7.710334312775866,0.008125517332144333,False,1,6,False,False
q14,7.710334312775866,0.008125517332144333,False,1,6,False,False
q14,7.710334312775866,0.008125517332144333,False,1,6,False,False
q14,7.710334312775866,0.008125517332144333,False,1,6,False,False
q14,7.710334312775866,0.008125517332144333,False,1,6,False,False
q14,7.457056327141274,0.008406541109315924,False,1,5,False,False
q14,8.13246428883352,0.008031843881379773,False,1,4,False,False
q14,8.13246428883352,0.008031843881379773,False,1,5,False,False
q14,8.13246428883352,0.008031843881379773,False,1,5,False,False
q14,8.13246428883352,0.008031843881379773,False,1,5,False,False
q14,8.13246428883352,0.008031843881379773,False,1,5,False,False
q14,6.641620779730277,0.009233427147627666,False,1,6,False,False
q14,6.485844791911943,0.009010820066341178,False,1,6,False,False
q14,9.342987007261097,0.007977972566481691,False,1,6,False,False
q14,9.342987007261097,0.007977972566481691,False,1,6,False,False
q14,9.342987007261097,0.007977972566481691,False,1,6,False,False
q14,9.342987007261097,0.007977972566481691,False,1,6,False,False
q14,7.44270525239604,0.008436141841393305,False,1,6,False,False
q14,8.718519199708169,0.008340366839627017,False,1,5,False,False
q14,8.718519199708169,0.008340366839627017,False,1,6,False,False
q14,8.718519199708169,0.008340366839627017,False,1,6,False,False
q14,8.718519199708169,0.008340366839627017,False,1,6,False,False
q14,8.718519199708169,0.008340366839627017,False,1,6,False,False
q14,7.38157449831828,0.008967944802793736,False,1,6,False,False
q14,8.575880773526729,0.008960803636910281,False,1,5,False,False
q14,8.575880773526729,0.008960803636910281,False,1,6,False,False
q14,8.575880773526729,0.008960803636910281,False,1,6,False,False
q14,8.575880773526729,0.008960803636910281,False,1,6,False,False
q14,8.575880773526729,0.008960803636910281,False,1,6,False,False
q14,6.396979024051191,0.009896208769191341,False,0,6,False,False
q14,7.041772032471203,0.016826119588944574,False,1,6,False,False
q14,7.06534870404288,0.013897977511924725,False,1,6,False,False
q14,7.533009158564594,0.012511134446017596,False,1,5,False,False
q14,8.466119231047672,0.0118733220762433,False,1,6,False,False
q14,7.79917034094685,0.008110067436344074,True,1,5,False,False
q14,9.8726928748663,0.007763210715519117,False,1,6,False,False
q14,9.8726928748663,0.007763210715519117,False,1,6,False,False
q14,9.8726928748663,0.007763210715519117,False,1,6,False,False
q14,9.8726928748663,0.007763210715519117,False,1,6,False,False
q14,6.416302607145537,0.009166709456302309,True,1,7,False,False
q14,6.485844791911943,0.009010820066341178,False,1,7,False,False
q14,6.485844791911943,0.009010820066341178,False,1,7,False,False
q14,6.485844791911943,0.009010820066341178,False,1,7,False,False
q14,6.485844791911943,0.009010820066341178,False,1,7,False,False
q14,6.485844791911943,0.009010820066341178,True,1,7,False,False
q14,6.232095747377866,0.009291843843512768,False,1,6,False,False
q14,7.316137941590905,0.008326943167053912,False,1,5,False,False
q14,7.316137941590905,0.008326943167053912,False,1,6,False,False
q14,7.316137941590905,0.008326943167053912,False,1,6,False,False
q14,7.316137941590905,0.008326943167053912,False,1,6,False,False
q14,7.316137941590905,0.008326943167053912,True,1,6,False,False
q14,11.915592269713649,0.010278073381671615,False,1,4,False,False
q14,8.465241214073577,0.008621390616798608,False,1,4,False,False
q14,9.089709021626506,0.008258996343653282,False,1,4,False,False
q14,9.089709021626506,0.008258996343653282,False,1,4,False,False
q14,9.089709021626506,0.008258996343653282,False,1,4,False,False
q14,9.089709021626506,0.008258996343653282,False,1,4,False,False
q14,8.024903007216244,0.008399397119092834,False,1,4,False,False
q14,8.024903007216244,0.008399397119092834,False,1,4,False,False
q14,8.394243466273144,0.008310764720401233,False,1,4,False,False
q14,8.394243466273144,0.008310764720401233,False,1,4,False,False
q14,8.394243466273144,0.008310764720401233,False,1,4,False,False
q14,8.394243466273144,0.008310764720401233,False,1,4,False,False
q14,7.457056327141274,0.008406541109315924,False,1,5,False,False
q14,8.024903007216244,0.008399397119092834,False,1,5,False,False
q14,8.024903007216244,0.008399397119092834,False,1,5,False,False
q14,8.024903007216244,0.008399397119092834,False,1,5,False,False
q14,8.024903007216244,0.008399397119092834,False,1,5,False,False
q14,6.789767982864293,0.0098712725630893,False,0,5,False,False
q14,7.886516729297339,0.0163415813257386,False,1,5,False,False
q14,7.840454963988696,0.013468834981149348,False,1,5,False,False
q14,8.30811541851041,0.012081991918244193,False,1,4,False,False
q14,9.437330766277004,0.011336812107397922,False,1,5,False,False
q14,8.362218702554872,0.008095991927841528,False,1,4,False,False
q14,11.252067583716938,0.007896689727028066,False,1,5,False,False
q14,11.252067583716938,0.007896689727028066,False,1,5,False,False
q14,11.252067583716938,0.007896689727028066,False,1,5,False,False
q14,11.252067583716938,0.007896689727028066,False,1,5,False,False
q14,7.39022067902627,0.008468755630629621,False,1,6,False,False
q14,7.457056327141274,0.008406541109315924,False,1,6,False,False
q14,7.457056327141274,0.008406541109315924,False,1,6,False,False
q14,7.457056327141274,0.008406541109315924,False,1,6,False,False
q14,7.457056327141274,0.008406541109315924,False,1,6,False,False
q14,7.457056327141274,0.008406541109315924,False,1,6,False,False
q14,8.141935025975842,0.008187733538448221,False,1,5,False,False
q14,8.141935025975842,0.008187733538448221,False,1,6,False,False
q14,8.141935025975842,0.008187733538448221,False,1,6,False,False
q14,8.141935025975842,0.008187733538448221,False,1,6,False,False
q14,8.141935025975842,0.008187733538448221,False,1,6,False,False
q14,6.620211150455433,0.010405000775130508,False,1,7,False,False
q14,6.165731158162347,0.009354058364826464,True,1,7,False,False
q14,9.022873373511501,0.008321210864966979,False,1,7,False,False
q14,9.022873373511501,0.008321210864966979,False,1,7,False,False
q14,9.022873373511501,0.008321210864966979,False,1,7,False,False
q14,9.022873373511501,0.008321210864966979,False,1,7,False,False
q14,7.122591618646444,0.008779380139878593,True,1,7,False,False
q14,8.398405565958573,0.008683605138112305,False,1,6,False,False
q14,8.398405565958573,0.008683605138112305,False,1,7,False,False
q14,8.398405565958573,0.008683605138112305,False,1,7,False,False
q14,8.398405565958573,0.008683605138112305,False,1,7,False,False
q14,8.398405565958573,0.008683605138112305,False,1,7,False,False
q14,7.061460864568684,0.009311183101279024,False,1,7,False,False
q14,8.255767139777133,0.009304041935395573,False,1,6,False,False
q14,8.255767139777133,0.009304041935395573,False,1,7,False,False
q14,8.255767139777133,0.009304041935395573,False,1,7,False,False
q14,8.255767139777133,0.009304041935395573,False,1,7,False,False
q14,8.255767139777133,0.009304041935395573,False,1,7,False,False
q14,6.147416587654339,0.01071390016253341,True,0,7,False,False
q14,6.721658398721607,0.017183906714665725,False,1,7,False,False
q14,6.745235070293284,0.014232553736306526,False,1,7,False,False
q14,7.212895524814998,0.012845710673401371,False,1,6,False,False
q14,8.146005597298078,0.012231111729513295,False,1,7,False,False
q14,6.453076801550108,0.009147025359530703,True,1,7,False,False
q14,7.479056707197254,0.008453305734829362,False,1,6,False,False
q14,9.552579241116703,0.008106449014004405,False,1,7,False,False
q14,9.552579241116703,0.008106449014004405,False,1,7,False,False
q14,9.552579241116703,0.008106449014004405,False,1,7,False,False
q14,9.552579241116703,0.008106449014004405,False,1,7,False,False
q14,6.232095747377866,0.009291843843512768,False,1,7,False,False
q14,6.232095747377866,0.009291843843512768,False,1,7,False,False
q14,6.232095747377866,0.009291843843512768,False,1,7,False,False
q14,6.232095747377866,0.009291843843512768,False,1,7,False,False
q14,6.232095747377866,0.009291843843512768,True,1,7,False,False
q14,7.325608678733227,0.008482832824122358,False,1,6,False,False
q14,7.325608678733227,0.008482832824122358,False,1,7,False,False
q14,7.325608678733227,0.008482832824122358,False,1,7,False,False
q14,7.325608678733227,0.008482832824122358,False,1,7,False,False
q14,7.325608678733227,0.008482832824122358,False,1,7,False,False
q14,11.348432320781756,0.015897433472313333,False,0,1,False,False
q14,10.735516010310908,0.013024686689470247,False,0,1,False,False
q14,11.840413471128587,0.010944421777756288,False,0,1,False,False
q14,9.107854259283874,0.008686024952430364,False,0,2,False,False
q14,9.33039694950518,0.008238108645169127,False,0,2,False,False
q14,11.428393769527998,0.007840880345207206,False,0,2,False,False
q14,11.428393769527998,0.007840880345207206,False,0,2,False,False
q14,11.428393769527998,0.007840880345207206,False,0,2,False,False
q14,9.248909023935708,0.008942521229211488,False,0,3,False,False
q14,9.107854259283874,0.008686024952430364,False,0,3,False,False
q14,9.107854259283874,0.008686024952430364,False,0,3,False,False
q14,9.107854259283874,0.008686024952430364,False,0,3,False,False
q14,9.107854259283874,0.008686024952430364,False,0,3,False,False
q14,9.107854259283874,0.008686024952430364,False,0,3,False,False
q14,8.1955486915621,0.00958393650497504,False,0,3,False,False
q14,8.244628592412049,0.009084034676226364,False,0,3,False,False
q14,11.01097689763108,0.008512496398962453,False,0,3,False,False
q14,11.01097689763108,0.008512496398962453,False,0,3,False,False
q14,11.01097689763108,0.008512496398962453,False,0,3,False,False
q14,11.01097689763108,0.008512496398962453,False,0,3,False,False
q14,9.66733127929453,0.010126040225314437,False,0,4,False,False
q14,8.626136880169174,0.009513095164308451,False,0,4,False,False
q14,8.231064375193231,0.009527204187726606,False,0,4,False,False
q14,7.818850331991772,0.009172667119601801,False,0,4,False,False
q14,8.244628592412049,0.009084034676226364,False,0,4,False,False
q14,8.244628592412049,0.009084034676226364,False,0,4,False,False
q14,8.244628592412049,0.009084034676226364,False,0,4,False,False
q14,8.244628592412049,0.009084034676226364,False,0,4,False,False
q14,7.251003651916802,0.00917981147775076,False,0,5,False,False
q14,7.251003651916802,0.00917981147775076,False,0,5,False,False
q14,7.818850331991772,0.009172667119601801,False,0,5,False,False
q14,7.818850331991772,0.009172667119601801,False,0,5,False,False
q14,7.818850331991772,0.009172667119601801,False,0,5,False,False
q14,7.818850331991772,0.009172667119601801,False,0,5,False,False
q14,7.710334312775866,0.008125517332144333,True,1,5,False,False
q14,7.672389433302124,0.017175072510718193,False,0,5,False,False
q14,7.637609520111394,0.01430232616612894,False,0,5,False,False
q14,8.105269974633108,0.012915483103223784,False,0,4,False,False
q14,9.231278091052532,0.012110082475832756,False,0,5,False,False
q14,7.473546342138107,0.008731895170489523,False,0,5,False,False
q14,7.9186317225807175,0.00850793724670477,False,0,4,False,False
q14,9.00490055621864,0.00839979829165408,False,0,5,False,False
q14,9.00490055621864,0.00839979829165408,False,0,5,False,False
q14,9.00490055621864,0.00839979829165408,False,0,5,False,False
q14,9.00490055621864,0.00839979829165408,False,0,5,False,False
q14,7.63994286252365,0.009262775134487727,False,0,6,False,False
q14,7.251003651916802,0.00917981147775076,False,0,6,False,False
q14,7.251003651916802,0.00917981147775076,False,0,6,False,False
q14,7.251003651916802,0.00917981147775076,False,0,6,False,False
q14,7.251003651916802,0.00917981147775076,False,0,6,False,False
q14,7.251003651916802,0.00917981147775076,False,0,6,False,False
q14,7.258361552430229,0.009679713501122995,False,0,5,False,False
q14,8.170667120152004,0.008781801948578317,False,0,4,False,False
q14,10.130227559862586,0.008608273589733968,False,0,5,False,False
q14,10.130227559862586,0.008608273589733968,False,0,5,False,False
q14,10.130227559862586,0.008608273589733968,False,0,5,False,False
q14,10.130227559862586,0.008608273589733968,False,0,5,False,False
q14,7.714263715621883,0.010221813718238316,False,0,6,False,False
q14,7.237447330130292,0.009608870603467929,False,0,6,False,False
q14,8.244628592412049,0.009084034676226364,False,0,4,False,False
q14,8.244628592412049,0.009084034676226364,False,0,5,False,False
q14,8.244628592412049,0.009084034676226364,False,0,5,False,False
q14,8.244628592412049,0.009084034676226364,False,0,5,False,False
q14,8.244628592412049,0.009084034676226364,False,0,5,False,False
q14,7.245577965029275,0.009534346933584497,False,0,5,False,False
q14,8.231064375193231,0.009527204187726606,False,0,5,False,False
q14,8.231064375193231,0.009527204187726606,False,0,5,False,False
q14,8.231064375193231,0.009527204187726606,False,0,5,False,False
q14,8.231064375193231,0.009527204187726606,False,0,5,False,False
q14,6.988551322852481,0.01755819163149519,False,0,5,False,False
q14,6.9751928931145635,0.014685445286905938,False,0,5,False,False
q14,7.4428533476362775,0.013298602224000783,False,0,4,False,False
q14,8.5688614640557,0.012493201596609757,False,0,5,False,False
q14,7.256215095583887,0.008891056367481767,False,0,4,False,False
q14,9.00490055621864,0.00839979829165408,False,0,5,False,False
q14,9.00490055621864,0.00839979829165408,False,0,5,False,False
q14,9.00490055621864,0.00839979829165408,False,0,5,False,False
q14,9.00490055621864,0.00839979829165408,False,0,5,False,False
q14,7.171349292957715,0.009454334196454034,False,0,6,False,False
q14,6.581086856127931,0.009562930598527758,False,0,6,False,False
q14,6.581086856127931,0.009562930598527758,False,0,6,False,False
q14,6.581086856127931,0.009562930598527758,False,0,6,False,False
q14,6.581086856127931,0.009562930598527758,False,0,6,False,False
q14,6.581086856127931,0.009562930598527758,False,0,6,False,False
q14,7.702073550586069,0.008973361010544625,False,0,4,False,False
q14,10.130227559862586,0.008608273589733968,False,0,5,False,False
q14,10.130227559862586,0.008608273589733968,False,0,5,False,False
q14,10.130227559862586,0.008608273589733968,False,0,5,False,False
q14,10.130227559862586,0.008608273589733968,False,0,5,False,False
q14,6.5424231774182955,0.010509150716220371,False,0,6,False,False
q14,8.626136880169174,0.009513095164308451,False,0,5,False,False
q14,8.626136880169174,0.009513095164308451,False,0,6,False,False
q14,8.626136880169174,0.009513095164308451,False,0,6,False,False
q14,8.626136880169174,0.009513095164308451,False,0,6,False,False
q14,8.626136880169174,0.009513095164308451,False,0,6,False,False
q14,6.639088249010468,0.009881916575603404,False,0,6,False,False
q14,7.813955964333698,0.00986762801015493,False,0,5,False,False
q14,7.813955964333698,0.00986762801015493,False,0,6,False,False
q14,7.813955964333698,0.00986762801015493,False,0,6,False,False
q14,7.813955964333698,0.00986762801015493,False,0,6,False,False
q14,7.813955964333698,0.00986762801015493,False,0,6,False,False
q14,11.789881646687052,0.011894647508530294,False,0,4,False,False
q14,8.39806048823873,0.010074290639507774,False,0,4,False,False
q14,7.954767800543489,0.009849837409617064,False,0,4,False,False
q14,7.826208232505199,0.009672569142974036,False,0,4,False,False
q14,8.1955486915621,0.00958393650497504,False,0,4,False,False
q14,8.1955486915621,0.00958393650497504,False,0,4,False,False
q14,8.1955486915621,0.00958393650497504,False,0,4,False,False
q14,8.1955486915621,0.00958393650497504,False,0,4,False,False
q14,7.258361552430229,0.009679713501122995,False,0,5,False,False
q14,7.826208232505199,0.009672569142974036,False,0,5,False,False
q14,7.826208232505199,0.009672569142974036,False,0,5,False,False
q14,7.826208232505199,0.009672569142974036,False,0,5,False,False
q14,7.826208232505199,0.009672569142974036,False,0,5,False,False
q14,7.457056327141274,0.008406541109315924,False,1,5,False,False
q14,7.68272225904458,0.017674974534090424,False,0,5,False,False
q14,7.644967420624821,0.014802228189501176,False,0,5,False,False
q14,8.112627875146535,0.01341538512659602,False,0,4,False,False
q14,9.238635991565959,0.012609984499204991,False,0,5,False,False
q14,7.480904242651534,0.009231797193861758,False,0,5,False,False
q14,7.925989623094144,0.009007839270077004,False,0,4,False,False
q14,9.63533886403773,0.008834569088523394,False,0,5,False,False
q14,9.63533886403773,0.008834569088523394,False,0,5,False,False
q14,9.63533886403773,0.008834569088523394,False,0,5,False,False
q14,9.63533886403773,0.008834569088523394,False,0,5,False,False
q14,7.236875449155538,0.009936209419265742,False,0,6,False,False
q14,7.258361552430229,0.009679713501122995,False,0,6,False,False
q14,7.258361552430229,0.009679713501122995,False,0,6,False,False
q14,7.258361552430229,0.009679713501122995,False,0,6,False,False
q14,7.258361552430229,0.009679713501122995,False,0,6,False,False
q14,7.258361552430229,0.009679713501122995,False,0,6,False,False
q14,8.311721884803836,0.009038298225359441,False,0,5,False,False
q14,10.474458409422574,0.008864770314813064,False,0,6,False,False
q14,10.474458409422574,0.008864770314813064,False,0,6,False,False
q14,10.474458409422574,0.008864770314813064,False,0,6,False,False
q14,10.474458409422574,0.008864770314813064,False,0,6,False,False
q14,8.686571952472182,0.012246913027125723,False,0,7,False,False
q14,6.987884834925158,0.010426561996809997,False,0,7,False,False
q14,8.376574384964039,0.010330786557650521,False,0,6,False,False
q14,8.376574384964039,0.010330786557650521,False,0,7,False,False
q14,8.376574384964039,0.010330786557650521,False,0,7,False,False
q14,8.376574384964039,0.010330786557650521,False,0,7,False,False
q14,8.376574384964039,0.010330786557650521,False,0,7,False,False
q14,6.3895260244086645,0.010699607968945472,False,0,7,False,False
q14,7.5643934691285635,0.010685319403497,False,0,6,False,False
q14,7.5643934691285635,0.010685319403497,False,0,7,False,False
q14,7.5643934691285635,0.010685319403497,False,0,7,False,False
q14,7.5643934691285635,0.010685319403497,False,0,7,False,False
q14,7.5643934691285635,0.010685319403497,False,0,7,False,False
q14,6.577529842471649,0.018862396642377433,False,0,7,False,False
q14,6.562690123202927,0.01598965029778818,False,0,7,False,False
q14,7.030350577724642,0.014602807234883025,False,0,6,False,False
q14,8.134945544037558,0.013644171160615406,False,0,7,False,False
q14,6.377213795123133,0.010265983855272174,False,0,7,False,False
q14,6.884546829123338,0.009735555356779583,False,0,6,False,False
q14,8.068526301213879,0.009470342364838374,False,0,7,False,False
q14,8.068526301213879,0.009470342364838374,False,0,7,False,False
q14,8.068526301213879,0.009470342364838374,False,0,7,False,False
q14,8.068526301213879,0.009470342364838374,False,0,7,False,False
q14,6.1689026909290305,0.010457404244390662,False,0,7,False,False
q14,6.1689026909290305,0.010457404244390662,False,0,6,False,False
q14,6.1689026909290305,0.010457404244390662,False,0,7,False,False
q14,6.1689026909290305,0.010457404244390662,False,0,7,False,False
q14,6.1689026909290305,0.010457404244390662,False,0,7,False,False
q14,6.1689026909290305,0.010457404244390662,False,0,7,False,False
q14,6.460674777617908,0.010013657640871037,False,0,7,False,False
q14,7.187053070711435,0.009735565000930932,False,0,6,False,False
q14,9.186686359798276,0.009117621056132333,False,0,7,False,False
q14,9.186686359798276,0.009117621056132333,False,0,7,False,False
q14,9.186686359798276,0.009117621056132333,False,0,7,False,False
q14,9.186686359798276,0.009117621056132333,False,0,7,False,False
q14,6.837477797908077,0.01253424768962506,False,0,7,False,False
q14,6.768281879589602,0.01012776848123205,False,0,6,False,False
q15,14.553409108495819,0.011691475139191493,False,1,0,False,True
q15,14.007765217891642,0.01160749667892139,False,0,0,False,False
q15,14.001341902442814,0.01639126463039544,False,0,1,False,False
q15,13.705164514819696,0.013165002523587356,False,0,1,False,False
q15,15.00329526715814,0.010828743756588405,False,0,1,False,False
q15,13.021965362720746,0.007901254470880225,False,0,1,False,False
q15,13.02473063662461,0.01002462353603363,False,0,2,False,False
q15,12.64939285050744,0.008204592158147256,False,0,2,False,False
q15,14.176950101770707,0.007745517133871653,False,0,2,False,False
q15,15.636650956565525,0.007667651015224617,False,0,2,False,False
q15,15.636650956565525,0.007667651015224617,False,0,3,False,False
q15,15.636650956565525,0.007667651015224617,False,0,3,False,False
q15,15.636650956565525,0.007667651015224617,False,0,3,False,False
q15,15.636650956565525,0.007667651015224617,False,0,3,False,False
q15,15.636650956565525,0.007667651015224617,False,0,3,False,False
q15,15.636650956565525,0.007667651015224617,False,0,3,False,False
q15,16.130944367898977,0.007643677150631628,False,0,3,False,False
q15,16.130944367898977,0.007643677150631628,False,0,3,False,False
q15,16.130944367898977,0.007643677150631628,False,0,3,False,False
q15,16.130944367898977,0.007643677150631628,False,0,3,False,False
q15,16.130944367898977,0.007643677150631628,False,0,4,False,False
q15,16.130944367898977,0.007643677150631628,False,0,4,False,False
q15,16.130944367898977,0.007643677150631628,False,0,4,False,False
q15,16.130944367898977,0.007643677150631628,False,0,4,False,False
q15,16.130944367898977,0.007643677150631628,False,0,4,False,False
q15,16.130944367898977,0.007643677150631628,False,0,4,False,False
q15,16.130944367898977,0.007643677150631628,False,0,4,False,False
q15,16.130944367898977,0.007643677150631628,False,0,4,False,False
q15,16.130944367898977,0.007643677150631628,False,0,4,False,False
q15,16.130944367898977,0.007643677150631628,False,0,4,False,False
q15,16.130944367898977,0.007643677150631628,False,0,4,False,False
q15,16.130944367898977,0.007643677150631628,False,0,4,False,False
q15,16.130944367898977,0.007643677150631628,False,0,4,False,False
q15,16.130944367898977,0.007643677150631628,False,0,4,False,False
q15,16.130944367898977,0.007643677150631628,False,0,4,False,False
q15,16.130944367898977,0.007643677150631628,False,0,4,False,False
q15,16.130944367898977,0.007643677150631628,False,0,4,False,False
q15,16.130944367898977,0.007643677150631628,False,0,4,False,False
q15,15.32616945445315,0.00773674218036238,False,0,4,False,False
q15,15.627960046995334,0.007666941859649222,True,0,4,False,False
q15,16.130944367898977,0.007643677150631628,False,0,4,False,False
q15,16.130944367898977,0.007643677150631628,False,0,4,False,False
q15,16.130944367898977,0.007643677150631628,False,0,4,False,False
q15,16.130944367898977,0.007643677150631628,False,0,4,False,False
q15,16.130944367898977,0.007643677150631628,False,0,4,False,False
q15,16.130944367898977,0.007643677150631628,False,0,4,False,False
q15,16.130944367898977,0.007643677150631628,False,0,4,False,False
q15,16.130944367898977,0.007643677150631628,False,0,4,False,False
q15,16.130944367898977,0.007643677150631628,False,0,4,False,False
q15,16.130944367898977,0.007643677150631628,False,0,4,False,False
q15,16.130944367898977,0.007643677150631628,False,0,4,False,False
q15,16.130944367898977,0.007643677150631628,False,0,4,False,False
q15,16.130944367898977,0.007643677150631628,False,0,4,False,False
q15,16.130944367898977,0.007643677150631628,False,0,4,False,False
q15,16.130944367898977,0.007643677150631628,False,0,4,False,False
q15,16.130944367898977,0.007643677150631628,False,0,4,False,False
q15,16.130944367898977,0.007643677150631628,False,0,4,False,False
q15,16.130944367898977,0.007643677150631628,False,0,4,False,False
q15,16.130944367898977,0.007643677150631628,False,0,4,False,False
q15,16.130944367898977,0.007643677150631628,False,0,4,False,False
q15,16.130944367898977,0.007643677150631628,False,0,4,False,False
q15,16.130944367898977,0.007643677150631628,False,0,4,False,False
q15,16.130944367898977,0.007643677150631628,False,0,4,False,False
q15,16.130944367898977,0.007643677150631628,False,0,4,False,False
q15,16.130944367898977,0.007643677150631628,False,0,4,False,False
q15,16.130944367898977,0.007643677150631628,False,0,4,False,False
q15,16.130944367898977,0.007643677150631628,False,0,4,False,False
q15,16.130944367898977,0.007643677150631628,False,0,4,False,False
q15,16.130944367898977,0.007643677150631628,False,0,4,False,False
q15,16.130944367898977,0.007643677150631628,False,0,4,False,False
q15,16.130944367898977,0.007643677150631628,False,0,4,False,False
q15,16.130944367898977,0.007643677150631628,False,0,4,False,False
q15,16.130944367898977,0.007643677150631628,False,0,4,False,False
q15,16.130944367898977,0.007643677150631628,False,0,4,False,False
q15,17.35573920467392,0.0077270186845112485,False,1,3,False,False
q15,18.48308313818718,0.01613369007288541,False,0,3,False,False
q15,17.44968158970447,0.012907426482384394,False,0,3,False,False
q15,17.39638097374075,0.01134991992145287,False,0,2,False,False
q15,18.213960363489416,0.010571166640987109,False,0,3,False,False
q15,13.5509639099228,0.010000649815795652,False,0,3,False,False
q15,13.175626123805628,0.008180618437909277,False,0,3,False,False
q15,13.548198636018935,0.007877280750642245,False,0,2,False,False
q15,14.681890133759065,0.007721543317396998,False,0,3,False,False
q15,16.130944367898977,0.007643677150631628,False,0,4,False,False
q15,16.130944367898977,0.007643677150631628,False,0,4,False,False
q15,16.130944367898977,0.007643677150631628,False,0,4,False,False
q15,16.130944367898977,0.007643677150631628,True,0,4,False,False
q15,14.176950101770707,0.007745517133871653,False,0,3,False,False
q15,14.176950101770707,0.007745517133871653,False,0,3,False,False
q15,14.176950101770707,0.007745517133871653,False,0,3,False,False
q15,14.870192953926203,0.007728317235386126,False,0,3,False,False
q15,14.023121955944536,0.007769492537227296,False,0,3,False,False
q15,14.023121955944536,0.007769492537227296,False,0,3,False,False
q15,14.681890133759065,0.007721543317396998,False,0,3,False,False
q15,14.681890133759065,0.007721543317396998,False,0,3,False,False
q15,14.681890133759065,0.007721543317396998,True,0,3,False,False
q15,13.977402270624989,0.007753858047770128,False,0,3,False,False
q15,14.176950101770707,0.007745517133871653,False,0,3,False,False
q15,14.176950101770707,0.007745517133871653,False,0,3,False,False
q15,14.176950101770707,0.007745517133871653,False,0,3,False,False
q15,14.176950101770707,0.007745517133871653,False,0,3,False,False
q15,14.176950101770707,0.007745517133871653,True,0,3,False,False
q15,13.977402270624989,0.007753858047770128,False,0,4,False,False
q15,13.977402270624989,0.007753858047770128,False,0,4,False,False
q15,13.977402270624989,0.007753858047770128,False,0,4,False,False
q15,13.977402270624989,0.007753858047770128,False,0,4,False,False
q15,13.977402270624989,0.007753858047770128,False,0,4,False,False
q15,13.977402270624989,0.007753858047770128,False,0,4,False,False
q15,13.977402270624989,0.007753858047770128,False,0,4,False,False
q15,13.977402270624989,0.007753858047770128,False,0,4,False,False
q15,13.977402270624989,0.007753858047770128,False,0,4,False,False
q15,13.977402270624989,0.007753858047770128,False,0,4,False,False
q15,13.977402270624989,0.007753858047770128,False,0,4,False,False
q15,13.977402270624989,0.007753858047770128,False,0,4,False,False
q15,13.172627357179167,0.00784692307750088,False,0,4,False,False
q15,13.47441794972135,0.007777122756787723,False,0,4,False,False
q15,13.977402270624989,0.007753858047770128,False,0,4,False,False
q15,13.977402270624989,0.007753858047770128,False,0,4,False,False
q15,13.977402270624989,0.007753858047770128,False,0,4,False,False
q15,13.977402270624989,0.007753858047770128,False,0,4,False,False
q15,11.287770762033452,0.007952655255314066,False,0,5,False,False
q15,11.470605588788606,0.007860184079737901,False,0,5,False,False
q15,13.47441794972135,0.007777122756787723,False,0,5,False,False
q15,13.47441794972135,0.007777122756787723,False,0,5,False,False
q15,13.47441794972135,0.007777122756787723,False,0,5,False,False
q15,13.47441794972135,0.007777122756787723,True,0,5,False,False
q15,11.470605588788606,0.007860184079737901,False,0,6,False,False
q15,11.470605588788606,0.007860184079737901,False,0,6,False,False
q15,13.014232378152126,0.007823356342466527,False,0,6,False,False
q15,13.014232378152126,0.007823356342466527,False,0,6,False,False
q15,13.014232378152126,0.007823356342466527,False,0,6,False,False
q15,13.014232378152126,0.007823356342466527,False,0,6,False,False
q15,11.470605588788606,0.007860184079737901,False,0,6,False,False
q15,11.470605588788606,0.007860184079737901,False,0,6,False,False
q15,11.93038114503796,0.007849838083208112,False,0,6,False,False
q15,11.93038114503796,0.007849838083208112,False,0,6,False,False
q15,11.93038114503796,0.007849838083208112,False,0,6,False,False
q15,11.93038114503796,0.007849838083208112,True,0,6,False,False
q15,11.470605588788606,0.007860184079737901,False,0,6,False,False
q15,11.470605588788606,0.007860184079737901,False,0,6,False,False
q15,11.470605588788606,0.007860184079737901,False,0,6,False,False
q15,11.470605588788606,0.007860184079737901,False,0,6,False,False
q15,11.470605588788606,0.007860184079737901,False,0,6,False,False
q15,11.470605588788606,0.007860184079737901,False,0,6,False,False
q15,11.470605588788606,0.007860184079737901,False,0,6,False,False
q15,11.470605588788606,0.007860184079737901,False,0,6,False,False
q15,11.470605588788606,0.007860184079737901,False,0,6,False,False
q15,11.470605588788606,0.007860184079737901,False,0,6,False,False
q15,11.470605588788606,0.007860184079737901,False,0,6,False,False
q15,11.470605588788606,0.007860184079737901,False,0,6,False,False
q15,12.316220379696324,0.00794373403968129,False,1,5,False,False
q15,13.060098675428952,0.016350195467136924,False,0,5,False,False
q15,12.436266105201573,0.01312393270090976,False,0,5,False,False
q15,12.58068844425767,0.011566426537903546,False,0,4,False,False
q15,13.497129311516238,0.010787673456400436,False,0,5,False,False
q15,10.31838612364251,0.010139290481899882,False,0,5,False,False
q15,9.943048337525338,0.008319259104013507,False,0,5,False,False
q15,10.315620849738645,0.008015921416746473,True,0,4,False,False
q15,12.930306443583424,0.007782317961090867,False,0,5,False,False
q15,11.470605588788606,0.007860184079737901,False,0,6,False,False
q15,11.470605588788606,0.007860184079737901,False,0,6,False,False
q15,11.470605588788606,0.007860184079737901,False,0,6,False,False
q15,12.163848440944099,0.007842984181252375,True,0,6,False,False
q15,11.237949080802737,0.007892500967071071,False,0,6,False,False
q15,11.237949080802737,0.007892500967071071,True,0,6,False,False
q15,12.175093451922683,0.007827869349364773,False,0,6,False,False
q15,12.175093451922683,0.007827869349364773,False,0,6,False,False
q15,12.175093451922683,0.007827869349364773,False,0,6,False,False
q15,12.175093451922683,0.007827869349364773,True,0,6,False,False
q15,11.670153419934321,0.007851843165839425,False,0,5,False,False
q15,11.670153419934321,0.007851843165839425,False,0,4,False,False
q15,11.670153419934321,0.007851843165839425,False,0,5,False,False
q15,11.670153419934321,0.007851843165839425,False,0,5,False,False
q15,11.670153419934321,0.007851843165839425,False,0,5,False,False
q15,11.670153419934321,0.007851843165839425,True,0,5,False,False
q15,11.470605588788606,0.007860184079737901,False,0,6,False,False
q15,11.470605588788606,0.007860184079737901,False,0,6,False,False
q15,11.470605588788606,0.007860184079737901,False,0,6,False,False
q15,11.470605588788606,0.007860184079737901,False,0,6,False,False
q15,11.470605588788606,0.007860184079737901,False,0,6,False,False
q15,11.470605588788606,0.007860184079737901,False,0,6,False,False
q15,11.470605588788606,0.007860184079737901,False,0,6,False,False
q15,11.470605588788606,0.007860184079737901,False,0,6,False,False
q15,11.470605588788606,0.007860184079737901,False,0,6,False,False
q15,11.470605588788606,0.007860184079737901,False,0,6,False,False
q15,11.470605588788606,0.007860184079737901,False,0,6,False,False
q15,11.470605588788606,0.007860184079737901,True,0,6,False,False
q15,10.505947361961656,0.008013054253109156,True,0,5,False,False
q15,13.977402270624989,0.007753858047770128,False,0,4,False,False
q15,13.977402270624989,0.007753858047770128,False,0,5,False,False
q15,13.977402270624989,0.007753858047770128,False,0,5,False,False
q15,13.977402270624989,0.007753858047770128,False,0,5,False,False
q15,13.977402270624989,0.007753858047770128,True,0,5,False,False
q15,13.021965362720746,0.007901254470880225,False,0,2,False,False
q15,13.021965362720746,0.007901254470880225,False,0,2,False,False
q15,13.59704171465745,0.00786685140852494,False,0,2,False,False
q15,14.331857085560703,0.007849651677341217,False,0,2,False,False
q15,12.758372112153655,0.007973181575333747,False,0,2,False,False
q15,12.8610394697913,0.007925229842156978,False,0,2,False,False
q15,13.548198636018935,0.007877280750642245,False,0,2,False,False
q15,13.548198636018935,0.007877280750642245,False,0,2,False,False
q15,13.548198636018935,0.007877280750642245,False,0,2,False,False
q15,12.582663276485885,0.007941912240032978,False,0,3,False,False
q15,12.8610394697913,0.007925229842156978,False,0,3,False,False
q15,12.8610394697913,0.007925229842156978,False,0,3,False,False
q15,12.8610394697913,0.007925229842156978,False,0,3,False,False
q15,12.8610394697913,0.007925229842156978,False,0,3,False,False
q15,12.8610394697913,0.007925229842156978,False,0,3,False,False
q15,12.582663276485885,0.007941912240032978,False,0,4,False,False
q15,12.582663276485885,0.007941912240032978,False,0,4,False,False
q15,12.582663276485885,0.007941912240032978,False,0,4,False,False
q15,12.582663276485885,0.007941912240032978,False,0,4,False,False
q15,12.582663276485885,0.007941912240032978,False,0,4,False,False
q15,12.582663276485885,0.007941912240032978,False,0,4,False,False
q15,12.582663276485885,0.007941912240032978,False,0,4,False,False
q15,12.582663276485885,0.007941912240032978,False,0,4,False,False
q15,12.582663276485885,0.007941912240032978,False,0,4,False,False
q15,12.582663276485885,0.007941912240032978,False,0,4,False,False
q15,12.582663276485885,0.007941912240032978,False,0,4,False,False
q15,12.582663276485885,0.007941912240032978,False,0,4,False,False
q15,11.777888363040063,0.008034977269763733,False,0,4,False,False
q15,12.079678955582247,0.007965176949050575,False,0,4,False,False
q15,12.582663276485885,0.007941912240032978,False,0,4,False,False
q15,12.582663276485885,0.007941912240032978,False,0,4,False,False
q15,12.582663276485885,0.007941912240032978,False,0,4,False,False
q15,12.582663276485885,0.007941912240032978,False,0,4,False,False
q15,9.895097437681914,0.008233181647365535,False,0,5,False,False
q15,10.075866594649503,0.008048238272000753,False,0,5,False,False
q15,12.079678955582247,0.007965176949050575,False,0,5,False,False
q15,12.079678955582247,0.007965176949050575,False,0,5,False,False
q15,12.079678955582247,0.007965176949050575,False,0,5,False,False
q15,12.079678955582247,0.007965176949050575,False,0,5,False,False
q15,10.075866594649503,0.008048238272000753,False,0,6,False,False
q15,10.075866594649503,0.008048238272000753,False,0,6,False,False
q15,11.619493384013023,0.008011410534729379,False,0,6,False,False
q15,11.619493384013023,0.008011410534729379,False,0,6,False,False
q15,11.619493384013023,0.008011410534729379,False,0,6,False,False
q15,11.619493384013023,0.008011410534729379,False,0,6,False,False
q15,10.075866594649503,0.008048238272000753,False,0,6,False,False
q15,10.075866594649503,0.008048238272000753,False,0,6,False,False
q15,10.535642150898857,0.008037892275470963,False,0,6,False,False
q15,10.535642150898857,0.008037892275470963,False,0,6,False,False
q15,10.535642150898857,0.008037892275470963,False,0,6,False,False
q15,10.535642150898857,0.008037892275470963,False,0,6,False,False
q15,10.075866594649503,0.008048238272000753,False,0,6,False,False
q15,10.075866594649503,0.008048238272000753,False,0,6,False,False
q15,10.075866594649503,0.008048238272000753,False,0,6,False,False
q15,10.075866594649503,0.008048238272000753,False,0,6,False,False
q15,10.075866594649503,0.008048238272000753,False,0,6,False,False
q15,10.075866594649503,0.008048238272000753,False,0,6,False,False
q15,10.075866594649503,0.008048238272000753,False,0,6,False,False
q15,10.075866594649503,0.008048238272000753,False,0,6,False,False
q15,10.075866594649503,0.008048238272000753,False,0,6,False,False
q15,10.075866594649503,0.008048238272000753,False,0,6,False,False
q15,10.075866594649503,0.008048238272000753,False,0,6,False,False
q15,10.075866594649503,0.008048238272000753,False,0,6,False,False
q15,10.621936729402071,0.008132213582105509,False,1,5,False,False
q15,11.05524313437157,0.01653824843151597,False,0,5,False,False
q15,10.759065746748453,0.013311986324707885,False,0,5,False,False
q15,11.061666449820398,0.011754480480041915,False,0,4,False,False
q15,12.057196499086894,0.01097572755770893,False,0,5,False,False
q15,10.078631868553368,0.01017160733715416,False,0,6,False,False
q15,9.703294082436196,0.008351575959267783,False,0,6,False,False
q15,12.930306443583424,0.007782317961090867,True,0,6,False,False
q15,10.075866594649503,0.008048238272000753,False,0,6,False,False
q15,10.075866594649503,0.008048238272000753,False,0,6,False,False
q15,10.658040693689484,0.008013835241724358,False,0,6,False,False
q15,11.625512572578602,0.007964318623207465,False,0,6,False,False
q15,9.944228840671956,0.0080961898683693,True,0,5,False,False
q15,11.041401954182549,0.007983606782610017,False,0,5,False,False
q15,11.041401954182549,0.007983606782610017,False,0,5,False,False
q15,11.041401954182549,0.007983606782610017,False,0,5,False,False
q15,11.041401954182549,0.007983606782610017,True,0,5,False,False
q15,10.354242787954918,0.00803155587412475,False,0,5,False,False
q15,10.354242787954918,0.00803155587412475,False,0,4,False,False
q15,10.354242787954918,0.00803155587412475,False,0,5,False,False
q15,10.354242787954918,0.00803155587412475,False,0,5,False,False
q15,10.354242787954918,0.00803155587412475,False,0,5,False,False
q15,10.354242787954918,0.00803155587412475,False,0,5,False,False
q15,10.075866594649503,0.008048238272000753,False,0,6,False,False
q15,10.075866594649503,0.008048238272000753,False,0,6,False,False
q15,10.075866594649503,0.008048238272000753,False,0,6,False,False
q15,10.075866594649503,0.008048238272000753,False,0,6,False,False
q15,10.075866594649503,0.008048238272000753,False,0,6,False,False
q15,10.075866594649503,0.008048238272000753,False,0,6,False,False
q15,10.075866594649503,0.008048238272000753,False,0,6,False,False
q15,10.075866594649503,0.008048238272000753,False,0,6,False,False
q15,10.075866594649503,0.008048238272000753,False,0,6,False,False
q15,10.075866594649503,0.008048238272000753,False,0,6,False,False
q15,10.075866594649503,0.008048238272000753,False,0,6,False,False
q15,10.075866594649503,0.008048238272000753,True,0,6,False,False
q15,9.111208367822552,0.008201108445372007,False,0,5,False,False
q15,12.582663276485885,0.007941912240032978,False,0,4,False,False
q15,12.582663276485885,0.007941912240032978,False,0,5,False,False
q15,12.582663276485885,0.007941912240032978,False,0,5,False,False
q15,12.582663276485885,0.007941912240032978,False,0,5,False,False
q15,12.582663276485885,0.007941912240032978,False,0,5,False,False
q15,9.193431245589895,0.008755941868526193,False,0,5,False,False
q15,11.777888363040063,0.008034977269763733,False,0,5,False,False
q15,11.777888363040063,0.008034977269763733,False,0,5,False,False
q15,11.777888363040063,0.008034977269763733,False,0,5,False,False
q15,11.777888363040063,0.008034977269763733,False,0,5,False,False
q15,9.111208367822552,0.008201108445372007,False,0,6,False,False
q15,9.111208367822552,0.008201108445372007,False,0,6,False,False
q15,11.227318212987043,0.008127446489546242,False,0,6,False,False
q15,11.227318212987043,0.008127446489546242,False,0,6,False,False
q15,11.227318212987043,0.008127446489546242,False,0,6,False,False
q15,11.227318212987043,0.008127446489546242,False,0,6,False,False
q15,9.111208367822552,0.008201108445372007,False,0,6,False,False
q15,9.111208367822552,0.008201108445372007,False,0,6,False,False
q15,9.71917262346221,0.008180414191046145,False,0,6,False,False
q15,9.71917262346221,0.008180414191046145,False,0,6,False,False
q15,9.71917262346221,0.008180414191046145,False,0,6,False,False
q15,9.71917262346221,0.008180414191046145,False,0,6,False,False
q15,9.111208367822552,0.008201108445372007,False,0,6,False,False
q15,9.111208367822552,0.008201108445372007,False,0,6,False,False
q15,9.111208367822552,0.008201108445372007,False,0,6,False,False
q15,9.111208367822552,0.008201108445372007,False,0,6,False,False
q15,9.111208367822552,0.008201108445372007,False,0,6,False,False
q15,9.111208367822552,0.008201108445372007,False,0,6,False,False
q15,9.111208367822552,0.008201108445372007,False,0,6,False,False
q15,9.111208367822552,0.008201108445372007,False,0,6,False,False
q15,9.111208367822552,0.008201108445372007,False,0,6,False,False
q15,9.111208367822552,0.008201108445372007,False,0,6,False,False
q15,9.111208367822552,0.008201108445372007,False,0,6,False,False
q15,9.111208367822552,0.008201108445372007,False,0,6,False,False
q15,9.657352655381864,0.008285082644630919,False,1,5,False,False
q15,10.090584907544622,0.01669111860488722,False,0,5,False,False
q15,9.794407519921505,0.013464856498079143,False,0,5,False,False
q15,10.09700822299345,0.011907350653413175,False,0,4,False,False
q15,11.092538272259944,0.01112859773108019,False,0,5,False,False
q15,9.113973641726417,0.010324477510525416,False,0,6,False,False
q15,8.738635855609246,0.008504446132639037,True,0,6,False,False
q15,10.273290853975787,0.008045371140442324,False,0,6,False,False
q15,11.965648216756474,0.00793518813446212,False,0,6,False,False
q15,9.111208367822552,0.008201108445372007,False,0,6,False,False
q15,9.111208367822552,0.008201108445372007,False,0,6,False,False
q15,9.693382466862534,0.008166705415095614,False,0,6,False,False
q15,10.660854345751652,0.00811718879657872,False,0,6,False,False
q15,8.979570613845006,0.008249060041740554,False,0,5,False,False
q15,9.350962622911695,0.008168791590117729,True,0,4,False,False
q15,10.0767437273556,0.008136476955981273,False,0,5,False,False
q15,10.0767437273556,0.008136476955981273,False,0,5,False,False
q15,10.0767437273556,0.008136476955981273,False,0,5,False,False
q15,10.0767437273556,0.008136476955981273,False,0,5,False,False
q15,9.389584561127968,0.008184426047496005,False,0,5,False,False
q15,9.389584561127968,0.008184426047496005,False,0,4,False,False
q15,9.389584561127968,0.008184426047496005,False,0,5,False,False
q15,9.389584561127968,0.008184426047496005,False,0,5,False,False
q15,9.389584561127968,0.008184426047496005,False,0,5,False,False
q15,9.389584561127968,0.008184426047496005,False,0,5,False,False
q15,9.111208367822552,0.008201108445372007,False,0,6,False,False
q15,9.111208367822552,0.008201108445372007,False,0,6,False,False
q15,9.111208367822552,0.008201108445372007,False,0,6,False,False
q15,9.111208367822552,0.008201108445372007,False,0,6,False,False
q15,9.111208367822552,0.008201108445372007,False,0,6,False,False
q15,9.111208367822552,0.008201108445372007,False,0,6,False,False
q15,9.111208367822552,0.008201108445372007,False,0,6,False,False
q15,9.111208367822552,0.008201108445372007,False,0,6,False,False
q15,9.111208367822552,0.008201108445372007,False,0,6,False,False
q15,9.111208367822552,0.008201108445372007,False,0,6,False,False
q15,9.111208367822552,0.008201108445372007,False,0,6,False,False
q15,9.111208367822552,0.008201108445372007,True,0,6,False,False
q15,12.451025522508338,0.007989863836401528,False,0,3,False,False
q15,12.758372112153655,0.007973181575333747,False,0,3,False,False
q15,12.758372112153655,0.007973181575333747,False,0,3,False,False
q15,12.758372112153655,0.007973181575333747,False,0,3,False,False
q15,12.758372112153655,0.007973181575333747,False,0,3,False,False
q15,12.758372112153655,0.007973181575333747,False,0,3,False,False
q15,12.451025522508338,0.007989863836401528,False,0,4,False,False
q15,12.451025522508338,0.007989863836401528,False,0,4,False,False
q15,12.451025522508338,0.007989863836401528,False,0,4,False,False
q15,12.451025522508338,0.007989863836401528,False,0,4,False,False
q15,12.451025522508338,0.007989863836401528,False,0,4,False,False
q15,12.451025522508338,0.007989863836401528,False,0,4,False,False
q15,12.451025522508338,0.007989863836401528,False,0,4,False,False
q15,12.451025522508338,0.007989863836401528,False,0,4,False,False
q15,12.451025522508338,0.007989863836401528,False,0,4,False,False
q15,12.451025522508338,0.007989863836401528,False,0,4,False,False
q15,12.451025522508338,0.007989863836401528,False,0,4,False,False
q15,12.451025522508338,0.007989863836401528,False,0,4,False,False
q15,11.646250609062516,0.00808292886613228,False,0,4,False,False
q15,11.9480412016047,0.008013128545419123,False,0,4,False,False
q15,12.451025522508338,0.007989863836401528,False,0,4,False,False
q15,12.451025522508338,0.007989863836401528,False,0,4,False,False
q15,12.451025522508338,0.007989863836401528,False,0,4,False,False
q15,12.451025522508338,0.007989863836401528,False,0,4,False,False
q15,9.061793491612349,0.008803893464894741,False,0,5,False,False
q15,11.646250609062516,0.00808292886613228,False,0,5,False,False
q15,11.646250609062516,0.00808292886613228,False,0,5,False,False
q15,11.646250609062516,0.00808292886613228,False,0,5,False,False
q15,11.646250609062516,0.00808292886613228,False,0,5,False,False
q15,8.979570613845006,0.008249060041740554,False,0,6,False,False
q15,8.979570613845006,0.008249060041740554,False,0,6,False,False
q15,11.095680459009497,0.00817539808591479,False,0,6,False,False
q15,11.095680459009497,0.00817539808591479,False,0,6,False,False
q15,11.095680459009497,0.00817539808591479,False,0,6,False,False
q15,11.095680459009497,0.00817539808591479,False,0,6,False,False
q15,8.979570613845006,0.008249060041740554,False,0,6,False,False
q15,8.979570613845006,0.008249060041740554,False,0,6,False,False
q15,9.587534869484664,0.008228365787414692,False,0,6,False,False
q15,9.587534869484664,0.008228365787414692,False,0,6,False,False
q15,9.587534869484664,0.008228365787414692,False,0,6,False,False
q15,9.587534869484664,0.008228365787414692,False,0,6,False,False
q15,8.979570613845006,0.008249060041740554,False,0,6,False,False
q15,8.979570613845006,0.008249060041740554,False,0,6,False,False
q15,8.979570613845006,0.008249060041740554,False,0,6,False,False
q15,8.979570613845006,0.008249060041740554,False,0,6,False,False
q15,8.979570613845006,0.008249060041740554,False,0,6,False,False
q15,8.979570613845006,0.008249060041740554,False,0,6,False,False
q15,8.979570613845006,0.008249060041740554,False,0,6,False,False
q15,8.979570613845006,0.008249060041740554,False,0,6,False,False
q15,8.979570613845006,0.008249060041740554,False,0,6,False,False
q15,8.979570613845006,0.008249060041740554,False,0,6,False,False
q15,8.979570613845006,0.008249060041740554,False,0,6,False,False
q15,8.979570613845006,0.008249060041740554,False,0,6,False,False
q15,9.525714901404317,0.008333034079569248,False,1,5,False,False
q15,9.958947153567076,0.01673907020125577,False,0,5,False,False
q15,9.662769765943958,0.01351280809444769,False,0,5,False,False
q15,9.965370469015904,0.01195530224978172,False,0,4,False,False
q15,10.960900518282399,0.011176549327448736,False,0,5,False,False
q15,8.98233588774887,0.010372429106893963,False,0,6,False,False
q15,8.6069981016317,0.008552397729007587,True,0,6,False,False
q15,10.273290853975787,0.008045371140442324,False,0,6,False,False
q15,11.965648216756474,0.00793518813446212,False,0,6,False,False
q15,8.979570613845006,0.008249060041740554,False,0,6,False,False
q15,8.979570613845006,0.008249060041740554,False,0,6,False,False
q15,9.693382466862534,0.008166705415095614,True,0,6,False,False
q15,10.660854345751652,0.00811718879657872,False,0,6,False,False
q15,9.28691720349032,0.008232377780672775,False,0,5,False,False
q15,9.28691720349032,0.008232377780672775,False,0,4,False,False
q15,9.28691720349032,0.008232377780672775,False,0,5,False,False
q15,9.28691720349032,0.008232377780672775,False,0,5,False,False
q15,9.28691720349032,0.008232377780672775,False,0,5,False,False
q15,9.28691720349032,0.008232377780672775,False,0,5,False,False
q15,8.979570613845006,0.008249060041740554,False,0,6,False,False
q15,8.979570613845006,0.008249060041740554,False,0,6,False,False
q15,8.979570613845006,0.008249060041740554,False,0,6,False,False
q15,8.979570613845006,0.008249060041740554,False,0,6,False,False
q15,8.979570613845006,0.008249060041740554,False,0,6,False,False
q15,8.979570613845006,0.008249060041740554,False,0,6,False,False
q15,8.979570613845006,0.008249060041740554,False,0,6,False,False
q15,8.979570613845006,0.008249060041740554,False,0,6,False,False
q15,8.979570613845006,0.008249060041740554,False,0,6,False,False
q15,8.979570613845006,0.008249060041740554,False,0,6,False,False
q15,8.979570613845006,0.008249060041740554,False,0,6,False,False
q15,8.979570613845006,0.008249060041740554,True,0,6,False,False
q15,12.451025522508338,0.007989863836401528,False,0,4,False,False
q15,12.451025522508338,0.007989863836401528,False,0,5,False,False
q15,12.451025522508338,0.007989863836401528,False,0,5,False,False
q15,12.451025522508338,0.007989863836401528,False,0,5,False,False
q15,12.451025522508338,0.007989863836401528,False,0,5,False,False
q15,12.192989980725475,0.008290603763068576,False,0,3,False,False
q15,12.192989980725475,0.008290603763068576,False,0,3,False,False
q15,13.307614239939657,0.008170189430395576,False,0,3,False,False
q15,14.146360907712296,0.008152990117466358,False,0,3,False,False
q15,11.88585701970273,0.008482411163717821,False,0,4,False,False
q15,12.01431972003784,0.008314579054148102,False,0,4,False,False
q15,12.772456357298225,0.008266630283422281,False,0,4,False,False
q15,12.772456357298225,0.008266630283422281,False,0,4,False,False
q15,12.772456357298225,0.008266630283422281,False,0,4,False,False
q15,12.772456357298225,0.008266630283422281,False,0,4,False,False
q15,11.735943526732424,0.008331261452024105,False,0,5,False,False
q15,12.01431972003784,0.008314579054148102,False,0,5,False,False
q15,12.01431972003784,0.008314579054148102,False,0,5,False,False
q15,12.01431972003784,0.008314579054148102,False,0,5,False,False
q15,12.01431972003784,0.008314579054148102,False,0,5,False,False
q15,12.01431972003784,0.008314579054148102,False,0,5,False,False
q15,11.735943526732424,0.008331261452024105,False,0,6,False,False
q15,11.735943526732424,0.008331261452024105,False,0,6,False,False
q15,11.735943526732424,0.008331261452024105,False,0,6,False,False
q15,11.735943526732424,0.008331261452024105,False,0,6,False,False
q15,11.735943526732424,0.008331261452024105,False,0,6,False,False
q15,11.735943526732424,0.008331261452024105,False,0,6,False,False
q15,11.735943526732424,0.008331261452024105,False,0,6,False,False
q15,11.735943526732424,0.008331261452024105,False,0,6,False,False
q15,11.735943526732424,0.008331261452024105,False,0,6,False,False
q15,11.735943526732424,0.008331261452024105,False,0,6,False,False
q15,11.735943526732424,0.008331261452024105,False,0,6,False,False
q15,11.735943526732424,0.008331261452024105,False,0,6,False,False
q15,10.931168613286601,0.008424326481754856,False,0,6,False,False
q15,11.232959205828786,0.0083545261610417,False,0,6,False,False
q15,11.735943526732424,0.008331261452024105,False,0,6,False,False
q15,11.735943526732424,0.008331261452024105,False,0,6,False,False
q15,11.735943526732424,0.008331261452024105,False,0,6,False,False
q15,11.735943526732424,0.008331261452024105,False,0,6,False,False
q15,8.346711495836432,0.009145291080517318,False,0,7,False,False
q15,8.264488618069091,0.008590457657363132,False,0,7,False,False
q15,10.931168613286601,0.008424326481754856,False,0,7,False,False
q15,10.931168613286601,0.008424326481754856,False,0,7,False,False
q15,10.931168613286601,0.008424326481754856,False,0,7,False,False
q15,10.931168613286601,0.008424326481754856,False,0,7,False,False
q15,8.264488618069091,0.008590457657363132,False,0,8,False,False
q15,8.264488618069091,0.008590457657363132,False,0,8,False,False
q15,10.380598463233582,0.008516795701537364,False,0,8,False,False
q15,10.380598463233582,0.008516795701537364,False,0,8,False,False
q15,10.380598463233582,0.008516795701537364,False,0,8,False,False
q15,10.380598463233582,0.008516795701537364,False,0,8,False,False
q15,8.264488618069091,0.008590457657363132,False,0,8,False,False
q15,8.264488618069091,0.008590457657363132,False,0,8,False,False
q15,8.872452873708749,0.008569763403037268,False,0,8,False,False
q15,8.872452873708749,0.008569763403037268,False,0,8,False,False
q15,8.872452873708749,0.008569763403037268,False,0,8,False,False
q15,8.872452873708749,0.008569763403037268,False,0,8,False,False
q15,8.264488618069091,0.008590457657363132,False,0,8,False,False
q15,8.264488618069091,0.008590457657363132,False,0,8,False,False
q15,8.264488618069091,0.008590457657363132,False,0,8,False,False
q15,8.264488618069091,0.008590457657363132,False,0,8,False,False
q15,8.264488618069091,0.008590457657363132,False,0,8,False,False
q15,8.264488618069091,0.008590457657363132,False,0,8,False,False
q15,8.264488618069091,0.008590457657363132,False,0,8,False,False
q15,8.264488618069091,0.008590457657363132,False,0,8,False,False
q15,8.264488618069091,0.008590457657363132,False,0,8,False,False
q15,8.264488618069091,0.008590457657363132,False,0,8,False,False
q15,8.264488618069091,0.008590457657363132,False,0,8,False,False
q15,8.264488618069091,0.008590457657363132,False,0,8,False,False
q15,8.597124128300251,0.008675498123967482,False,1,7,False,False
q15,8.786277747602448,0.01708046689596549,False,0,7,False,False
q15,8.735841746932527,0.01385420528372172,False,0,7,False,False
q15,9.157076223016361,0.012296699677810937,False,0,6,False,False
q15,10.211923158788801,0.011517946874855543,False,0,7,False,False
q15,7.815764667214971,0.010926566316060447,True,0,7,False,False
q15,10.273290853975787,0.008045371140442324,False,0,7,False,False
q15,11.965648216756474,0.00793518813446212,False,0,7,False,False
q15,8.264488618069091,0.008590457657363132,True,0,7,True,False
q15,9.403954992144739,0.008470043436966248,False,0,7,False,False
q15,10.475358167903245,0.008420527236703864,False,0,7,False,False
q15,8.034629530544333,0.00875828928810407,False,0,7,False,False
q15,8.521987240916422,0.00855814088230608,True,0,6,False,False
q15,9.301001448634892,0.008525826488761306,False,0,7,False,False
q15,9.301001448634892,0.008525826488761306,False,0,7,False,False
q15,9.301001448634892,0.008525826488761306,False,0,7,False,False
q15,9.301001448634892,0.008525826488761306,False,0,7,False,False
q15,8.414402111039395,0.00874160736905685,False,0,7,False,False
q15,8.414402111039395,0.00874160736905685,False,0,6,False,False
q15,8.414402111039395,0.00874160736905685,False,0,7,False,False
q15,8.414402111039395,0.00874160736905685,False,0,7,False,False
q15,8.414402111039395,0.00874160736905685,False,0,7,False,False
q15,8.414402111039395,0.00874160736905685,False,0,7,False,False
q15,8.034629530544333,0.00875828928810407,False,0,8,False,False
q15,8.034629530544333,0.00875828928810407,False,0,8,False,False
q15,8.034629530544333,0.00875828928810407,False,0,8,False,False
q15,8.034629530544333,0.00875828928810407,False,0,8,False,False
q15,8.034629530544333,0.00875828928810407,False,0,8,False,False
q15,8.034629530544333,0.00875828928810407,False,0,8,False,False
q15,8.034629530544333,0.00875828928810407,False,0,8,False,False
q15,8.034629530544333,0.00875828928810407,False,0,8,False,False
q15,8.034629530544333,0.00875828928810407,False,0,8,False,False
q15,8.034629530544333,0.00875828928810407,False,0,8,False,False
q15,8.034629530544333,0.00875828928810407,False,0,8,False,False
q15,8.034629530544333,0.00875828928810407,False,0,8,False,False
q15,8.999287757371283,0.008605419114732818,False,0,7,False,False
q15,11.506084439207665,0.008499093082765044,False,0,6,False,False
q15,11.506084439207665,0.008499093082765044,False,0,7,False,False
q15,11.506084439207665,0.008499093082765044,False,0,7,False,False
q15,11.506084439207665,0.008499093082765044,False,0,7,False,False
q15,11.506084439207665,0.008499093082765044,False,0,7,False,False
q15,8.116852408311674,0.009313122711258259,False,0,7,False,False
q15,10.701309525761843,0.008592158112495798,False,0,6,False,False
q15,10.701309525761843,0.008592158112495798,False,0,7,False,False
q15,10.701309525761843,0.008592158112495798,False,0,7,False,False
q15,10.701309525761843,0.008592158112495798,False,0,7,False,False
q15,10.701309525761843,0.008592158112495798,False,0,7,False,False
q15,8.034629530544333,0.00875828928810407,False,0,8,False,False
q15,8.034629530544333,0.00875828928810407,False,0,8,False,False
q15,10.150739375708824,0.008684627332278304,False,0,8,False,False
q15,10.150739375708824,0.008684627332278304,False,0,8,False,False
q15,10.150739375708824,0.008684627332278304,False,0,8,False,False
q15,10.150739375708824,0.008684627332278304,False,0,8,False,False
q15,8.034629530544333,0.00875828928810407,False,0,8,False,False
q15,8.034629530544333,0.00875828928810407,False,0,8,False,False
q15,8.64259378618399,0.008737595033778208,False,0,8,False,False
q15,8.64259378618399,0.008737595033778208,False,0,8,False,False
q15,8.64259378618399,0.008737595033778208,False,0,8,False,False
q15,8.64259378618399,0.008737595033778208,False,0,8,False,False
q15,8.034629530544333,0.00875828928810407,False,0,8,False,False
q15,8.034629530544333,0.00875828928810407,False,0,8,False,False
q15,8.034629530544333,0.00875828928810407,False,0,8,False,False
q15,8.034629530544333,0.00875828928810407,False,0,8,False,False
q15,8.034629530544333,0.00875828928810407,False,0,8,False,False
q15,8.034629530544333,0.00875828928810407,False,0,8,False,False
q15,8.034629530544333,0.00875828928810407,False,0,8,False,False
q15,8.034629530544333,0.00875828928810407,False,0,8,False,False
q15,8.034629530544333,0.00875828928810407,False,0,8,False,False
q15,8.034629530544333,0.00875828928810407,False,0,8,False,False
q15,8.034629530544333,0.00875828928810407,False,0,8,False,False
q15,8.034629530544333,0.00875828928810407,False,0,8,False,False
q15,8.36726209623717,0.008843329472827262,False,1,7,False,False
q15,8.55641866007769,0.017248298526706434,False,0,7,False,False
q15,8.505982659407769,0.01402203691446266,False,0,7,False,False
q15,8.927217135491603,0.012464531308551878,False,0,6,False,False
q15,9.982064071264043,0.011685778505596486,False,0,7,False,False
q15,7.454548041785328,0.011030810913849868,False,0,7,False,False
q15,10.273290853975787,0.008045371140442324,True,0,7,False,False
q15,11.965648216756474,0.00793518813446212,False,0,7,False,False
q15,8.034629530544333,0.00875828928810407,True,0,7,False,False
q15,9.403954992144739,0.008470043436966248,False,0,7,False,False
q15,10.475358167903245,0.008420527236703864,False,0,7,False,False
q15,11.506084439207665,0.008499093082765044,False,0,5,False,False
q15,11.88585701970273,0.008482411163717821,False,0,5,False,False
q15,11.88585701970273,0.008482411163717821,False,0,5,False,False
q15,11.88585701970273,0.008482411163717821,False,0,5,False,False
q15,11.88585701970273,0.008482411163717821,False,0,5,False,False
q15,11.88585701970273,0.008482411163717821,False,0,5,False,False
q15,11.506084439207665,0.008499093082765044,False,0,6,False,False
q15,11.506084439207665,0.008499093082765044,False,0,6,False,False
q15,11.506084439207665,0.008499093082765044,False,0,6,False,False
q15,11.506084439207665,0.008499093082765044,False,0,6,False,False
q15,11.506084439207665,0.008499093082765044,False,0,6,False,False
q15,11.506084439207665,0.008499093082765044,False,0,6,False,False
q15,11.506084439207665,0.008499093082765044,False,0,6,False,False
q15,11.506084439207665,0.008499093082765044,False,0,6,False,False
q15,11.506084439207665,0.008499093082765044,False,0,6,False,False
q15,11.506084439207665,0.008499093082765044,False,0,6,False,False
q15,11.506084439207665,0.008499093082765044,False,0,6,False,False
q15,11.506084439207665,0.008499093082765044,False,0,6,False,False
q15,11.003100118304028,0.008522357791782637,False,0,6,False,False
q15,11.506084439207665,0.008499093082765044,False,0,6,False,False
q15,11.506084439207665,0.008499093082765044,False,0,6,False,False
q15,11.506084439207665,0.008499093082765044,False,0,6,False,False
q15,11.506084439207665,0.008499093082765044,False,0,6,False,False
q15,8.035814647931701,0.010578319160274224,False,0,7,False,False
q15,10.278163003234976,0.010290076822474258,False,0,7,False,False
q15,11.97315396020982,0.01024056313173891,False,0,7,False,False
q15,8.179729496611431,0.010894250022186762,False,0,6,False,False
q15,9.278142323977294,0.010861937072192088,False,0,7,False,False
q15,9.278142323977294,0.010861937072192088,False,0,7,False,False
q15,9.278142323977294,0.010861937072192088,False,0,7,False,False
q15,9.278142323977294,0.010861937072192088,False,0,7,False,False
q15,7.830387935907778,0.011005787120340454,False,0,7,False,False
q15,7.830387935907778,0.011005787120340454,False,0,6,False,False
q15,7.830387935907778,0.011005787120340454,False,0,7,False,False
q15,7.830387935907778,0.011005787120340454,False,0,7,False,False
q15,7.830387935907778,0.011005787120340454,False,0,7,False,False
q15,7.830387935907778,0.011005787120340454,False,0,7,False,False
q15,7.454548041785328,0.011030810913849868,False,0,8,False,False
q15,7.454548041785328,0.011030810913849868,False,0,8,False,False
q15,7.454548041785328,0.011030810913849868,False,0,8,False,False
q15,7.454548041785328,0.011030810913849868,False,0,8,False,False
q15,7.454548041785328,0.011030810913849868,False,0,8,False,False
q15,7.454548041785328,0.011030810913849868,False,0,8,False,False
q15,7.454548041785328,0.011030810913849868,False,0,8,False,False
q15,7.454548041785328,0.011030810913849868,False,0,8,False,False
q15,7.454548041785328,0.011030810913849868,False,0,8,False,False
q15,7.454548041785328,0.011030810913849868,False,0,8,False,False
q15,7.454548041785328,0.011030810913849868,False,0,8,False,False
q15,7.454548041785328,0.011030810913849868,False,0,8,False,False
q15,8.419219674347605,0.010877940740478615,False,0,7,False,False
q15,10.926080131118741,0.01077161470851084,False,0,6,False,False
q15,10.926080131118741,0.01077161470851084,False,0,7,False,False
q15,10.926080131118741,0.01077161470851084,False,0,7,False,False
q15,10.926080131118741,0.01077161470851084,False,0,7,False,False
q15,10.926080131118741,0.01077161470851084,False,0,7,False,False
q15,8.468717357085696,0.011779992702871726,False,0,7,False,False
q15,10.121352333130458,0.010864679738241598,False,0,6,False,False
q15,10.121352333130458,0.010864679738241598,False,0,7,False,False
q15,10.121352333130458,0.010864679738241598,False,0,7,False,False
q15,10.121352333130458,0.010864679738241598,False,0,7,False,False
q15,10.121352333130458,0.010864679738241598,False,0,7,False,False
q15,7.454548041785328,0.011030810913849868,False,0,8,False,False
q15,7.454548041785328,0.011030810913849868,False,0,8,False,False
q15,9.570872170201273,0.010957148958024103,False,0,8,False,False
q15,9.570872170201273,0.010957148958024103,False,0,8,False,False
q15,9.570872170201273,0.010957148958024103,False,0,8,False,False
q15,9.570872170201273,0.010957148958024103,False,0,8,False,False
q15,7.454548041785328,0.011030810913849868,False,0,8,False,False
q15,7.454548041785328,0.011030810913849868,False,0,8,False,False
q15,8.062580912776575,0.011010116659524007,False,0,8,False,False
q15,8.062580912776575,0.011010116659524007,False,0,8,False,False
q15,8.062580912776575,0.011010116659524007,False,0,8,False,False
q15,8.062580912776575,0.011010116659524007,False,0,8,False,False
q15,7.454548041785328,0.011030810913849868,False,0,8,False,False
q15,7.454548041785328,0.011030810913849868,False,0,8,False,False
q15,7.454548041785328,0.011030810913849868,False,0,8,False,False
q15,7.454548041785328,0.011030810913849868,False,0,8,False,False
q15,7.454548041785328,0.011030810913849868,False,0,8,False,False
q15,7.454548041785328,0.011030810913849868,False,0,8,False,False
q15,7.454548041785328,0.011030810913849868,False,0,8,False,False
q15,7.454548041785328,0.011030810913849868,False,0,8,False,False
q15,7.454548041785328,0.011030810913849868,False,0,8,False,False
q15,7.454548041785328,0.011030810913849868,False,0,8,False,False
q15,7.454548041785328,0.011030810913849868,False,0,8,False,False
q15,7.454548041785328,0.011030810913849868,True,0,8,False,False
q15,7.711172982364634,0.011122253443415175,False,1,7,False,False
q15,7.788509442566979,0.018352764971799898,False,0,7,False,False
q15,7.88538621441323,0.015126503656294716,False,0,7,False,False
q15,8.377800954304195,0.013568998193637044,False,0,6,False,False
q15,9.447177987463805,0.012945986052813434,False,0,7,False,False
q16,7.407537472007114,0.0023911845832142943,False,1,0,False,True
q16,7.731237112230167,0.005835160659328899,False,0,0,False,False
q16,7.503883853273461,0.002545560790887101,False,1,1,False,False
q16,7.407537472007114,0.0023911845832142943,False,1,1,False,False
q16,7.407537472007114,0.0023911845832142943,False,1,1,False,False
q16,7.407537472007114,0.0023911845832142943,False,1,1,False,False
q16,7.407537472007114,0.0023911845832142943,False,1,1,False,False
q16,7.407537472007114,0.0023911845832142943,False,1,1,False,False
q16,7.016363077129753,0.0024793441941743325,False,1,1,False,False
q16,7.407537472007114,0.0023911845832142943,False,1,1,False,False
q16,7.407537472007114,0.0023911845832142943,False,1,1,False,False
q16,7.407537472007114,0.0023911845832142943,False,1,1,False,False
q16,7.407537472007114,0.0023911845832142943,False,1,1,False,False
q16,7.407537472007114,0.0023911845832142943,False,1,1,False,False
q16,7.407537472007114,0.0023911845832142943,False,1,1,False,False
q16,7.407537472007114,0.0023911845832142943,False,1,1,False,False
q16,7.407537472007114,0.0023911845832142943,False,1,1,False,False
q16,7.407537472007114,0.0023911845832142943,False,1,1,False,False
q16,7.407537472007114,0.0023911845832142943,False,1,1,False,False
q16,7.407537472007114,0.0023911845832142943,False,1,1,False,False
q16,7.407537472007114,0.0023911845832142943,False,1,1,False,False
q16,7.407537472007114,0.0023911845832142943,False,1,1,False,False
q16,7.407537472007114,0.0023911845832142943,False,1,1,False,False
q16,7.407537472007114,0.0023911845832142943,False,1,1,False,False
q16,7.407537472007114,0.0023911845832142943,False,1,1,False,False
q16,7.407537472007114,0.0023911845832142943,False,1,1,False,False
q16,7.689480966564673,0.0035038916912340065,False,1,1,False,False
q16,7.264470958229644,0.002587220803251736,False,1,1,False,False
q16,7.967001424162655,0.0021951490225739097,False,1,1,False,False
q16,7.967001424162655,0.0021951490225739097,False,1,1,False,False
q16,7.967001424162655,0.0021951490225739097,False,1,1,False,False
q16,7.967001424162655,0.0021951490225739097,False,1,1,False,False
q16,7.390665359320648,0.002422228526568792,False,1,2,False,False
q16,7.606791383636402,0.00225191843314578,False,1,2,False,False
q16,11.87567752714795,0.0018140663381104104,False,1,2,False,False
q16,11.87567752714795,0.0018140663381104104,False,1,2,False,False
q16,11.87567752714795,0.0018140663381104104,False,1,2,False,False
q16,11.87567752714795,0.0018140663381104104,False,1,2,False,False
q16,11.87567752714795,0.0018140663381104104,False,1,3,False,False
q16,11.87567752714795,0.0018140663381104104,False,1,3,False,False
q16,11.87567752714795,0.0018140663381104104,False,1,3,False,False
q16,11.87567752714795,0.0018140663381104104,False,1,3,False,False
q16,11.87567752714795,0.0018140663381104104,False,1,3,False,False
q16,11.87567752714795,0.0018140663381104104,False,1,3,False,False
q16,11.87567752714795,0.0018140663381104104,False,1,3,False,False
q16,11.87567752714795,0.0018140663381104104,False,1,3,False,False
q16,11.87567752714795,0.0018140663381104104,False,1,3,False,False
q16,11.87567752714795,0.0018140663381104104,False,1,3,False,False
q16,11.87567752714795,0.0018140663381104104,False,1,3,False,False
q16,11.87567752714795,0.0018140663381104104,False,1,3,False,False
q16,11.87567752714795,0.0018140663381104104,False,1,3,False,False
q16,11.87567752714795,0.0018140663381104104,False,1,3,False,False
q16,11.87567752714795,0.0018140663381104104,False,1,3,False,False
q16,11.87567752714795,0.0018140663381104104,False,1,3,False,False
q16,11.87567752714795,0.0018140663381104104,False,1,3,False,False
q16,11.87567752714795,0.0018140663381104104,False,1,3,False,False
q16,11.87567752714795,0.0018140663381104104,False,1,3,False,False
q16,11.87567752714795,0.0018140663381104104,False,1,3,False,False
q16,11.87567752714795,0.0018140663381104104,False,1,3,False,False
q16,11.87567752714795,0.0018140663381104104,False,1,3,False,False
q16,11.87567752714795,0.0018140663381104104,False,1,3,False,False
q16,11.87567752714795,0.0018140663381104104,False,1,3,False,False
q16,11.87567752714795,0.0018140663381104104,False,1,3,False,False
q16,11.87567752714795,0.0018140663381104104,False,1,3,False,False
q16,11.87567752714795,0.0018140663381104104,False,1,3,False,False
q16,11.87567752714795,0.0018140663381104104,False,1,3,False,False
q16,11.87567752714795,0.0018140663381104104,False,1,3,False,False
q16,11.87567752714795,0.0018140663381104104,False,1,3,False,False
q16,11.87567752714795,0.0018140663381104104,False,1,3,False,False
q16,11.87567752714795,0.0018140663381104104,False,1,3,False,False
q16,11.87567752714795,0.0018140663381104104,False,1,3,False,False
q16,11.87567752714795,0.0018140663381104104,False,1,3,False,False
q16,11.87567752714795,0.0018140663381104104,False,1,3,False,False
q16,11.87567752714795,0.0018140663381104104,False,1,3,False,False
q16,10.168601723257968,0.0043857096773008255,False,0,2,False,False
q16,11.972023195890946,0.0019684425457832176,False,1,3,False,False
q16,11.87567752714795,0.0018140663381104104,False,1,3,False,False
q16,11.87567752714795,0.0018140663381104104,False,1,3,False,False
q16,11.87567752714795,0.0018140663381104104,False,1,3,False,False
q16,11.87567752714795,0.0018140663381104104,False,1,3,False,False
q16,11.87567752714795,0.0018140663381104104,False,1,3,False,False
q16,11.484464274085811,0.001902225949070449,False,1,3,False,False
q16,11.87567752714795,0.0018140663381104104,False,1,3,False,False
q16,11.87567752714795,0.0018140663381104104,False,1,3,False,False
q16,11.87567752714795,0.0018140663381104104,False,1,3,False,False
q16,11.87567752714795,0.0018140663381104104,False,1,3,False,False
q16,11.87567752714795,0.0018140663381104104,False,1,3,False,False
q16,11.87567752714795,0.0018140663381104104,False,1,3,False,False
q16,11.87567752714795,0.0018140663381104104,False,1,3,False,False
q16,11.87567752714795,0.0018140663381104104,False,1,3,False,False
q16,11.87567752714795,0.0018140663381104104,False,1,3,False,False
q16,11.87567752714795,0.0018140663381104104,False,1,3,False,False
q16,11.87567752714795,0.0018140663381104104,False,1,3,False,False
q16,11.87567752714795,0.0018140663381104104,False,1,3,False,False
q16,11.87567752714795,0.0018140663381104104,False,1,3,False,False
q16,11.87567752714795,0.0018140663381104104,False,1,3,False,False
q16,11.87567752714795,0.0018140663381104104,False,1,3,False,False
q16,11.87567752714795,0.0018140663381104104,False,1,3,False,False
q16,11.87567752714795,0.0018140663381104104,False,1,3,False,False
q16,12.054081795313191,0.003122809988604792,False,1,2,False,False
q16,11.303409302134037,0.002206138399312318,False,1,2,False,False
q16,11.381344152975949,0.0020101020390128357,False,1,1,False,False
q16,11.87567752714795,0.0018140663381104104,False,1,2,False,False
q16,11.87567752714795,0.0018140663381104104,False,1,2,False,False
q16,11.87567752714795,0.0018140663381104104,True,1,2,False,False
q16,7.967001424162655,0.0021951490225739097,False,1,2,False,False
q16,7.967001424162655,0.0021951490225739097,False,1,2,False,False
q16,11.155187922493427,0.0018424498798292198,False,1,2,False,False
q16,11.155187922493427,0.0018424498798292198,False,1,2,False,False
q16,11.155187922493427,0.0018424498798292198,False,1,2,False,False
q16,11.155187922493427,0.0018424498798292198,True,1,2,False,False
q16,7.967001424162655,0.0021951490225739097,False,1,2,False,False
q16,7.967001424162655,0.0021951490225739097,False,1,2,False,False
q16,10.80134477742556,0.0018935490458875867,False,1,2,False,False
q16,10.80134477742556,0.0018935490458875867,False,1,2,False,False
q16,10.80134477742556,0.0018935490458875867,False,1,2,False,False
q16,10.80134477742556,0.0018935490458875867,True,1,2,False,False
q16,7.967001424162655,0.0021951490225739097,False,1,2,False,False
q16,7.967001424162655,0.0021951490225739097,False,1,2,False,False
q16,10.03865863977289,0.0019417314013746973,False,1,2,False,False
q16,10.03865863977289,0.0019417314013746973,False,1,2,False,False
q16,10.03865863977289,0.0019417314013746973,False,1,2,False,False
q16,10.03865863977289,0.0019417314013746973,True,1,2,False,False
q16,7.967001424162655,0.0021951490225739097,False,1,2,False,False
q16,7.967001424162655,0.0021951490225739097,False,1,2,False,False
q16,9.673151038766823,0.002069250105670348,False,1,2,False,False
q16,9.673151038766823,0.002069250105670348,False,1,2,False,False
q16,9.673151038766823,0.002069250105670348,False,1,2,False,False
q16,9.673151038766823,0.002069250105670348,True,1,2,False,False
q16,7.967001424162655,0.0021951490225739097,False,1,2,False,False
q16,7.967001424162655,0.0021951490225739097,False,1,2,False,False
q16,8.84326752010405,0.0021851986482221224,False,1,2,False,False
q16,8.84326752010405,0.0021851986482221224,False,1,2,False,False
q16,8.84326752010405,0.0021851986482221224,False,1,2,False,False
q16,8.84326752010405,0.0021851986482221224,True,1,2,False,False
q16,7.967001424162655,0.0021951490225739097,False,1,2,False,False
q16,7.967001424162655,0.0021951490225739097,False,1,2,False,False
q16,7.967001424162655,0.0021951490225739097,False,1,2,False,False
q16,7.967001424162655,0.0021951490225739097,False,1,2,False,False
q16,7.967001424162655,0.0021951490225739097,False,1,2,False,False
q16,7.967001424162655,0.0021951490225739097,False,1,2,False,False
q16,7.975124369286875,0.0053567263138977125,False,0,1,False,False
q16,8.063347805429002,0.0023495252302467165,False,1,2,False,False
q16,7.967001424162655,0.0021951490225739097,False,1,2,False,False
q16,7.967001424162655,0.0021951490225739097,False,1,2,False,False
q16,7.967001424162655,0.0021951490225739097,False,1,2,False,False
q16,7.967001424162655,0.0021951490225739097,False,1,2,False,False
q16,7.967001424162655,0.0021951490225739097,False,1,2,False,False
q16,7.5758270292852945,0.002283308633533948,False,1,2,False,False
q16,7.967001424162655,0.0021951490225739097,False,1,2,False,False
q16,7.967001424162655,0.0021951490225739097,False,1,2,False,False
q16,7.967001424162655,0.0021951490225739097,False,1,2,False,False
q16,7.967001424162655,0.0021951490225739097,False,1,2,False,False
q16,7.967001424162655,0.0021951490225739097,False,1,2,False,False
q16,7.967001424162655,0.0021951490225739097,False,1,2,False,False
q16,7.967001424162655,0.0021951490225739097,False,1,2,False,False
q16,7.967001424162655,0.0021951490225739097,False,1,2,False,False
q16,7.967001424162655,0.0021951490225739097,False,1,2,False,False
q16,7.967001424162655,0.0021951490225739097,False,1,2,False,False
q16,7.967001424162655,0.0021951490225739097,False,1,2,False,False
q16,7.967001424162655,0.0021951490225739097,False,1,2,False,False
q16,7.967001424162655,0.0021951490225739097,False,1,2,False,False
q16,7.967001424162655,0.0021951490225739097,False,1,2,False,False
q16,7.967001424162655,0.0021951490225739097,False,1,2,False,False
q16,7.967001424162655,0.0021951490225739097,False,1,2,False,False
q16,7.967001424162655,0.0021951490225739097,True,1,2,False,False
q16,7.483628279669885,0.002354118295654083,False,1,3,False,False
q16,7.483628279669885,0.002354118295654083,False,1,3,False,False
q16,10.794943120166165,0.00189921929040109,False,1,3,False,False
q16,10.794943120166165,0.00189921929040109,False,1,3,False,False
q16,10.794943120166165,0.00189921929040109,False,1,3,False,False
q16,10.794943120166165,0.00189921929040109,True,1,3,False,False
q16,7.606791383636402,0.00225191843314578,False,1,3,False,False
q16,7.606791383636402,0.00225191843314578,False,1,3,False,False
q16,10.441099975098298,0.001950318456459457,False,1,3,False,False
q16,10.441099975098298,0.001950318456459457,False,1,3,False,False
q16,10.441099975098298,0.001950318456459457,False,1,3,False,False
q16,10.441099975098298,0.001950318456459457,False,1,3,False,False
q16,7.606791383636402,0.00225191843314578,False,1,3,False,False
q16,7.606791383636402,0.00225191843314578,False,1,3,False,False
q16,9.678413837445628,0.001998500811946568,False,1,3,False,False
q16,9.678413837445628,0.001998500811946568,False,1,3,False,False
q16,9.678413837445628,0.001998500811946568,False,1,3,False,False
q16,9.678413837445628,0.001998500811946568,True,1,3,False,False
q16,7.606791383636402,0.00225191843314578,False,1,3,False,False
q16,7.606791383636402,0.00225191843314578,False,1,3,False,False
q16,9.312940998240572,0.002126019516242218,False,1,3,False,False
q16,9.312940998240572,0.002126019516242218,False,1,3,False,False
q16,9.312940998240572,0.002126019516242218,False,1,3,False,False
q16,9.312940998240572,0.002126019516242218,False,1,3,False,False
q16,7.606791383636402,0.00225191843314578,False,1,3,False,False
q16,7.606791383636402,0.00225191843314578,False,1,3,False,False
q16,8.483057479577797,0.002241968058793993,False,1,3,False,False
q16,8.483057479577797,0.002241968058793993,False,1,3,False,False
q16,8.483057479577797,0.002241968058793993,False,1,3,False,False
q16,8.483057479577797,0.002241968058793993,False,1,3,False,False
q16,7.606791383636402,0.00225191843314578,False,1,3,False,False
q16,7.606791383636402,0.00225191843314578,False,1,3,False,False
q16,7.606791383636402,0.00225191843314578,False,1,3,False,False
q16,7.606791383636402,0.00225191843314578,False,1,3,False,False
q16,7.606791383636402,0.00225191843314578,False,1,3,False,False
q16,7.606791383636402,0.00225191843314578,False,1,3,False,False
q16,7.975124369286875,0.0053567263138977125,False,0,2,False,False
q16,7.703137764902749,0.0024062946408185872,False,1,3,False,False
q16,7.606791383636402,0.00225191843314578,False,1,3,False,False
q16,7.606791383636402,0.00225191843314578,False,1,3,False,False
q16,7.606791383636402,0.00225191843314578,False,1,3,False,False
q16,7.606791383636402,0.00225191843314578,False,1,3,False,False
q16,7.606791383636402,0.00225191843314578,False,1,3,False,False
q16,7.215616988759042,0.0023400780441058186,False,1,3,False,False
q16,7.606791383636402,0.00225191843314578,False,1,3,False,False
q16,7.606791383636402,0.00225191843314578,False,1,3,False,False
q16,7.606791383636402,0.00225191843314578,False,1,3,False,False
q16,7.606791383636402,0.00225191843314578,False,1,3,False,False
q16,7.606791383636402,0.00225191843314578,False,1,3,False,False
q16,7.606791383636402,0.00225191843314578,False,1,3,False,False
q16,7.606791383636402,0.00225191843314578,False,1,3,False,False
q16,7.606791383636402,0.00225191843314578,False,1,3,False,False
q16,7.606791383636402,0.00225191843314578,False,1,3,False,False
q16,7.606791383636402,0.00225191843314578,False,1,3,False,False
q16,7.606791383636402,0.00225191843314578,False,1,3,False,False
q16,7.606791383636402,0.00225191843314578,False,1,3,False,False
q16,7.606791383636402,0.00225191843314578,False,1,3,False,False
q16,7.606791383636402,0.00225191843314578,False,1,3,False,False
q16,7.606791383636402,0.00225191843314578,False,1,3,False,False
q16,7.606791383636402,0.00225191843314578,False,1,3,False,False
q16,7.606791383636402,0.00225191843314578,False,1,3,False,False
q16,7.297365793586851,0.0035322759399566105,False,1,2,False,False
q16,6.980909460937763,0.0026156052857444077,False,1,2,False,False
q16,7.145686709852422,0.0024195691124609797,True,1,1,False,False
q16,7.606791383636402,0.00225191843314578,False,1,2,False,False
q16,7.606791383636402,0.00225191843314578,False,1,2,False,False
q16,7.606791383636402,0.00225191843314578,True,1,2,False,False
q16,7.016363077129753,0.0024793441941743325,False,1,2,False,False
q16,7.016363077129753,0.0024793441941743325,False,1,2,False,False
q16,7.016363077129753,0.0024793441941743325,False,1,2,False,False
q16,7.016363077129753,0.0024793441941743325,False,1,2,False,False
q16,7.016363077129753,0.0024793441941743325,False,1,2,False,False
q16,7.016363077129753,0.0024793441941743325,False,1,2,False,False
q16,7.016363077129753,0.0024793441941743325,False,1,2,False,False
q16,7.016363077129753,0.0024793441941743325,False,1,2,False,False
q16,7.016363077129753,0.0024793441941743325,False,1,2,False,False
q16,7.016363077129753,0.0024793441941743325,False,1,2,False,False
q16,7.016363077129753,0.0024793441941743325,False,1,2,False,False
q16,7.016363077129753,0.0024793441941743325,False,1,2,False,False
q16,7.298306571687315,0.0035920513021940447,False,1,2,False,False
q16,6.873296563352284,0.0026753804142117745,False,1,2,False,False
q16,7.5758270292852945,0.002283308633533948,False,1,2,False,False
q16,7.5758270292852945,0.002283308633533948,False,1,2,False,False
q16,7.5758270292852945,0.002283308633533948,True,1,2,False,False
q16,6.999490964443288,0.0025103881375288305,False,1,3,False,False
q16,11.484464274085811,0.001902225949070449,False,1,3,False,False
q16,11.484464274085811,0.001902225949070449,False,1,3,False,False
q16,11.484464274085811,0.001902225949070449,False,1,3,False,False
q16,7.0924538847925245,0.002442277906614121,False,1,4,False,False
q16,7.0924538847925245,0.002442277906614121,True,1,4,False,False
q16,10.403729867104028,0.0019873789013611287,False,1,4,False,False
q16,10.403729867104028,0.0019873789013611287,False,1,4,False,False
q16,10.403729867104028,0.0019873789013611287,False,1,4,False,False
q16,10.403729867104028,0.0019873789013611287,False,1,4,False,False
q16,7.215616988759042,0.0023400780441058186,False,1,4,False,False
q16,7.215616988759042,0.0023400780441058186,False,1,4,False,False
q16,10.049886722036161,0.002038478067419495,False,1,4,False,False
q16,10.049886722036161,0.002038478067419495,False,1,4,False,False
q16,10.049886722036161,0.002038478067419495,False,1,4,False,False
q16,10.049886722036161,0.002038478067419495,False,1,4,False,False
q16,7.181188120774246,0.0025951179353809425,False,1,4,False,False
q16,7.215616988759042,0.0023400780441058186,False,1,4,False,False
q16,9.287200584383491,0.002086660422906606,False,1,4,False,False
q16,9.287200584383491,0.002086660422906606,False,1,4,False,False
q16,9.287200584383491,0.002086660422906606,False,1,4,False,False
q16,9.287200584383491,0.002086660422906606,True,1,4,False,False
q16,7.215616988759042,0.0023400780441058186,False,1,4,False,False
q16,7.215616988759042,0.0023400780441058186,False,1,4,False,False
q16,8.921766603363212,0.0022141791272022563,False,1,4,False,False
q16,8.921766603363212,0.0022141791272022563,False,1,4,False,False
q16,8.921766603363212,0.0022141791272022563,False,1,4,False,False
q16,8.921766603363212,0.0022141791272022563,False,1,4,False,False
q16,7.215616988759042,0.0023400780441058186,False,1,4,False,False
q16,7.215616988759042,0.0023400780441058186,False,1,4,False,False
q16,8.091883084700436,0.0023301276697540317,False,1,4,False,False
q16,8.091883084700436,0.0023301276697540317,False,1,4,False,False
q16,8.091883084700436,0.0023301276697540317,False,1,4,False,False
q16,8.091883084700436,0.0023301276697540317,False,1,4,False,False
q16,7.215616988759042,0.0023400780441058186,False,1,4,False,False
q16,7.215616988759042,0.0023400780441058186,False,1,4,False,False
q16,7.215616988759042,0.0023400780441058186,False,1,4,False,False
q16,7.215616988759042,0.0023400780441058186,False,1,4,False,False
q16,7.215616988759042,0.0023400780441058186,False,1,4,False,False
q16,7.215616988759042,0.0023400780441058186,False,1,4,False,False
q16,7.724544139653007,0.005849953563345638,False,0,3,False,False
q16,7.235975797045228,0.0024944542402288543,False,1,4,False,False
q16,7.215616988759042,0.0023400780441058186,False,1,4,False,False
q16,7.215616988759042,0.0023400780441058186,False,1,4,False,False
q16,7.215616988759042,0.0023400780441058186,False,1,4,False,False
q16,7.215616988759042,0.0023400780441058186,False,1,4,False,False
q16,7.215616988759042,0.0023400780441058186,False,1,4,False,False
q16,7.215616988759042,0.0023400780441058186,False,1,4,False,False
q16,7.215616988759042,0.0023400780441058186,False,1,4,False,False
q16,7.215616988759042,0.0023400780441058186,False,1,4,False,False
q16,7.215616988759042,0.0023400780441058186,False,1,4,False,False
q16,7.215616988759042,0.0023400780441058186,False,1,4,False,False
q16,7.215616988759042,0.0023400780441058186,False,1,4,False,False
q16,7.215616988759042,0.0023400780441058186,False,1,4,False,False
q16,7.215616988759042,0.0023400780441058186,False,1,4,False,False
q16,7.215616988759042,0.0023400780441058186,False,1,4,False,False
q16,7.215616988759042,0.0023400780441058186,False,1,4,False,False
q16,7.215616988759042,0.0023400780441058186,False,1,4,False,False
q16,7.215616988759042,0.0023400780441058186,False,1,4,False,False
q16,6.90619139870949,0.0036204355509166486,False,1,3,False,False
q16,6.589735066060403,0.0027037648967044464,False,1,3,False,False
q16,6.754512314975061,0.002507728723421018,True,1,2,False,False
q16,7.215616988759042,0.0023400780441058186,False,1,3,False,False
q16,7.215616988759042,0.0023400780441058186,False,1,3,False,False
q16,7.215616988759042,0.0023400780441058186,True,1,3,False,False
q16,6.455254301083986,0.002621268451536212,False,1,2,False,False
q16,10.99013089991381,0.0020982616499728743,False,1,2,False,False
q16,10.99013089991381,0.0020982616499728743,False,1,2,False,False
q16,10.99013089991381,0.0020982616499728743,False,1,2,False,False
q16,10.99013089991381,0.0020982616499728743,False,1,2,False,False
q16,6.394451444270123,0.0028767687807723097,False,1,3,False,False
q16,6.332091197117469,0.002723468314044515,True,1,3,False,False
q16,9.64335065408623,0.0022685693087915225,False,1,3,False,False
q16,9.64335065408623,0.0022685693087915225,False,1,3,False,False
q16,9.64335065408623,0.0022685693087915225,False,1,3,False,False
q16,9.64335065408623,0.0022685693087915225,False,1,3,False,False
q16,6.455254301083986,0.002621268451536212,False,1,3,False,False
q16,6.455254301083986,0.002621268451536212,False,1,3,False,False
q16,9.289507509018362,0.002319668474849889,False,1,3,False,False
q16,9.289507509018362,0.002319668474849889,False,1,3,False,False
q16,9.289507509018362,0.002319668474849889,False,1,3,False,False
q16,9.289507509018362,0.002319668474849889,False,1,3,False,False
q16,6.420825433099191,0.0028763083428113363,False,1,3,False,False
q16,6.455254301083986,0.002621268451536212,False,1,3,False,False
q16,8.526821371365694,0.0023678508303369996,False,1,3,False,False
q16,8.526821371365694,0.0023678508303369996,False,1,3,False,False
q16,8.526821371365694,0.0023678508303369996,False,1,3,False,False
q16,8.526821371365694,0.0023678508303369996,False,1,3,False,False
q16,6.455254301083986,0.002621268451536212,False,1,3,False,False
q16,6.455254301083986,0.002621268451536212,False,1,3,False,False
q16,8.161403915688156,0.00249536953463265,False,1,3,False,False
q16,8.161403915688156,0.00249536953463265,False,1,3,False,False
q16,8.161403915688156,0.00249536953463265,False,1,3,False,False
q16,8.161403915688156,0.00249536953463265,False,1,3,False,False
q16,6.455254301083986,0.002621268451536212,False,1,3,False,False
q16,6.455254301083986,0.002621268451536212,False,1,3,False,False
q16,7.331520397025382,0.0026113180771844247,False,1,3,False,False
q16,7.331520397025382,0.0026113180771844247,False,1,3,False,False
q16,7.331520397025382,0.0026113180771844247,False,1,3,False,False
q16,7.331520397025382,0.0026113180771844247,False,1,3,False,False
q16,6.455254301083986,0.002621268451536212,False,1,3,False,False
q16,6.455254301083986,0.002621268451536212,False,1,3,False,False
q16,6.455254301083986,0.002621268451536212,False,1,3,False,False
q16,6.455254301083986,0.002621268451536212,False,1,3,False,False
q16,6.455254301083986,0.002621268451536212,False,1,3,False,False
q16,6.455254301083986,0.002621268451536212,False,1,3,False,False
q16,7.015443765711698,0.006753397210338439,False,0,2,False,False
q16,6.4756131093701725,0.002775644647659248,False,1,3,False,False
q16,6.455254301083986,0.002621268451536212,False,1,3,False,False
q16,6.455254301083986,0.002621268451536212,False,1,3,False,False
q16,6.455254301083986,0.002621268451536212,False,1,3,False,False
q16,6.455254301083986,0.002621268451536212,False,1,3,False,False
q16,6.455254301083986,0.002621268451536212,False,1,3,False,False
q16,6.846428695961347,0.002533108840576174,False,1,2,False,False
q16,6.846428695961347,0.002533108840576174,False,1,1,False,False
q16,6.846428695961347,0.002533108840576174,False,1,2,False,False
q16,6.846428695961347,0.002533108840576174,False,1,2,False,False
q16,6.846428695961347,0.002533108840576174,False,1,2,False,False
q16,6.846428695961347,0.002533108840576174,False,1,2,False,False
q16,6.455254301083986,0.002621268451536212,False,1,3,False,False
q16,6.455254301083986,0.002621268451536212,False,1,3,False,False
q16,6.455254301083986,0.002621268451536212,False,1,3,False,False
q16,6.455254301083986,0.002621268451536212,False,1,3,False,False
q16,6.455254301083986,0.002621268451536212,False,1,3,False,False
q16,6.455254301083986,0.002621268451536212,False,1,3,False,False
q16,6.455254301083986,0.002621268451536212,False,1,3,False,False
q16,6.455254301083986,0.002621268451536212,False,1,3,False,False
q16,6.455254301083986,0.002621268451536212,False,1,3,False,False
q16,6.455254301083986,0.002621268451536212,False,1,3,False,False
q16,6.455254301083986,0.002621268451536212,False,1,3,False,False
q16,6.455254301083986,0.002621268451536212,False,1,3,False,False
q16,6.45805977244912,0.0037339749584328927,False,1,3,False,False
q16,6.235283194445554,0.0028456895991014505,False,1,3,False,False
q16,6.999490964443288,0.0025103881375288305,False,1,3,False,False
q16,6.999490964443288,0.0025103881375288305,False,1,3,False,False
q16,6.999490964443288,0.0025103881375288305,False,1,3,False,False
q16,5.897050478220001,0.00281983661519159,False,1,4,False,False
q16,5.897050478220001,0.00281983661519159,False,1,4,False,False
q16,9.273788144878056,0.002421868691269577,False,1,4,False,False
q16,9.273788144878056,0.002421868691269577,False,1,4,False,False
q16,9.273788144878056,0.002421868691269577,False,1,4,False,False
q16,9.273788144878056,0.002421868691269577,False,1,4,False,False
q16,6.290748630744393,0.003584958208845025,False,1,5,False,False
q16,5.862621610235205,0.0030748765064667143,False,1,5,False,False
q16,7.9685567300054245,0.0025664189939923776,False,1,5,False,False
q16,7.9685567300054245,0.0025664189939923776,False,1,5,False,False
q16,7.9685567300054245,0.0025664189939923776,False,1,5,False,False
q16,7.9685567300054245,0.0025664189939923776,False,1,5,False,False
q16,5.897050478220001,0.00281983661519159,False,1,5,False,False
q16,5.897050478220001,0.00281983661519159,False,1,5,False,False
q16,7.603200092824171,0.002693937698288028,False,1,5,False,False
q16,7.603200092824171,0.002693937698288028,False,1,5,False,False
q16,7.603200092824171,0.002693937698288028,False,1,5,False,False
q16,7.603200092824171,0.002693937698288028,False,1,5,False,False
q16,5.897050478220001,0.00281983661519159,False,1,5,False,False
q16,5.897050478220001,0.00281983661519159,False,1,5,False,False
q16,6.773316574161396,0.0028098862408398027,False,1,5,False,False
q16,6.773316574161396,0.0028098862408398027,False,1,5,False,False
q16,6.773316574161396,0.0028098862408398027,False,1,5,False,False
q16,6.773316574161396,0.0028098862408398027,False,1,5,False,False
q16,5.897050478220001,0.00281983661519159,False,1,5,False,False
q16,5.897050478220001,0.00281983661519159,False,1,5,False,False
q16,5.897050478220001,0.00281983661519159,False,1,5,False,False
q16,5.897050478220001,0.00281983661519159,False,1,5,False,False
q16,5.897050478220001,0.00281983661519159,False,1,5,False,False
q16,5.897050478220001,0.00281983661519159,False,1,5,False,False
q16,6.337160836668768,0.008115893128051499,False,0,4,False,False
q16,5.917409286506188,0.0029742128113146257,False,1,5,False,False
q16,5.897050478220001,0.00281983661519159,False,1,5,False,False
q16,5.897050478220001,0.00281983661519159,False,1,5,False,False
q16,5.897050478220001,0.00281983661519159,False,1,5,False,False
q16,5.897050478220001,0.00281983661519159,False,1,5,False,False
q16,5.897050478220001,0.00281983661519159,False,1,5,False,False
q16,6.288224873097361,0.002731677004231552,False,1,4,False,False
q16,6.288224873097361,0.002731677004231552,False,1,3,False,False
q16,6.288224873097361,0.002731677004231552,False,1,4,False,False
q16,6.288224873097361,0.002731677004231552,False,1,4,False,False
q16,6.288224873097361,0.002731677004231552,False,1,4,False,False
q16,6.288224873097361,0.002731677004231552,True,1,4,False,False
q16,5.897050478220001,0.00281983661519159,False,1,5,False,False
q16,5.897050478220001,0.00281983661519159,False,1,5,False,False
q16,5.897050478220001,0.00281983661519159,False,1,5,False,False
q16,5.897050478220001,0.00281983661519159,False,1,5,False,False
q16,5.897050478220001,0.00281983661519159,False,1,5,False,False
q16,5.897050478220001,0.00281983661519159,False,1,5,False,False
q16,5.897050478220001,0.00281983661519159,False,1,5,False,False
q16,5.897050478220001,0.00281983661519159,False,1,5,False,False
q16,5.897050478220001,0.00281983661519159,False,1,5,False,False
q16,5.897050478220001,0.00281983661519159,False,1,5,False,False
q16,5.897050478220001,0.00281983661519159,False,1,5,False,False
q16,5.897050478220001,0.00281983661519159,True,1,5,False,False
q16,5.899855949585135,0.00393254312208827,False,1,5,False,False
q16,5.8631473125362294,0.002944973396453338,False,1,5,False,False
q16,6.441287141579303,0.0027089563011842084,False,1,5,False,False
q16,6.441287141579303,0.0027089563011842084,False,1,5,False,False
q16,6.441287141579303,0.0027089563011842084,False,1,5,False,False
q16,6.441287141579303,0.0027089563011842084,False,1,5,False,False
q16,6.382376433065739,0.002607012520772906,True,1,4,True,False
q16,7.016363077129753,0.0024793441941743325,True,1,3,False,False
q16,10.99013089991381,0.0020982616499728743,False,1,4,False,False
q16,10.99013089991381,0.0020982616499728743,False,1,4,False,False
q16,10.99013089991381,0.0020982616499728743,False,1,4,False,False
q16,10.99013089991381,0.0020982616499728743,False,1,4,False,False
q16,5.65782026842115,0.003117690689447665,False,1,4,False,False
q16,9.64335065408623,0.0022685693087915225,False,1,4,False,False
q16,9.64335065408623,0.0022685693087915225,False,1,4,False,False
q16,9.64335065408623,0.0022685693087915225,False,1,4,False,False
q16,9.64335065408623,0.0022685693087915225,False,1,4,False,False
q16,5.878809621175842,0.0029731368164858454,False,1,4,False,False
q16,9.497340143665962,0.0025751696888644507,False,1,4,False,False
q16,9.497340143665962,0.0025751696888644507,False,1,4,False,False
q16,9.497340143665962,0.0025751696888644507,False,1,4,False,False
q16,9.497340143665962,0.0025751696888644507,False,1,4,False,False
q16,6.8712035075946005,0.004647935522321445,False,1,5,False,False
q16,5.623391400436355,0.003372730580722789,False,1,5,False,False
q16,7.729300455136738,0.002864273068248452,False,1,5,False,False
q16,7.729300455136738,0.002864273068248452,False,1,5,False,False
q16,7.729300455136738,0.002864273068248452,False,1,5,False,False
q16,7.729300455136738,0.002864273068248452,False,1,5,False,False
q16,5.65782026842115,0.003117690689447665,False,1,5,False,False
q16,5.65782026842115,0.003117690689447665,False,1,5,False,False
q16,7.36396988302532,0.0029917917725441026,False,1,5,False,False
q16,7.36396988302532,0.0029917917725441026,False,1,5,False,False
q16,7.36396988302532,0.0029917917725441026,False,1,5,False,False
q16,7.36396988302532,0.0029917917725441026,False,1,5,False,False
q16,5.65782026842115,0.003117690689447665,False,1,5,False,False
q16,5.65782026842115,0.003117690689447665,False,1,5,False,False
q16,6.534086364362546,0.0031077403150958772,False,1,5,False,False
q16,6.534086364362546,0.0031077403150958772,False,1,5,False,False
q16,6.534086364362546,0.0031077403150958772,False,1,5,False,False
q16,6.534086364362546,0.0031077403150958772,False,1,5,False,False
q16,5.65782026842115,0.003117690689447665,False,1,5,False,False
q16,5.65782026842115,0.003117690689447665,False,1,5,False,False
q16,5.65782026842115,0.003117690689447665,False,1,5,False,False
q16,5.65782026842115,0.003117690689447665,False,1,5,False,False
q16,5.65782026842115,0.003117690689447665,False,1,5,False,False
q16,5.65782026842115,0.003117690689447665,False,1,5,False,False
q16,6.337160836668768,0.008115893128051499,False,0,4,False,False
q16,5.678179076707337,0.0032720668855707007,False,1,5,False,False
q16,5.65782026842115,0.003117690689447665,False,1,5,False,False
q16,5.65782026842115,0.003117690689447665,False,1,5,False,False
q16,5.65782026842115,0.003117690689447665,False,1,5,False,False
q16,5.65782026842115,0.003117690689447665,False,1,5,False,False
q16,5.65782026842115,0.003117690689447665,False,1,5,False,False
q16,6.04899466329851,0.0030295310784876264,False,1,4,False,False
q16,6.04899466329851,0.0030295310784876264,False,1,3,False,False
q16,6.04899466329851,0.0030295310784876264,False,1,4,False,False
q16,6.04899466329851,0.0030295310784876264,False,1,4,False,False
q16,6.04899466329851,0.0030295310784876264,False,1,4,False,False
q16,6.04899466329851,0.0030295310784876264,False,1,4,False,False
q16,5.65782026842115,0.003117690689447665,False,1,5,False,False
q16,5.65782026842115,0.003117690689447665,False,1,5,False,False
q16,5.65782026842115,0.003117690689447665,False,1,5,False,False
q16,5.65782026842115,0.003117690689447665,False,1,5,False,False
q16,5.65782026842115,0.003117690689447665,False,1,5,False,False
q16,5.65782026842115,0.003117690689447665,False,1,5,False,False
q16,5.65782026842115,0.003117690689447665,False,1,5,False,False
q16,5.65782026842115,0.003117690689447665,False,1,5,False,False
q16,5.65782026842115,0.003117690689447665,False,1,5,False,False
q16,5.65782026842115,0.003117690689447665,False,1,5,False,False
q16,5.65782026842115,0.003117690689447665,False,1,5,False,False
q16,5.65782026842115,0.003117690689447665,False,1,5,False,False
q16,5.660625739786283,0.004230397196344344,False,1,5,False,False
q16,5.397977460149575,0.0034413966503497946,False,1,5,False,False
q16,6.106364847860912,0.0033046648886018797,False,1,5,False,False
q16,6.106364847860912,0.0033046648886018797,False,1,5,False,False
q16,6.106364847860912,0.0033046648886018797,False,1,5,False,False
q16,6.106364847860912,0.0033046648886018797,False,1,5,False,False
q16,6.21759918415108,0.002803048694056334,True,1,5,False,False
q16,6.873296563352284,0.0026753804142117745,False,1,4,False,False
q16,10.912196049071898,0.0022942980102723565,False,1,5,False,False
q16,10.912196049071898,0.0022942980102723565,False,1,5,False,False
q16,10.912196049071898,0.0022942980102723565,False,1,5,False,False
q16,10.912196049071898,0.0022942980102723565,False,1,5,False,False
q16,6.235283194445554,0.0028456895991014505,False,1,4,False,False
q16,9.423376521986002,0.00249299045635676,False,1,5,False,False
q16,9.423376521986002,0.00249299045635676,False,1,5,False,False
q16,9.423376521986002,0.00249299045635676,False,1,5,False,False
q16,9.423376521986002,0.00249299045635676,False,1,5,False,False
q16,5.850068175005036,0.0032004738046329147,False,1,5,False,False
q16,6.211740746889404,0.0031522901287778355,False,1,4,False,False
q16,9.368358747494929,0.0028506912138256697,False,1,5,False,False
q16,9.368358747494929,0.0028506912138256697,False,1,5,False,False
q16,9.368358747494929,0.0028506912138256697,False,1,5,False,False
q16,9.368358747494929,0.0028506912138256697,False,1,5,False,False
q16,6.89642203193173,0.005226682608673882,False,1,6,False,False
q16,4.711685722652074,0.0036948205772960206,False,1,6,False,False
q16,7.469450277225063,0.003187979029150582,False,1,6,False,False
q16,7.469450277225063,0.003187979029150582,False,1,6,False,False
q16,7.469450277225063,0.003187979029150582,False,1,6,False,False
q16,7.469450277225063,0.003187979029150582,False,1,6,False,False
q16,4.711685722652074,0.0036948205772960206,False,1,7,False,False
q16,4.711685722652074,0.0036948205772960206,False,1,7,False,False
q16,7.180139263764233,0.003443018144255717,False,1,7,False,False
q16,7.180139263764233,0.003443018144255717,False,1,7,False,False
q16,7.180139263764233,0.003443018144255717,False,1,7,False,False
q16,7.180139263764233,0.003443018144255717,False,1,7,False,False
q16,4.711685722652074,0.0036948205772960206,False,1,7,False,False
q16,4.711685722652074,0.0036948205772960206,False,1,7,False,False
q16,6.054450089509351,0.003674917670392523,False,1,7,False,False
q16,6.054450089509351,0.003674917670392523,False,1,7,False,False
q16,6.054450089509351,0.003674917670392523,False,1,7,False,False
q16,6.054450089509351,0.003674917670392523,False,1,7,False,False
q16,4.711685722652074,0.0036948205772960206,False,1,7,False,False
q16,4.711685722652074,0.0036948205772960206,False,1,7,False,False
q16,4.711685722652074,0.0036948205772960206,False,1,7,False,False
q16,4.711685722652074,0.0036948205772960206,False,1,7,False,False
q16,4.711685722652074,0.0036948205772960206,False,1,7,False,False
q16,4.711685722652074,0.0036948205772960206,False,1,7,False,False
q16,6.08566901593774,0.011079373895062118,False,0,6,False,False
q16,4.7320445309382615,0.0038491967734190563,False,1,7,False,False
q16,4.711685722652074,0.0036948205772960206,False,1,7,False,False
q16,4.711685722652074,0.0036948205772960206,False,1,7,False,False
q16,4.711685722652074,0.0036948205772960206,False,1,7,False,False
q16,4.711685722652074,0.0036948205772960206,False,1,7,False,False
q16,4.711685722652074,0.0036948205772960206,False,1,7,False,False
q16,5.102860117529435,0.003606660966335983,False,1,6,False,False
q16,5.102860117529435,0.003606660966335983,False,1,5,False,False
q16,5.102860117529435,0.003606660966335983,False,1,6,False,False
q16,5.102860117529435,0.003606660966335983,False,1,6,False,False
q16,5.102860117529435,0.003606660966335983,False,1,6,False,False
q16,5.102860117529435,0.003606660966335983,True,1,6,False,False
q16,4.711685722652074,0.0036948205772960206,False,1,7,False,False
q16,4.711685722652074,0.0036948205772960206,False,1,7,False,False
q16,4.711685722652074,0.0036948205772960206,False,1,7,False,False
q16,4.711685722652074,0.0036948205772960206,False,1,7,False,False
q16,4.711685722652074,0.0036948205772960206,False,1,7,False,False
q16,4.711685722652074,0.0036948205772960206,False,1,7,False,False
q16,4.711685722652074,0.0036948205772960206,False,1,7,False,False
q16,4.711685722652074,0.0036948205772960206,False,1,7,False,False
q16,4.711685722652074,0.0036948205772960206,False,1,7,False,False
q16,4.711685722652074,0.0036948205772960206,False,1,7,False,False
q16,4.711685722652074,0.0036948205772960206,False,1,7,False,False
q16,4.711685722652074,0.0036948205772960206,True,1,7,False,False
q16,5.626196871801488,0.004485437087619468,False,1,6,False,False
q16,6.071935979876117,0.003559704779877004,False,1,6,False,False
q16,6.071935979876117,0.003559704779877004,False,1,6,False,False
q16,6.071935979876117,0.003559704779877004,False,1,6,False,False
q16,6.071935979876117,0.003559704779877004,False,1,6,False,False
q16,5.53130744665358,0.0030564726210025603,False,1,6,False,False
q16,6.873296563352284,0.0026753804142117745,False,1,5,False,False
q16,10.912196049071898,0.0022942980102723565,False,1,6,False,False
q16,10.912196049071898,0.0022942980102723565,False,1,6,False,False
q16,10.912196049071898,0.0022942980102723565,False,1,6,False,False
q16,10.912196049071898,0.0022942980102723565,False,1,6,False,False
q16,5.176855575038729,0.0031983973233995636,False,1,6,False,False
q16,6.235283194445554,0.0028456895991014505,False,1,5,False,False
q16,9.423376521986002,0.00249299045635676,False,1,6,False,False
q16,9.423376521986002,0.00249299045635676,False,1,6,False,False
q16,9.423376521986002,0.00249299045635676,False,1,6,False,False
q16,9.423376521986002,0.00249299045635676,False,1,6,False,False
q16,5.163776437507535,0.003453897731579141,True,1,6,False,False
q16,6.211740746889404,0.0031522901287778355,False,1,5,False,False
q16,9.368358747494929,0.0028506912138256697,False,1,6,False,False
q16,9.368358747494929,0.0028506912138256697,False,1,6,False,False
q16,9.368358747494929,0.0028506912138256697,False,1,6,False,False
q16,9.368358747494929,0.0028506912138256697,False,1,6,False,False
q16,10.912196049071898,0.0022942980102723565,False,1,3,False,False
q16,10.912196049071898,0.0022942980102723565,False,1,3,False,False
q16,10.912196049071898,0.0022942980102723565,False,1,3,False,False
q16,10.912196049071898,0.0022942980102723565,False,1,3,False,False
q16,6.135263101979694,0.0028967894256721038,False,1,4,False,False
q16,9.423376521986002,0.00249299045635676,False,1,4,False,False
q16,9.423376521986002,0.00249299045635676,False,1,4,False,False
q16,9.423376521986002,0.00249299045635676,False,1,4,False,False
q16,9.423376521986002,0.00249299045635676,False,1,4,False,False
q16,5.8631473125362294,0.002944973396453338,True,1,5,False,False
q16,9.023231087848236,0.0025951896259414735,False,1,5,False,False
q16,9.023231087848236,0.0025951896259414735,False,1,5,False,False
q16,9.023231087848236,0.0025951896259414735,False,1,5,False,False
q16,9.023231087848236,0.0025951896259414735,False,1,5,False,False
q16,6.0151716905572075,0.003455054032260503,False,1,6,False,False
q16,7.934670811691952,0.002691555775254125,False,1,6,False,False
q16,7.934670811691952,0.002691555775254125,False,1,6,False,False
q16,7.934670811691952,0.002691555775254125,False,1,6,False,False
q16,7.934670811691952,0.002691555775254125,False,1,6,False,False
q16,5.176855575038729,0.0031983973233995636,False,1,7,False,False
q16,5.176855575038729,0.0031983973233995636,False,1,7,False,False
q16,7.645309116150888,0.00294659489035926,False,1,7,False,False
q16,7.645309116150888,0.00294659489035926,False,1,7,False,False
q16,7.645309116150888,0.00294659489035926,False,1,7,False,False
q16,7.645309116150888,0.00294659489035926,False,1,7,False,False
q16,5.176855575038729,0.0031983973233995636,False,1,7,False,False
q16,5.176855575038729,0.0031983973233995636,False,1,7,False,False
q16,6.519619941896006,0.003178494416496066,False,1,7,False,False
q16,6.519619941896006,0.003178494416496066,False,1,7,False,False
q16,6.519619941896006,0.003178494416496066,False,1,7,False,False
q16,6.519619941896006,0.003178494416496066,False,1,7,False,False
q16,5.176855575038729,0.0031983973233995636,False,1,7,False,False
q16,5.176855575038729,0.0031983973233995636,False,1,7,False,False
q16,5.176855575038729,0.0031983973233995636,False,1,7,False,False
q16,5.176855575038729,0.0031983973233995636,False,1,7,False,False
q16,5.176855575038729,0.0031983973233995636,False,1,7,False,False
q16,5.176855575038729,0.0031983973233995636,False,1,7,False,False
q16,6.08566901593774,0.011079373895062118,False,0,6,False,False
q16,5.197214383324916,0.0033527735195225993,False,1,7,False,False
q16,5.176855575038729,0.0031983973233995636,False,1,7,False,False
q16,5.176855575038729,0.0031983973233995636,False,1,7,False,False
q16,5.176855575038729,0.0031983973233995636,False,1,7,False,False
q16,5.176855575038729,0.0031983973233995636,False,1,7,False,False
q16,5.176855575038729,0.0031983973233995636,False,1,7,False,False
q16,5.56802996991609,0.003110237712439525,False,1,6,False,False
q16,5.56802996991609,0.003110237712439525,False,1,5,False,False
q16,5.56802996991609,0.003110237712439525,False,1,6,False,False
q16,5.56802996991609,0.003110237712439525,False,1,6,False,False
q16,5.56802996991609,0.003110237712439525,False,1,6,False,False
q16,5.56802996991609,0.003110237712439525,False,1,6,False,False
q16,5.176855575038729,0.0031983973233995636,False,1,7,False,False
q16,5.176855575038729,0.0031983973233995636,False,1,7,False,False
q16,5.176855575038729,0.0031983973233995636,False,1,7,False,False
q16,5.176855575038729,0.0031983973233995636,False,1,7,False,False
q16,5.176855575038729,0.0031983973233995636,False,1,7,False,False
q16,5.176855575038729,0.0031983973233995636,False,1,7,False,False
q16,5.176855575038729,0.0031983973233995636,False,1,7,False,False
q16,5.176855575038729,0.0031983973233995636,False,1,7,False,False
q16,5.176855575038729,0.0031983973233995636,False,1,7,False,False
q16,5.176855575038729,0.0031983973233995636,False,1,7,False,False
q16,5.176855575038729,0.0031983973233995636,False,1,7,False,False
q16,5.176855575038729,0.0031983973233995636,True,1,7,False,False
q16,5.865427081600339,0.004187583013363394,False,1,6,False,False
q16,6.406858273594508,0.0029639961924593328,False,1,6,False,False
q16,6.406858273594508,0.0029639961924593328,False,1,6,False,False
q16,6.406858273594508,0.0029639961924593328,False,1,6,False,False
q16,6.406858273594508,0.0029639961924593328,False,1,6,False,False
q16,5.53130744665358,0.0030564726210025603,True,1,6,False,False
q16,6.873296563352284,0.0026753804142117745,False,1,5,False,False
q16,10.912196049071898,0.0022942980102723565,False,1,6,False,False
q16,10.912196049071898,0.0022942980102723565,False,1,6,False,False
q16,10.912196049071898,0.0022942980102723565,False,1,6,False,False
q16,10.912196049071898,0.0022942980102723565,False,1,6,False,False
q17,8.613252854673348,0.011839959925349378,False,1,0,False,True
q17,19.59945053062907,0.04567316006672812,False,0,0,False,False
q17,8.613252854673348,0.011839959925349378,False,1,1,False,False
q17,8.613252854673348,0.011839959925349378,False,1,1,False,False
q17,8.613252854673348,0.011839959925349378,False,1,1,False,False
q17,8.613252854673348,0.011839959925349378,False,1,1,False,False
q17,8.613252854673348,0.011839959925349378,False,1,1,False,False
q17,8.613252854673348,0.011839959925349378,False,1,1,False,False
q17,8.613252854673348,0.011839959925349378,False,1,1,False,False
q17,8.613252854673348,0.011839959925349378,False,1,1,False,False
q17,8.613252854673348,0.011839959925349378,False,1,1,False,False
q17,8.613252854673348,0.011839959925349378,False,1,1,False,False
q17,8.613252854673348,0.011839959925349378,False,1,1,False,False
q17,8.613252854673348,0.011839959925349378,False,1,1,False,False
q17,10.16935155885448,0.016115946207373718,False,1,1,False,False
q17,8.769158042185285,0.013232141501945927,False,1,1,False,False
q17,9.519621456776354,0.011143869147147201,False,1,1,False,False
q17,7.564772214822964,0.008514756001625063,False,1,1,False,False
q17,7.564772214822964,0.008514756001625063,False,1,2,False,False
q17,7.564772214822964,0.008514756001625063,False,1,2,False,False
q17,7.564772214822964,0.008514756001625063,False,1,2,False,False
q17,7.564772214822964,0.008514756001625063,False,1,2,False,False
q17,7.564772214822964,0.008514756001625063,False,1,2,False,False
q17,7.564772214822964,0.008514756001625063,False,1,2,False,False
q17,7.564772214822964,0.008514756001625063,False,1,2,False,False
q17,7.564772214822964,0.008514756001625063,False,1,2,False,False
q17,7.564772214822964,0.008514756001625063,False,1,2,False,False
q17,7.564772214822964,0.008514756001625063,False,1,2,False,False
q17,7.564772214822964,0.008514756001625063,False,1,2,False,False
q17,7.564772214822964,0.008514756001625063,False,1,2,False,False
q17,7.564772214822964,0.008514756001625063,False,1,2,False,False
q17,7.564772214822964,0.008514756001625063,False,1,2,False,False
q17,7.564772214822964,0.008514756001625063,False,1,2,False,False
q17,7.564772214822964,0.008514756001625063,False,1,2,False,False
q17,7.564772214822964,0.008514756001625063,False,1,2,False,False
q17,7.564772214822964,0.008514756001625063,False,1,2,False,False
q17,7.564772214822964,0.008514756001625063,False,1,2,False,False
q17,7.564772214822964,0.008514756001625063,False,1,2,False,False
q17,7.564772214822964,0.008514756001625063,False,1,2,False,False
q17,7.564772214822964,0.008514756001625063,False,1,2,False,False
q17,7.564772214822964,0.008514756001625063,False,1,2,False,False
q17,7.564772214822964,0.008514756001625063,False,1,2,False,False
q17,7.564772214822964,0.008514756001625063,False,1,2,False,False
q17,7.564772214822964,0.008514756001625063,False,1,2,False,False
q17,7.564772214822964,0.008514756001625063,False,1,2,False,False
q17,7.564772214822964,0.008514756001625063,False,1,2,False,False
q17,7.564772214822964,0.008514756001625063,False,1,2,False,False
q17,7.564772214822964,0.008514756001625063,False,1,2,False,False
q17,7.564772214822964,0.008514756001625063,False,1,2,False,False
q17,7.564772214822964,0.008514756001625063,False,1,2,False,False
q17,7.564772214822964,0.008514756001625063,False,1,2,False,False
q17,7.564772214822964,0.008514756001625063,False,1,2,False,False
q17,7.564772214822964,0.008514756001625063,False,1,2,False,False
q17,7.564772214822964,0.008514756001625063,False,1,2,False,False
q17,7.564772214822964,0.008514756001625063,False,1,2,False,False
q17,7.564772214822964,0.008514756001625063,False,1,2,False,False
q17,7.564772214822964,0.008514756001625063,False,1,2,False,False
q17,7.564772214822964,0.008514756001625063,False,1,2,False,False
q17,7.564772214822964,0.008514756001625063,False,1,2,False,False
q17,7.564772214822964,0.008514756001625063,False,1,2,False,False
q17,7.564772214822964,0.008514756001625063,False,1,2,False,False
q17,7.564772214822964,0.008514756001625063,False,1,2,False,False
q17,7.564772214822964,0.008514756001625063,False,1,2,False,False
q17,7.564772214822964,0.008514756001625063,False,1,2,False,False
q17,7.564772214822964,0.008514756001625063,False,1,2,False,False
q17,7.564772214822964,0.008514756001625063,False,1,2,False,False
q17,16.532369636062356,0.027497222281762768,False,0,1,False,False
q17,7.564772214822964,0.008514756001625063,False,1,2,False,False
q17,7.564772214822964,0.008514756001625063,False,1,2,False,False
q17,7.564772214822964,0.008514756001625063,False,1,2,False,False
q17,7.564772214822964,0.008514756001625063,False,1,2,False,False
q17,7.564772214822964,0.008514756001625063,False,1,2,False,False
q17,7.564772214822964,0.008514756001625063,False,1,2,False,False
q17,7.564772214822964,0.008514756001625063,False,1,2,False,False
q17,7.564772214822964,0.008514756001625063,False,1,2,False,False
q17,7.564772214822964,0.008514756001625063,False,1,2,False,False
q17,7.564772214822964,0.008514756001625063,False,1,2,False,False
q17,7.564772214822964,0.008514756001625063,False,1,2,False,False
q17,7.564772214822964,0.008514756001625063,True,1,2,True,False
q18,10.71780692591588,0.01981201992387548,False,1,0,False,True
q18,14.394949715651716,0.044667655650435546,False,0,0,False,False
q18,12.671585335782893,0.03717374531298477,False,1,1,False,False
q18,12.581910722207157,0.024575196481814568,False,1,1,False,False
q18,12.250395878216452,0.015634558140459158,False,1,1,False,False
q18,12.250395878216452,0.015634558140459158,False,1,1,False,False
q18,12.250395878216452,0.015634558140459158,False,1,1,False,False
q18,12.250395878216452,0.015634558140459158,False,1,1,False,False
q18,12.250395878216452,0.015634558140459158,False,1,2,False,False
q18,12.250395878216452,0.015634558140459158,False,1,2,False,False
q18,12.250395878216452,0.015634558140459158,False,1,2,False,False
q18,12.250395878216452,0.015634558140459158,False,1,2,False,False
q18,12.250395878216452,0.015634558140459158,False,1,2,False,False
q18,12.250395878216452,0.015634558140459158,False,1,2,False,False
q18,14.088205128392541,0.015481459222006978,False,1,2,False,False
q18,15.143418119527995,0.016316652429850233,False,1,3,False,False
q18,14.51628417156083,0.016212242974999107,False,1,3,False,False
q18,14.506523221835053,0.013967922556772157,False,1,3,False,False
q18,15.005482693370055,0.013589546595985994,False,1,3,False,False
q18,15.005482693370055,0.013589546595985994,False,1,4,False,False
q18,15.005482693370055,0.013589546595985994,False,1,4,False,False
q18,15.005482693370055,0.013589546595985994,False,1,4,False,False
q18,15.005482693370055,0.013589546595985994,False,1,4,False,False
q18,15.005482693370055,0.013589546595985994,False,1,4,False,False
q18,15.005482693370055,0.013589546595985994,False,1,4,False,False
q18,15.333334888044334,0.013783958093581138,False,1,4,False,False
q18,15.005482693370055,0.013589546595985994,False,1,4,False,False
q18,15.005482693370055,0.013589546595985994,False,1,4,False,False
q18,15.005482693370055,0.013589546595985994,False,1,4,False,False
q18,15.005482693370055,0.013589546595985994,False,1,4,False,False
q18,15.005482693370055,0.013589546595985994,False,1,4,False,False
q18,14.596642428622935,0.013727865600740559,False,1,4,False,False
q18,14.596642428622935,0.013727865600740559,False,1,4,False,False
q18,15.974866182007526,0.013523299758411485,False,1,4,False,False
q18,17.929584896055207,0.01349020905924976,False,1,4,False,False
q18,17.929584896055207,0.01349020905924976,False,1,4,False,False
q18,17.929584896055207,0.01349020905924976,False,1,4,False,False
q18,17.9628610462523,0.015515078302784034,False,1,5,False,False
q18,18.568087435828865,0.01446123063775739,False,1,5,False,False
q18,19.682862106765104,0.012906781923405499,False,1,5,False,False
q18,19.682862106765104,0.012906781923405499,False,1,5,False,False
q18,19.682862106765104,0.012906781923405499,False,1,5,False,False
q18,19.682862106765104,0.012906781923405499,False,1,5,False,False
q18,19.682862106765104,0.012906781923405499,False,1,6,False,False
q18,19.682862106765104,0.012906781923405499,False,1,6,False,False
q18,19.682862106765104,0.012906781923405499,False,1,6,False,False
q18,19.682862106765104,0.012906781923405499,False,1,6,False,False
q18,19.682862106765104,0.012906781923405499,False,1,6,False,False
q18,19.682862106765104,0.012906781923405499,False,1,6,False,False
q18,19.682862106765104,0.012906781923405499,False,1,6,False,False
q18,19.682862106765104,0.012906781923405499,False,1,6,False,False
q18,19.682862106765104,0.012906781923405499,False,1,6,False,False
q18,19.682862106765104,0.012906781923405499,False,1,6,False,False
q18,19.682862106765104,0.012906781923405499,False,1,6,False,False
q18,19.682862106765104,0.012906781923405499,False,1,6,False,False
q18,19.682862106765104,0.012906781923405499,False,1,6,False,False
q18,19.682862106765104,0.012906781923405499,False,1,6,False,False
q18,19.682862106765104,0.012906781923405499,False,1,6,False,False
q18,19.682862106765104,0.012906781923405499,False,1,6,False,False
q18,19.682862106765104,0.012906781923405499,False,1,6,False,False
q18,19.682862106765104,0.012906781923405499,False,1,6,False,False
q18,19.682862106765104,0.012906781923405499,False,1,6,False,False
q18,19.682862106765104,0.012906781923405499,False,1,6,False,False
q18,19.682862106765104,0.012906781923405499,False,1,6,False,False
q18,19.682862106765104,0.012906781923405499,False,1,6,False,False
q18,19.682862106765104,0.012906781923405499,False,1,6,False,False
q18,19.682862106765104,0.012906781923405499,False,1,6,False,False
q18,19.682862106765104,0.012906781923405499,False,1,6,False,False
q18,19.682862106765104,0.012906781923405499,False,1,6,False,False
q18,19.682862106765104,0.012906781923405499,False,1,6,False,False
q18,19.682862106765104,0.012906781923405499,False,1,6,False,False
q18,19.682862106765104,0.012906781923405499,False,1,6,False,False
q18,19.682862106765104,0.012906781923405499,False,1,6,False,False
q18,19.682862106765104,0.012906781923405499,False,1,6,False,False
q18,19.682862106765104,0.012906781923405499,False,1,6,False,False
q18,19.682862106765104,0.012906781923405499,False,1,6,False,False
q18,19.682862106765104,0.012906781923405499,False,1,6,False,False
q18,19.682862106765104,0.012906781923405499,False,1,6,False,False
q18,19.682862106765104,0.012906781923405499,False,1,6,False,False
q18,19.682862106765104,0.012906781923405499,False,1,6,False,False
q18,19.682862106765104,0.012906781923405499,False,1,6,False,False
q18,19.682862106765104,0.012906781923405499,False,1,6,False,False
q18,19.682862106765104,0.012906781923405499,False,1,6,False,False
q18,19.682862106765104,0.012906781923405499,False,1,6,False,False
q18,19.682862106765104,0.012906781923405499,False,1,6,False,False
q18,19.682862106765104,0.012906781923405499,False,1,6,False,False
q18,19.682862106765104,0.012906781923405499,False,1,6,False,False
q18,19.682862106765104,0.012906781923405499,False,1,6,False,False
q18,19.682862106765104,0.012906781923405499,False,1,6,False,False
q18,19.682862106765104,0.012906781923405499,False,1,6,False,False
q18,19.682862106765104,0.012906781923405499,False,1,6,False,False
q18,25.278660178754663,0.023800472296027542,False,0,5,False,False
q18,19.977709627479015,0.03438215644186124,False,1,5,False,False
q18,20.25650894843991,0.02178361513972104,False,1,5,False,False
q18,18.73499061198851,0.01686730893035139,False,1,4,False,False
q18,19.682862106765104,0.012906781923405499,False,1,5,False,False
q18,19.682862106765104,0.012906781923405499,False,1,5,False,False
q18,19.682862106765104,0.012906781923405499,False,1,5,False,False
q18,19.682862106765104,0.012906781923405499,False,1,6,False,False
q18,19.682862106765104,0.012906781923405499,False,1,6,False,False
q18,19.682862106765104,0.012906781923405499,False,1,6,False,False
q18,17.845158628466507,0.013059880841857677,False,1,5,False,False
q18,17.845158628466507,0.013059880841857677,False,1,5,False,False
q18,17.845158628466507,0.013059880841857677,False,1,4,False,False
q18,17.845158628466507,0.013059880841857677,False,1,5,False,False
q18,19.82079753292304,0.015633887757269743,False,1,5,False,False
q18,19.193663584955882,0.015529478302418617,False,1,5,False,False
q18,18.765584541787593,0.014798694549426485,False,1,4,False,False
q18,19.1839026352301,0.013285157884191661,False,1,5,False,False
q18,19.682862106765104,0.012906781923405499,False,1,6,False,False
q18,19.682862106765104,0.012906781923405499,False,1,6,False,False
q18,19.682862106765104,0.012906781923405499,False,1,6,False,False
q18,19.682862106765104,0.012906781923405499,False,1,6,False,False
q18,19.682862106765104,0.012906781923405499,False,1,6,False,False
q18,19.682862106765104,0.012906781923405499,False,1,6,False,False
q18,19.85478430547447,0.013134324101229103,False,1,6,False,False
q18,19.682862106765104,0.012906781923405499,False,1,6,False,False
q18,19.682862106765104,0.012906781923405499,False,1,6,False,False
q18,19.682862106765104,0.012906781923405499,False,1,6,False,False
q18,19.682862106765104,0.012906781923405499,False,1,6,False,False
q18,19.682862106765104,0.012906781923405499,False,1,6,False,False
q18,16.349919639332835,0.013144438464896302,False,1,5,False,False
q18,16.349919639332835,0.013144438464896302,False,1,5,False,False
q18,16.758759904079955,0.013006119460141735,True,1,4,False,False
q18,17.728143392717428,0.012939872622567229,True,1,5,False,False
q18,19.682862106765104,0.012906781923405499,False,1,5,False,False
q18,19.682862106765104,0.012906781923405499,True,1,5,False,False
q18,13.305609448163002,0.016469751348302406,False,1,2,False,False
q18,12.67847492138474,0.01636534189345128,False,1,2,False,False
q18,12.668714265310621,0.014121021475224333,False,1,2,False,False
q18,13.167673993790826,0.013742645514438174,False,1,2,False,False
q18,13.167673993790826,0.013742645514438174,False,1,3,False,False
q18,13.167673993790826,0.013742645514438174,False,1,3,False,False
q18,13.167673993790826,0.013742645514438174,False,1,3,False,False
q18,13.167673993790826,0.013742645514438174,False,1,3,False,False
q18,13.167673993790826,0.013742645514438174,False,1,3,False,False
q18,13.167673993790826,0.013742645514438174,False,1,3,False,False
q18,13.495537973390157,0.013937057012033315,False,1,3,False,False
q18,13.167673993790826,0.013742645514438174,False,1,3,False,False
q18,13.167673993790826,0.013742645514438174,False,1,3,False,False
q18,13.167673993790826,0.013742645514438174,False,1,3,False,False
q18,13.167673993790826,0.013742645514438174,False,1,3,False,False
q18,13.167673993790826,0.013742645514438174,False,1,3,False,False
q18,12.758833657241468,0.013880964519192738,False,1,3,False,False
q18,12.758833657241468,0.013880964519192738,False,1,3,False,False
q18,14.137092837203456,0.013676398676863662,False,1,3,False,False
q18,16.091881155272944,0.013643307977701935,False,1,3,False,False
q18,16.091881155272944,0.013643307977701935,False,1,3,False,False
q18,16.091881155272944,0.013643307977701935,False,1,3,False,False
q18,13.200950135229547,0.01576751475797245,False,1,3,False,False
q18,13.806177160180729,0.014713667092945807,False,1,3,False,False
q18,14.920951466984388,0.013159218378593913,False,1,3,False,False
q18,14.920951466984388,0.013159218378593913,False,1,3,False,False
q18,14.920951466984388,0.013159218378593913,False,1,3,False,False
q18,14.920951466984388,0.013159218378593913,False,1,3,False,False
q18,14.920951466984388,0.013159218378593913,False,1,4,False,False
q18,14.920951466984388,0.013159218378593913,False,1,4,False,False
q18,14.920951466984388,0.013159218378593913,False,1,4,False,False
q18,14.920951466984388,0.013159218378593913,False,1,4,False,False
q18,14.920951466984388,0.013159218378593913,False,1,4,False,False
q18,14.920951466984388,0.013159218378593913,False,1,4,False,False
q18,14.920951466984388,0.013159218378593913,False,1,4,False,False
q18,14.920951466984388,0.013159218378593913,False,1,4,False,False
q18,14.920951466984388,0.013159218378593913,False,1,4,False,False
q18,14.920951466984388,0.013159218378593913,False,1,4,False,False
q18,14.920951466984388,0.013159218378593913,False,1,4,False,False
q18,14.920951466984388,0.013159218378593913,False,1,4,False,False
q18,14.920951466984388,0.013159218378593913,False,1,4,False,False
q18,14.920951466984388,0.013159218378593913,False,1,4,False,False
q18,14.920951466984388,0.013159218378593913,False,1,4,False,False
q18,14.920951466984388,0.013159218378593913,False,1,4,False,False
q18,14.920951466984388,0.013159218378593913,False,1,4,False,False
q18,14.920951466984388,0.013159218378593913,False,1,4,False,False
q18,14.920951466984388,0.013159218378593913,False,1,4,False,False
q18,14.920951466984388,0.013159218378593913,False,1,4,False,False
q18,15.20896974948142,0.013139065927551635,True,1,4,False,False
q18,15.800957966379631,0.01312900001843235,False,1,4,False,False
q18,15.800957966379631,0.01312900001843235,False,1,4,False,False
q18,15.800957966379631,0.01312900001843235,True,1,4,False,False
q18,14.920951466984388,0.013159218378593913,False,1,4,False,False
q18,14.920951466984388,0.013159218378593913,False,1,4,False,False
q18,14.920951466984388,0.013159218378593913,False,1,4,False,False
q18,14.920951466984388,0.013159218378593913,False,1,4,False,False
q18,14.920951466984388,0.013159218378593913,False,1,4,False,False
q18,14.920951466984388,0.013159218378593913,False,1,4,False,False
q18,14.920951466984388,0.013159218378593913,False,1,4,False,False
q18,14.920951466984388,0.013159218378593913,False,1,4,False,False
q18,14.920951466984388,0.013159218378593913,False,1,4,False,False
q18,14.920951466984388,0.013159218378593913,False,1,4,False,False
q18,14.920951466984388,0.013159218378593913,False,1,4,False,False
q18,14.920951466984388,0.013159218378593913,False,1,4,False,False
q18,14.920951466984388,0.013159218378593913,False,1,4,False,False
q18,14.920951466984388,0.013159218378593913,False,1,4,False,False
q18,14.920951466984388,0.013159218378593913,False,1,4,False,False
q18,14.920951466984388,0.013159218378593913,False,1,4,False,False
q18,14.920951466984388,0.013159218378593913,False,1,4,False,False
q18,14.920951466984388,0.013159218378593913,False,1,4,False,False
q18,14.920951466984388,0.013159218378593913,False,1,4,False,False
q18,14.920951466984388,0.013159218378593913,False,1,4,False,False
q18,14.920951466984388,0.013159218378593913,False,1,4,False,False
q18,14.920951466984388,0.013159218378593913,False,1,4,False,False
q18,14.920951466984388,0.013159218378593913,False,1,4,False,False
q18,14.920951466984388,0.013159218378593913,False,1,4,False,False
q18,20.499015094250122,0.02490871512587238,False,0,3,False,False
q18,15.342140111470306,0.03469840294965165,False,1,3,False,False
q18,15.252465497894567,0.022099854118481452,False,1,3,False,False
q18,13.388361701603293,0.017336677560542364,False,1,2,False,False
q18,14.920951466984388,0.013159218378593913,False,1,3,False,False
q18,14.920951466984388,0.013159218378593913,False,1,3,False,False
q18,14.920951466984388,0.013159218378593913,False,1,3,False,False
q18,14.920951466984388,0.013159218378593913,False,1,4,False,False
q18,14.920951466984388,0.013159218378593913,False,1,4,False,False
q18,14.920951466984388,0.013159218378593913,False,1,4,False,False
q18,14.920951466984388,0.013159218378593913,False,1,4,False,False
q18,14.920951466984388,0.013159218378593913,False,1,4,False,False
q18,14.920951466984388,0.013159218378593913,False,1,4,False,False
q18,15.058886921356564,0.015886324212458152,False,1,3,False,False
q18,14.431752394578302,0.015781914757607027,False,1,3,False,False
q18,14.003673351410013,0.0150511310046149,False,1,2,False,False
q18,14.421991738504182,0.013537594339380074,False,1,3,False,False
q18,14.920951466984388,0.013159218378593913,False,1,4,False,False
q18,14.920951466984388,0.013159218378593913,False,1,4,False,False
q18,14.920951466984388,0.013159218378593913,False,1,4,False,False
q18,14.920951466984388,0.013159218378593913,False,1,4,False,False
q18,14.920951466984388,0.013159218378593913,False,1,4,False,False
q18,14.920951466984388,0.013159218378593913,False,1,4,False,False
q18,15.248815446583718,0.013353629876189054,False,1,4,False,False
q18,14.920951466984388,0.013159218378593913,False,1,4,False,False
q18,14.920951466984388,0.013159218378593913,False,1,4,False,False
q18,14.920951466984388,0.013159218378593913,False,1,4,False,False
q18,14.920951466984388,0.013159218378593913,False,1,4,False,False
q18,14.920951466984388,0.013159218378593913,True,1,4,False,False
q18,14.512111130435029,0.01329753738334848,False,1,4,False,False
q18,14.512111130435029,0.01329753738334848,False,1,4,False,False
q18,15.890370310397017,0.013092971541019405,True,1,4,False,False
q18,17.845158628466507,0.013059880841857677,False,1,4,False,False
q18,17.845158628466507,0.013059880841857677,False,1,4,False,False
q18,12.792109798680189,0.015905833762727008,False,1,4,False,False
q18,13.397336823631372,0.014851986097700371,False,1,4,False,False
q18,14.512111130435029,0.01329753738334848,False,1,4,False,False
q18,14.512111130435029,0.01329753738334848,False,1,4,False,False
q18,14.512111130435029,0.01329753738334848,True,1,4,False,False
q18,12.758833657241468,0.013880964519192738,False,1,4,False,False
q18,12.758833657241468,0.013880964519192738,False,1,4,False,False
q18,12.758833657241468,0.013880964519192738,False,1,4,False,False
q18,12.758833657241468,0.013880964519192738,False,1,4,False,False
q18,12.758833657241468,0.013880964519192738,False,1,4,False,False
q18,12.758833657241468,0.013880964519192738,False,1,4,False,False
q18,12.758833657241468,0.013880964519192738,False,1,4,False,False
q18,12.758833657241468,0.013880964519192738,False,1,4,False,False
q18,12.758833657241468,0.013880964519192738,False,1,4,False,False
q18,12.758833657241468,0.013880964519192738,False,1,4,False,False
q18,12.758833657241468,0.013880964519192738,False,1,4,False,False
q18,12.758833657241468,0.013880964519192738,False,1,4,False,False
q18,12.758833657241468,0.013880964519192738,False,1,4,False,False
q18,12.758833657241468,0.013880964519192738,False,1,4,False,False
q18,12.758833657241468,0.013880964519192738,False,1,4,False,False
q18,12.758833657241468,0.013880964519192738,False,1,4,False,False
q18,12.758833657241468,0.013880964519192738,False,1,4,False,False
q18,12.758833657241468,0.013880964519192738,True,1,4,False,False
q18,12.611545466579626,0.013941438378562545,False,1,4,False,False
q18,12.611545466579626,0.013941438378562545,False,1,4,False,False
q18,13.0468519397385,0.013860812068150458,True,1,4,False,False
q18,13.638840241505305,0.013850746159031172,False,1,4,False,False
q18,13.638840241505305,0.013850746159031172,False,1,4,False,False
q18,13.638840241505305,0.013850746159031172,False,1,4,False,False
q18,12.611545466579626,0.013941438378562545,False,1,5,False,False
q18,12.611545466579626,0.013941438378562545,False,1,5,False,False
q18,12.611545466579626,0.013941438378562545,False,1,5,False,False
q18,12.611545466579626,0.013941438378562545,False,1,5,False,False
q18,12.611545466579626,0.013941438378562545,False,1,5,False,False
q18,12.611545466579626,0.013941438378562545,False,1,5,False,False
q18,12.611545466579626,0.013941438378562545,False,1,5,False,False
q18,12.611545466579626,0.013941438378562545,False,1,5,False,False
q18,12.611545466579626,0.013941438378562545,False,1,5,False,False
q18,12.611545466579626,0.013941438378562545,False,1,5,False,False
q18,12.611545466579626,0.013941438378562545,False,1,5,False,False
q18,12.611545466579626,0.013941438378562545,False,1,5,False,False
q18,12.611545466579626,0.013941438378562545,False,1,5,False,False
q18,12.611545466579626,0.013941438378562545,False,1,5,False,False
q18,12.611545466579626,0.013941438378562545,False,1,5,False,False
q18,12.611545466579626,0.013941438378562545,False,1,5,False,False
q18,12.611545466579626,0.013941438378562545,False,1,5,False,False
q18,12.611545466579626,0.013941438378562545,False,1,5,False,False
q18,12.611545466579626,0.013941438378562545,False,1,5,False,False
q18,12.611545466579626,0.013941438378562545,False,1,5,False,False
q18,12.611545466579626,0.013941438378562545,False,1,5,False,False
q18,12.611545466579626,0.013941438378562545,False,1,5,False,False
q18,12.611545466579626,0.013941438378562545,False,1,5,False,False
q18,12.611545466579626,0.013941438378562545,False,1,5,False,False
q18,18.543167595491045,0.02983885645568167,False,0,4,False,False
q18,13.032755586414304,0.0354806240705842,False,1,4,False,False
q18,12.943080972838567,0.022882075239414004,False,1,4,False,False
q18,11.07897717654729,0.01811889868147491,True,1,3,False,False
q18,12.611545466579626,0.013941438378562545,False,1,4,False,False
q18,12.611545466579626,0.013941438378562545,False,1,4,False,False
q18,12.611545466579626,0.013941438378562545,False,1,4,False,False
q18,12.611545466579626,0.013941438378562545,False,1,5,False,False
q18,12.611545466579626,0.013941438378562545,False,1,5,False,False
q18,12.611545466579626,0.013941438378562545,False,1,5,False,False
q18,12.611545466579626,0.013941438378562545,False,1,5,False,False
q18,12.611545466579626,0.013941438378562545,False,1,5,False,False
q18,12.611545466579626,0.013941438378562545,False,1,5,False,False
q18,14.449375379023952,0.013788339460110365,False,1,5,False,False
q18,12.749480920951802,0.01666854421242678,False,1,4,False,False
q18,12.12234639417354,0.01656413475757566,False,1,4,False,False
q18,11.694267351005251,0.01583335100458353,False,1,3,False,False
q18,12.11258573809942,0.014319814339348704,False,1,4,False,False
q18,12.611545466579626,0.013941438378562545,False,1,5,False,False
q18,12.611545466579626,0.013941438378562545,False,1,5,False,False
q18,12.611545466579626,0.013941438378562545,False,1,5,False,False
q18,12.611545466579626,0.013941438378562545,False,1,5,False,False
q18,12.611545466579626,0.013941438378562545,False,1,5,False,False
q18,12.611545466579626,0.013941438378562545,False,1,5,False,False
q18,12.404898233082111,0.014500314280114038,False,1,5,False,False
q18,12.611545466579626,0.013941438378562545,False,1,5,False,False
q18,12.611545466579626,0.013941438378562545,False,1,5,False,False
q18,12.611545466579626,0.013941438378562545,False,1,5,False,False
q18,12.611545466579626,0.013941438378562545,False,1,5,False,False
q18,12.611545466579626,0.013941438378562545,False,1,5,False,False
q18,12.611545466579626,0.013941438378562545,False,1,4,False,False
q18,13.167673993790826,0.013742645514438174,True,1,3,False,False
q18,14.137092837203456,0.013676398676863662,False,1,4,False,False
q18,16.091881155272944,0.013643307977701935,False,1,4,False,False
q18,16.091881155272944,0.013643307977701935,False,1,4,False,False
q18,16.091881155272944,0.013643307977701935,False,1,4,False,False
q18,12.644821608018347,0.015966307622096818,False,1,5,False,False
q18,13.25004863296953,0.014912459957070173,False,1,5,False,False
q18,14.364822939773187,0.013358011242718284,False,1,5,False,False
q18,14.364822939773187,0.013358011242718284,False,1,5,False,False
q18,14.364822939773187,0.013358011242718284,False,1,5,False,False
q18,14.364822939773187,0.013358011242718284,True,1,5,False,False
q18,12.611545466579626,0.013941438378562545,False,1,5,False,False
q18,12.611545466579626,0.013941438378562545,False,1,5,False,False
q18,12.611545466579626,0.013941438378562545,False,1,5,False,False
q18,12.611545466579626,0.013941438378562545,False,1,5,False,False
q18,12.611545466579626,0.013941438378562545,False,1,5,False,False
q18,12.611545466579626,0.013941438378562545,False,1,5,False,False
q18,12.611545466579626,0.013941438378562545,False,1,5,False,False
q18,12.611545466579626,0.013941438378562545,False,1,5,False,False
q18,12.611545466579626,0.013941438378562545,False,1,5,False,False
q18,12.611545466579626,0.013941438378562545,False,1,5,False,False
q18,12.611545466579626,0.013941438378562545,False,1,5,False,False
q18,12.611545466579626,0.013941438378562545,False,1,5,False,False
q18,12.611545466579626,0.013941438378562545,False,1,5,False,False
q18,12.611545466579626,0.013941438378562545,False,1,5,False,False
q18,12.611545466579626,0.013941438378562545,False,1,5,False,False
q18,12.611545466579626,0.013941438378562545,False,1,5,False,False
q18,12.611545466579626,0.013941438378562545,False,1,5,False,False
q18,12.611545466579626,0.013941438378562545,True,1,5,False,False
q18,12.668714265310621,0.014121021475224333,False,1,3,False,False
q18,12.668714265310621,0.014121021475224333,False,1,3,False,False
q18,12.668714265310621,0.014121021475224333,False,1,3,False,False
q18,12.668714265310621,0.014121021475224333,False,1,3,False,False
q18,12.668714265310621,0.014121021475224333,False,1,3,False,False
q18,12.668714265310621,0.014121021475224333,False,1,3,False,False
q18,12.996578244909953,0.014315432972819474,False,1,3,False,False
q18,12.668714265310621,0.014121021475224333,False,1,3,False,False
q18,12.668714265310621,0.014121021475224333,False,1,3,False,False
q18,12.668714265310621,0.014121021475224333,False,1,3,False,False
q18,12.668714265310621,0.014121021475224333,False,1,3,False,False
q18,12.668714265310621,0.014121021475224333,False,1,3,False,False
q18,12.259873928761262,0.014259340479978901,False,1,3,False,False
q18,12.259873928761262,0.014259340479978901,False,1,3,False,False
q18,13.63813310872325,0.014054774637649824,False,1,3,False,False
q18,15.592921426792735,0.0140216839384881,False,1,3,False,False
q18,15.592921426792735,0.0140216839384881,False,1,3,False,False
q18,15.592921426792735,0.0140216839384881,False,1,3,False,False
q18,12.293150070199983,0.016284209723513167,False,1,4,False,False
q18,12.898377095151167,0.01523036205848653,False,1,4,False,False
q18,14.013151401954824,0.013675913344134639,False,1,4,False,False
q18,14.013151401954824,0.013675913344134639,False,1,4,False,False
q18,14.013151401954824,0.013675913344134639,False,1,4,False,False
q18,14.013151401954824,0.013675913344134639,True,1,4,False,False
q18,12.259873928761262,0.014259340479978901,False,1,4,False,False
q18,12.259873928761262,0.014259340479978901,False,1,4,False,False
q18,12.259873928761262,0.014259340479978901,False,1,4,False,False
q18,12.259873928761262,0.014259340479978901,False,1,4,False,False
q18,12.259873928761262,0.014259340479978901,False,1,4,False,False
q18,12.259873928761262,0.014259340479978901,False,1,4,False,False
q18,12.259873928761262,0.014259340479978901,False,1,4,False,False
q18,12.259873928761262,0.014259340479978901,False,1,4,False,False
q18,12.259873928761262,0.014259340479978901,False,1,4,False,False
q18,12.259873928761262,0.014259340479978901,False,1,4,False,False
q18,12.259873928761262,0.014259340479978901,False,1,4,False,False
q18,12.259873928761262,0.014259340479978901,False,1,4,False,False
q18,12.259873928761262,0.014259340479978901,False,1,4,False,False
q18,12.259873928761262,0.014259340479978901,False,1,4,False,False
q18,12.259873928761262,0.014259340479978901,False,1,4,False,False
q18,12.259873928761262,0.014259340479978901,False,1,4,False,False
q18,12.259873928761262,0.014259340479978901,False,1,4,False,False
q18,12.259873928761262,0.014259340479978901,True,1,4,False,False
q18,12.11258573809942,0.014319814339348704,False,1,4,False,False
q18,12.547892211258295,0.01423918802893662,True,1,4,False,False
q18,13.1398805130251,0.014229122119817337,False,1,4,False,False
q18,13.1398805130251,0.014229122119817337,False,1,4,False,False
q18,13.1398805130251,0.014229122119817337,False,1,4,False,False
q18,12.11258573809942,0.014319814339348704,False,1,5,False,False
q18,12.11258573809942,0.014319814339348704,False,1,5,False,False
q18,12.11258573809942,0.014319814339348704,False,1,5,False,False
q18,12.11258573809942,0.014319814339348704,False,1,5,False,False
q18,12.11258573809942,0.014319814339348704,False,1,5,False,False
q18,12.11258573809942,0.014319814339348704,False,1,5,False,False
q18,12.11258573809942,0.014319814339348704,False,1,5,False,False
q18,12.11258573809942,0.014319814339348704,False,1,5,False,False
q18,12.11258573809942,0.014319814339348704,False,1,5,False,False
q18,12.11258573809942,0.014319814339348704,False,1,5,False,False
q18,12.11258573809942,0.014319814339348704,False,1,5,False,False
q18,12.11258573809942,0.014319814339348704,False,1,5,False,False
q18,12.11258573809942,0.014319814339348704,False,1,5,False,False
q18,12.11258573809942,0.014319814339348704,False,1,5,False,False
q18,12.11258573809942,0.014319814339348704,False,1,5,False,False
q18,12.11258573809942,0.014319814339348704,False,1,5,False,False
q18,12.11258573809942,0.014319814339348704,False,1,5,False,False
q18,12.11258573809942,0.014319814339348704,False,1,5,False,False
q18,12.11258573809942,0.014319814339348704,False,1,5,False,False
q18,12.11258573809942,0.014319814339348704,False,1,5,False,False
q18,12.11258573809942,0.014319814339348704,False,1,5,False,False
q18,12.11258573809942,0.014319814339348704,False,1,5,False,False
q18,12.11258573809942,0.014319814339348704,False,1,5,False,False
q18,12.11258573809942,0.014319814339348704,False,1,5,False,False
q18,17.003215085284925,0.03176632517456578,False,0,4,False,False
q18,12.533796114879301,0.035859000440285116,False,1,4,False,False
q18,12.444121501303563,0.02326045160911492,False,1,4,False,False
q18,10.580017705012287,0.01849727505117583,False,1,3,False,False
q18,12.11258573809942,0.014319814339348704,False,1,4,False,False
q18,12.11258573809942,0.014319814339348704,False,1,4,False,False
q18,12.11258573809942,0.014319814339348704,False,1,4,False,False
q18,12.11258573809942,0.014319814339348704,False,1,5,False,False
q18,12.11258573809942,0.014319814339348704,False,1,5,False,False
q18,12.11258573809942,0.014319814339348704,False,1,5,False,False
q18,12.11258573809942,0.014319814339348704,False,1,5,False,False
q18,12.11258573809942,0.014319814339348704,False,1,5,False,False
q18,12.11258573809942,0.014319814339348704,False,1,5,False,False
q18,13.95041590748895,0.014166715420896528,False,1,5,False,False
q18,12.11258573809942,0.014319814339348704,False,1,5,False,False
q18,12.11258573809942,0.014319814339348704,False,1,5,False,False
q18,12.11258573809942,0.014319814339348704,False,1,5,False,False
q18,12.11258573809942,0.014319814339348704,False,1,5,False,False
q18,12.11258573809942,0.014319814339348704,False,1,5,False,False
q18,12.11258573809942,0.014319814339348704,False,1,5,False,False
q18,11.905938504601908,0.014878690240900197,True,1,5,False,False
q18,12.11258573809942,0.014319814339348704,False,1,5,False,False
q18,12.11258573809942,0.014319814339348704,False,1,5,False,False
q18,12.11258573809942,0.014319814339348704,False,1,5,False,False
q18,12.11258573809942,0.014319814339348704,False,1,5,False,False
q18,12.11258573809942,0.014319814339348704,False,1,5,False,False
q18,12.11258573809942,0.014319814339348704,False,1,4,False,False
q18,12.668714265310621,0.014121021475224333,False,1,3,False,False
q18,13.63813310872325,0.014054774637649824,False,1,4,False,False
q18,15.592921426792735,0.0140216839384881,False,1,4,False,False
q18,15.592921426792735,0.0140216839384881,False,1,4,False,False
q18,15.592921426792735,0.0140216839384881,False,1,4,False,False
q18,12.145861879538142,0.01634468358288298,False,1,5,False,False
q18,12.751088904489325,0.015290835917856335,False,1,5,False,False
q18,13.865863211292982,0.013736387203504447,False,1,5,False,False
q18,13.865863211292982,0.013736387203504447,False,1,5,False,False
q18,13.865863211292982,0.013736387203504447,False,1,5,False,False
q18,13.865863211292982,0.013736387203504447,True,1,5,False,False
q18,12.11258573809942,0.014319814339348704,False,1,5,False,False
q18,12.11258573809942,0.014319814339348704,False,1,5,False,False
q18,12.11258573809942,0.014319814339348704,False,1,5,False,False
q18,12.11258573809942,0.014319814339348704,False,1,5,False,False
q18,12.11258573809942,0.014319814339348704,False,1,5,False,False
q18,12.11258573809942,0.014319814339348704,False,1,5,False,False
q18,12.11258573809942,0.014319814339348704,False,1,5,False,False
q18,12.11258573809942,0.014319814339348704,False,1,5,False,False
q18,12.11258573809942,0.014319814339348704,False,1,5,False,False
q18,12.11258573809942,0.014319814339348704,False,1,5,False,False
q18,12.11258573809942,0.014319814339348704,False,1,5,False,False
q18,12.11258573809942,0.014319814339348704,False,1,5,False,False
q18,12.11258573809942,0.014319814339348704,False,1,5,False,False
q18,12.11258573809942,0.014319814339348704,False,1,5,False,False
q18,12.11258573809942,0.014319814339348704,False,1,5,False,False
q18,12.11258573809942,0.014319814339348704,False,1,5,False,False
q18,12.11258573809942,0.014319814339348704,False,1,5,False,False
q18,12.11258573809942,0.014319814339348704,True,1,5,True,False
q18,10.71780692591588,0.01981201992387548,False,1,1,False,False
q18,10.71780692591588,0.01981201992387548,False,1,1,False,False
q18,13.064664130069014,0.018255317933476498,False,1,1,False,False
q18,10.71780692591588,0.01981201992387548,False,1,1,False,False
q18,10.71780692591588,0.01981201992387548,False,1,1,False,False
q18,11.662241164330196,0.019518527293121365,False,1,1,False,False
q18,13.140333633615947,0.019441989109978196,False,1,1,False,False
q18,11.773019917051332,0.02064721313177005,False,1,1,False,False
q18,11.14588596908417,0.020542803676889973,False,1,1,False,False
q18,11.13612501935839,0.018298481622928117,False,1,1,False,False
q18,11.635084490893394,0.0179201052532272,False,1,1,False,False
q18,11.13612501935839,0.018298481622928117,False,1,2,False,False
q18,11.13612501935839,0.018298481622928117,False,1,2,False,False
q18,11.13612501935839,0.018298481622928117,False,1,2,False,False
q18,11.13612501935839,0.018298481622928117,False,1,2,False,False
q18,11.13612501935839,0.018298481622928117,False,1,2,False,False
q18,11.13612501935839,0.018298481622928117,False,1,2,False,False
q18,11.46397721403267,0.018492893026719654,False,1,2,False,False
q18,11.13612501935839,0.018298481622928117,False,1,2,False,False
q18,11.13612501935839,0.018298481622928117,False,1,2,False,False
q18,11.13612501935839,0.018298481622928117,False,1,2,False,False
q18,11.13612501935839,0.018298481622928117,False,1,2,False,False
q18,11.13612501935839,0.018298481622928117,False,1,2,False,False
q18,10.72728475461127,0.0184368006352652,False,1,2,False,False
q18,10.72728475461127,0.0184368006352652,False,1,2,False,False
q18,12.105508507995863,0.01823223459805448,False,1,2,False,False
q18,14.06022722204354,0.01819914380663443,False,1,2,False,False
q18,14.06022722204354,0.01819914380663443,False,1,2,False,False
q18,14.06022722204354,0.01819914380663443,False,1,2,False,False
q18,10.760560904808361,0.020461670714303746,False,1,3,False,False
q18,11.365787294384932,0.019407823049334368,False,1,3,False,False
q18,12.480561965321167,0.017853372942580367,False,1,3,False,False
q18,12.480561965321167,0.017853372942580367,False,1,3,False,False
q18,12.480561965321167,0.017853372942580367,False,1,3,False,False
q18,12.480561965321167,0.017853372942580367,False,1,3,False,False
q18,10.72728475461127,0.0184368006352652,False,1,3,False,False
q18,10.72728475461127,0.0184368006352652,False,1,3,False,False
q18,10.72728475461127,0.0184368006352652,False,1,3,False,False
q18,10.72728475461127,0.0184368006352652,False,1,3,False,False
q18,10.72728475461127,0.0184368006352652,False,1,3,False,False
q18,10.72728475461127,0.0184368006352652,False,1,3,False,False
q18,10.72728475461127,0.0184368006352652,False,1,3,False,False
q18,10.72728475461127,0.0184368006352652,False,1,3,False,False
q18,10.72728475461127,0.0184368006352652,False,1,3,False,False
q18,10.72728475461127,0.0184368006352652,False,1,3,False,False
q18,10.72728475461127,0.0184368006352652,False,1,3,False,False
q18,10.72728475461127,0.0184368006352652,False,1,3,False,False
q18,10.72728475461127,0.0184368006352652,False,1,3,False,False
q18,10.72728475461127,0.0184368006352652,False,1,3,False,False
q18,10.72728475461127,0.0184368006352652,False,1,3,False,False
q18,10.72728475461127,0.0184368006352652,False,1,3,False,False
q18,10.72728475461127,0.0184368006352652,False,1,3,False,False
q18,10.72728475461127,0.0184368006352652,True,1,3,False,False
q18,10.580017705012287,0.01849727505117583,False,1,3,False,False
q18,11.015267802003542,0.018416647999403655,True,1,3,False,False
q18,11.607185633560821,0.018406581999176618,False,1,3,False,False
q18,11.607185633560821,0.018406581999176618,False,1,3,False,False
q18,11.607185633560821,0.018406581999176618,False,1,3,False,False
q18,10.580017705012287,0.01849727505117583,False,1,4,False,False
q18,10.580017705012287,0.01849727505117583,False,1,4,False,False
q18,10.580017705012287,0.01849727505117583,False,1,4,False,False
q18,10.580017705012287,0.01849727505117583,False,1,4,False,False
q18,10.580017705012287,0.01849727505117583,False,1,4,False,False
q18,10.580017705012287,0.01849727505117583,False,1,4,False,False
q18,10.580017705012287,0.01849727505117583,False,1,4,False,False
q18,10.580017705012287,0.01849727505117583,False,1,4,False,False
q18,10.580017705012287,0.01849727505117583,False,1,4,False,False
q18,10.580017705012287,0.01849727505117583,False,1,4,False,False
q18,10.580017705012287,0.01849727505117583,False,1,4,False,False
q18,10.580017705012287,0.01849727505117583,False,1,4,False,False
q18,10.580017705012287,0.01849727505117583,False,1,4,False,False
q18,10.580017705012287,0.01849727505117583,False,1,4,False,False
q18,10.580017705012287,0.01849727505117583,False,1,4,False,False
q18,10.580017705012287,0.01849727505117583,False,1,4,False,False
q18,10.580017705012287,0.01849727505117583,False,1,4,False,False
q18,10.580017705012287,0.01849727505117583,False,1,4,False,False
q18,10.580017705012287,0.01849727505117583,False,1,4,False,False
q18,10.580017705012287,0.01849727505117583,False,1,4,False,False
q18,10.580017705012287,0.01849727505117583,False,1,4,False,False
q18,10.580017705012287,0.01849727505117583,False,1,4,False,False
q18,10.580017705012287,0.01849727505117583,False,1,4,False,False
q18,10.580017705012287,0.01849727505117583,False,1,4,False,False
q18,15.446854615438982,0.03715634088775762,False,0,3,False,False
q18,10.580017705012287,0.01849727505117583,False,1,4,False,False
q18,10.580017705012287,0.01849727505117583,False,1,4,False,False
q18,12.926853989951985,0.01694057413236605,False,1,4,False,False
q18,10.580017705012287,0.01849727505117583,False,1,4,False,False
q18,10.580017705012287,0.01849727505117583,False,1,4,False,False
q18,11.524451943426602,0.01820378242042172,False,1,4,False,False
q18,13.002544412712355,0.018127244237278545,False,1,4,False,False
q18,11.216912602705229,0.020846006560017772,False,1,3,False,False
q18,10.589778654738065,0.020741597105137687,False,1,3,False,False
q18,10.161699611569777,0.02001081335212319,False,1,2,False,False
q18,10.580017705012287,0.01849727505117583,False,1,4,False,False
q18,10.580017705012287,0.01849727505117583,False,1,4,False,False
q18,10.580017705012287,0.01849727505117583,False,1,4,False,False
q18,10.580017705012287,0.01849727505117583,False,1,4,False,False
q18,10.580017705012287,0.01849727505117583,False,1,4,False,False
q18,10.580017705012287,0.01849727505117583,False,1,4,False,False
q18,10.373377542469806,0.019056151893669562,False,1,4,False,False
q18,10.580017705012287,0.01849727505117583,False,1,4,False,False
q18,10.580017705012287,0.01849727505117583,False,1,4,False,False
q18,10.580017705012287,0.01849727505117583,False,1,4,False,False
q18,10.580017705012287,0.01849727505117583,False,1,4,False,False
q18,10.580017705012287,0.01849727505117583,False,1,4,False,False
q18,10.69130142556716,0.018625413048307116,False,1,4,False,False
q18,11.46397721403267,0.018492893026719654,False,1,3,False,False
q18,12.153361642917273,0.018459774056436642,False,1,4,False,False
q18,14.232149420752904,0.018426685984472398,False,1,4,False,False
q18,14.232149420752904,0.018426685984472398,False,1,4,False,False
q18,14.232149420752904,0.018426685984472398,False,1,4,False,False
q18,10.406653692666895,0.021081021972708103,False,1,5,False,False
q18,11.011880082243465,0.020027174307738725,False,1,5,False,False
q18,12.126654753179702,0.018472724200984728,False,1,5,False,False
q18,12.126654753179702,0.018472724200984728,False,1,5,False,False
q18,12.126654753179702,0.018472724200984728,False,1,5,False,False
q18,12.126654753179702,0.018472724200984728,False,1,5,False,False
q18,10.373377542469806,0.019056151893669562,False,1,5,False,False
q18,10.373377542469806,0.019056151893669562,False,1,5,False,False
q18,10.373377542469806,0.019056151893669562,False,1,5,False,False
q18,10.373377542469806,0.019056151893669562,False,1,5,False,False
q18,10.373377542469806,0.019056151893669562,False,1,5,False,False
q18,10.373377542469806,0.019056151893669562,False,1,5,False,False
q18,10.373377542469806,0.019056151893669562,False,1,5,False,False
q18,10.373377542469806,0.019056151893669562,False,1,5,False,False
q18,10.373377542469806,0.019056151893669562,False,1,5,False,False
q18,10.373377542469806,0.019056151893669562,False,1,5,False,False
q18,10.373377542469806,0.019056151893669562,False,1,5,False,False
q18,10.373377542469806,0.019056151893669562,False,1,5,False,False
q18,10.373377542469806,0.019056151893669562,False,1,5,False,False
q18,10.373377542469806,0.019056151893669562,False,1,5,False,False
q18,10.373377542469806,0.019056151893669562,False,1,5,False,False
q18,10.373377542469806,0.019056151893669562,False,1,5,False,False
q18,10.373377542469806,0.019056151893669562,False,1,5,False,False
q18,10.373377542469806,0.019056151893669562,True,1,5,False,False
q18,10.415168435544038,0.01892511760537992,False,1,4,False,False
q18,10.621417577808272,0.018884803817456913,False,1,3,False,False
q18,10.815178691266757,0.018874728645937665,False,1,4,False,False
q18,11.407096522824036,0.018864662645710635,False,1,4,False,False
q18,11.407096522824036,0.018864662645710635,False,1,4,False,False
q18,11.407096522824036,0.018864662645710635,False,1,4,False,False
q18,10.415168435544038,0.01892511760537992,False,1,5,False,False
q18,10.415168435544038,0.01892511760537992,False,1,5,False,False
q18,10.415168435544038,0.01892511760537992,False,1,5,False,False
q18,10.415168435544038,0.01892511760537992,False,1,5,False,False
q18,10.415168435544038,0.01892511760537992,False,1,5,False,False
q18,10.415168435544038,0.01892511760537992,False,1,5,False,False
q18,10.415168435544038,0.01892511760537992,False,1,5,False,False
q18,10.415168435544038,0.01892511760537992,False,1,5,False,False
q18,10.415168435544038,0.01892511760537992,False,1,5,False,False
q18,10.415168435544038,0.01892511760537992,False,1,5,False,False
q18,10.415168435544038,0.01892511760537992,False,1,5,False,False
q18,10.415168435544038,0.01892511760537992,False,1,5,False,False
q18,10.415168435544038,0.01892511760537992,False,1,5,False,False
q18,10.415168435544038,0.01892511760537992,False,1,5,False,False
q18,10.415168435544038,0.01892511760537992,False,1,5,False,False
q18,10.415168435544038,0.01892511760537992,False,1,5,False,False
q18,10.415168435544038,0.01892511760537992,False,1,5,False,False
q18,10.415168435544038,0.01892511760537992,False,1,5,False,False
q18,10.415168435544038,0.01892511760537992,False,1,5,False,False
q18,10.415168435544038,0.01892511760537992,False,1,5,False,False
q18,10.415168435544038,0.01892511760537992,False,1,5,False,False
q18,10.415168435544038,0.01892511760537992,False,1,5,False,False
q18,10.415168435544038,0.01892511760537992,False,1,5,False,False
q18,10.415168435544038,0.01892511760537992,False,1,5,False,False
q18,15.282005345970731,0.03758417782106944,False,0,4,False,False
q18,12.36894684541105,0.03628684299448922,False,1,5,False,False
q18,12.279272231835312,0.02368829416331901,False,1,5,False,False
q18,11.947742485000767,0.014747657159254945,False,1,5,False,False
q18,11.947742485000767,0.014747657159254945,False,1,5,False,False
q18,11.947742485000767,0.014747657159254945,False,1,5,False,False
q18,11.947742485000767,0.014747657159254945,True,1,5,False,False
q18,10.415168435544038,0.01892511760537992,False,1,5,False,False
q18,10.415168435544038,0.01892511760537992,False,1,5,False,False
q18,12.762010736853329,0.017368416952272293,False,1,5,False,False
q18,10.415168435544038,0.01892511760537992,False,1,5,False,False
q18,10.415168435544038,0.01892511760537992,False,1,5,False,False
q18,11.359602673958353,0.01863162497462581,False,1,5,False,False
q18,12.837695143244105,0.018555086791482635,False,1,5,False,False
q18,11.052063333236978,0.021273849114221862,False,1,4,False,False
q18,10.424929385269815,0.021169439659341774,False,1,4,False,False
q18,9.996850342101526,0.020438655906327288,True,1,3,False,False
q18,10.91412790707904,0.018546741235679003,False,1,4,False,False
q18,10.415168435544038,0.01892511760537992,False,1,5,False,False
q18,10.415168435544038,0.01892511760537992,False,1,5,False,False
q18,10.415168435544038,0.01892511760537992,False,1,5,False,False
q18,10.415168435544038,0.01892511760537992,False,1,5,False,False
q18,10.415168435544038,0.01892511760537992,False,1,5,False,False
q18,10.415168435544038,0.01892511760537992,False,1,5,False,False
q18,10.580017705012287,0.01849727505117583,False,1,4,False,False
q18,10.580017705012287,0.01849727505117583,False,1,4,False,False
q18,10.580017705012287,0.01849727505117583,False,1,4,False,False
q18,10.580017705012287,0.01849727505117583,False,1,4,False,False
q18,10.580017705012287,0.01849727505117583,True,1,4,False,False
q18,10.69130142556716,0.018625413048307116,False,1,4,False,False
q18,11.46397721403267,0.018492893026719654,False,1,3,False,False
q18,12.153361642917273,0.018459774056436642,False,1,4,False,False
q18,14.232149420752904,0.018426685984472398,False,1,4,False,False
q18,14.232149420752904,0.018426685984472398,False,1,4,False,False
q18,14.232149420752904,0.018426685984472398,False,1,4,False,False
q18,10.448444585741127,0.020949987684418473,False,1,5,False,False
q18,11.053670975317697,0.019896140019449088,False,1,5,False,False
q18,12.168445646253934,0.018341689912695087,False,1,5,False,False
q18,12.168445646253934,0.018341689912695087,False,1,5,False,False
q18,12.168445646253934,0.018341689912695087,False,1,5,False,False
q18,12.168445646253934,0.018341689912695087,False,1,5,False,False
q18,10.415168435544038,0.01892511760537992,False,1,5,False,False
q18,10.415168435544038,0.01892511760537992,False,1,5,False,False
q18,10.415168435544038,0.01892511760537992,False,1,5,False,False
q18,10.415168435544038,0.01892511760537992,False,1,5,False,False
q18,10.415168435544038,0.01892511760537992,False,1,5,False,False
q18,10.415168435544038,0.01892511760537992,False,1,5,False,False
q18,10.415168435544038,0.01892511760537992,False,1,5,False,False
q18,10.415168435544038,0.01892511760537992,False,1,5,False,False
q18,10.415168435544038,0.01892511760537992,False,1,5,False,False
q18,10.415168435544038,0.01892511760537992,False,1,5,False,False
q18,10.415168435544038,0.01892511760537992,False,1,5,False,False
q18,10.415168435544038,0.01892511760537992,False,1,5,False,False
q18,10.415168435544038,0.01892511760537992,False,1,5,False,False
q18,10.415168435544038,0.01892511760537992,False,1,5,False,False
q18,10.415168435544038,0.01892511760537992,False,1,5,False,False
q18,10.415168435544038,0.01892511760537992,False,1,5,False,False
q18,10.415168435544038,0.01892511760537992,False,1,5,False,False
q18,10.415168435544038,0.01892511760537992,True,1,5,False,False
q18,10.71780692591588,0.01981201992387548,False,1,1,False,False
q18,10.71780692591588,0.01981201992387548,False,1,1,False,False
q18,10.71780692591588,0.01981201992387548,False,1,1,False,False
q18,10.71780692591588,0.01981201992387548,False,1,1,False,False
q18,10.71780692591588,0.01981201992387548,False,1,1,False,False
q18,10.71780692591588,0.01981201992387548,False,1,1,False,False
q18,11.045659120590159,0.02000643132766702,False,1,1,False,False
q18,10.71780692591588,0.01981201992387548,False,1,1,False,False
q18,10.71780692591588,0.01981201992387548,False,1,1,False,False
q18,10.71780692591588,0.01981201992387548,False,1,1,False,False
q18,10.71780692591588,0.01981201992387548,False,1,1,False,False
q18,10.71780692591588,0.01981201992387548,False,1,1,False,False
q18,10.30896666116876,0.019950338936212564,False,1,1,False,False
q18,10.30896666116876,0.019950338936212564,False,1,1,False,False
q18,11.687190414553353,0.019745772899001847,False,1,1,False,False
q18,13.64190912860103,0.019712682107581793,False,1,1,False,False
q18,13.64190912860103,0.019712682107581793,False,1,1,False,False
q18,13.64190912860103,0.019712682107581793,False,1,1,False,False
q18,10.342242811365852,0.02197520901525111,False,1,2,False,False
q18,10.94746920094242,0.02092136135028173,False,1,2,False,False
q18,12.062243871878659,0.01936691124352773,False,1,2,False,False
q18,12.062243871878659,0.01936691124352773,False,1,2,False,False
q18,12.062243871878659,0.01936691124352773,False,1,2,False,False
q18,12.062243871878659,0.01936691124352773,False,1,2,False,False
q18,10.30896666116876,0.019950338936212564,False,1,2,False,False
q18,10.30896666116876,0.019950338936212564,False,1,2,False,False
q18,10.30896666116876,0.019950338936212564,False,1,2,False,False
q18,10.30896666116876,0.019950338936212564,False,1,2,False,False
q18,10.30896666116876,0.019950338936212564,False,1,2,False,False
q18,10.30896666116876,0.019950338936212564,False,1,2,False,False
q18,10.30896666116876,0.019950338936212564,False,1,2,False,False
q18,10.30896666116876,0.019950338936212564,False,1,2,False,False
q18,10.30896666116876,0.019950338936212564,False,1,2,False,False
q18,10.30896666116876,0.019950338936212564,False,1,2,False,False
q18,10.30896666116876,0.019950338936212564,False,1,2,False,False
q18,10.30896666116876,0.019950338936212564,False,1,2,False,False
q18,10.30896666116876,0.019950338936212564,False,1,2,False,False
q18,10.30896666116876,0.019950338936212564,False,1,2,False,False
q18,10.30896666116876,0.019950338936212564,False,1,2,False,False
q18,10.30896666116876,0.019950338936212564,False,1,2,False,False
q18,10.30896666116876,0.019950338936212564,False,1,2,False,False
q18,10.30896666116876,0.019950338936212564,True,1,2,False,False
q18,10.161699611569777,0.02001081335212319,False,1,2,False,False
q18,10.596949708561032,0.01993018630035102,False,1,2,False,False
q18,11.188867540118311,0.019920120300123984,False,1,2,False,False
q18,11.188867540118311,0.019920120300123984,False,1,2,False,False
q18,11.188867540118311,0.019920120300123984,False,1,2,False,False
q18,10.161699611569777,0.02001081335212319,False,1,3,False,False
q18,10.161699611569777,0.02001081335212319,False,1,3,False,False
q18,10.161699611569777,0.02001081335212319,False,1,3,False,False
q18,10.161699611569777,0.02001081335212319,False,1,3,False,False
q18,10.161699611569777,0.02001081335212319,False,1,3,False,False
q18,10.161699611569777,0.02001081335212319,False,1,3,False,False
q18,10.161699611569777,0.02001081335212319,False,1,3,False,False
q18,10.161699611569777,0.02001081335212319,False,1,3,False,False
q18,10.161699611569777,0.02001081335212319,False,1,3,False,False
q18,10.161699611569777,0.02001081335212319,False,1,3,False,False
q18,10.161699611569777,0.02001081335212319,False,1,3,False,False
q18,10.161699611569777,0.02001081335212319,False,1,3,False,False
q18,10.161699611569777,0.02001081335212319,False,1,3,False,False
q18,10.161699611569777,0.02001081335212319,False,1,3,False,False
q18,10.161699611569777,0.02001081335212319,False,1,3,False,False
q18,10.161699611569777,0.02001081335212319,False,1,3,False,False
q18,10.161699611569777,0.02001081335212319,False,1,3,False,False
q18,10.161699611569777,0.02001081335212319,False,1,3,False,False
q18,10.161699611569777,0.02001081335212319,False,1,3,False,False
q18,10.161699611569777,0.02001081335212319,False,1,3,False,False
q18,10.161699611569777,0.02001081335212319,False,1,3,False,False
q18,10.161699611569777,0.02001081335212319,False,1,3,False,False
q18,10.161699611569777,0.02001081335212319,False,1,3,False,False
q18,10.161699611569777,0.02001081335212319,False,1,3,False,False
q18,13.838842401305612,0.04486642253947311,False,0,2,False,False
q18,12.11547802143679,0.03737253874123248,False,1,3,False,False
q18,12.025803407861053,0.02477398991006228,False,1,3,False,False
q18,11.694267351005251,0.01583335100458353,False,1,3,False,False
q18,11.694267351005251,0.01583335100458353,False,1,3,False,False
q18,11.694267351005251,0.01583335100458353,True,1,3,False,False
q18,10.161699611569777,0.02001081335212319,False,1,3,False,False
q18,10.161699611569777,0.02001081335212319,False,1,3,False,False
q18,12.508535602857814,0.018454110797600874,False,1,3,False,False
q18,10.161699611569777,0.02001081335212319,False,1,3,False,False
q18,10.161699611569777,0.02001081335212319,False,1,3,False,False
q18,11.106133849984092,0.019717320721369086,False,1,3,False,False
q18,12.584226319269844,0.01964078253822591,False,1,3,False,False
q18,10.161699611569777,0.02001081335212319,False,1,3,False,False
q18,10.161699611569777,0.02001081335212319,False,1,3,False,False
q18,10.161699611569777,0.02001081335212319,False,1,3,False,False
q18,10.161699611569777,0.02001081335212319,False,1,3,False,False
q18,10.161699611569777,0.02001081335212319,False,1,3,False,False
q18,10.161699611569777,0.02001081335212319,False,1,3,False,False
q18,9.955059449027294,0.020569690194616925,False,1,3,False,False
q18,10.161699611569777,0.02001081335212319,False,1,3,False,False
q18,10.161699611569777,0.02001081335212319,False,1,3,False,False
q18,10.161699611569777,0.02001081335212319,False,1,3,False,False
q18,10.161699611569777,0.02001081335212319,False,1,3,False,False
q18,10.161699611569777,0.02001081335212319,True,1,3,False,False
q18,10.27298333212465,0.020138951349254478,False,1,3,False,False
q18,11.045659120590159,0.02000643132766702,False,1,2,False,False
q18,11.735043549474764,0.019973312357384008,False,1,3,False,False
q18,13.813831327310394,0.019940224285419764,False,1,3,False,False
q18,13.813831327310394,0.019940224285419764,False,1,3,False,False
q18,13.813831327310394,0.019940224285419764,False,1,3,False,False
q18,9.988335599224385,0.022594560273655466,False,1,4,False,False
q18,10.593561988800953,0.021540712608686084,False,1,4,False,False
q18,11.708336659737192,0.019986262501932087,False,1,4,False,False
q18,11.708336659737192,0.019986262501932087,False,1,4,False,False
q18,11.708336659737192,0.019986262501932087,False,1,4,False,False
q18,11.708336659737192,0.019986262501932087,False,1,4,False,False
q18,9.955059449027294,0.020569690194616925,False,1,4,False,False
q18,9.955059449027294,0.020569690194616925,False,1,4,False,False
q18,9.955059449027294,0.020569690194616925,False,1,4,False,False
q18,9.955059449027294,0.020569690194616925,False,1,4,False,False
q18,9.955059449027294,0.020569690194616925,False,1,4,False,False
q18,9.955059449027294,0.020569690194616925,False,1,4,False,False
q18,9.955059449027294,0.020569690194616925,False,1,4,False,False
q18,9.955059449027294,0.020569690194616925,False,1,4,False,False
q18,9.955059449027294,0.020569690194616925,False,1,4,False,False
q18,9.955059449027294,0.020569690194616925,False,1,4,False,False
q18,9.955059449027294,0.020569690194616925,False,1,4,False,False
q18,9.955059449027294,0.020569690194616925,False,1,4,False,False
q18,9.955059449027294,0.020569690194616925,False,1,4,False,False
q18,9.955059449027294,0.020569690194616925,False,1,4,False,False
q18,9.955059449027294,0.020569690194616925,False,1,4,False,False
q18,9.955059449027294,0.020569690194616925,False,1,4,False,False
q18,9.955059449027294,0.020569690194616925,False,1,4,False,False
q18,9.955059449027294,0.020569690194616925,False,1,4,False,False
q18,10.20309948436576,0.020398342118404272,False,1,2,False,False
q18,10.396860597824245,0.02038826694688503,False,1,3,False,False
q18,10.988778429381524,0.020378200946658,False,1,3,False,False
q18,10.988778429381524,0.020378200946658,False,1,3,False,False
q18,10.988778429381524,0.020378200946658,False,1,3,False,False
q18,9.955059449027294,0.020569690194616925,False,1,4,False,False
q18,9.955059449027294,0.020569690194616925,False,1,4,False,False
q18,9.955059449027294,0.020569690194616925,False,1,4,False,False
q18,9.955059449027294,0.020569690194616925,False,1,4,False,False
q18,9.955059449027294,0.020569690194616925,False,1,4,False,False
q18,9.955059449027294,0.020569690194616925,False,1,4,False,False
q18,9.955059449027294,0.020569690194616925,False,1,4,False,False
q18,9.955059449027294,0.020569690194616925,False,1,4,False,False
q18,9.955059449027294,0.020569690194616925,False,1,4,False,False
q18,9.955059449027294,0.020569690194616925,False,1,4,False,False
q18,9.955059449027294,0.020569690194616925,False,1,4,False,False
q18,9.955059449027294,0.020569690194616925,False,1,4,False,False
q18,9.955059449027294,0.020569690194616925,False,1,4,False,False
q18,9.955059449027294,0.020569690194616925,False,1,4,False,False
q18,9.955059449027294,0.020569690194616925,False,1,4,False,False
q18,9.955059449027294,0.020569690194616925,False,1,4,False,False
q18,9.955059449027294,0.020569690194616925,False,1,4,False,False
q18,9.955059449027294,0.020569690194616925,False,1,4,False,False
q18,9.955059449027294,0.020569690194616925,False,1,4,False,False
q18,9.955059449027294,0.020569690194616925,False,1,4,False,False
q18,9.955059449027294,0.020569690194616925,False,1,4,False,False
q18,9.955059449027294,0.020569690194616925,False,1,4,False,False
q18,9.955059449027294,0.020569690194616925,False,1,4,False,False
q18,9.955059449027294,0.020569690194616925,False,1,4,False,False
q18,13.63220223876313,0.04542528989627328,False,0,3,False,False
q18,11.908837858894307,0.0379314155837262,False,1,4,False,False
q18,11.81916324531857,0.02533286675255601,False,1,4,False,False
q18,11.487620117507737,0.016392226906135017,False,1,4,False,False
q18,11.487620117507737,0.016392226906135017,False,1,4,False,False
q18,11.487620117507737,0.016392226906135017,False,1,4,False,False
q18,11.487620117507737,0.016392226906135017,True,1,4,False,False
q18,9.955059449027294,0.020569690194616925,False,1,4,False,False
q18,9.955059449027294,0.020569690194616925,False,1,4,False,False
q18,12.3018883693603,0.019012986699152367,False,1,4,False,False
q18,9.955059449027294,0.020569690194616925,False,1,4,False,False
q18,9.955059449027294,0.020569690194616925,False,1,4,False,False
q18,10.89949368744161,0.020276197563862817,False,1,4,False,False
q18,12.37758615672736,0.020199659380719638,False,1,4,False,False
q18,11.010272440162746,0.021404883402511496,False,1,4,False,False
q18,10.383138492195583,0.021300473947631418,False,1,4,False,False
q18,10.872337014004808,0.018677775523968643,False,1,4,False,False
q18,9.955059449027294,0.020569690194616925,False,1,4,False,False
q18,9.955059449027294,0.020569690194616925,False,1,4,False,False
q18,9.955059449027294,0.020569690194616925,False,1,4,False,False
q18,9.955059449027294,0.020569690194616925,False,1,4,False,False
q18,9.955059449027294,0.020569690194616925,False,1,4,False,False
q18,9.955059449027294,0.020569690194616925,True,1,4,False,False
q19,7.695060785913406,0.012970934747671015,False,1,0,False,True
q19,7.313612657417351,0.011456702107167111,False,0,0,False,False
q19,7.333692403921569,0.011573733007903514,False,0,1,False,False
q19,7.313612657417351,0.011456702107167111,False,0,1,False,False
q19,7.313612657417351,0.011456702107167111,False,0,1,False,False
q19,7.313612657417351,0.011456702107167111,False,0,1,False,False
q19,7.313612657417351,0.011456702107167111,False,0,1,False,False
q19,7.313612657417351,0.011456702107167111,False,0,1,False,False
q19,7.313612657417351,0.011456702107167111,False,0,1,False,False
q19,7.313612657417351,0.011456702107167111,False,0,1,False,False
q19,7.313612657417351,0.011456702107167111,False,0,1,False,False
q19,7.313612657417351,0.011456702107167111,False,0,1,False,False
q19,7.313612657417351,0.011456702107167111,False,0,1,False,False
q19,7.313612657417351,0.011456702107167111,False,0,1,False,False
q19,7.553660283179183,0.015906770064056268,False,0,1,False,False
q19,7.085273914620711,0.012905561440480946,False,0,1,False,False
q19,8.288669440358914,0.010732272444687725,False,0,1,False,False
q19,5.8760533011954905,0.00784249435854941,False,0,1,False,False
q19,5.245789006083044,0.008481436234491099,True,0,2,False,False
q19,5.538411714528109,0.007962295677631194,True,0,2,False,False
q19,7.004606361293468,0.0077441616601595835,False,0,2,False,False
q19,9.275621563867578,0.007694998182419249,False,0,2,False,False
q19,9.275621563867578,0.007694998182419249,False,0,2,False,False
q19,9.275621563867578,0.007694998182419249,False,0,2,False,False
q19,9.275621563867578,0.007694998182419249,False,0,3,False,False
q19,9.275621563867578,0.007694998182419249,False,0,3,False,False
q19,9.275621563867578,0.007694998182419249,False,0,3,False,False
q19,9.275621563867578,0.007694998182419249,False,0,3,False,False
q19,9.275621563867578,0.007694998182419249,False,0,3,False,False
q19,9.275621563867578,0.007694998182419249,False,0,3,False,False
q19,9.275621563867578,0.007694998182419249,False,0,3,False,False
q19,9.275621563867578,0.007694998182419249,False,0,3,False,False
q19,9.275621563867578,0.007694998182419249,False,0,3,False,False
q19,9.275621563867578,0.007694998182419249,False,0,3,False,False
q19,9.275621563867578,0.007694998182419249,False,0,3,False,False
q19,9.275621563867578,0.007694998182419249,False,0,3,False,False
q19,9.275621563867578,0.007694998182419249,False,0,3,False,False
q19,9.275621563867578,0.007694998182419249,False,0,3,False,False
q19,9.275621563867578,0.007694998182419249,False,0,3,False,False
q19,9.275621563867578,0.007694998182419249,False,0,3,False,False
q19,9.275621563867578,0.007694998182419249,False,0,3,False,False
q19,9.275621563867578,0.007694998182419249,False,0,3,False,False
q19,6.436287058265362,0.009352514843922084,False,1,2,False,False
q19,9.295701310371797,0.007812029083155651,False,0,3,False,False
q19,9.275621563867578,0.007694998182419249,False,0,3,False,False
q19,9.275621563867578,0.007694998182419249,False,0,3,False,False
q19,9.275621563867578,0.007694998182419249,False,0,3,False,False
q19,9.275621563867578,0.007694998182419249,False,0,3,False,False
q19,9.275621563867578,0.007694998182419249,False,0,3,False,False
q19,9.275621563867578,0.007694998182419249,False,0,3,False,False
q19,9.275621563867578,0.007694998182419249,False,0,3,False,False
q19,9.275621563867578,0.007694998182419249,False,0,3,False,False
q19,9.275621563867578,0.007694998182419249,False,0,3,False,False
q19,9.275621563867578,0.007694998182419249,False,0,3,False,False
q19,9.275621563867578,0.007694998182419249,False,0,3,False,False
q19,13.082224474150754,0.01580844378066778,False,0,2,False,False
q19,11.269293475703963,0.012807233425418544,False,0,2,False,False
q19,10.848541707520036,0.011358373256124201,False,0,1,False,False
q19,11.499053234971315,0.01063394317565456,False,0,2,False,False
q19,5.8760533011954905,0.00784249435854941,False,0,2,False,False
q19,5.8760533011954905,0.00784249435854941,False,0,2,False,False
q19,6.2167759924029085,0.00782402848145184,True,0,2,False,False
q19,6.912130457195898,0.007814796892356876,False,0,2,False,False
q19,6.912130457195898,0.007814796892356876,False,0,2,False,False
q19,6.912130457195898,0.007814796892356876,True,0,2,False,False
q19,5.8760533011954905,0.00784249435854941,False,0,2,False,False
q19,5.8760533011954905,0.00784249435854941,False,0,2,False,False
q19,5.8760533011954905,0.00784249435854941,False,0,2,False,False
q19,5.8760533011954905,0.00784249435854941,False,0,2,False,False
q19,5.8760533011954905,0.00784249435854941,False,0,2,False,False
q19,5.8760533011954905,0.00784249435854941,False,0,2,False,False
q19,5.8760533011954905,0.00784249435854941,False,0,2,False,False
q19,5.8760533011954905,0.00784249435854941,False,0,2,False,False
q19,5.8760533011954905,0.00784249435854941,False,0,2,False,False
q19,5.8760533011954905,0.00784249435854941,False,0,2,False,False
q19,5.8760533011954905,0.00784249435854941,False,0,2,False,False
q19,5.8760533011954905,0.00784249435854941,False,0,2,False,False
q19,6.436287058265362,0.009352514843922084,False,1,1,False,False
q19,5.896133047699709,0.007959525259285812,False,0,2,False,False
q19,5.8760533011954905,0.00784249435854941,False,0,2,False,False
q19,5.8760533011954905,0.00784249435854941,False,0,2,False,False
q19,5.8760533011954905,0.00784249435854941,False,0,2,False,False
q19,5.8760533011954905,0.00784249435854941,False,0,2,False,False
q19,5.8760533011954905,0.00784249435854941,False,0,2,False,False
q19,5.8760533011954905,0.00784249435854941,False,0,2,False,False
q19,5.8760533011954905,0.00784249435854941,False,0,2,False,False
q19,5.8760533011954905,0.00784249435854941,False,0,2,False,False
q19,5.8760533011954905,0.00784249435854941,False,0,2,False,False
q19,5.8760533011954905,0.00784249435854941,False,0,2,False,False
q19,5.8760533011954905,0.00784249435854941,True,0,2,False,False
q19,5.402322762852183,0.007989995457173132,False,0,3,False,False
q19,5.402322762852183,0.007989995457173132,False,0,3,False,False
q19,5.879134405735527,0.007943829800533625,False,0,3,False,False
q19,6.5744888705285165,0.007934598211438661,False,0,3,False,False
q19,6.5744888705285165,0.007934598211438661,False,0,3,False,False
q19,6.5744888705285165,0.007934598211438661,False,0,3,False,False
q19,5.402322762852183,0.007989995457173132,False,0,4,False,False
q19,5.402322762852183,0.007989995457173132,False,0,4,False,False
q19,5.402322762852183,0.007989995457173132,False,0,4,False,False
q19,5.402322762852183,0.007989995457173132,False,0,4,False,False
q19,5.402322762852183,0.007989995457173132,False,0,4,False,False
q19,5.402322762852183,0.007989995457173132,False,0,4,False,False
q19,5.402322762852183,0.007989995457173132,False,0,4,False,False
q19,5.402322762852183,0.007989995457173132,False,0,4,False,False
q19,5.402322762852183,0.007989995457173132,False,0,4,False,False
q19,5.402322762852183,0.007989995457173132,False,0,4,False,False
q19,5.402322762852183,0.007989995457173132,False,0,4,False,False
q19,5.402322762852183,0.007989995457173132,False,0,4,False,False
q19,6.436287058265362,0.009352514843922084,False,1,3,False,False
q19,5.4224025093564014,0.008107026357909533,False,0,4,False,False
q19,5.402322762852183,0.007989995457173132,False,0,4,False,False
q19,5.402322762852183,0.007989995457173132,False,0,4,False,False
q19,5.402322762852183,0.007989995457173132,False,0,4,False,False
q19,5.402322762852183,0.007989995457173132,False,0,4,False,False
q19,5.402322762852183,0.007989995457173132,False,0,4,False,False
q19,5.402322762852183,0.007989995457173132,False,0,4,False,False
q19,5.402322762852183,0.007989995457173132,False,0,4,False,False
q19,5.402322762852183,0.007989995457173132,False,0,4,False,False
q19,5.402322762852183,0.007989995457173132,False,0,4,False,False
q19,5.402322762852183,0.007989995457173132,False,0,4,False,False
q19,5.402322762852183,0.007989995457173132,True,0,4,True,False
q19,6.183110137418087,0.01605426990076949,False,0,3,False,False
q19,5.905735848457673,0.01310222878082942,False,0,3,False,False
q19,6.441471296873476,0.011604202585793933,False,0,2,False,False
q19,7.387313021758976,0.010928940143313559,False,0,3,False,False
q19,5.039974448532253,0.008629169728649985,False,0,3,False,False
q19,7.004606361293468,0.0077441616601595835,True,0,3,False,False
q19,9.275621563867578,0.007694998182419249,False,0,3,False,False
q19,9.275621563867578,0.007694998182419249,True,0,3,False,False
q19,5.109700054407118,0.008509136014033037,True,0,3,False,False
q19,5.586511697290462,0.00846297035739353,False,0,3,False,False
q19,6.2818661620834515,0.008453738768298566,False,0,3,False,False
q19,6.2818661620834515,0.008453738768298566,False,0,3,False,False
q19,6.2818661620834515,0.008453738768298566,False,0,3,False,False
q19,5.039974448532253,0.008629169728649985,False,0,4,False,False
q19,5.039974448532253,0.008629169728649985,False,0,4,False,False
q19,5.039974448532253,0.008629169728649985,False,0,4,False,False
q19,5.039974448532253,0.008629169728649985,False,0,4,False,False
q19,5.039974448532253,0.008629169728649985,False,0,4,False,False
q19,5.039974448532253,0.008629169728649985,False,0,4,False,False
q19,5.039974448532253,0.008629169728649985,False,0,4,False,False
q19,5.039974448532253,0.008629169728649985,False,0,4,False,False
q19,5.039974448532253,0.008629169728649985,False,0,4,False,False
q19,5.039974448532253,0.008629169728649985,False,0,4,False,False
q19,5.039974448532253,0.008629169728649985,False,0,4,False,False
q19,5.039974448532253,0.008629169728649985,False,0,4,False,False
q19,6.436287058265362,0.009352514843922084,False,1,3,False,False
q19,5.0600541950364715,0.008746200629386388,False,0,4,False,False
q19,5.039974448532253,0.008629169728649985,False,0,4,False,False
q19,5.039974448532253,0.008629169728649985,False,0,4,False,False
q19,5.039974448532253,0.008629169728649985,False,0,4,False,False
q19,5.039974448532253,0.008629169728649985,False,0,4,False,False
q19,5.039974448532253,0.008629169728649985,False,0,4,False,False
q19,5.039974448532253,0.008629169728649985,False,0,4,False,False
q19,5.039974448532253,0.008629169728649985,False,0,4,False,False
q19,5.039974448532253,0.008629169728649985,False,0,4,False,False
q19,5.039974448532253,0.008629169728649985,False,0,4,False,False
q19,5.039974448532253,0.008629169728649985,False,0,4,False,False
q19,5.039974448532253,0.008629169728649985,True,0,4,False,False
q19,5.394161847668999,0.016496774408491774,False,0,3,False,False
q19,5.442021615091894,0.013544733742697265,False,0,3,False,False
q19,5.9515682782547215,0.012046707478664386,False,0,2,False,False
q19,7.040956670958881,0.011371445256329667,False,0,3,False,False
q20,11.518341047087024,0.01386515145114559,False,4,0,False,True
q20,12.400408625182168,0.013912700422544012,False,3,0,False,False
q20,11.454839147289196,0.013862834332414274,False,3,0,False,False
q20,30.01555971883127,0.062054685709431436,False,2,0,False,False
q20,11.338005036662887,0.013858739755635093,False,2,0,False,False
q20,11.338005036662887,0.013858739755635093,False,2,1,False,False
q20,11.338005036662887,0.013858739755635093,False,2,1,False,False
q20,11.338005036662887,0.013858739755635093,False,2,1,False,False
q20,11.338005036662887,0.013858739755635093,False,2,1,False,False
q20,11.338005036662887,0.013858739755635093,False,2,1,False,False
q20,11.338005036662887,0.013858739755635093,False,2,1,False,False
q20,11.338005036662887,0.013858739755635093,False,2,1,False,False
q20,11.338005036662887,0.013858739755635093,False,2,1,False,False
q20,11.338005036662887,0.013858739755635093,False,2,1,False,False
q20,11.338005036662887,0.013858739755635093,False,2,1,False,False
q20,11.338005036662887,0.013858739755635093,False,2,1,False,False
q20,11.338005036662887,0.013858739755635093,False,2,1,False,False
q20,11.338005036662887,0.013858739755635093,False,2,1,False,False
q20,11.338005036662887,0.013858739755635093,False,2,1,False,False
q20,11.338005036662887,0.013858739755635093,False,2,1,False,False
q20,11.338005036662887,0.013858739755635093,False,2,1,False,False
q20,11.338005036662887,0.013858739755635093,False,2,1,False,False
q20,11.338005036662887,0.013858739755635093,False,2,1,False,False
q20,11.338005036662887,0.013858739755635093,False,2,1,False,False
q20,11.338005036662887,0.013858739755635093,False,2,1,False,False
q20,11.338005036662887,0.013858739755635093,False,2,1,False,False
q20,11.338005036662887,0.013858739755635093,False,2,1,False,False
q20,11.338005036662887,0.013858739755635093,False,2,1,False,False
q20,11.338005036662887,0.013858739755635093,False,2,1,False,False
q20,11.338005036662887,0.013858739755635093,False,2,1,False,False
q20,11.338005036662887,0.013858739755635093,False,2,1,False,False
q20,11.338005036662887,0.013858739755635093,False,2,1,False,False
q20,11.338005036662887,0.013858739755635093,False,2,1,False,False
q20,11.338005036662887,0.013858739755635093,False,2,1,False,False
q20,11.338005036662887,0.013858739755635093,False,2,1,False,False
q20,11.338005036662887,0.013858739755635093,False,2,1,False,False
q20,11.338005036662887,0.013858739755635093,False,2,1,False,False
q20,11.338005036662887,0.013858739755635093,False,2,1,False,False
q20,11.338005036662887,0.013858739755635093,False,2,1,False,False
q20,11.338005036662887,0.013858739755635093,False,2,1,False,False
q20,11.338005036662887,0.013858739755635093,False,2,1,False,False
q20,11.338005036662887,0.013858739755635093,False,2,1,False,False
q20,11.338005036662887,0.013858739755635093,False,2,1,False,False
q20,11.338005036662887,0.013858739755635093,False,2,1,False,False
q20,11.338005036662887,0.013858739755635093,False,2,1,False,False
q20,11.338005036662887,0.013858739755635093,False,2,1,False,False
q20,11.338005036662887,0.013858739755635093,False,2,1,False,False
q20,11.338005036662887,0.013858739755635093,False,2,1,False,False
q20,11.338005036662887,0.013858739755635093,False,2,1,False,False
q20,11.338005036662887,0.013858739755635093,False,2,1,False,False
q20,11.338005036662887,0.013858739755635093,False,2,1,False,False
q20,11.338005036662887,0.013858739755635093,False,2,1,False,False
q20,11.338005036662887,0.013858739755635093,False,2,1,False,False
q20,12.81193011810555,0.018149279306861645,False,2,1,False,False
q20,11.434045751431114,0.015255659538601522,False,2,1,False,False
q20,12.366709048411193,0.013160280063094942,False,2,1,False,False
q20,10.210136783034056,0.010265435896353196,False,2,1,False,False
q20,10.01997064769064,0.01028526393485775,False,2,2,False,False
q20,10.210136783034056,0.010265435896353196,False,2,2,False,False
q20,10.210136783034056,0.010265435896353196,False,2,2,False,False
q20,10.210136783034056,0.010265435896353196,False,2,2,False,False
q20,10.210136783034056,0.010265435896353196,False,2,2,False,False
q20,10.210136783034056,0.010265435896353196,False,2,2,False,False
q20,10.210136783034056,0.010265435896353196,False,2,2,False,False
q20,10.210136783034056,0.010265435896353196,False,2,2,False,False
q20,10.210136783034056,0.010265435896353196,False,2,2,False,False
q20,10.210136783034056,0.010265435896353196,False,2,2,False,False
q20,10.210136783034056,0.010265435896353196,False,2,2,False,False
q20,10.210136783034056,0.010265435896353196,False,2,2,False,False
q20,10.210136783034056,0.010265435896353196,False,2,2,False,False
q20,10.210136783034056,0.010265435896353196,False,2,2,False,False
q20,10.210136783034056,0.010265435896353196,False,2,2,False,False
q20,10.210136783034056,0.010265435896353196,False,2,2,False,False
q20,10.210136783034056,0.010265435896353196,False,2,2,False,False
q20,10.210136783034056,0.010265435896353196,False,2,2,False,False
q20,10.210136783034056,0.010265435896353196,False,2,2,False,False
q20,10.210136783034056,0.010265435896353196,False,2,2,False,False
q20,10.210136783034056,0.010265435896353196,False,2,2,False,False
q20,10.210136783034056,0.010265435896353196,False,2,2,False,False
q20,10.210136783034056,0.010265435896353196,False,2,2,False,False
q20,10.210136783034056,0.010265435896353196,False,2,2,False,False
q20,10.210136783034056,0.010265435896353196,False,2,2,False,False
q20,10.210136783034056,0.010265435896353196,False,2,2,False,False
q20,10.210136783034056,0.010265435896353196,False,2,2,False,False
q20,10.210136783034056,0.010265435896353196,False,2,2,False,False
q20,10.210136783034056,0.010265435896353196,False,2,2,False,False
q20,10.210136783034056,0.010265435896353196,False,2,2,False,False
q20,10.210136783034056,0.010265435896353196,False,2,2,False,False
q20,10.437825340279174,0.011227763237148787,False,2,2,False,False
q20,9.98940124905314,0.010610454637003181,False,2,2,False,False
q20,10.82502578799364,0.010092926854471511,False,2,2,False,False
q20,10.82502578799364,0.010092926854471511,False,2,2,False,False
q20,10.82502578799364,0.010092926854471511,False,2,2,False,False
q20,10.82502578799364,0.010092926854471511,False,2,2,False,False
q20,10.82502578799364,0.010092926854471511,False,2,3,False,False
q20,10.82502578799364,0.010092926854471511,False,2,3,False,False
q20,10.82502578799364,0.010092926854471511,False,2,3,False,False
q20,10.82502578799364,0.010092926854471511,False,2,3,False,False
q20,10.82502578799364,0.010092926854471511,False,2,3,False,False
q20,10.82502578799364,0.010092926854471511,False,2,3,False,False
q20,10.82502578799364,0.010092926854471511,False,2,3,False,False
q20,10.82502578799364,0.010092926854471511,False,2,3,False,False
q20,10.82502578799364,0.010092926854471511,False,2,3,False,False
q20,10.82502578799364,0.010092926854471511,False,2,3,False,False
q20,10.82502578799364,0.010092926854471511,False,2,3,False,False
q20,10.82502578799364,0.010092926854471511,False,2,3,False,False
q20,10.82502578799364,0.010092926854471511,False,2,3,False,False
q20,10.82502578799364,0.010092926854471511,False,2,3,False,False
q20,10.82502578799364,0.010092926854471511,False,2,3,False,False
q20,10.82502578799364,0.010092926854471511,False,2,3,False,False
q20,10.82502578799364,0.010092926854471511,False,2,3,False,False
q20,10.82502578799364,0.010092926854471511,False,2,3,False,False
q20,10.82502578799364,0.010092926854471511,False,2,3,False,False
q20,10.82502578799364,0.010092926854471511,False,2,3,False,False
q20,10.82502578799364,0.010092926854471511,False,2,3,False,False
q20,10.82502578799364,0.010092926854471511,False,2,3,False,False
q20,10.82502578799364,0.010092926854471511,False,2,3,False,False
q20,10.82502578799364,0.010092926854471511,False,2,3,False,False
q20,10.82502578799364,0.010092926854471511,False,2,3,False,False
q20,10.82502578799364,0.010092926854471511,False,2,3,False,False
q20,10.82502578799364,0.010092926854471511,False,2,3,False,False
q20,10.82502578799364,0.010092926854471511,False,2,3,False,False
q20,10.82502578799364,0.010092926854471511,False,2,3,False,False
q20,10.82502578799364,0.010092926854471511,False,2,3,False,False
q20,10.82502578799364,0.010092926854471511,False,2,3,False,False
q20,10.82502578799364,0.010092926854471511,False,2,3,False,False
q20,10.82502578799364,0.010092926854471511,False,2,3,False,False
q20,10.82502578799364,0.010092926854471511,False,2,3,False,False
q20,10.82502578799364,0.010092926854471511,False,2,3,False,False
q20,10.82502578799364,0.010092926854471511,False,2,3,False,False
q20,11.710081911187805,0.010140580174144117,False,1,2,False,False
q20,10.888527687791468,0.010095243951412688,False,3,2,False,False
q20,10.94185989861995,0.010097021431250687,False,3,2,False,False
q20,10.82502578799364,0.010092926854471511,False,2,3,False,False
q20,10.82502578799364,0.010092926854471511,False,2,3,False,False
q20,10.82502578799364,0.010092926854471511,False,2,3,False,False
q20,10.82502578799364,0.010092926854471511,False,2,3,False,False
q20,10.82502578799364,0.010092926854471511,False,2,3,False,False
q20,10.82502578799364,0.010092926854471511,False,2,3,False,False
q20,10.82502578799364,0.010092926854471511,False,2,3,False,False
q20,10.82502578799364,0.010092926854471511,False,2,3,False,False
q20,10.82502578799364,0.010092926854471511,False,2,3,False,False
q20,10.82502578799364,0.010092926854471511,False,2,3,False,False
q20,10.82502578799364,0.010092926854471511,False,2,3,False,False
q20,10.82502578799364,0.010092926854471511,False,2,3,False,False
q20,10.82502578799364,0.010092926854471511,False,2,3,False,False
q20,10.82502578799364,0.010092926854471511,False,2,3,False,False
q20,10.82502578799364,0.010092926854471511,False,2,3,False,False
q20,10.82502578799364,0.010092926854471511,False,2,3,False,False
q20,10.82502578799364,0.010092926854471511,False,2,3,False,False
q20,10.82502578799364,0.010092926854471511,False,2,3,False,False
q20,10.82502578799364,0.010092926854471511,False,2,3,False,False
q20,10.82502578799364,0.010092926854471511,False,2,3,False,False
q20,10.82502578799364,0.010092926854471511,False,2,3,False,False
q20,10.82502578799364,0.010092926854471511,False,2,3,False,False
q20,10.82502578799364,0.010092926854471511,False,2,3,False,False
q20,10.82502578799364,0.010092926854471511,False,2,3,False,False
q20,10.82502578799364,0.010092926854471511,False,2,3,False,False
q20,10.82502578799364,0.010092926854471511,False,2,3,False,False
q20,10.82502578799364,0.010092926854471511,False,2,3,False,False
q20,10.82502578799364,0.010092926854471511,False,2,3,False,False
q20,10.82502578799364,0.010092926854471511,False,2,3,False,False
q20,10.82502578799364,0.010092926854471511,False,2,3,False,False
q20,10.82502578799364,0.010092926854471511,False,2,3,False,False
q20,10.82502578799364,0.010092926854471511,False,2,3,False,False
q20,10.82502578799364,0.010092926854471511,False,2,3,False,False
q20,10.82502578799364,0.010092926854471511,False,2,3,False,False
q20,10.82502578799364,0.010092926854471511,False,2,3,False,False
q20,10.82502578799364,0.010092926854471511,False,2,3,False,False
q20,10.82502578799364,0.010092926854471511,False,2,3,False,False
q20,10.82502578799364,0.010092926854471511,False,2,3,False,False
q20,10.82502578799364,0.010092926854471511,False,2,3,False,False
q20,10.82502578799364,0.010092926854471511,False,2,3,False,False
q20,10.82502578799364,0.010092926854471511,False,2,3,False,False
q20,10.82502578799364,0.010092926854471511,False,2,3,False,False
q20,10.82502578799364,0.010092926854471511,False,2,3,False,False
q20,10.82502578799364,0.010092926854471511,False,2,3,False,False
q20,10.82502578799364,0.010092926854471511,False,2,3,False,False
q20,10.82502578799364,0.010092926854471511,False,2,3,False,False
q20,10.82502578799364,0.010092926854471511,False,2,3,False,False
q20,10.82502578799364,0.010092926854471511,False,2,3,False,False
q20,13.426819123065135,0.01797677026497996,False,2,2,False,False
q20,12.048934756390699,0.015083150496719837,False,2,2,False,False
q20,11.952894041622471,0.013686230713753411,False,2,1,False,False
q20,12.981598053370778,0.012987771021213259,False,2,2,False,False
q20,10.634859652650224,0.010112754892976063,False,2,3,False,False
q20,10.82502578799364,0.010092926854471511,False,2,3,False,False
q20,10.82502578799364,0.010092926854471511,False,2,3,False,False
q20,10.82502578799364,0.010092926854471511,False,2,3,False,False
q20,10.82502578799364,0.010092926854471511,False,2,3,False,False
q20,10.82502578799364,0.010092926854471511,False,2,3,False,False
q20,10.82502578799364,0.010092926854471511,False,2,3,False,False
q20,10.82502578799364,0.010092926854471511,False,2,3,False,False
q20,10.82502578799364,0.010092926854471511,False,2,3,False,False
q20,10.82502578799364,0.010092926854471511,False,2,3,False,False
q20,10.82502578799364,0.010092926854471511,False,2,3,False,False
q20,10.82502578799364,0.010092926854471511,False,2,3,False,False
q20,10.82502578799364,0.010092926854471511,False,2,3,False,False
q20,10.82502578799364,0.010092926854471511,False,2,3,False,False
q20,10.82502578799364,0.010092926854471511,False,2,3,False,False
q20,10.82502578799364,0.010092926854471511,False,2,3,False,False
q20,10.82502578799364,0.010092926854471511,False,2,3,False,False
q20,10.82502578799364,0.010092926854471511,False,2,3,False,False
q20,10.82502578799364,0.010092926854471511,False,2,3,False,False
q20,10.82502578799364,0.010092926854471511,False,2,3,False,False
q20,10.82502578799364,0.010092926854471511,False,2,3,False,False
q20,10.82502578799364,0.010092926854471511,False,2,3,False,False
q20,10.82502578799364,0.010092926854471511,False,2,3,False,False
q20,10.82502578799364,0.010092926854471511,False,2,3,False,False
q20,10.82502578799364,0.010092926854471511,False,2,3,False,False
q20,10.82502578799364,0.010092926854471511,False,2,3,False,False
q20,10.82502578799364,0.010092926854471511,False,2,3,False,False
q20,10.82502578799364,0.010092926854471511,False,2,3,False,False
q20,10.82502578799364,0.010092926854471511,False,2,3,False,False
q20,10.82502578799364,0.010092926854471511,False,2,3,False,False
q20,10.82502578799364,0.010092926854471511,True,2,3,False,False
q20,30.83989828267728,0.062099027767657286,False,0,0,False,False
q20,29.957830704582133,0.06205058369454014,False,1,0,False,False
q20,30.02133260437996,0.06205276881724007,False,2,0,False,False
q20,9.909027442120292,0.010301111585417065,False,2,3,False,False
q20,10.01997064769064,0.01028526393485775,False,2,3,False,False
q20,10.01997064769064,0.01028526393485775,False,2,3,False,False
q20,10.01997064769064,0.01028526393485775,False,2,3,False,False
q20,10.01997064769064,0.01028526393485775,False,2,3,False,False
q20,10.01997064769064,0.01028526393485775,False,2,3,False,False
q20,10.01997064769064,0.01028526393485775,False,2,3,False,False
q20,10.01997064769064,0.01028526393485775,False,2,3,False,False
q20,10.01997064769064,0.01028526393485775,False,2,3,False,False
q20,10.01997064769064,0.01028526393485775,False,2,3,False,False
q20,10.01997064769064,0.01028526393485775,False,2,3,False,False
q20,10.01997064769064,0.01028526393485775,False,2,3,False,False
q20,10.01997064769064,0.01028526393485775,False,2,3,False,False
q20,10.01997064769064,0.01028526393485775,False,2,3,False,False
q20,10.01997064769064,0.01028526393485775,False,2,3,False,False
q20,10.01997064769064,0.01028526393485775,False,2,3,False,False
q20,10.01997064769064,0.01028526393485775,False,2,3,False,False
q20,10.01997064769064,0.01028526393485775,False,2,3,False,False
q20,10.01997064769064,0.01028526393485775,False,2,3,False,False
q20,10.01997064769064,0.01028526393485775,False,2,3,False,False
q20,10.01997064769064,0.01028526393485775,False,2,3,False,False
q20,10.01997064769064,0.01028526393485775,False,2,3,False,False
q20,10.01997064769064,0.01028526393485775,False,2,3,False,False
q20,10.01997064769064,0.01028526393485775,False,2,3,False,False
q20,10.01997064769064,0.01028526393485775,True,2,3,False,False
q20,10.247659204935758,0.011247591275653338,False,2,3,False,False
q20,9.799235113709724,0.010630282675507731,False,2,3,False,False
q20,10.634859652650224,0.010112754892976063,False,2,3,False,False
q20,10.634859652650224,0.010112754892976063,False,2,3,False,False
q20,10.634859652650224,0.010112754892976063,False,2,3,False,False
q20,10.634859652650224,0.010112754892976063,False,2,4,False,False
q20,10.634859652650224,0.010112754892976063,False,2,4,False,False
q20,10.634859652650224,0.010112754892976063,False,2,4,False,False
q20,10.634859652650224,0.010112754892976063,False,2,4,False,False
q20,10.634859652650224,0.010112754892976063,False,2,4,False,False
q20,10.634859652650224,0.010112754892976063,False,2,4,False,False
q20,10.634859652650224,0.010112754892976063,False,2,4,False,False
q20,10.634859652650224,0.010112754892976063,False,2,4,False,False
q20,10.634859652650224,0.010112754892976063,False,2,4,False,False
q20,10.634859652650224,0.010112754892976063,False,2,4,False,False
q20,10.634859652650224,0.010112754892976063,False,2,4,False,False
q20,10.634859652650224,0.010112754892976063,False,2,4,False,False
q20,10.634859652650224,0.010112754892976063,False,2,4,False,False
q20,10.634859652650224,0.010112754892976063,False,2,4,False,False
q20,10.634859652650224,0.010112754892976063,False,2,4,False,False
q20,10.634859652650224,0.010112754892976063,False,2,4,False,False
q20,10.634859652650224,0.010112754892976063,False,2,4,False,False
q20,10.634859652650224,0.010112754892976063,False,2,4,False,False
q20,10.634859652650224,0.010112754892976063,False,2,4,False,False
q20,10.634859652650224,0.010112754892976063,False,2,4,False,False
q20,10.634859652650224,0.010112754892976063,False,2,4,False,False
q20,10.634859652650224,0.010112754892976063,False,2,4,False,False
q20,10.634859652650224,0.010112754892976063,False,2,4,False,False
q20,10.634859652650224,0.010112754892976063,False,2,4,False,False
q20,10.634859652650224,0.010112754892976063,False,2,4,False,False
q20,10.634859652650224,0.010112754892976063,False,2,4,False,False
q20,10.634859652650224,0.010112754892976063,False,2,4,False,False
q20,10.634859652650224,0.010112754892976063,False,2,4,False,False
q20,10.634859652650224,0.010112754892976063,False,2,4,False,False
q20,10.634859652650224,0.010112754892976063,False,2,4,False,False
q20,10.634859652650224,0.010112754892976063,False,2,4,False,False
q20,10.634859652650224,0.010112754892976063,False,2,4,False,False
q20,10.634859652650224,0.010112754892976063,False,2,4,False,False
q20,10.634859652650224,0.010112754892976063,False,2,4,False,False
q20,10.634859652650224,0.010112754892976063,False,2,4,False,False
q20,10.634859652650224,0.010112754892976063,False,2,4,False,False
q20,11.51974847682988,0.010160408369540424,False,1,3,False,False
q20,10.698361552448052,0.010115071983337916,False,3,3,False,False
q20,10.751693763276533,0.01011684946975524,False,3,3,False,False
q20,10.634859652650224,0.010112754892976063,False,2,4,False,False
q20,10.634859652650224,0.010112754892976063,False,2,4,False,False
q20,10.634859652650224,0.010112754892976063,False,2,4,False,False
q20,10.634859652650224,0.010112754892976063,False,2,4,False,False
q20,10.634859652650224,0.010112754892976063,False,2,4,False,False
q20,10.634859652650224,0.010112754892976063,False,2,4,False,False
q20,10.634859652650224,0.010112754892976063,False,2,4,False,False
q20,10.634859652650224,0.010112754892976063,False,2,4,False,False
q20,10.634859652650224,0.010112754892976063,False,2,4,False,False
q20,10.634859652650224,0.010112754892976063,False,2,4,False,False
q20,10.634859652650224,0.010112754892976063,False,2,4,False,False
q20,10.634859652650224,0.010112754892976063,False,2,4,False,False
q20,10.634859652650224,0.010112754892976063,False,2,4,False,False
q20,10.634859652650224,0.010112754892976063,False,2,4,False,False
q20,10.634859652650224,0.010112754892976063,False,2,4,False,False
q20,10.634859652650224,0.010112754892976063,False,2,4,False,False
q20,10.634859652650224,0.010112754892976063,False,2,4,False,False
q20,10.634859652650224,0.010112754892976063,False,2,4,False,False
q20,10.634859652650224,0.010112754892976063,False,2,4,False,False
q20,10.634859652650224,0.010112754892976063,False,2,4,False,False
q20,10.634859652650224,0.010112754892976063,False,2,4,False,False
q20,10.634859652650224,0.010112754892976063,False,2,4,False,False
q20,10.634859652650224,0.010112754892976063,False,2,4,False,False
q20,10.634859652650224,0.010112754892976063,False,2,4,False,False
q20,10.634859652650224,0.010112754892976063,False,2,4,False,False
q20,10.634859652650224,0.010112754892976063,False,2,4,False,False
q20,10.634859652650224,0.010112754892976063,False,2,4,False,False
q20,10.634859652650224,0.010112754892976063,False,2,4,False,False
q20,10.634859652650224,0.010112754892976063,False,2,4,False,False
q20,10.634859652650224,0.010112754892976063,False,2,4,False,False
q20,10.634859652650224,0.010112754892976063,False,2,4,False,False
q20,10.634859652650224,0.010112754892976063,False,2,4,False,False
q20,10.634859652650224,0.010112754892976063,False,2,4,False,False
q20,10.634859652650224,0.010112754892976063,False,2,4,False,False
q20,10.634859652650224,0.010112754892976063,False,2,4,False,False
q20,10.634859652650224,0.010112754892976063,False,2,4,False,False
q20,10.634859652650224,0.010112754892976063,False,2,4,False,False
q20,10.634859652650224,0.010112754892976063,False,2,4,False,False
q20,10.634859652650224,0.010112754892976063,False,2,4,False,False
q20,10.634859652650224,0.010112754892976063,False,2,4,False,False
q20,10.634859652650224,0.010112754892976063,False,2,4,False,False
q20,10.634859652650224,0.010112754892976063,False,2,4,False,False
q20,10.634859652650224,0.010112754892976063,False,2,4,False,False
q20,10.634859652650224,0.010112754892976063,False,2,4,False,False
q20,10.634859652650224,0.010112754892976063,False,2,4,False,False
q20,10.634859652650224,0.010112754892976063,False,2,4,False,False
q20,10.634859652650224,0.010112754892976063,False,2,4,False,False
q20,10.634859652650224,0.010112754892976063,False,2,4,False,False
q20,11.675891554741977,0.017996597865069238,False,2,3,False,False
q20,11.136193883556661,0.015102978332254356,False,2,3,False,False
q20,11.444795021783182,0.013706058662951145,False,2,2,False,False
q20,12.675819960028862,0.013007599027242606,False,2,3,False,False
q20,10.523916447079877,0.010128602543535382,False,2,4,False,False
q20,10.634859652650224,0.010112754892976063,False,2,4,False,False
q20,10.634859652650224,0.010112754892976063,False,2,4,False,False
q20,10.634859652650224,0.010112754892976063,False,2,4,False,False
q20,10.634859652650224,0.010112754892976063,False,2,4,False,False
q20,10.634859652650224,0.010112754892976063,False,2,4,False,False
q20,10.634859652650224,0.010112754892976063,False,2,4,False,False
q20,10.634859652650224,0.010112754892976063,False,2,4,False,False
q20,10.634859652650224,0.010112754892976063,False,2,4,False,False
q20,10.634859652650224,0.010112754892976063,False,2,4,False,False
q20,10.634859652650224,0.010112754892976063,False,2,4,False,False
q20,10.634859652650224,0.010112754892976063,False,2,4,False,False
q20,10.634859652650224,0.010112754892976063,False,2,4,False,False
q20,10.634859652650224,0.010112754892976063,False,2,4,False,False
q20,10.634859652650224,0.010112754892976063,False,2,4,False,False
q20,10.634859652650224,0.010112754892976063,False,2,4,False,False
q20,10.634859652650224,0.010112754892976063,False,2,4,False,False
q20,10.634859652650224,0.010112754892976063,False,2,4,False,False
q20,10.634859652650224,0.010112754892976063,False,2,4,False,False
q20,10.634859652650224,0.010112754892976063,False,2,4,False,False
q20,10.634859652650224,0.010112754892976063,False,2,4,False,False
q20,10.634859652650224,0.010112754892976063,False,2,4,False,False
q20,10.634859652650224,0.010112754892976063,False,2,4,False,False
q20,10.634859652650224,0.010112754892976063,False,2,4,False,False
q20,10.634859652650224,0.010112754892976063,True,2,4,False,False
q20,9.909027442120292,0.010301111585417065,False,2,4,False,False
q20,9.909027442120292,0.010301111585417065,False,2,4,False,False
q20,9.909027442120292,0.010301111585417065,False,2,4,False,False
q20,9.909027442120292,0.010301111585417065,False,2,4,False,False
q20,9.909027442120292,0.010301111585417065,False,2,4,False,False
q20,9.909027442120292,0.010301111585417065,False,2,4,False,False
q20,9.909027442120292,0.010301111585417065,False,2,4,False,False
q20,9.909027442120292,0.010301111585417065,False,2,4,False,False
q20,9.909027442120292,0.010301111585417065,False,2,4,False,False
q20,9.909027442120292,0.010301111585417065,False,2,4,False,False
q20,9.909027442120292,0.010301111585417065,False,2,4,False,False
q20,9.909027442120292,0.010301111585417065,False,2,4,False,False
q20,9.909027442120292,0.010301111585417065,False,2,4,False,False
q20,9.909027442120292,0.010301111585417065,False,2,4,False,False
q20,9.909027442120292,0.010301111585417065,False,2,4,False,False
q20,9.909027442120292,0.010301111585417065,False,2,4,False,False
q20,9.909027442120292,0.010301111585417065,False,2,4,False,False
q20,9.909027442120292,0.010301111585417065,False,2,4,False,False
q20,9.909027442120292,0.010301111585417065,False,2,4,False,False
q20,10.13671599936541,0.011263438926212658,False,2,4,False,False
q20,9.688291908139377,0.010646130326067049,False,2,4,False,False
q20,10.523916447079877,0.010128602543535382,False,2,4,False,False
q20,10.523916447079877,0.010128602543535382,False,2,4,False,False
q20,10.523916447079877,0.010128602543535382,True,2,4,False,False
q20,9.909027442120292,0.010301111585417065,False,2,4,False,False
q20,9.909027442120292,0.010301111585417065,False,2,4,False,False
q20,9.909027442120292,0.010301111585417065,False,2,4,False,False
q20,9.909027442120292,0.010301111585417065,False,2,4,False,False
q20,9.909027442120292,0.010301111585417065,False,2,4,False,False
q20,9.909027442120292,0.010301111585417065,False,2,4,False,False
q20,9.909027442120292,0.010301111585417065,False,2,4,False,False
q20,9.909027442120292,0.010301111585417065,False,2,4,False,False
q20,9.909027442120292,0.010301111585417065,False,2,4,False,False
q20,9.909027442120292,0.010301111585417065,False,2,4,False,False
q20,9.909027442120292,0.010301111585417065,False,2,4,False,False
q20,9.909027442120292,0.010301111585417065,False,2,4,False,False
q20,9.909027442120292,0.010301111585417065,False,2,4,False,False
q20,9.909027442120292,0.010301111585417065,False,2,4,False,False
q20,9.909027442120292,0.010301111585417065,False,2,4,False,False
q20,9.909027442120292,0.010301111585417065,False,2,4,False,False
q20,9.909027442120292,0.010301111585417065,False,2,4,False,False
q20,9.909027442120292,0.010301111585417065,False,2,4,False,False
q20,9.909027442120292,0.010301111585417065,False,2,4,False,False
q20,9.909027442120292,0.010301111585417065,False,2,4,False,False
q20,9.909027442120292,0.010301111585417065,False,2,4,False,False
q20,9.909027442120292,0.010301111585417065,False,2,4,False,False
q20,9.909027442120292,0.010301111585417065,False,2,4,False,False
q20,9.909027442120292,0.010301111585417065,False,2,4,False,False
q20,9.909027442120292,0.010301111585417065,False,2,4,False,False
q20,9.909027442120292,0.010301111585417065,False,2,4,False,False
q20,9.909027442120292,0.010301111585417065,False,2,4,False,False
q20,9.909027442120292,0.010301111585417065,False,2,4,False,False
q20,9.909027442120292,0.010301111585417065,False,2,4,False,False
q20,9.909027442120292,0.010301111585417065,False,2,4,False,False
q20,9.909027442120292,0.010301111585417065,False,2,4,False,False
q20,9.909027442120292,0.010301111585417065,False,2,4,False,False
q20,9.909027442120292,0.010301111585417065,False,2,4,False,False
q20,9.909027442120292,0.010301111585417065,False,2,4,False,False
q20,9.909027442120292,0.010301111585417065,False,2,4,False,False
q20,9.909027442120292,0.010301111585417065,False,2,4,False,False
q20,10.79377161957354,0.010348766686285822,False,1,3,False,False
q20,9.97252934191812,0.010303428650666743,False,3,3,False,False
q20,26.9068594330472,0.06299578833023728,False,1,3,False,False
q20,10.025861552746601,0.010305206162196247,False,3,3,False,False
q20,9.909027442120292,0.010301111585417065,False,2,4,False,False
q20,9.909027442120292,0.010301111585417065,False,2,4,False,False
q20,9.909027442120292,0.010301111585417065,False,2,4,False,False
q20,9.909027442120292,0.010301111585417065,False,2,4,False,False
q20,9.909027442120292,0.010301111585417065,False,2,4,False,False
q20,9.909027442120292,0.010301111585417065,False,2,4,False,False
q20,9.909027442120292,0.010301111585417065,False,2,4,False,False
q20,9.909027442120292,0.010301111585417065,False,2,4,False,False
q20,9.909027442120292,0.010301111585417065,False,2,4,False,False
q20,9.909027442120292,0.010301111585417065,False,2,4,False,False
q20,9.909027442120292,0.010301111585417065,False,2,4,False,False
q20,9.909027442120292,0.010301111585417065,False,2,4,False,False
q20,9.909027442120292,0.010301111585417065,False,2,4,False,False
q20,9.909027442120292,0.010301111585417065,False,2,4,False,False
q20,9.909027442120292,0.010301111585417065,False,2,4,False,False
q20,9.909027442120292,0.010301111585417065,False,2,4,False,False
q20,9.909027442120292,0.010301111585417065,False,2,4,False,False
q20,9.909027442120292,0.010301111585417065,False,2,4,False,False
q20,9.909027442120292,0.010301111585417065,False,2,4,False,False
q20,9.909027442120292,0.010301111585417065,False,2,4,False,False
q20,9.909027442120292,0.010301111585417065,False,2,4,False,False
q20,9.909027442120292,0.010301111585417065,False,2,4,False,False
q20,9.909027442120292,0.010301111585417065,False,2,4,False,False
q20,9.909027442120292,0.010301111585417065,False,2,4,False,False
q20,9.909027442120292,0.010301111585417065,False,2,4,False,False
q20,9.909027442120292,0.010301111585417065,False,2,4,False,False
q20,9.909027442120292,0.010301111585417065,False,2,4,False,False
q20,9.909027442120292,0.010301111585417065,False,2,4,False,False
q20,9.909027442120292,0.010301111585417065,False,2,4,False,False
q20,9.909027442120292,0.010301111585417065,False,2,4,False,False
q20,9.909027442120292,0.010301111585417065,False,2,4,False,False
q20,9.909027442120292,0.010301111585417065,False,2,4,False,False
q20,9.909027442120292,0.010301111585417065,False,2,4,False,False
q20,9.909027442120292,0.010301111585417065,False,2,4,False,False
q20,9.909027442120292,0.010301111585417065,False,2,4,False,False
q20,9.909027442120292,0.010301111585417065,False,2,4,False,False
q20,9.909027442120292,0.010301111585417065,False,2,4,False,False
q20,9.909027442120292,0.010301111585417065,False,2,4,False,False
q20,9.909027442120292,0.010301111585417065,False,2,4,False,False
q20,9.909027442120292,0.010301111585417065,False,2,4,False,False
q20,9.909027442120292,0.010301111585417065,False,2,4,False,False
q20,9.909027442120292,0.010301111585417065,False,2,4,False,False
q20,9.909027442120292,0.010301111585417065,False,2,4,False,False
q20,9.909027442120292,0.010301111585417065,False,2,4,False,False
q20,9.909027442120292,0.010301111585417065,False,2,4,False,False
q20,9.909027442120292,0.010301111585417065,False,2,4,False,False
q20,9.909027442120292,0.010301111585417065,False,2,4,False,False
q20,9.909027442120292,0.010301111585417065,True,2,4,True,False
q20,10.950059344212047,0.018184954557510243,False,2,3,False,False
q20,10.41036167302673,0.015291335024695358,False,2,3,False,False
q20,10.71896281125325,0.013894415355392148,False,2,2,False,False
q20,11.949987749498932,0.013195955719683608,False,2,3,False,False
q20,10.210136783034056,0.010265435896353196,False,2,3,False,False
q20,10.210136783034056,0.010265435896353196,False,2,3,False,False
q20,10.210136783034056,0.010265435896353196,False,2,3,False,False
q20,10.210136783034056,0.010265435896353196,False,2,3,False,False
q20,10.210136783034056,0.010265435896353196,True,2,3,False,False
q20,9.688291908139377,0.010646130326067049,False,2,5,False,False
q20,9.688291908139377,0.010646130326067049,False,2,5,False,False
q20,9.688291908139377,0.010646130326067049,False,2,5,False,False
q20,9.688291908139377,0.010646130326067049,False,2,5,False,False
q20,9.688291908139377,0.010646130326067049,False,2,5,False,False
q20,9.688291908139377,0.010646130326067049,False,2,5,False,False
q20,9.688291908139377,0.010646130326067049,False,2,5,False,False
q20,9.688291908139377,0.010646130326067049,False,2,5,False,False
q20,9.688291908139377,0.010646130326067049,False,2,5,False,False
q20,9.688291908139377,0.010646130326067049,False,2,5,False,False
q20,9.688291908139377,0.010646130326067049,False,2,5,False,False
q20,9.688291908139377,0.010646130326067049,False,2,5,False,False
q20,9.688291908139377,0.010646130326067049,False,2,5,False,False
q20,9.688291908139377,0.010646130326067049,False,2,5,False,False
q20,9.688291908139377,0.010646130326067049,False,2,5,False,False
q20,9.688291908139377,0.010646130326067049,False,2,5,False,False
q20,9.688291908139377,0.010646130326067049,False,2,5,False,False
q20,9.688291908139377,0.010646130326067049,False,2,5,False,False
q20,9.688291908139377,0.010646130326067049,False,2,5,False,False
q20,9.688291908139377,0.010646130326067049,False,2,5,False,False
q20,9.688291908139377,0.010646130326067049,False,2,5,False,False
q20,9.688291908139377,0.010646130326067049,False,2,5,False,False
q20,9.688291908139377,0.010646130326067049,False,2,5,False,False
q20,9.688291908139377,0.010646130326067049,False,2,5,False,False
q20,9.688291908139377,0.010646130326067049,False,2,5,False,False
q20,9.688291908139377,0.010646130326067049,False,2,5,False,False
q20,9.688291908139377,0.010646130326067049,False,2,5,False,False
q20,9.688291908139377,0.010646130326067049,False,2,5,False,False
q20,9.688291908139377,0.010646130326067049,False,2,5,False,False
q20,9.688291908139377,0.010646130326067049,False,2,5,False,False
q20,9.688291908139377,0.010646130326067049,False,2,5,False,False
q20,9.688291908139377,0.010646130326067049,False,2,5,False,False
q20,9.688291908139377,0.010646130326067049,False,2,5,False,False
q20,9.688291908139377,0.010646130326067049,False,2,5,False,False
q20,9.688291908139377,0.010646130326067049,False,2,5,False,False
q20,9.688291908139377,0.010646130326067049,False,2,5,False,False
q20,10.573034074912098,0.010693789088533866,False,1,4,False,False
q20,9.751793807937204,0.010648447383679767,False,3,4,False,False
q20,27.225958392901372,0.060065546075416434,False,1,4,False,False
q20,9.805126018765685,0.01065022490284623,False,3,4,False,False
q20,9.688291908139377,0.010646130326067049,False,2,5,False,False
q20,9.688291908139377,0.010646130326067049,False,2,5,False,False
q20,9.688291908139377,0.010646130326067049,False,2,5,False,False
q20,9.688291908139377,0.010646130326067049,False,2,5,False,False
q20,9.688291908139377,0.010646130326067049,False,2,5,False,False
q20,9.688291908139377,0.010646130326067049,False,2,5,False,False
q20,9.688291908139377,0.010646130326067049,False,2,5,False,False
q20,9.688291908139377,0.010646130326067049,False,2,5,False,False
q20,9.688291908139377,0.010646130326067049,False,2,5,False,False
q20,9.688291908139377,0.010646130326067049,False,2,5,False,False
q20,9.688291908139377,0.010646130326067049,False,2,5,False,False
q20,9.688291908139377,0.010646130326067049,False,2,5,False,False
q20,9.688291908139377,0.010646130326067049,False,2,5,False,False
q20,9.688291908139377,0.010646130326067049,False,2,5,False,False
q20,9.688291908139377,0.010646130326067049,False,2,5,False,False
q20,9.688291908139377,0.010646130326067049,False,2,5,False,False
q20,9.688291908139377,0.010646130326067049,False,2,5,False,False
q20,9.688291908139377,0.010646130326067049,False,2,5,False,False
q20,9.688291908139377,0.010646130326067049,False,2,5,False,False
q20,9.688291908139377,0.010646130326067049,False,2,5,False,False
q20,9.688291908139377,0.010646130326067049,False,2,5,False,False
q20,9.688291908139377,0.010646130326067049,False,2,5,False,False
q20,9.688291908139377,0.010646130326067049,False,2,5,False,False
q20,9.688291908139377,0.010646130326067049,False,2,5,False,False
q20,9.688291908139377,0.010646130326067049,False,2,5,False,False
q20,9.688291908139377,0.010646130326067049,False,2,5,False,False
q20,9.688291908139377,0.010646130326067049,False,2,5,False,False
q20,9.688291908139377,0.010646130326067049,False,2,5,False,False
q20,9.688291908139377,0.010646130326067049,False,2,5,False,False
q20,9.688291908139377,0.010646130326067049,False,2,5,False,False
q20,9.688291908139377,0.010646130326067049,False,2,5,False,False
q20,9.688291908139377,0.010646130326067049,False,2,5,False,False
q20,9.688291908139377,0.010646130326067049,False,2,5,False,False
q20,9.688291908139377,0.010646130326067049,False,2,5,False,False
q20,9.688291908139377,0.010646130326067049,False,2,5,False,False
q20,9.688291908139377,0.010646130326067049,False,2,5,False,False
q20,9.688291908139377,0.010646130326067049,False,2,5,False,False
q20,9.688291908139377,0.010646130326067049,False,2,5,False,False
q20,9.688291908139377,0.010646130326067049,False,2,5,False,False
q20,9.688291908139377,0.010646130326067049,False,2,5,False,False
q20,9.688291908139377,0.010646130326067049,False,2,5,False,False
q20,9.688291908139377,0.010646130326067049,False,2,5,False,False
q20,9.688291908139377,0.010646130326067049,False,2,5,False,False
q20,9.688291908139377,0.010646130326067049,False,2,5,False,False
q20,9.688291908139377,0.010646130326067049,False,2,5,False,False
q20,9.688291908139377,0.010646130326067049,False,2,5,False,False
q20,9.688291908139377,0.010646130326067049,False,2,5,False,False
q20,9.688291908139377,0.010646130326067049,False,2,5,False,False
q20,10.729323810231131,0.018529973298160227,False,2,4,False,False
q20,10.189626139045814,0.01563635376534534,False,2,4,False,False
q20,10.498227277272335,0.014239434096042131,False,2,3,False,False
q20,11.729252215518017,0.013540974460333591,False,2,4,False,False
q20,9.98940124905314,0.010610454637003181,False,2,4,False,False
q20,9.98940124905314,0.010610454637003181,False,2,3,False,False
q20,9.98940124905314,0.010610454637003181,False,2,4,False,False
q20,9.98940124905314,0.010610454637003181,False,2,4,False,False
q20,9.98940124905314,0.010610454637003181,False,2,4,False,False
q20,9.98940124905314,0.010610454637003181,False,2,4,False,False
q20,9.799235113709724,0.010630282675507731,False,2,4,False,False
q20,9.799235113709724,0.010630282675507731,False,2,4,False,False
q20,9.799235113709724,0.010630282675507731,False,2,4,False,False
q20,9.799235113709724,0.010630282675507731,False,2,4,False,False
q20,9.799235113709724,0.010630282675507731,True,2,4,False,False
q20,9.688291908139377,0.010646130326067049,False,2,5,False,False
q20,9.688291908139377,0.010646130326067049,False,2,5,False,False
q20,9.688291908139377,0.010646130326067049,False,2,5,False,False
q20,9.688291908139377,0.010646130326067049,False,2,5,False,False
q20,9.688291908139377,0.010646130326067049,False,2,5,False,False
q20,9.688291908139377,0.010646130326067049,False,2,5,False,False
q20,9.688291908139377,0.010646130326067049,False,2,5,False,False
q20,9.688291908139377,0.010646130326067049,False,2,5,False,False
q20,9.688291908139377,0.010646130326067049,False,2,5,False,False
q20,9.688291908139377,0.010646130326067049,False,2,5,False,False
q20,9.688291908139377,0.010646130326067049,False,2,5,False,False
q20,9.688291908139377,0.010646130326067049,False,2,5,False,False
q20,9.688291908139377,0.010646130326067049,False,2,5,False,False
q20,9.688291908139377,0.010646130326067049,False,2,5,False,False
q20,9.688291908139377,0.010646130326067049,False,2,5,False,False
q20,9.688291908139377,0.010646130326067049,False,2,5,False,False
q20,9.688291908139377,0.010646130326067049,False,2,5,False,False
q20,9.688291908139377,0.010646130326067049,False,2,5,False,False
q20,9.688291908139377,0.010646130326067049,True,2,5,False,False
q21,43.09121272459481,0.12144565986788255,False,3,0,False,True
q21,43.29491955180222,0.12146060367529932,False,2,0,False,False
q21,41.736399750599,0.11993189843459436,False,2,0,False,False
q21,42.68563510076233,0.13227243021881446,False,1,0,False,False
q21,41.736399750599,0.11993189843459436,False,2,1,False,False
q21,41.736399750599,0.11993189843459436,False,2,1,False,False
q21,41.736399750599,0.11993189843459436,False,2,1,False,False
q21,41.736399750599,0.11993189843459436,False,2,1,False,False
q21,41.736399750599,0.11993189843459436,False,2,1,False,False
q21,41.736399750599,0.11993189843459436,False,2,1,False,False
q21,41.736399750599,0.11993189843459436,False,2,1,False,False
q21,41.736399750599,0.11993189843459436,False,2,1,False,False
q21,41.736399750599,0.11993189843459436,False,2,1,False,False
q21,41.736399750599,0.11993189843459436,False,2,1,False,False
q21,41.736399750599,0.11993189843459436,False,2,1,False,False
q21,41.736399750599,0.11993189843459436,False,2,1,False,False
q21,41.736399750599,0.11993189843459436,False,2,1,False,False
q21,41.736399750599,0.11993189843459436,False,2,1,False,False
q21,41.736399750599,0.11993189843459436,False,2,1,False,False
q21,41.736399750599,0.11993189843459436,False,2,1,False,False
q21,41.736399750599,0.11993189843459436,False,2,1,False,False
q21,41.736399750599,0.11993189843459436,False,2,1,False,False
q21,41.736399750599,0.11993189843459436,False,2,1,False,False
q21,41.736399750599,0.11993189843459436,False,2,1,False,False
q21,41.736399750599,0.11993189843459436,False,2,1,False,False
q21,41.736399750599,0.11993189843459436,False,2,1,False,False
q21,41.736399750599,0.11993189843459436,False,2,1,False,False
q21,41.736399750599,0.11993189843459436,False,2,1,False,False
q21,41.736399750599,0.11993189843459436,False,2,1,False,False
q21,41.736399750599,0.11993189843459436,False,2,1,False,False
q21,41.736399750599,0.11993189843459436,False,2,1,False,False
q21,41.736399750599,0.11993189843459436,False,2,1,False,False
q21,41.736399750599,0.11993189843459436,False,2,1,False,False
q21,41.736399750599,0.11993189843459436,False,2,1,False,False
q21,41.736399750599,0.11993189843459436,False,2,1,False,False
q21,41.736399750599,0.11993189843459436,False,2,1,False,False
q21,41.736399750599,0.11993189843459436,False,2,1,False,False
q21,41.736399750599,0.11993189843459436,False,2,1,False,False
q21,41.736399750599,0.11993189843459436,False,2,1,False,False
q21,41.736399750599,0.11993189843459436,False,2,1,False,False
q21,40.968281409937646,0.11776491480694787,False,2,1,False,False
q21,40.79211994572958,0.11648184568001567,False,2,1,False,False
q21,41.96466323824815,0.131114549368946,False,2,1,False,False
q21,41.96466323824815,0.131114549368946,False,2,1,False,False
q21,41.96466323824815,0.131114549368946,False,2,1,False,False
q21,41.96466323824815,0.131114549368946,False,2,1,False,False
q21,42.82483754715943,0.18634774447069946,False,2,2,False,False
q21,41.52722172126262,0.14446461663467783,False,2,2,False,False
q21,42.22519984226339,0.10504221585240323,False,2,2,False,False
q21,42.22519984226339,0.10504221585240323,False,2,3,False,False
q21,42.22519984226339,0.10504221585240323,False,2,3,False,False
q21,42.22519984226339,0.10504221585240323,False,2,3,False,False
q21,42.22519984226339,0.10504221585240323,False,2,3,False,False
q21,42.281843034093185,0.10927629080957207,False,2,3,False,False
q21,41.82719711632924,0.1066232460757271,False,2,3,False,False
q21,43.418024410695864,0.10402105034706115,False,2,3,False,False
q21,45.92928650590378,0.10350975032296855,False,2,3,False,False
q21,45.92928650590378,0.10350975032296855,False,2,4,False,False
q21,45.92928650590378,0.10350975032296855,False,2,4,False,False
q21,45.92928650590378,0.10350975032296855,False,2,4,False,False
q21,45.92928650590378,0.10350975032296855,False,2,4,False,False
q21,45.63367309349571,0.10369424162164886,False,2,4,False,False
q21,45.63367309349571,0.10369424162164886,False,2,4,False,False
q21,47.12952132748397,0.10312836299365323,False,2,4,False,False
q21,47.12952132748397,0.10312836299365323,False,2,5,False,False
q21,47.12952132748397,0.10312836299365323,False,2,5,False,False
q21,47.12952132748397,0.10312836299365323,False,2,5,False,False
q21,48.973568649264124,0.1184638018504166,False,2,5,False,False
q21,46.93702499920313,0.1050251558905483,False,2,5,False,False
q21,46.04980588922736,0.10004266305545349,False,2,5,False,False
q21,48.18567094172873,0.09591430397817924,False,2,5,False,False
q21,48.18567094172873,0.09591430397817924,False,2,6,False,False
q21,48.18567094172873,0.09591430397817924,False,2,6,False,False
q21,48.18567094172873,0.09591430397817924,False,2,6,False,False
q21,48.18567094172873,0.09591430397817924,False,2,6,False,False
q21,48.18567094172873,0.09591430397817924,False,2,6,False,False
q21,48.18567094172873,0.09591430397817924,False,2,6,False,False
q21,49.53622642974807,0.09534246313058178,False,2,6,False,False
q21,49.53622642974807,0.09534246313058178,False,2,7,False,False
q21,49.53622642974807,0.09534246313058178,False,2,7,False,False
q21,49.206243264801266,0.09552908316009875,False,2,7,False,False
q21,49.1558354901564,0.09537415368977749,False,2,7,False,False
q21,49.53622642974807,0.09534246313058178,False,2,7,False,False
q21,49.53622642974807,0.09534246313058178,False,2,7,False,False
q21,49.53622642974807,0.09534246313058178,False,2,7,False,False
q21,49.53622642974807,0.09534246313058178,False,2,7,False,False
q21,49.53622642974807,0.09534246313058178,False,2,7,False,False
q21,49.53622642974807,0.09534246313058178,False,2,7,False,False
q21,49.53622642974807,0.09534246313058178,False,2,7,False,False
q21,49.53622642974807,0.09534246313058178,False,2,7,False,False
q21,49.53622642974807,0.09534246313058178,False,2,7,False,False
q21,49.53622642974807,0.09534246313058178,False,2,7,False,False
q21,49.73996782442213,0.09535740697252089,False,1,6,False,False
q21,50.8904928333803,0.09695704428311909,False,3,6,False,False
q21,46.85767891667502,0.09952932148160966,False,1,6,False,False
q21,49.53622642974807,0.09534246313058178,False,2,7,False,False
q21,49.53622642974807,0.09534246313058178,False,2,7,False,False
q21,49.53622642974807,0.09534246313058178,False,2,7,False,False
q21,49.53622642974807,0.09534246313058178,False,2,7,False,False
q21,49.53622642974807,0.09534246313058178,False,2,7,False,False
q21,49.53622642974807,0.09534246313058178,False,2,7,False,False
q21,49.53622642974807,0.09534246313058178,False,2,7,False,False
q21,49.53622642974807,0.09534246313058178,False,2,7,False,False
q21,49.53622642974807,0.09534246313058178,False,2,7,False,False
q21,49.53622642974807,0.09534246313058178,False,2,7,False,False
q21,49.53622642974807,0.09534246313058178,False,2,7,False,False
q21,49.53622642974807,0.09534246313058178,False,2,7,False,False
q21,49.53622642974807,0.09534246313058178,False,2,7,False,False
q21,49.53622642974807,0.09534246313058178,False,2,7,False,False
q21,49.53622642974807,0.09534246313058178,False,2,7,False,False
q21,49.53622642974807,0.09534246313058178,False,2,7,False,False
q21,49.53622642974807,0.09534246313058178,False,2,7,False,False
q21,49.53622642974807,0.09534246313058178,False,2,7,False,False
q21,49.53622642974807,0.09534246313058178,False,2,7,False,False
q21,49.53622642974807,0.09534246313058178,False,2,7,False,False
q21,49.53622642974807,0.09534246313058178,False,2,7,False,False
q21,49.53622642974807,0.09534246313058178,False,2,7,False,False
q21,49.53622642974807,0.09534246313058178,False,2,7,False,False
q21,49.53622642974807,0.09534246313058178,False,2,7,False,False
q21,49.53622642974807,0.09534246313058178,False,2,7,False,False
q21,49.53622642974807,0.09534246313058178,False,2,7,False,False
q21,49.53622642974807,0.09534246313058178,False,2,7,False,False
q21,49.53622642974807,0.09534246313058178,False,2,7,False,False
q21,49.53622642974807,0.09534246313058178,False,2,7,False,False
q21,49.53622642974807,0.09534246313058178,False,2,7,False,False
q21,49.53622642974807,0.09534246313058178,False,2,7,False,False
q21,49.53622642974807,0.09534246313058178,False,2,7,False,False
q21,49.53622642974807,0.09534246313058178,False,2,7,False,False
q21,49.53622642974807,0.09534246313058178,False,2,7,False,False
q21,49.53622642974807,0.09534246313058178,False,2,7,False,False
q21,49.53622642974807,0.09534246313058178,False,2,7,False,False
q21,50.00931750221053,0.09662553300846323,False,2,6,False,False
q21,49.493433736482906,0.0950216956620912,False,2,5,False,False
q21,50.54058820745302,0.09853570646833415,False,2,6,False,False
q21,50.54058820745302,0.09853570646833415,False,2,6,False,False
q21,50.54058820745302,0.09853570646833415,False,2,6,False,False
q21,50.54058820745302,0.09853570646833415,False,2,6,False,False
q21,50.15790238242857,0.1482038924589411,False,2,5,False,False
q21,50.15790238242857,0.1482038924589411,False,2,5,False,False
q21,49.29385204929209,0.11035986452095667,False,2,4,False,False
q21,49.493433736482906,0.0950216956620912,False,2,6,False,False
q21,49.493433736482906,0.0950216956620912,False,2,6,False,False
q21,49.493433736482906,0.0950216956620912,False,2,6,False,False
q21,49.493433736482906,0.0950216956620912,False,2,6,False,False
q21,45.90032029709751,0.10078956204826821,False,2,5,False,False
q21,45.45359794060701,0.09813525942574808,False,2,5,False,False
q21,45.848991751466286,0.09655361345043612,False,2,4,False,False
q21,47.00980167617903,0.09553209372496202,False,2,5,False,False
q21,49.493433736482906,0.0950216956620912,False,2,6,False,False
q21,49.493433736482906,0.0950216956620912,False,2,6,False,False
q21,49.493433736482906,0.0950216956620912,False,2,6,False,False
q21,49.493433736482906,0.0950216956620912,False,2,6,False,False
q21,48.21526594213014,0.09561422181697558,False,2,5,False,False
q21,48.21526594213014,0.09561422181697558,False,2,5,False,False
q21,48.51203913695684,0.09542972391995512,True,2,4,False,False
q21,49.493433736482906,0.0950216956620912,False,2,6,False,False
q21,49.493433736482906,0.0950216956620912,False,2,6,False,False
q21,49.493433736482906,0.0950216956620912,False,2,6,False,False
q21,49.907120270347846,0.1174357302957371,False,2,5,False,False
q21,47.87057662028685,0.10399708433586877,False,2,5,False,False
q21,49.0430712828037,0.10159913503388467,False,2,4,False,False
q21,47.96335591318339,0.09851343495531403,False,2,5,False,False
q21,49.493433736482906,0.0950216956620912,False,2,6,False,False
q21,49.493433736482906,0.0950216956620912,False,2,6,False,False
q21,49.493433736482906,0.0950216956620912,False,2,6,False,False
q21,48.14287825664765,0.09559353652139747,False,2,5,False,False
q21,48.14287825664765,0.09559353652139747,False,2,5,False,False
q21,48.14287825664765,0.09559353652139747,False,2,4,False,False
q21,48.14287825664765,0.09559353652139747,False,2,5,False,False
q21,49.493433736482906,0.0950216956620912,False,2,6,False,False
q21,49.493433736482906,0.0950216956620912,False,2,6,False,False
q21,49.1634505715361,0.09520831570331699,False,2,6,False,False
q21,49.113042796891236,0.09505338622128691,True,2,6,False,False
q21,49.493433736482906,0.0950216956620912,False,2,6,False,False
q21,49.493433736482906,0.0950216956620912,False,2,6,False,False
q21,49.493433736482906,0.0950216956620912,False,2,6,False,False
q21,49.493433736482906,0.0950216956620912,False,2,6,False,False
q21,49.493433736482906,0.0950216956620912,False,2,6,False,False
q21,49.493433736482906,0.0950216956620912,False,2,6,False,False
q21,49.493433736482906,0.0950216956620912,False,2,6,False,False
q21,49.493433736482906,0.0950216956620912,False,2,6,False,False
q21,49.493433736482906,0.0950216956620912,False,2,6,False,False
q21,49.493433736482906,0.0950216956620912,False,2,6,False,False
q21,49.69717513115697,0.09503663949751341,False,1,5,False,False
q21,50.84770014011514,0.09663627682097933,False,3,5,False,False
q21,46.81488622714295,0.09920855402308178,False,1,5,False,False
q21,49.493433736482906,0.0950216956620912,False,2,6,False,False
q21,49.493433736482906,0.0950216956620912,False,2,6,False,False
q21,49.493433736482906,0.0950216956620912,False,2,6,False,False
q21,49.493433736482906,0.0950216956620912,False,2,6,False,False
q21,49.493433736482906,0.0950216956620912,False,2,6,False,False
q21,49.493433736482906,0.0950216956620912,False,2,6,False,False
q21,49.493433736482906,0.0950216956620912,False,2,6,False,False
q21,49.493433736482906,0.0950216956620912,False,2,6,False,False
q21,49.493433736482906,0.0950216956620912,False,2,6,False,False
q21,49.493433736482906,0.0950216956620912,False,2,6,False,False
q21,49.493433736482906,0.0950216956620912,False,2,6,False,False
q21,49.493433736482906,0.0950216956620912,False,2,6,False,False
q21,49.493433736482906,0.0950216956620912,False,2,6,False,False
q21,49.493433736482906,0.0950216956620912,False,2,6,False,False
q21,49.493433736482906,0.0950216956620912,False,2,6,False,False
q21,49.493433736482906,0.0950216956620912,False,2,6,False,False
q21,49.493433736482906,0.0950216956620912,False,2,6,False,False
q21,49.493433736482906,0.0950216956620912,False,2,6,False,False
q21,49.493433736482906,0.0950216956620912,False,2,6,False,False
q21,49.493433736482906,0.0950216956620912,False,2,6,False,False
q21,49.493433736482906,0.0950216956620912,False,2,6,False,False
q21,49.493433736482906,0.0950216956620912,False,2,6,False,False
q21,49.493433736482906,0.0950216956620912,False,2,6,False,False
q21,49.493433736482906,0.0950216956620912,False,2,6,False,False
q21,49.493433736482906,0.0950216956620912,False,2,6,False,False
q21,49.493433736482906,0.0950216956620912,False,2,6,False,False
q21,49.493433736482906,0.0950216956620912,False,2,6,False,False
q21,49.493433736482906,0.0950216956620912,False,2,6,False,False
q21,49.493433736482906,0.0950216956620912,False,2,6,False,False
q21,49.493433736482906,0.0950216956620912,False,2,6,False,False
q21,49.493433736482906,0.0950216956620912,False,2,6,False,False
q21,49.493433736482906,0.0950216956620912,False,2,6,False,False
q21,49.493433736482906,0.0950216956620912,False,2,6,False,False
q21,49.493433736482906,0.0950216956620912,False,2,6,False,False
q21,49.493433736482906,0.0950216956620912,False,2,6,False,False
q21,49.493433736482906,0.0950216956620912,True,2,6,False,False
q21,42.889356719209715,0.1322873753963058,False,0,0,False,False
q21,44.043670272965656,0.1337805815870335,False,2,0,False,False
q21,43.418024410695864,0.10402105034706115,False,2,4,False,False
q21,43.418024410695864,0.10402105034706115,False,2,4,False,False
q21,43.418024410695864,0.10402105034706115,False,2,4,False,False
q21,44.39746332353867,0.1038888485369367,False,2,4,False,False
q21,43.19324230524556,0.10450085556326019,False,2,4,False,False
q21,43.13355192560181,0.10413173892075288,False,2,4,False,False
q21,44.634089111617,0.10363947496503538,False,2,4,False,False
q21,44.634089111617,0.10363947496503538,False,2,5,False,False
q21,44.634089111617,0.10363947496503538,False,2,5,False,False
q21,44.634089111617,0.10363947496503538,False,2,5,False,False
q21,46.47813632339456,0.11897491462961697,False,2,5,False,False
q21,44.44159267333355,0.105536268641897,False,2,5,False,False
q21,43.5543736784126,0.10055377490608455,False,2,5,False,False
q21,45.690238494418374,0.09642541703263391,False,2,5,False,False
q21,45.690238494418374,0.09642541703263391,False,2,6,False,False
q21,45.690238494418374,0.09642541703263391,False,2,6,False,False
q21,45.690238494418374,0.09642541703263391,False,2,6,False,False
q21,45.690238494418374,0.09642541703263391,False,2,6,False,False
q21,45.690238494418374,0.09642541703263391,False,2,6,False,False
q21,45.690238494418374,0.09642541703263391,False,2,6,False,False
q21,47.05259436944419,0.0958528611934526,False,2,6,False,False
q21,47.05259436944419,0.0958528611934526,False,2,7,False,False
q21,47.05259436944419,0.0958528611934526,False,2,7,False,False
q21,46.72261120449739,0.09604040661427118,False,2,7,False,False
q21,46.67220342985252,0.0958845517526483,False,2,7,False,False
q21,47.05259436944419,0.0958528611934526,False,2,7,False,False
q21,47.05259436944419,0.0958528611934526,False,2,7,False,False
q21,47.05259436944419,0.0958528611934526,False,2,7,False,False
q21,47.05259436944419,0.0958528611934526,False,2,7,False,False
q21,46.31915696930908,0.09589167698456877,False,2,8,False,False
q21,46.31915696930908,0.09589167698456877,False,2,8,False,False
q21,46.67220342985252,0.0958845517526483,False,2,8,False,False
q21,46.67220342985252,0.0958845517526483,False,2,8,False,False
q21,46.67220342985252,0.0958845517526483,False,2,8,False,False
q21,46.67220342985252,0.0958845517526483,False,2,8,False,False
q21,46.52289836398314,0.09590662033567877,False,1,8,False,False
q21,47.83593555284634,0.09744241657407421,False,3,8,False,False
q21,43.64850271923011,0.10007940289207422,False,1,8,False,False
q21,46.31915696930908,0.09589167698456877,False,2,9,False,False
q21,46.31915696930908,0.09589167698456877,False,2,9,False,False
q21,46.31915696930908,0.09589167698456877,False,2,9,False,False
q21,46.31915696930908,0.09589167698456877,False,2,9,False,False
q21,46.31915696930908,0.09589167698456877,False,2,9,False,False
q21,46.31915696930908,0.09589167698456877,False,2,9,False,False
q21,46.31915696930908,0.09589167698456877,False,2,9,False,False
q21,46.31915696930908,0.09589167698456877,False,2,9,False,False
q21,46.31915696930908,0.09589167698456877,False,2,9,False,False
q21,46.31915696930908,0.09589167698456877,False,2,9,False,False
q21,46.31915696930908,0.09589167698456877,False,2,9,False,False
q21,46.31915696930908,0.09589167698456877,False,2,9,False,False
q21,46.31915696930908,0.09589167698456877,False,2,9,False,False
q21,46.31915696930908,0.09589167698456877,False,2,9,False,False
q21,46.31915696930908,0.09589167698456877,False,2,9,False,False
q21,46.31915696930908,0.09589167698456877,False,2,9,False,False
q21,46.31915696930908,0.09589167698456877,False,2,9,False,False
q21,46.31915696930908,0.09589167698456877,False,2,9,False,False
q21,46.31915696930908,0.09589167698456877,False,2,9,False,False
q21,46.31915696930908,0.09589167698456877,False,2,9,False,False
q21,46.31915696930908,0.09589167698456877,False,2,9,False,False
q21,46.31915696930908,0.09589167698456877,False,2,9,False,False
q21,46.31915696930908,0.09589167698456877,False,2,9,False,False
q21,46.31915696930908,0.09589167698456877,False,2,9,False,False
q21,46.31915696930908,0.09589167698456877,False,2,9,False,False
q21,46.31915696930908,0.09589167698456877,False,2,9,False,False
q21,46.31915696930908,0.09589167698456877,False,2,9,False,False
q21,46.31915696930908,0.09589167698456877,False,2,9,False,False
q21,46.31915696930908,0.09589167698456877,False,2,9,False,False
q21,46.31915696930908,0.09589167698456877,False,2,9,False,False
q21,46.31915696930908,0.09589167698456877,False,2,9,False,False
q21,46.31915696930908,0.09589167698456877,False,2,9,False,False
q21,46.31915696930908,0.09589167698456877,False,2,9,False,False
q21,46.31915696930908,0.09589167698456877,False,2,9,False,False
q21,46.31915696930908,0.09589167698456877,False,2,9,False,False
q21,46.31915696930908,0.09589167698456877,False,2,9,False,False
q21,46.79224804177154,0.09717474686245021,False,2,8,False,False
q21,46.276364276043914,0.0955709095160782,False,2,7,False,False
q21,47.43534996080475,0.0990210830290492,False,2,8,False,False
q21,47.43534996080475,0.0990210830290492,False,2,8,False,False
q21,47.43534996080475,0.0990210830290492,False,2,8,False,False
q21,47.43534996080475,0.0990210830290492,False,2,8,False,False
q21,46.90088207739294,0.14868924083338567,False,2,7,False,False
q21,46.90088207739294,0.14868924083338567,False,2,7,False,False
q21,46.03683174425647,0.11084521289540128,False,2,6,False,False
q21,46.276364276043914,0.0955709095160782,False,2,8,False,False
q21,46.276364276043914,0.0955709095160782,False,2,8,False,False
q21,46.276364276043914,0.0955709095160782,False,2,8,False,False
q21,46.276364276043914,0.0955709095160782,False,2,8,False,False
q21,45.16688289696239,0.10082837783938438,False,2,7,False,False
q21,44.720160540471895,0.09817407521686422,False,2,7,False,False
q21,45.11555435133117,0.09659242924155227,False,2,6,False,False
q21,48.75999633634779,0.09506051145320736,True,2,7,False,False
q21,46.276364276043914,0.0955709095160782,False,2,8,False,False
q21,46.276364276043914,0.0955709095160782,False,2,8,False,False
q21,46.276364276043914,0.0955709095160782,False,2,8,False,False
q21,47.23631197815245,0.09543969367136415,True,2,8,False,False
q21,45.008751926063994,0.09645965652425245,False,2,7,False,False
q21,44.949171818075754,0.09609049549279361,True,2,7,False,False
q21,45.23382073781862,0.09597980691910189,True,2,6,False,False
q21,46.276364276043914,0.0955709095160782,False,2,8,False,False
q21,46.276364276043914,0.0955709095160782,False,2,8,False,False
q21,46.276364276043914,0.0955709095160782,False,2,8,False,False
q21,46.65810639062194,0.11798586316310478,False,2,7,False,False
q21,44.62156274056093,0.10454721720323644,False,2,7,False,False
q21,45.82600182236471,0.10214834888787167,False,2,6,False,False
q21,44.7462864527444,0.09906264880930102,False,2,7,False,False
q21,46.276364276043914,0.0955709095160782,False,2,8,False,False
q21,46.276364276043914,0.0955709095160782,False,2,8,False,False
q21,46.276364276043914,0.0955709095160782,False,2,8,False,False
q21,44.936676226738356,0.09614347060738974,False,2,7,False,False
q21,44.936676226738356,0.09614347060738974,False,2,7,False,False
q21,44.936676226738356,0.09614347060738974,False,2,6,False,False
q21,44.936676226738356,0.09614347060738974,True,2,7,False,False
q21,46.276364276043914,0.0955709095160782,False,2,8,False,False
q21,46.276364276043914,0.0955709095160782,False,2,8,False,False
q21,45.752480418804545,0.0957626144174346,True,2,7,False,False
q21,47.00980167617903,0.09553209372496202,False,2,6,False,False
q21,47.00980167617903,0.09553209372496202,False,2,7,False,False
q21,47.00980167617903,0.09553209372496202,False,2,7,False,False
q21,47.00980167617903,0.09553209372496202,False,2,7,False,False
q21,47.00980167617903,0.09553209372496202,True,2,7,False,False
q21,46.276364276043914,0.0955709095160782,False,2,7,False,False
q21,46.62941073658736,0.09556378428415772,False,2,6,False,False
q21,46.62941073658736,0.09556378428415772,False,2,7,False,False
q21,46.62941073658736,0.09556378428415772,False,2,7,False,False
q21,46.62941073658736,0.09556378428415772,False,2,7,False,False
q21,46.62941073658736,0.09556378428415772,True,2,7,False,False
q21,46.48010567071798,0.0955858528606713,False,1,7,False,False
q21,47.793142859581174,0.09712164911193447,False,3,7,False,False
q21,43.60571002718538,0.09975863542995111,False,1,7,False,False
q21,46.276364276043914,0.0955709095160782,False,2,8,False,False
q21,46.276364276043914,0.0955709095160782,False,2,8,False,False
q21,46.276364276043914,0.0955709095160782,False,2,8,False,False
q21,46.276364276043914,0.0955709095160782,False,2,8,False,False
q21,46.276364276043914,0.0955709095160782,False,2,8,False,False
q21,46.276364276043914,0.0955709095160782,False,2,8,False,False
q21,46.276364276043914,0.0955709095160782,False,2,8,False,False
q21,46.276364276043914,0.0955709095160782,False,2,8,False,False
q21,46.276364276043914,0.0955709095160782,False,2,8,False,False
q21,46.276364276043914,0.0955709095160782,False,2,8,False,False
q21,46.276364276043914,0.0955709095160782,False,2,8,False,False
q21,46.276364276043914,0.0955709095160782,False,2,8,False,False
q21,46.276364276043914,0.0955709095160782,False,2,8,False,False
q21,46.276364276043914,0.0955709095160782,False,2,8,False,False
q21,46.276364276043914,0.0955709095160782,False,2,8,False,False
q21,46.276364276043914,0.0955709095160782,False,2,8,False,False
q21,46.276364276043914,0.0955709095160782,False,2,8,False,False
q21,46.276364276043914,0.0955709095160782,False,2,8,False,False
q21,46.276364276043914,0.0955709095160782,False,2,8,False,False
q21,46.276364276043914,0.0955709095160782,False,2,8,False,False
q21,46.276364276043914,0.0955709095160782,False,2,8,False,False
q21,46.276364276043914,0.0955709095160782,False,2,8,False,False
q21,46.276364276043914,0.0955709095160782,False,2,8,False,False
q21,46.276364276043914,0.0955709095160782,False,2,8,False,False
q21,46.276364276043914,0.0955709095160782,False,2,8,False,False
q21,46.276364276043914,0.0955709095160782,False,2,8,False,False
q21,46.276364276043914,0.0955709095160782,False,2,8,False,False
q21,46.276364276043914,0.0955709095160782,False,2,8,False,False
q21,46.276364276043914,0.0955709095160782,False,2,8,False,False
q21,46.276364276043914,0.0955709095160782,False,2,8,False,False
q21,46.276364276043914,0.0955709095160782,False,2,8,False,False
q21,46.276364276043914,0.0955709095160782,False,2,8,False,False
q21,46.276364276043914,0.0955709095160782,False,2,8,False,False
q21,46.276364276043914,0.0955709095160782,False,2,8,False,False
q21,46.276364276043914,0.0955709095160782,False,2,8,False,False
q21,46.276364276043914,0.0955709095160782,True,2,8,False,False
q21,43.26841795693595,0.10486264477392394,False,2,5,False,False
q21,43.26841795693595,0.10486264477392394,False,2,5,False,False
q21,44.065144141428895,0.10378702232383409,False,2,5,False,False
q21,44.977599137379364,0.11946717858533444,False,2,5,False,False
q21,42.94105548731836,0.10602853259761445,False,2,5,False,False
q21,42.05383649239741,0.10104603886180202,False,2,5,False,False
q21,44.18970130840318,0.09691768098835139,False,2,5,False,False
q21,44.18970130840318,0.09691768098835139,False,2,6,False,False
q21,44.18970130840318,0.09691768098835139,False,2,6,False,False
q21,44.18970130840318,0.09691768098835139,False,2,6,False,False
q21,44.18970130840318,0.09691768098835139,False,2,6,False,False
q21,44.18970130840318,0.09691768098835139,False,2,6,False,False
q21,44.18970130840318,0.09691768098835139,False,2,6,False,False
q21,45.768549493410994,0.09637245788597296,False,2,6,False,False
q21,43.90790427935955,0.09755427081583143,False,2,6,False,False
q21,43.82785443715246,0.09712981780037598,False,2,6,False,False
q21,43.24803746084204,0.09725679427075615,False,2,7,False,False
q21,43.35272837093483,0.09716148510717837,False,2,7,False,False
q21,43.82785443715246,0.09712981780037598,False,2,7,False,False
q21,43.82785443715246,0.09712981780037598,False,2,7,False,False
q21,43.82785443715246,0.09712981780037598,False,2,7,False,False
q21,43.82785443715246,0.09712981780037598,False,2,7,False,False
q21,42.99902551903268,0.09716860993443992,False,2,8,False,False
q21,42.99902551903268,0.09716860993443992,False,2,8,False,False
q21,43.35272837093483,0.09716148510717837,False,2,8,False,False
q21,43.35272837093483,0.09716148510717837,False,2,8,False,False
q21,43.35272837093483,0.09716148510717837,False,2,8,False,False
q21,43.35272837093483,0.09716148510717837,False,2,8,False,False
q21,43.20273234624009,0.09718355516236682,False,1,8,False,False
q21,44.571011348368735,0.09868490002856661,False,3,8,False,False
q21,41.817686548239536,0.10140473821951934,False,1,8,False,False
q21,42.99902551903268,0.09716860993443992,False,2,9,False,False
q21,42.99902551903268,0.09716860993443992,False,2,9,False,False
q21,42.99902551903268,0.09716860993443992,False,2,9,False,False
q21,42.99902551903268,0.09716860993443992,False,2,9,False,False
q21,42.99902551903268,0.09716860993443992,False,2,9,False,False
q21,42.99902551903268,0.09716860993443992,False,2,9,False,False
q21,42.99902551903268,0.09716860993443992,False,2,9,False,False
q21,42.99902551903268,0.09716860993443992,False,2,9,False,False
q21,42.99902551903268,0.09716860993443992,False,2,9,False,False
q21,42.99902551903268,0.09716860993443992,False,2,9,False,False
q21,42.99902551903268,0.09716860993443992,False,2,9,False,False
q21,42.99902551903268,0.09716860993443992,False,2,9,False,False
q21,42.99902551903268,0.09716860993443992,False,2,9,False,False
q21,42.99902551903268,0.09716860993443992,False,2,9,False,False
q21,42.99902551903268,0.09716860993443992,False,2,9,False,False
q21,42.99902551903268,0.09716860993443992,False,2,9,False,False
q21,42.99902551903268,0.09716860993443992,False,2,9,False,False
q21,42.99902551903268,0.09716860993443992,False,2,9,False,False
q21,42.99902551903268,0.09716860993443992,False,2,9,False,False
q21,42.99902551903268,0.09716860993443992,False,2,9,False,False
q21,42.99902551903268,0.09716860993443992,False,2,9,False,False
q21,42.99902551903268,0.09716860993443992,False,2,9,False,False
q21,42.99902551903268,0.09716860993443992,False,2,9,False,False
q21,42.99902551903268,0.09716860993443992,False,2,9,False,False
q21,42.99902551903268,0.09716860993443992,False,2,9,False,False
q21,42.99902551903268,0.09716860993443992,False,2,9,False,False
q21,42.99902551903268,0.09716860993443992,False,2,9,False,False
q21,42.99902551903268,0.09716860993443992,False,2,9,False,False
q21,42.99902551903268,0.09716860993443992,False,2,9,False,False
q21,42.99902551903268,0.09716860993443992,False,2,9,False,False
q21,42.99902551903268,0.09716860993443992,False,2,9,False,False
q21,42.99902551903268,0.09716860993443992,False,2,9,False,False
q21,42.99902551903268,0.09716860993443992,False,2,9,False,False
q21,42.99902551903268,0.09716860993443992,False,2,9,False,False
q21,42.99902551903268,0.09716860993443992,False,2,9,False,False
q21,42.99902551903268,0.09716860993443992,False,2,9,False,False
q21,43.472116587228754,0.09845167976547012,False,2,8,False,False
q21,42.95623282950061,0.09684784247765815,False,2,7,False,False
q21,44.164653511729,0.10026087254725172,False,2,8,False,False
q21,44.164653511729,0.10026087254725172,False,2,8,False,False
q21,44.164653511729,0.10026087254725172,False,2,8,False,False
q21,44.164653511729,0.10026087254725172,False,2,8,False,False
q21,43.63025808922558,0.14992864772520928,False,2,7,False,False
q21,43.63025808922558,0.14992864772520928,False,2,7,False,False
q21,42.76620773368476,0.11208461976844004,False,2,6,False,False
q21,42.95623282950061,0.09684784247765815,False,2,8,False,False
q21,42.95623282950061,0.09684784247765815,False,2,8,False,False
q21,42.95623282950061,0.09684784247765815,False,2,8,False,False
q21,42.95623282950061,0.09684784247765815,False,2,8,False,False
q21,41.80251332717448,0.10210358804708049,False,2,7,False,False
q21,41.38041013930735,0.09941363619919395,False,2,7,False,False
q21,41.72833100429267,0.09786951093602332,False,2,6,False,False
q21,45.45532178637727,0.09641034015415549,False,2,7,False,False
q21,42.95623282950061,0.09684784247765815,False,2,8,False,False
q21,42.95623282950061,0.09684784247765815,False,2,8,False,False
q21,42.95623282950061,0.09684784247765815,False,2,8,False,False
q21,43.92289564718089,0.09679099246984597,False,2,8,False,False
q21,43.01592320914436,0.09721695409576682,False,2,7,False,False
q21,43.24070531459466,0.09673716875360057,False,2,6,False,False
q21,44.12143181027756,0.09629507329445486,False,2,7,False,False
q21,46.985182958759935,0.09583801618235828,False,2,7,False,False
q21,46.985182958759935,0.09583801618235828,False,2,7,False,False
q21,46.985182958759935,0.09583801618235828,False,2,7,False,False
q21,42.46393739423959,0.09807900008507973,False,2,8,False,False
q21,42.46393739423959,0.09807900008507973,False,2,8,False,False
q21,43.55248684008944,0.09644260083202795,False,2,8,False,False
q21,45.56282053328965,0.09602231010789311,False,2,8,False,False
q21,45.56282053328965,0.09602231010789311,False,2,8,False,False
q21,45.56282053328965,0.09602231010789311,False,2,8,False,False
q21,43.679765303515325,0.11951859121192439,False,2,7,False,False
q21,41.63822308053287,0.10607994525205607,False,2,7,False,False
q21,41.85795941252899,0.10412252519012749,False,2,6,False,False
q21,40.77824397932459,0.10103682525192775,False,2,7,False,False
q21,42.95623282950061,0.09684784247765815,False,2,8,False,False
q21,42.95623282950061,0.09684784247765815,False,2,8,False,False
q21,42.95623282950061,0.09684784247765815,False,2,8,False,False
q21,42.95623282950061,0.09684784247765815,False,2,8,False,False
q21,42.95623282950061,0.09684784247765815,False,2,8,False,False
q21,42.95623282950061,0.09684784247765815,False,2,8,False,False
q21,44.949171818075754,0.09609543012701617,False,2,8,False,False
q21,42.86230048648606,0.09727225517514047,False,2,7,False,False
q21,43.40507079336215,0.0966357273049549,False,2,6,False,False
q21,42.45893547862873,0.09696468217156884,False,2,7,False,False
q21,43.78506174762039,0.09680905034359422,False,2,6,False,False
q21,43.78506174762039,0.09680905034359422,False,2,7,False,False
q21,43.78506174762039,0.09680905034359422,False,2,7,False,False
q21,43.78506174762039,0.09680905034359422,False,2,7,False,False
q21,43.78506174762039,0.09680905034359422,False,2,7,False,False
q21,42.58332036074227,0.09695029636715237,False,2,7,False,False
q21,43.20524477130997,0.09693602681397437,False,2,6,False,False
q21,43.20524477130997,0.09693602681397437,False,2,7,False,False
q21,43.20524477130997,0.09693602681397437,False,2,7,False,False
q21,43.20524477130997,0.09693602681397437,False,2,7,False,False
q21,43.20524477130997,0.09693602681397437,False,2,7,False,False
q21,42.662642305836144,0.09697962731749482,False,1,7,False,False
q21,44.02337718189922,0.09848097226335896,False,3,7,False,False
q21,41.27567070389897,0.10120086025154762,False,1,7,False,False
q21,42.45893547862873,0.09696468217156884,False,2,8,False,False
q21,42.45893547862873,0.09696468217156884,False,2,8,False,False
q21,42.45893547862873,0.09696468217156884,False,2,8,False,False
q21,42.45893547862873,0.09696468217156884,False,2,8,False,False
q21,42.45893547862873,0.09696468217156884,False,2,8,False,False
q21,42.45893547862873,0.09696468217156884,False,2,8,False,False
q21,42.45893547862873,0.09696468217156884,False,2,8,False,False
q21,42.45893547862873,0.09696468217156884,False,2,8,False,False
q21,42.45893547862873,0.09696468217156884,False,2,8,False,False
q21,42.45893547862873,0.09696468217156884,False,2,8,False,False
q21,42.45893547862873,0.09696468217156884,False,2,8,False,False
q21,42.45893547862873,0.09696468217156884,False,2,8,False,False
q21,42.45893547862873,0.09696468217156884,False,2,8,False,False
q21,42.45893547862873,0.09696468217156884,False,2,8,False,False
q21,42.45893547862873,0.09696468217156884,False,2,8,False,False
q21,42.45893547862873,0.09696468217156884,False,2,8,False,False
q21,42.45893547862873,0.09696468217156884,False,2,8,False,False
q21,42.45893547862873,0.09696468217156884,False,2,8,False,False
q21,42.45893547862873,0.09696468217156884,False,2,8,False,False
q21,42.45893547862873,0.09696468217156884,False,2,8,False,False
q21,42.45893547862873,0.09696468217156884,False,2,8,False,False
q21,42.45893547862873,0.09696468217156884,False,2,8,False,False
q21,42.45893547862873,0.09696468217156884,False,2,8,False,False
q21,42.45893547862873,0.09696468217156884,False,2,8,False,False
q21,42.45893547862873,0.09696468217156884,False,2,8,False,False
q21,42.45893547862873,0.09696468217156884,False,2,8,False,False
q21,42.45893547862873,0.09696468217156884,False,2,8,False,False
q21,42.45893547862873,0.09696468217156884,False,2,8,False,False
q21,42.45893547862873,0.09696468217156884,False,2,8,False,False
q21,42.45893547862873,0.09696468217156884,False,2,8,False,False
q21,42.45893547862873,0.09696468217156884,False,2,8,False,False
q21,42.45893547862873,0.09696468217156884,False,2,8,False,False
q21,42.45893547862873,0.09696468217156884,False,2,8,False,False
q21,42.45893547862873,0.09696468217156884,False,2,8,False,False
q21,42.45893547862873,0.09696468217156884,False,2,8,False,False
q21,42.45893547862873,0.09696468217156884,False,2,8,False,False
q21,42.97481923635688,0.0985685194593808,False,2,8,False,False
q21,42.5017281681608,0.0972854496283506,False,2,8,False,False
q21,43.667356160857125,0.10037771224116242,False,2,8,False,False
q21,43.667356160857125,0.10037771224116242,False,2,8,False,False
q21,43.667356160857125,0.10037771224116242,False,2,8,False,False
q21,43.667356160857125,0.10037771224116242,False,2,8,False,False
q21,43.1329607383537,0.15004548741912005,False,2,7,False,False
q21,43.1329607383537,0.15004548741912005,False,2,7,False,False
q21,42.268910382812884,0.11220145946235074,False,2,6,False,False
q21,42.45893547862873,0.09696468217156884,False,2,8,False,False
q21,42.45893547862873,0.09696468217156884,False,2,8,False,False
q21,42.45893547862873,0.09696468217156884,False,2,8,False,False
q21,42.45893547862873,0.09696468217156884,False,2,8,False,False
q21,41.304898142269764,0.10222043338073543,False,2,7,False,False
q21,40.882794954402634,0.09953048153284891,False,2,7,False,False
q21,41.23071581938795,0.09798635626967829,False,2,6,False,False
q21,44.95770660147255,0.09652717984806619,False,2,7,False,False
q21,42.45893547862873,0.09696468217156884,False,2,8,False,False
q21,42.45893547862873,0.09696468217156884,False,2,8,False,False
q21,42.45893547862873,0.09696468217156884,False,2,8,False,False
q21,43.42559829630901,0.09690783780350094,False,2,8,False,False
q21,42.518625858272486,0.09733379378967749,False,2,7,False,False
q21,42.74340796372279,0.09685400844751127,False,2,6,False,False
q21,43.65768816655557,0.0964119207639747,False,2,7,False,False
q21,46.55872121187115,0.09595487806460058,False,2,7,False,False
q21,46.55872121187115,0.09595487806460058,False,2,7,False,False
q21,46.55872121187115,0.09595487806460058,False,2,7,False,False
q21,41.862250732234735,0.0981958155882066,False,2,8,False,False
q21,41.862250732234735,0.0981958155882066,False,2,8,False,False
q21,43.08874319636746,0.09655944830154779,False,2,8,False,False
q21,45.136358786400876,0.0961391719901354,False,2,8,False,False
q21,45.136358786400876,0.0961391719901354,False,2,8,False,False
q21,45.136358786400876,0.0961391719901354,False,2,8,False,False
q21,43.15400791978211,0.11963542399418256,False,2,7,False,False
q21,41.11110021219443,0.10619677803431425,False,2,7,False,False
q21,41.345749302923835,0.10423936142821191,False,2,6,False,False
q21,40.266033869719436,0.10115366149001216,False,2,7,False,False
q21,42.45893547862873,0.09696468217156884,False,2,8,False,False
q21,42.45893547862873,0.09696468217156884,False,2,8,False,False
q21,42.45893547862873,0.09696468217156884,False,2,8,False,False
q21,42.45893547862873,0.09696468217156884,False,2,8,False,False
q21,42.45893547862873,0.09696468217156884,False,2,8,False,False
q21,42.45893547862873,0.09696468217156884,False,2,8,False,False
q21,44.48322082883371,0.09621228442675395,True,2,8,False,False
q21,42.260613824481204,0.0973890706782673,False,2,7,False,False
q21,42.95996809805676,0.09675258155524889,False,2,6,False,False
q21,42.22519984226339,0.10504221585240323,False,2,3,False,False
q21,42.22519984226339,0.10504221585240323,False,2,3,False,False
q21,42.662752741114815,0.10477954246784753,False,2,3,False,False
q21,44.1297231343064,0.10486109159274458,False,2,3,False,False
q21,41.947159911664386,0.10552205425733455,False,2,3,False,False
q21,41.90668231141111,0.10515289753365234,False,2,3,False,False
q21,43.47776850515825,0.10466064736282008,False,2,3,False,False
q21,42.04020658991544,0.10588380338682342,False,2,4,False,False
q21,42.04020658991544,0.10588380338682342,False,2,4,False,False
q21,42.840733443453686,0.10480818093673358,False,2,4,False,False
q21,43.75072963319127,0.1204883371982339,False,2,4,False,False
q21,41.714185983130264,0.10704969121051396,False,2,4,False,False
q21,40.8269668731545,0.10206719747470148,False,2,4,False,False
q21,42.96283192565587,0.09793883960125087,False,2,4,False,False
q21,42.96283192565587,0.09793883960125087,False,2,5,False,False
q21,42.96283192565587,0.09793883960125087,False,2,5,False,False
q21,42.96283192565587,0.09793883960125087,False,2,5,False,False
q21,42.96283192565587,0.09793883960125087,False,2,5,False,False
q21,42.96283192565587,0.09793883960125087,False,2,5,False,False
q21,42.96283192565587,0.09793883960125087,False,2,5,False,False
q21,44.53573414164119,0.09739559754442259,False,2,5,False,False
q21,42.68028081132692,0.0985769630911481,False,2,5,False,False
q21,42.6004823308816,0.09815148494224643,False,2,5,False,False
q21,42.02017551387491,0.09827846678749941,False,2,6,False,False
q21,42.1250501142288,0.09818315326894195,False,2,6,False,False
q21,42.6004823308816,0.09815148494224643,False,2,6,False,False
q21,42.6004823308816,0.09815148494224643,False,2,6,False,False
q21,42.6004823308816,0.09815148494224643,False,2,6,False,False
q21,42.6004823308816,0.09815148494224643,False,2,6,False,False
q21,41.273508504469035,0.0983071237318014,False,2,7,False,False
q21,41.39795300603668,0.09829273704827396,False,2,7,False,False
q21,42.02017551387491,0.09827846678749941,False,2,7,False,False
q21,42.02017551387491,0.09827846678749941,False,2,7,False,False
q21,42.02017551387491,0.09827846678749941,False,2,7,False,False
q21,42.02017551387491,0.09827846678749941,False,2,7,False,False
q21,41.477189277010964,0.09832206726144552,False,1,7,False,False
q21,42.62749055336542,0.09992511432548418,False,3,7,False,False
q21,40.08424393298587,0.10254294163486145,False,1,7,False,False
q21,41.273508504469035,0.0983071237318014,False,2,8,False,False
q21,41.273508504469035,0.0983071237318014,False,2,8,False,False
q21,41.273508504469035,0.0983071237318014,False,2,8,False,False
q21,41.273508504469035,0.0983071237318014,False,2,8,False,False
q21,41.273508504469035,0.0983071237318014,False,2,8,False,False
q21,41.273508504469035,0.0983071237318014,False,2,8,False,False
q21,41.273508504469035,0.0983071237318014,False,2,8,False,False
q21,41.273508504469035,0.0983071237318014,False,2,8,False,False
q21,41.273508504469035,0.0983071237318014,False,2,8,False,False
q21,41.273508504469035,0.0983071237318014,False,2,8,False,False
q21,41.273508504469035,0.0983071237318014,False,2,8,False,False
q21,41.273508504469035,0.0983071237318014,False,2,8,False,False
q21,41.273508504469035,0.0983071237318014,False,2,8,False,False
q21,41.273508504469035,0.0983071237318014,False,2,8,False,False
q21,41.273508504469035,0.0983071237318014,False,2,8,False,False
q21,41.273508504469035,0.0983071237318014,False,2,8,False,False
q21,41.273508504469035,0.0983071237318014,False,2,8,False,False
q21,41.273508504469035,0.0983071237318014,False,2,8,False,False
q21,41.273508504469035,0.0983071237318014,False,2,8,False,False
q21,41.273508504469035,0.0983071237318014,False,2,8,False,False
q21,41.273508504469035,0.0983071237318014,False,2,8,False,False
q21,41.273508504469035,0.0983071237318014,False,2,8,False,False
q21,41.273508504469035,0.0983071237318014,False,2,8,False,False
q21,41.273508504469035,0.0983071237318014,False,2,8,False,False
q21,41.273508504469035,0.0983071237318014,False,2,8,False,False
q21,41.273508504469035,0.0983071237318014,False,2,8,False,False
q21,41.273508504469035,0.0983071237318014,False,2,8,False,False
q21,41.273508504469035,0.0983071237318014,False,2,8,False,False
q21,41.273508504469035,0.0983071237318014,False,2,8,False,False
q21,41.273508504469035,0.0983071237318014,False,2,8,False,False
q21,41.273508504469035,0.0983071237318014,False,2,8,False,False
q21,41.273508504469035,0.0983071237318014,False,2,8,False,False
q21,41.273508504469035,0.0983071237318014,False,2,8,False,False
q21,41.273508504469035,0.0983071237318014,False,2,8,False,False
q21,41.273508504469035,0.0983071237318014,False,2,8,False,False
q21,41.273508504469035,0.0983071237318014,False,2,8,False,False
q21,41.74659956757826,0.09959019358420765,False,2,7,False,False
q21,42.23625283621337,0.10143652243594398,False,2,7,False,False
q21,42.23625283621337,0.10143652243594398,False,2,7,False,False
q21,42.23625283621337,0.10143652243594398,False,2,7,False,False
q21,42.23625283621337,0.10143652243594398,False,2,7,False,False
q21,41.70846882118005,0.15100393032026263,False,2,6,False,False
q21,41.70846882118005,0.15100393032026263,False,2,6,False,False
q21,40.84441854173507,0.11315990238770565,False,2,5,False,False
q21,41.23071581938795,0.09798635626967829,False,2,7,False,False
q21,41.23071581938795,0.09798635626967829,False,2,7,False,False
q21,41.23071581938795,0.09798635626967829,False,2,7,False,False
q21,41.23071581938795,0.09798635626967829,False,2,7,False,False
q21,41.23071581938795,0.09798635626967829,False,2,7,False,False
q21,41.23071581938795,0.09798635626967829,False,2,7,False,False
q21,41.703157945782486,0.09772330281858393,False,2,7,False,False
q21,42.65170687226801,0.09801679592588525,False,2,7,False,False
q21,41.272897659445945,0.0983555129933605,False,2,6,False,False
q21,41.549233350240236,0.09787567458842918,False,2,5,False,False
q21,42.49969706554926,0.0974332558183276,False,2,6,False,False
q21,45.509389424728504,0.09697607113971311,False,2,6,False,False
q21,45.509389424728504,0.09697607113971311,False,2,6,False,False
q21,45.509389424728504,0.09697607113971311,False,2,6,False,False
q21,40.63187937670954,0.0992185257739478,False,2,7,False,False
q21,40.63187937670954,0.0992185257739478,False,2,7,False,False
q21,41.8626620038447,0.09758078939224107,False,2,7,False,False
q21,43.91680177046707,0.09716033060303488,False,2,7,False,False
q21,43.91680177046707,0.09716033060303488,False,2,7,False,False
q21,43.91680177046707,0.09716033060303488,False,2,7,False,False
q21,41.919312365235314,0.12065739055230765,False,2,6,False,False
q21,39.88276871517431,0.10721874456458767,False,2,6,False,False
q21,40.11746657179923,0.10526118080909821,False,2,5,False,False
q21,39.03775113354261,0.10217548075014735,False,2,6,False,False
q21,41.23071581938795,0.09798635626967829,False,2,7,False,False
q21,41.23071581938795,0.09798635626967829,False,2,7,False,False
q21,41.23071581938795,0.09798635626967829,False,2,7,False,False
q21,41.23071581938795,0.09798635626967829,False,2,7,False,False
q21,41.23071581938795,0.09798635626967829,False,2,7,False,False
q21,41.23071581938795,0.09798635626967829,False,2,7,False,False
q21,43.25040547706389,0.09723379036681241,False,2,7,False,False
q21,41.032142803478656,0.09841176938553499,False,2,6,False,False
q21,41.732251162339544,0.09777374344520524,False,2,5,False,False
q21,42.557689645800515,0.09783071748012331,False,2,5,False,False
q21,42.557689645800515,0.09783071748012331,False,2,6,False,False
q21,42.557689645800515,0.09783071748012331,False,2,6,False,False
q21,42.557689645800515,0.09783071748012331,False,2,6,False,False
q21,42.557689645800515,0.09783071748012331,False,2,6,False,False
q21,41.3551603209556,0.09797196958615084,False,2,6,False,False
q21,41.97738282879383,0.09795769932537629,False,2,5,False,False
q21,41.97738282879383,0.09795769932537629,False,2,6,False,False
q21,41.97738282879383,0.09795769932537629,False,2,6,False,False
q21,41.97738282879383,0.09795769932537629,False,2,6,False,False
q21,41.97738282879383,0.09795769932537629,False,2,6,False,False
q21,41.43439659192988,0.098001299792805,False,1,6,False,False
q21,42.584697868284344,0.09960434686334443,False,3,6,False,False
q21,40.04145124094114,0.10222217417273834,False,1,6,False,False
q21,41.23071581938795,0.09798635626967829,False,2,7,False,False
q21,41.23071581938795,0.09798635626967829,False,2,7,False,False
q21,41.23071581938795,0.09798635626967829,False,2,7,False,False
q21,41.23071581938795,0.09798635626967829,False,2,7,False,False
q21,41.23071581938795,0.09798635626967829,False,2,7,False,False
q21,41.23071581938795,0.09798635626967829,False,2,7,False,False
q21,41.23071581938795,0.09798635626967829,False,2,7,False,False
q21,41.23071581938795,0.09798635626967829,False,2,7,False,False
q21,41.23071581938795,0.09798635626967829,False,2,7,False,False
q21,41.23071581938795,0.09798635626967829,False,2,7,False,False
q21,41.23071581938795,0.09798635626967829,False,2,7,False,False
q21,41.23071581938795,0.09798635626967829,False,2,7,False,False
q21,41.23071581938795,0.09798635626967829,False,2,7,False,False
q21,41.23071581938795,0.09798635626967829,False,2,7,False,False
q21,41.23071581938795,0.09798635626967829,False,2,7,False,False
q21,41.23071581938795,0.09798635626967829,False,2,7,False,False
q21,41.23071581938795,0.09798635626967829,False,2,7,False,False
q21,41.23071581938795,0.09798635626967829,False,2,7,False,False
q21,41.23071581938795,0.09798635626967829,False,2,7,False,False
q21,41.23071581938795,0.09798635626967829,False,2,7,False,False
q21,41.23071581938795,0.09798635626967829,False,2,7,False,False
q21,41.23071581938795,0.09798635626967829,False,2,7,False,False
q21,41.23071581938795,0.09798635626967829,False,2,7,False,False
q21,41.23071581938795,0.09798635626967829,False,2,7,False,False
q21,41.23071581938795,0.09798635626967829,False,2,7,False,False
q21,41.23071581938795,0.09798635626967829,False,2,7,False,False
q21,41.23071581938795,0.09798635626967829,False,2,7,False,False
q21,41.23071581938795,0.09798635626967829,False,2,7,False,False
q21,41.23071581938795,0.09798635626967829,False,2,7,False,False
q21,41.23071581938795,0.09798635626967829,False,2,7,False,False
q21,41.23071581938795,0.09798635626967829,False,2,7,False,False
q21,41.23071581938795,0.09798635626967829,False,2,7,False,False
q21,41.23071581938795,0.09798635626967829,False,2,7,False,False
q21,41.23071581938795,0.09798635626967829,False,2,7,False,False
q21,41.23071581938795,0.09798635626967829,False,2,7,False,False
q21,41.23071581938795,0.09798635626967829,False,2,7,False,False
q21,40.8269668731545,0.10206719747470148,False,2,5,False,False
q21,40.8269668731545,0.10206719747470148,False,2,5,False,False
q21,42.001518315583354,0.09940910783662146,False,2,5,False,False
q21,40.8269668731545,0.10206719747470148,False,2,5,False,False
q21,40.8269668731545,0.10206719747470148,False,2,5,False,False
q21,41.38835872411265,0.10128408256597779,False,2,5,False,False
q21,43.00565631834167,0.1008906371995491,False,2,5,False,False
q21,41.163377438793894,0.10315959367768539,False,2,5,False,False
q21,40.447285001658344,0.10234061871315048,False,2,5,False,False
q21,39.82721082802957,0.10246759126796849,False,2,6,False,False
q21,39.94699818711674,0.10237228123332412,False,2,6,False,False
q21,40.447285001658344,0.10234061871315048,False,2,6,False,False
q21,40.447285001658344,0.10234061871315048,False,2,6,False,False
q21,40.447285001658344,0.10234061871315048,False,2,6,False,False
q21,40.447285001658344,0.10234061871315048,False,2,6,False,False
q21,39.080543818623696,0.10249624821227045,False,2,7,False,False
q21,39.20498832019134,0.102481861528743,False,2,7,False,False
q21,39.82721082802957,0.10246759126796849,False,2,7,False,False
q21,39.82721082802957,0.10246759126796849,False,2,7,False,False
q21,39.82721082802957,0.10246759126796849,False,2,7,False,False
q21,39.82721082802957,0.10246759126796849,False,2,7,False,False
q21,39.284224591165625,0.10251119140793112,False,1,7,False,False
q21,40.43452586752008,0.10411423881925244,False,3,7,False,False
q21,38.16517262430631,0.10874822949225921,False,1,7,False,False
q21,39.080543818623696,0.10249624821227045,False,2,8,False,False
q21,39.080543818623696,0.10249624821227045,False,2,8,False,False
q21,39.080543818623696,0.10249624821227045,False,2,8,False,False
q21,39.080543818623696,0.10249624821227045,False,2,8,False,False
q21,39.080543818623696,0.10249624821227045,False,2,8,False,False
q21,39.080543818623696,0.10249624821227045,False,2,8,False,False
q21,39.080543818623696,0.10249624821227045,False,2,8,False,False
q21,39.080543818623696,0.10249624821227045,False,2,8,False,False
q21,39.080543818623696,0.10249624821227045,False,2,8,False,False
q21,39.080543818623696,0.10249624821227045,False,2,8,False,False
q21,39.080543818623696,0.10249624821227045,False,2,8,False,False
q21,39.080543818623696,0.10249624821227045,False,2,8,False,False
q21,39.080543818623696,0.10249624821227045,False,2,8,False,False
q21,39.080543818623696,0.10249624821227045,False,2,8,False,False
q21,39.080543818623696,0.10249624821227045,False,2,8,False,False
q21,39.080543818623696,0.10249624821227045,False,2,8,False,False
q21,39.080543818623696,0.10249624821227045,False,2,8,False,False
q21,39.080543818623696,0.10249624821227045,False,2,8,False,False
q21,39.080543818623696,0.10249624821227045,False,2,8,False,False
q21,39.080543818623696,0.10249624821227045,False,2,8,False,False
q21,39.080543818623696,0.10249624821227045,False,2,8,False,False
q21,39.080543818623696,0.10249624821227045,False,2,8,False,False
q21,39.080543818623696,0.10249624821227045,False,2,8,False,False
q21,39.080543818623696,0.10249624821227045,False,2,8,False,False
q21,39.080543818623696,0.10249624821227045,False,2,8,False,False
q21,39.080543818623696,0.10249624821227045,False,2,8,False,False
q21,39.080543818623696,0.10249624821227045,False,2,8,False,False
q21,39.080543818623696,0.10249624821227045,False,2,8,False,False
q21,39.080543818623696,0.10249624821227045,False,2,8,False,False
q21,39.080543818623696,0.10249624821227045,False,2,8,False,False
q21,39.080543818623696,0.10249624821227045,False,2,8,False,False
q21,39.080543818623696,0.10249624821227045,False,2,8,False,False
q21,39.080543818623696,0.10249624821227045,False,2,8,False,False
q21,39.080543818623696,0.10249624821227045,False,2,8,False,False
q21,39.080543818623696,0.10249624821227045,False,2,8,False,False
q21,39.080543818623696,0.10249624821227045,False,2,8,False,False
q21,39.55363488173292,0.1037793180646767,False,2,7,False,False
q21,40.04328815036803,0.10562564691641302,False,2,7,False,False
q21,40.04328815036803,0.10562564691641302,False,2,7,False,False
q21,40.04328815036803,0.10562564691641302,False,2,7,False,False
q21,40.04328815036803,0.10562564691641302,False,2,7,False,False
q21,39.51550413533471,0.15519305480073167,False,2,6,False,False
q21,39.51550413533471,0.15519305480073167,False,2,6,False,False
q21,38.65145385588972,0.11734902686817471,False,2,5,False,False
q21,39.03775113354261,0.10217548075014735,False,2,7,False,False
q21,39.03775113354261,0.10217548075014735,False,2,7,False,False
q21,39.03775113354261,0.10217548075014735,False,2,7,False,False
q21,39.03775113354261,0.10217548075014735,False,2,7,False,False
q21,39.11193345642442,0.1064095578612045,False,2,7,False,False
q21,38.68983026855729,0.10371960601331796,False,2,7,False,False
q21,42.76474191562721,0.10071615916650951,False,2,7,False,False
q21,39.03775113354261,0.10217548075014735,False,2,7,False,False
q21,39.03775113354261,0.10217548075014735,False,2,7,False,False
q21,39.51019325993714,0.10191228213702729,False,2,7,False,False
q21,40.47412117872663,0.1022360955908301,False,2,7,False,False
q21,39.0799329736006,0.10254463747382957,False,2,6,False,False
q21,39.3562686643949,0.10206479906889822,False,2,5,False,False
q21,40.241137423823254,0.1016309622190663,False,2,6,False,False
q21,43.026867259047904,0.10117372535437645,False,2,6,False,False
q21,43.026867259047904,0.10117372535437645,False,2,6,False,False
q21,43.026867259047904,0.10117372535437645,False,2,6,False,False
q21,38.48237726626946,0.10346844029479911,False,2,7,False,False
q21,38.48237726626946,0.10346844029479911,False,2,7,False,False
q21,39.60410236211868,0.10177849579297978,False,2,7,False,False
q21,41.434279604786475,0.10135798481769823,False,2,7,False,False
q21,41.434279604786475,0.10135798481769823,False,2,7,False,False
q21,41.434279604786475,0.10135798481769823,False,2,7,False,False
q21,41.77418067288424,0.12200283263305871,False,2,7,False,False
q21,39.73763702282323,0.10856418664533873,False,2,7,False,False
q21,39.56209270452608,0.10655414035374997,False,2,6,False,False
q21,38.48237726626946,0.10346844029479911,False,2,8,False,False
q21,38.48237726626946,0.10346844029479911,False,2,8,False,False
q21,40.047683397602704,0.10111259970299617,False,2,8,False,False
q21,38.48237726626946,0.10346844029479911,False,2,8,False,False
q21,38.48237726626946,0.10346844029479911,False,2,8,False,False
q21,39.437785055435526,0.10298757548461009,False,2,8,False,False
q21,40.997421313304905,0.10183619303611477,False,2,8,False,False
q21,38.91735840924867,0.1048099351706252,False,2,7,False,False
q21,39.779619584120105,0.10263301878487067,False,2,6,False,False
q21,39.10994998256118,0.10335162631636229,False,2,7,False,False
q21,40.151866699823664,0.10331288511915909,False,2,6,False,False
q21,40.151866699823664,0.10331288511915909,False,2,7,False,False
q21,40.151866699823664,0.10331288511915909,False,2,7,False,False
q21,40.151866699823664,0.10331288511915909,False,2,7,False,False
q21,40.151866699823664,0.10331288511915909,False,2,7,False,False
q21,38.606821767837104,0.10345405361127166,False,2,7,False,False
q21,39.229044275675335,0.10343978335049714,False,2,6,False,False
q21,39.229044275675335,0.10343978335049714,False,2,7,False,False
q21,39.229044275675335,0.10343978335049714,False,2,7,False,False
q21,39.229044275675335,0.10343978335049714,False,2,7,False,False
q21,39.229044275675335,0.10343978335049714,False,2,7,False,False
q21,38.68605803881139,0.10348338339968068,False,1,7,False,False
q21,39.83635931516585,0.10508577903623649,False,3,7,False,False
q21,37.65411130426241,0.11088991422717474,False,1,7,False,False
q21,38.48237726626946,0.10346844029479911,False,2,8,False,False
q21,38.48237726626946,0.10346844029479911,False,2,8,False,False
q21,38.48237726626946,0.10346844029479911,False,2,8,False,False
q21,38.48237726626946,0.10346844029479911,False,2,8,False,False
q21,38.48237726626946,0.10346844029479911,False,2,8,False,False
q21,38.48237726626946,0.10346844029479911,False,2,8,False,False
q21,38.48237726626946,0.10346844029479911,False,2,8,False,False
q21,38.48237726626946,0.10346844029479911,False,2,8,False,False
q21,38.48237726626946,0.10346844029479911,False,2,8,False,False
q21,38.48237726626946,0.10346844029479911,False,2,8,False,False
q21,38.48237726626946,0.10346844029479911,False,2,8,False,False
q21,38.48237726626946,0.10346844029479911,False,2,8,False,False
q21,38.48237726626946,0.10346844029479911,False,2,8,False,False
q21,38.48237726626946,0.10346844029479911,False,2,8,False,False
q21,38.48237726626946,0.10346844029479911,False,2,8,False,False
q21,38.48237726626946,0.10346844029479911,False,2,8,False,False
q21,38.48237726626946,0.10346844029479911,False,2,8,False,False
q21,38.48237726626946,0.10346844029479911,False,2,8,False,False
q21,38.48237726626946,0.10346844029479911,False,2,8,False,False
q21,38.48237726626946,0.10346844029479911,False,2,8,False,False
q21,38.48237726626946,0.10346844029479911,False,2,8,False,False
q21,38.48237726626946,0.10346844029479911,False,2,8,False,False
q21,38.48237726626946,0.10346844029479911,False,2,8,False,False
q21,38.48237726626946,0.10346844029479911,False,2,8,False,False
q21,38.48237726626946,0.10346844029479911,False,2,8,False,False
q21,38.48237726626946,0.10346844029479911,False,2,8,False,False
q21,38.48237726626946,0.10346844029479911,False,2,8,False,False
q21,38.48237726626946,0.10346844029479911,False,2,8,False,False
q21,38.48237726626946,0.10346844029479911,False,2,8,False,False
q21,38.48237726626946,0.10346844029479911,False,2,8,False,False
q21,38.48237726626946,0.10346844029479911,False,2,8,False,False
q21,38.48237726626946,0.10346844029479911,False,2,8,False,False
q21,38.48237726626946,0.10346844029479911,False,2,8,False,False
q21,38.48237726626946,0.10346844029479911,False,2,8,False,False
q21,38.48237726626946,0.10346844029479911,False,2,8,False,False
q21,38.48237726626946,0.10346844029479911,False,2,8,False,False
q21,38.998261014459764,0.10507227760932845,False,2,8,False,False
q21,38.52516995135054,0.1037892077569222,False,2,8,False,False
q21,39.487914283094874,0.1069186064610648,False,2,8,False,False
q21,39.487914283094874,0.1069186064610648,False,2,8,False,False
q21,39.487914283094874,0.1069186064610648,False,2,8,False,False
q21,39.487914283094874,0.1069186064610648,False,2,8,False,False
q21,39.07342001715254,0.1560499281978781,False,2,7,False,False
q21,39.07342001715254,0.1560499281978781,False,2,7,False,False
q21,38.20936973770756,0.11820590024110887,False,2,6,False,False
q21,38.48237726626946,0.10346844029479911,False,2,8,False,False
q21,38.48237726626946,0.10346844029479911,False,2,8,False,False
q21,38.48237726626946,0.10346844029479911,False,2,8,False,False
q21,38.48237726626946,0.10346844029479911,False,2,8,False,False
q21,38.55261255797191,0.10770251740585626,False,2,8,False,False
q21,38.24774615037513,0.10457649875426943,False,2,8,False,False
q21,39.712780278510486,0.10244543855707634,False,2,8,False,False
q21,42.134585481435124,0.10222748028201095,False,2,8,False,False
q21,38.48237726626946,0.10346844029479911,False,2,8,False,False
q21,38.48237726626946,0.10346844029479911,False,2,8,False,False
q21,38.95481939266399,0.10320405920409147,False,2,8,False,False
q21,40.20726481021432,0.10304286682317525,False,2,8,False,False
q21,38.09553865704338,0.10620787205634284,False,2,7,False,False
q21,39.3562686643949,0.10206479906889822,False,2,6,False,False
q21,40.241137423823254,0.1016309622190663,False,2,7,False,False
q21,43.026867259047904,0.10117372535437645,False,2,7,False,False
q21,43.026867259047904,0.10117372535437645,False,2,7,False,False
q21,43.026867259047904,0.10117372535437645,False,2,7,False,False
q21,41.72455947804847,0.107148744613647,False,2,4,False,False
q21,41.72455947804847,0.107148744613647,False,2,4,False,False
q21,42.49005316720171,0.10629495393937896,False,2,4,False,False
q21,43.7427329323214,0.10642596653690889,False,2,4,False,False
q21,41.56797174974418,0.1071400026955214,False,2,4,False,False
q21,41.55876144642579,0.10669702279682296,False,2,4,False,False
q21,43.08194635594553,0.10624167801692162,False,2,4,False,False
q21,41.78421559412841,0.10715900162852865,False,2,5,False,False
q21,41.78421559412841,0.10715900162852865,False,2,5,False,False
q21,42.477966098662776,0.10635230329794876,False,2,5,False,False
q21,43.402808768205944,0.12203246246140452,False,2,5,False,False
q21,41.366265118144945,0.10859381647368456,False,2,5,False,False
q21,40.47904600816917,0.1036113227378721,False,2,5,False,False
q21,42.61491106067055,0.09948296486442149,False,2,5,False,False
q21,40.47904600816917,0.1036113227378721,False,2,6,False,False
q21,40.47904600816917,0.1036113227378721,False,2,6,False,False
q21,41.65359745059803,0.10095323309979207,False,2,6,False,False
q21,40.47904600816917,0.1036113227378721,False,2,6,False,False
q21,40.47904600816917,0.1036113227378721,False,2,6,False,False
q21,41.045122077208646,0.102830735676568,False,2,6,False,False
q21,42.65865092601782,0.10243492838118201,False,2,6,False,False
q21,40.81591038725344,0.10470411824070164,False,2,6,False,False
q21,40.09936413667302,0.10388474397632108,False,2,6,False,False
q21,39.479289963044245,0.10401171653113911,False,2,7,False,False
q21,39.599077322131414,0.10391640649649472,False,2,7,False,False
q21,40.09936413667302,0.10388474397632108,False,2,7,False,False
q21,40.09936413667302,0.10388474397632108,False,2,7,False,False
q21,40.09936413667302,0.10388474397632108,False,2,7,False,False
q21,40.09936413667302,0.10388474397632108,False,2,7,False,False
q21,38.73262295363837,0.10404037347544107,False,2,8,False,False
q21,38.857067455206014,0.1040259867919136,False,2,8,False,False
q21,39.479289963044245,0.10401171653113911,False,2,8,False,False
q21,39.479289963044245,0.10401171653113911,False,2,8,False,False
q21,39.479289963044245,0.10401171653113911,False,2,8,False,False
q21,39.479289963044245,0.10401171653113911,False,2,8,False,False
q21,38.9363037261803,0.10405531661818178,False,1,8,False,False
q21,40.05957751094177,0.10558449789341263,False,3,8,False,False
q21,37.81766466458343,0.11029239847466911,False,1,8,False,False
q21,38.73262295363837,0.10404037347544107,False,2,9,False,False
q21,38.73262295363837,0.10404037347544107,False,2,9,False,False
q21,38.73262295363837,0.10404037347544107,False,2,9,False,False
q21,38.73262295363837,0.10404037347544107,False,2,9,False,False
q21,38.73262295363837,0.10404037347544107,False,2,9,False,False
q21,38.73262295363837,0.10404037347544107,False,2,9,False,False
q21,38.73262295363837,0.10404037347544107,False,2,9,False,False
q21,38.73262295363837,0.10404037347544107,False,2,9,False,False
q21,38.73262295363837,0.10404037347544107,False,2,9,False,False
q21,38.73262295363837,0.10404037347544107,False,2,9,False,False
q21,38.73262295363837,0.10404037347544107,False,2,9,False,False
q21,38.73262295363837,0.10404037347544107,False,2,9,False,False
q21,38.73262295363837,0.10404037347544107,False,2,9,False,False
q21,38.73262295363837,0.10404037347544107,False,2,9,False,False
q21,38.73262295363837,0.10404037347544107,False,2,9,False,False
q21,38.73262295363837,0.10404037347544107,False,2,9,False,False
q21,38.73262295363837,0.10404037347544107,False,2,9,False,False
q21,38.73262295363837,0.10404037347544107,False,2,9,False,False
q21,38.73262295363837,0.10404037347544107,False,2,9,False,False
q21,38.73262295363837,0.10404037347544107,False,2,9,False,False
q21,38.73262295363837,0.10404037347544107,False,2,9,False,False
q21,38.73262295363837,0.10404037347544107,False,2,9,False,False
q21,38.73262295363837,0.10404037347544107,False,2,9,False,False
q21,38.73262295363837,0.10404037347544107,False,2,9,False,False
q21,38.73262295363837,0.10404037347544107,False,2,9,False,False
q21,38.73262295363837,0.10404037347544107,False,2,9,False,False
q21,38.73262295363837,0.10404037347544107,False,2,9,False,False
q21,38.73262295363837,0.10404037347544107,False,2,9,False,False
q21,38.73262295363837,0.10404037347544107,False,2,9,False,False
q21,38.73262295363837,0.10404037347544107,False,2,9,False,False
q21,38.73262295363837,0.10404037347544107,False,2,9,False,False
q21,38.73262295363837,0.10404037347544107,False,2,9,False,False
q21,38.73262295363837,0.10404037347544107,False,2,9,False,False
q21,38.73262295363837,0.10404037347544107,False,2,9,False,False
q21,38.73262295363837,0.10404037347544107,False,2,9,False,False
q21,38.73262295363837,0.10404037347544107,False,2,9,False,False
q21,39.20571401674759,0.10532344332784731,False,2,8,False,False
q21,39.64255044403751,0.10704801049755967,False,2,8,False,False
q21,39.64255044403751,0.10704801049755967,False,2,8,False,False
q21,39.64255044403751,0.10704801049755967,False,2,8,False,False
q21,39.64255044403751,0.10704801049755967,False,2,8,False,False
q21,38.96991053792887,0.15676355722936547,False,2,7,False,False
q21,38.96991053792887,0.15676355722936547,False,2,7,False,False
q21,38.10586025848388,0.11891952929680853,False,2,6,False,False
q21,38.68983026855729,0.10371960601331796,False,2,8,False,False
q21,38.68983026855729,0.10371960601331796,False,2,8,False,False
q21,38.68983026855729,0.10371960601331796,False,2,8,False,False
q21,38.68983026855729,0.10371960601331796,False,2,8,False,False
q21,41.283711471862475,0.10751780601256648,False,2,5,False,False
q21,41.400301044076045,0.10722251030683469,False,2,5,False,False
q21,43.04908717275099,0.10676719033972674,False,2,5,False,False
q21,41.04182412266181,0.11013125416426676,False,2,6,False,False
q21,41.24128342238372,0.10851762251322035,False,2,6,False,False
q21,42.321687962544104,0.10717310972933576,False,2,6,False,False
q21,43.127758793642634,0.12285324567714805,False,2,6,False,False
q21,41.091215143581636,0.10941459968942806,False,2,6,False,False
q21,40.20399603360586,0.10443210595361563,False,2,6,False,False
q21,42.339861086107234,0.10030374808016501,False,2,6,False,False
q21,40.20399603360586,0.10443210595361563,False,2,7,False,False
q21,40.20399603360586,0.10443210595361563,False,2,7,False,False
q21,41.37854747603472,0.10177401631553559,False,2,7,False,False
q21,40.20399603360586,0.10443210595361563,False,2,7,False,False
q21,40.20399603360586,0.10443210595361563,False,2,7,False,False
q21,40.7669068027621,0.10365561623220447,False,2,7,False,False
q21,42.38048735020731,0.10325940806834609,False,2,7,False,False
q21,40.537633089642426,0.10552505203994295,False,2,7,False,False
q21,39.82431416210971,0.1047055271920646,False,2,7,False,False
q21,39.204239988480936,0.10483249974688262,False,2,8,False,False
q21,39.324027347568105,0.10473718971223824,False,2,8,False,False
q21,39.82431416210971,0.1047055271920646,False,2,8,False,False
q21,39.82431416210971,0.1047055271920646,False,2,8,False,False
q21,39.82431416210971,0.1047055271920646,False,2,8,False,False
q21,39.82431416210971,0.1047055271920646,False,2,8,False,False
q21,38.45757297907506,0.1048611566911846,False,2,9,False,False
q21,38.582017480642705,0.10484677000765713,False,2,9,False,False
q21,39.204239988480936,0.10483249974688262,False,2,9,False,False
q21,39.204239988480936,0.10483249974688262,False,2,9,False,False
q21,39.204239988480936,0.10483249974688262,False,2,9,False,False
q21,39.204239988480936,0.10483249974688262,False,2,9,False,False
q21,38.66125375161699,0.10487609979154311,False,1,9,False,False
q21,39.82951441631708,0.10635209009236908,False,3,9,False,False
q21,37.53962524736915,0.11111441561109185,False,1,9,False,False
q21,38.45757297907506,0.1048611566911846,False,2,10,False,False
q21,38.45757297907506,0.1048611566911846,False,2,10,False,False
q21,38.45757297907506,0.1048611566911846,False,2,10,False,False
q21,38.45757297907506,0.1048611566911846,False,2,10,False,False
q21,38.45757297907506,0.1048611566911846,False,2,10,False,False
q21,38.45757297907506,0.1048611566911846,False,2,10,False,False
q21,38.45757297907506,0.1048611566911846,False,2,10,False,False
q21,38.45757297907506,0.1048611566911846,False,2,10,False,False
q21,38.45757297907506,0.1048611566911846,False,2,10,False,False
q21,38.45757297907506,0.1048611566911846,False,2,10,False,False
q21,38.45757297907506,0.1048611566911846,False,2,10,False,False
q21,38.45757297907506,0.1048611566911846,False,2,10,False,False
q21,38.45757297907506,0.1048611566911846,False,2,10,False,False
q21,38.45757297907506,0.1048611566911846,False,2,10,False,False
q21,38.45757297907506,0.1048611566911846,False,2,10,False,False
q21,38.45757297907506,0.1048611566911846,False,2,10,False,False
q21,38.45757297907506,0.1048611566911846,False,2,10,False,False
q21,38.45757297907506,0.1048611566911846,False,2,10,False,False
q21,38.45757297907506,0.1048611566911846,False,2,10,False,False
q21,38.45757297907506,0.1048611566911846,False,2,10,False,False
q21,38.45757297907506,0.1048611566911846,False,2,10,False,False
q21,38.45757297907506,0.1048611566911846,False,2,10,False,False
q21,38.45757297907506,0.1048611566911846,False,2,10,False,False
q21,38.45757297907506,0.1048611566911846,False,2,10,False,False
q21,38.45757297907506,0.1048611566911846,False,2,10,False,False
q21,38.45757297907506,0.1048611566911846,False,2,10,False,False
q21,38.45757297907506,0.1048611566911846,False,2,10,False,False
q21,38.45757297907506,0.1048611566911846,False,2,10,False,False
q21,38.45757297907506,0.1048611566911846,False,2,10,False,False
q21,38.45757297907506,0.1048611566911846,False,2,10,False,False
q21,38.45757297907506,0.1048611566911846,False,2,10,False,False
q21,38.45757297907506,0.1048611566911846,False,2,10,False,False
q21,38.45757297907506,0.1048611566911846,False,2,10,False,False
q21,38.45757297907506,0.1048611566911846,False,2,10,False,False
q21,38.45757297907506,0.1048611566911846,False,2,10,False,False
q21,38.45757297907506,0.1048611566911846,False,2,10,False,False
q21,38.93066404218428,0.10614422654359085,False,2,9,False,False
q21,38.41478029399398,0.10454038922906149,False,2,8,False,False
q21,39.40473708558666,0.10779904132258192,False,2,9,False,False
q21,39.40473708558666,0.10779904132258192,False,2,9,False,False
q21,39.40473708558666,0.10779904132258192,False,2,9,False,False
q21,39.40473708558666,0.10779904132258192,False,2,9,False,False
q21,38.728811002114085,0.15753100986460356,False,2,8,False,False
q21,38.728811002114085,0.15753100986460356,False,2,8,False,False
q21,37.8647607226691,0.11968698193204658,False,2,7,False,False
q21,38.41478029399398,0.10454038922906149,False,2,9,False,False
q21,38.41478029399398,0.10454038922906149,False,2,9,False,False
q21,38.41478029399398,0.10454038922906149,False,2,9,False,False
q21,38.41478029399398,0.10454038922906149,False,2,9,False,False
q21,39.10298035761541,0.10837164001593357,False,2,8,False,False
q21,39.0799329736006,0.10254463747382957,False,2,7,False,False
q21,40.32572424936319,0.10152277310812084,False,2,8,False,False
q21,42.76474191562721,0.10071615916650951,False,2,8,False,False
q21,38.41478029399398,0.10454038922906149,False,2,8,False,False
q21,38.699040571875685,0.1041625859120164,False,2,7,False,False
q21,39.35233629590488,0.10368660752862122,False,2,8,False,False
q21,40.087130976741626,0.10380097053499443,False,2,8,False,False
q21,38.53136986620754,0.10424509352332968,False,2,8,False,False
q21,38.85562830017997,0.104171327830142,False,2,7,False,False
q21,39.812456091415996,0.10373750519597295,False,2,8,False,False
q21,42.81717707862665,0.10328031097827176,False,2,8,False,False
q21,42.81717707862665,0.10328031097827176,False,2,8,False,False
q21,42.81717707862665,0.10328031097827176,False,2,8,False,False
q21,37.505354678908525,0.10754875129000756,False,2,9,False,False
q21,37.745853588025035,0.1057831794207114,False,2,9,False,False
q21,39.085056881209105,0.10414342458558197,False,2,9,False,False
q21,41.22701019979407,0.10372297455136466,False,2,9,False,False
q21,41.22701019979407,0.10372297455136466,False,2,9,False,False
q21,41.22701019979407,0.10372297455136466,False,2,9,False,False
q21,40.645664553401836,0.12428028845363417,False,2,9,False,False
q21,38.60912090334083,0.1108416424659142,False,2,9,False,False
q21,38.82556902628165,0.10886887947966226,False,2,8,False,False
q21,39.92343928156642,0.10156366140028572,False,2,9,False,False
q21,37.745853588025035,0.1057831794207114,False,2,10,False,False
q21,37.745853588025035,0.1057831794207114,False,2,10,False,False
q21,38.9713174345043,0.10336822128488193,False,2,10,False,False
q21,37.745853588025035,0.1057831794207114,False,2,10,False,False
q21,37.745853588025035,0.1057831794207114,False,2,10,False,False
q21,38.365131219131925,0.10524815205325508,False,2,10,False,False
q21,40.346916905629584,0.10427632608726926,False,2,10,False,False
q21,38.294579577096506,0.10778822379138615,False,2,9,False,False
q21,38.98069641658838,0.10526683791126762,False,2,8,False,False
q21,38.299391618179556,0.10566634715173066,False,2,9,False,False
q21,39.221955001770425,0.10562757547028766,False,2,8,False,False
q21,39.221955001770425,0.10562757547028766,False,2,9,False,False
q21,39.221955001770425,0.10562757547028766,False,2,9,False,False
q21,39.221955001770425,0.10562757547028766,False,2,9,False,False
q21,39.221955001770425,0.10562757547028766,False,2,9,False,False
q21,37.87029808959268,0.10576879273718397,False,2,9,False,False
q21,38.49252059743091,0.10575452247640943,False,2,8,False,False
q21,38.49252059743091,0.10575452247640943,False,2,9,False,False
q21,38.49252059743091,0.10575452247640943,False,2,9,False,False
q21,38.49252059743091,0.10575452247640943,False,2,9,False,False
q21,38.49252059743091,0.10575452247640943,False,2,9,False,False
q21,37.949534360566965,0.10579812241330412,False,1,9,False,False
q21,39.117795025267064,0.10727411282591094,False,3,9,False,False
q21,36.721572870118074,0.11321192200771467,False,1,9,False,False
q21,37.745853588025035,0.1057831794207114,False,2,10,False,False
q21,37.745853588025035,0.1057831794207114,False,2,10,False,False
q21,37.745853588025035,0.1057831794207114,False,2,10,False,False
q21,37.745853588025035,0.1057831794207114,False,2,10,False,False
q21,37.745853588025035,0.1057831794207114,False,2,10,False,False
q21,37.745853588025035,0.1057831794207114,False,2,10,False,False
q21,37.745853588025035,0.1057831794207114,False,2,10,False,False
q21,37.745853588025035,0.1057831794207114,False,2,10,False,False
q21,37.745853588025035,0.1057831794207114,False,2,10,False,False
q21,37.745853588025035,0.1057831794207114,False,2,10,False,False
q21,37.745853588025035,0.1057831794207114,False,2,10,False,False
q21,37.745853588025035,0.1057831794207114,False,2,10,False,False
q21,37.745853588025035,0.1057831794207114,False,2,10,False,False
q21,37.745853588025035,0.1057831794207114,False,2,10,False,False
q21,37.745853588025035,0.1057831794207114,False,2,10,False,False
q21,37.745853588025035,0.1057831794207114,False,2,10,False,False
q21,37.745853588025035,0.1057831794207114,False,2,10,False,False
q21,37.745853588025035,0.1057831794207114,False,2,10,False,False
q21,37.745853588025035,0.1057831794207114,False,2,10,False,False
q21,37.745853588025035,0.1057831794207114,False,2,10,False,False
q21,37.745853588025035,0.1057831794207114,False,2,10,False,False
q21,37.745853588025035,0.1057831794207114,False,2,10,False,False
q21,37.745853588025035,0.1057831794207114,False,2,10,False,False
q21,37.745853588025035,0.1057831794207114,False,2,10,False,False
q21,37.745853588025035,0.1057831794207114,False,2,10,False,False
q21,37.745853588025035,0.1057831794207114,False,2,10,False,False
q21,37.745853588025035,0.1057831794207114,False,2,10,False,False
q21,37.745853588025035,0.1057831794207114,False,2,10,False,False
q21,37.745853588025035,0.1057831794207114,False,2,10,False,False
q21,37.745853588025035,0.1057831794207114,False,2,10,False,False
q21,37.745853588025035,0.1057831794207114,False,2,10,False,False
q21,37.745853588025035,0.1057831794207114,False,2,10,False,False
q21,37.745853588025035,0.1057831794207114,False,2,10,False,False
q21,37.745853588025035,0.1057831794207114,False,2,10,False,False
q21,37.745853588025035,0.1057831794207114,False,2,10,False,False
q21,37.745853588025035,0.1057831794207114,False,2,10,False,False
q21,38.26173733621534,0.10738701673524075,False,2,10,False,False
q21,37.78864627310612,0.1061039468828345,False,2,10,False,False
q21,38.73581037961772,0.10904183151423184,False,2,10,False,False
q21,38.73581037961772,0.10904183151423184,False,2,10,False,False
q21,38.73581037961772,0.10904183151423184,False,2,10,False,False
q21,38.73581037961772,0.10904183151423184,False,2,10,False,False
q21,38.05988429614514,0.15877380005625344,False,2,9,False,False
q21,38.05988429614514,0.15877380005625344,False,2,9,False,False
q21,37.195834016700154,0.12092977212369649,False,2,8,False,False
q21,37.745853588025035,0.1057831794207114,False,2,10,False,False
q21,37.745853588025035,0.1057831794207114,False,2,10,False,False
q21,37.745853588025035,0.1057831794207114,False,2,10,False,False
q21,37.745853588025035,0.1057831794207114,False,2,10,False,False
q21,38.43156013221733,0.1096144302075835,False,2,9,False,False
q21,38.376094308271654,0.1038375679989269,False,2,8,False,False
q21,39.62632562256806,0.10281452115734153,False,2,9,False,False
q21,42.134585481435124,0.10222748028201095,False,2,9,False,False
q21,37.745853588025035,0.1057831794207114,False,2,9,False,False
q21,37.980355426741156,0.10545551353515835,False,2,8,False,False
q21,38.687549739025215,0.10492829029997908,False,2,9,False,False
q21,39.82027460822932,0.10460774176733956,False,2,9,False,False
q21,38.08928574802538,0.10510198626428117,False,2,9,False,False
q21,38.85562830017997,0.104171327830142,False,2,8,False,False
q21,39.812456091415996,0.10373750519597295,False,2,9,False,False
q21,42.81717707862665,0.10328031097827176,False,2,9,False,False
q21,42.81717707862665,0.10328031097827176,False,2,9,False,False
q21,42.81717707862665,0.10328031097827176,False,2,9,False,False
q21,42.5023205704369,0.12031157110843635,False,2,2,False,False
q21,40.983059334364754,0.10983515025164398,False,2,2,False,False
q21,38.535776483865945,0.09872482361863526,False,2,2,False,False
q21,38.535776483865945,0.09872482361863526,False,2,3,False,False
q21,38.535776483865945,0.09872482361863526,False,2,3,False,False
q21,38.535776483865945,0.09872482361863526,False,2,3,False,False
q21,38.535776483865945,0.09872482361863526,False,2,3,False,False
q21,38.535776483865945,0.09872482361863526,False,2,3,False,False
q21,38.59241974236122,0.10295889857580409,False,2,3,False,False
q21,38.13777375793179,0.10030585384195913,False,2,3,False,False
q21,39.72860111896391,0.09770365811329317,False,2,3,False,False
q21,42.239863147506334,0.09719235818340857,False,2,3,False,False
q21,38.03513611965102,0.10083135237987902,False,2,4,False,False
q21,38.03513611965102,0.10083135237987902,False,2,4,False,False
q21,38.800629875469745,0.09997756179981901,False,2,4,False,False
q21,40.05330957392397,0.10010857439734892,False,2,4,False,False
q21,37.594288113465026,0.10120041377879851,False,2,5,False,False
q21,37.7108776856786,0.10090511807306671,False,2,5,False,False
q21,39.35966381435354,0.10044979810595876,False,2,5,False,False
q21,37.35240076426436,0.10381386193049878,False,2,6,False,False
q21,37.55186006398627,0.10220023027945238,False,2,6,False,False
q21,38.632264604146656,0.10085571749556779,False,2,6,False,False
q21,39.19644808604451,0.11914930159508033,False,2,7,False,False
q21,37.159904435983506,0.10571065560736037,False,2,7,False,False
q21,36.272685326007746,0.10072816187154793,False,2,7,False,False
q21,38.40855037850912,0.09659980399809732,True,2,7,False,False
q21,36.272685326007746,0.10072816187154793,False,2,8,False,False
q21,36.272685326007746,0.10072816187154793,False,2,8,False,False
q21,37.27794012071061,0.09807003278336045,False,2,8,False,False
q21,36.272685326007746,0.10072816187154793,False,2,8,False,False
q21,36.272685326007746,0.10072816187154793,False,2,8,False,False
q21,36.67180911202383,0.0999517771878192,False,2,8,False,False
q21,38.239381953043214,0.09952501773447353,False,2,8,False,False
q21,39.908082470653994,0.10526823348015518,False,2,8,False,False
q21,35.43015916634852,0.10139654579402642,False,2,8,False,False
q21,34.605391014998034,0.1015234695740607,False,2,9,False,False
q21,34.80347035743493,0.10142817782996022,False,2,9,False,False
q21,35.43015916634852,0.10139654579402642,False,2,9,False,False
q21,35.43015916634852,0.10139654579402642,False,2,9,False,False
q21,35.43015916634852,0.10139654579402642,False,2,9,False,False
q21,35.43015916634852,0.10139654579402642,False,2,9,False,False
q21,33.85872400559216,0.10155212651836266,False,2,10,False,False
q21,33.9831685071598,0.10153773983483523,True,2,10,False,False
q21,34.605391014998034,0.1015234695740607,False,2,10,False,False
q21,34.605391014998034,0.1015234695740607,False,2,10,False,False
q21,34.605391014998034,0.1015234695740607,False,2,10,False,False
q21,34.605391014998034,0.1015234695740607,False,2,10,False,False
q21,34.06240477813409,0.10156706891915925,False,1,10,False,False
q21,35.04471364825664,0.10332578399719929,False,3,10,False,False
q21,33.85582788617928,0.1106672747227197,False,1,10,False,False
q21,33.85872400559216,0.10155212651836266,False,2,11,False,False
q21,33.85872400559216,0.10155212651836266,False,2,11,False,False
q21,33.85872400559216,0.10155212651836266,False,2,11,False,False
q21,33.85872400559216,0.10155212651836266,False,2,11,False,False
q21,33.85872400559216,0.10155212651836266,False,2,11,False,False
q21,33.85872400559216,0.10155212651836266,False,2,11,False,False
q21,33.85872400559216,0.10155212651836266,False,2,11,False,False
q21,33.85872400559216,0.10155212651836266,False,2,11,False,False
q21,33.85872400559216,0.10155212651836266,False,2,11,False,False
q21,33.85872400559216,0.10155212651836266,False,2,11,False,False
q21,33.85872400559216,0.10155212651836266,False,2,11,False,False
q21,33.85872400559216,0.10155212651836266,False,2,11,False,False
q21,33.85872400559216,0.10155212651836266,False,2,11,False,False
q21,33.85872400559216,0.10155212651836266,False,2,11,False,False
q21,33.85872400559216,0.10155212651836266,False,2,11,False,False
q21,33.85872400559216,0.10155212651836266,False,2,11,False,False
q21,33.85872400559216,0.10155212651836266,False,2,11,False,False
q21,33.85872400559216,0.10155212651836266,False,2,11,False,False
q21,33.85872400559216,0.10155212651836266,False,2,11,False,False
q21,33.85872400559216,0.10155212651836266,False,2,11,False,False
q21,33.85872400559216,0.10155212651836266,False,2,11,False,False
q21,33.85872400559216,0.10155212651836266,False,2,11,False,False
q21,33.85872400559216,0.10155212651836266,False,2,11,False,False
q21,33.85872400559216,0.10155212651836266,False,2,11,False,False
q21,33.85872400559216,0.10155212651836266,False,2,11,False,False
q21,33.85872400559216,0.10155212651836266,False,2,11,False,False
q21,33.85872400559216,0.10155212651836266,False,2,11,False,False
q21,33.85872400559216,0.10155212651836266,False,2,11,False,False
q21,33.85872400559216,0.10155212651836266,False,2,11,False,False
q21,33.85872400559216,0.10155212651836266,False,2,11,False,False
q21,33.85872400559216,0.10155212651836266,False,2,11,False,False
q21,33.85872400559216,0.10155212651836266,False,2,11,False,False
q21,33.85872400559216,0.10155212651836266,False,2,11,False,False
q21,33.85872400559216,0.10155212651836266,False,2,11,False,False
q21,33.85872400559216,0.10155212651836266,False,2,11,False,False
q21,33.85872400559216,0.10155212651836266,False,2,11,False,False
q21,34.034885472589785,0.10283519564529488,False,2,10,False,False
q21,34.71453797192606,0.1044127931291964,False,2,9,False,False
q21,34.86236779100024,0.11362486133941059,False,2,10,False,False
q21,34.86236779100024,0.11362486133941059,False,2,10,False,False
q21,34.86236779100024,0.11362486133941059,False,2,10,False,False
q21,34.86236779100024,0.11362486133941059,False,2,10,False,False
q21,35.891441708737766,0.17141802530904646,False,2,11,False,False
q21,35.65818910920654,0.12842017973566083,False,2,11,False,False
q21,37.78489598104439,0.12348428939796627,False,2,10,False,False
q21,36.34792260461429,0.11194930486621779,False,2,10,False,False
q21,36.03622833367707,0.11937297056297692,False,2,9,False,False
q21,33.85872400559216,0.10155212651836266,False,2,11,False,False
q21,33.85872400559216,0.10155212651836266,False,2,11,False,False
q21,33.85872400559216,0.10155212651836266,False,2,11,False,False
q21,33.85872400559216,0.10155212651836266,False,2,11,False,False
q21,33.85872400559216,0.10155212651836266,False,2,11,False,False
q21,34.54460683601016,0.10538337730523477,False,2,10,False,False
q21,34.448907983727004,0.10021124728469798,False,2,9,False,False
q21,35.701669516449066,0.09918893027311206,False,2,10,False,False
q21,38.487954808118765,0.09623085559923275,True,2,10,False,False
q21,33.85872400559216,0.10155212651836266,False,2,10,False,False
q21,34.031458257362935,0.10209813372153391,False,2,9,False,False
q21,34.80187616922643,0.1006983448179224,False,2,10,False,False
q21,36.17364393491295,0.09861111708456137,False,2,10,False,False
q21,34.442655074709016,0.09910536149263631,True,2,10,False,False
q21,35.20899762686361,0.09817470305849713,True,2,9,False,False
q21,36.16582541809963,0.09774088042432809,False,2,10,False,False
q21,39.17054649764835,0.09728368620662689,False,2,10,False,False
q21,39.17054649764835,0.09728368620662689,False,2,10,False,False
q21,39.17054649764835,0.09728368620662689,False,2,10,False,False
q21,34.09922291470867,0.09978655464906654,True,2,10,True,False
q21,34.76814962067761,0.09854376445741662,True,2,9,False,False
q21,35.43842620789274,0.0981467998139371,True,2,10,False,False
q21,37.58037952647771,0.09772634977971979,False,2,10,False,False
q21,37.58037952647771,0.09772634977971979,False,2,10,False,False
q21,37.58037952647771,0.09772634977971979,False,2,10,False,False
q21,36.76682805683059,0.12007962744005896,False,2,10,False,False
q21,34.730284406769584,0.106640981452339,False,2,10,False,False
q21,34.93843944384877,0.10463782657731353,False,2,9,False,False
q21,36.0158480131456,0.0973326037298821,True,2,10,False,False
q21,33.85872400559216,0.10155212651836266,False,2,11,False,False
q21,33.85872400559216,0.10155212651836266,False,2,11,False,False
q21,35.46634785927313,0.0991990455582213,False,2,11,False,False
q21,33.85872400559216,0.10155212651836266,False,2,11,False,False
q21,33.85872400559216,0.10155212651836266,True,2,11,False,False
q21,34.860535716030164,0.10107840052369514,False,2,11,False,False
q21,36.4164218108802,0.09998451894390262,False,2,11,False,False
q21,34.93640214453301,0.10542301056709998,False,2,10,False,False
q21,35.134606443550105,0.10088384479066916,False,2,9,False,False
q21,34.449543932579886,0.10143530295916478,False,2,10,False,False
q21,35.43015916634852,0.10139654579402642,False,2,9,False,False
q21,35.43015916634852,0.10139654579402642,False,2,10,False,False
q21,35.43015916634852,0.10139654579402642,False,2,10,False,False
q21,35.43015916634852,0.10139654579402642,False,2,10,False,False
q21,35.43015916634852,0.10139654579402642,False,2,10,False,False
q21,33.85582788617928,0.1106672747227197,False,1,11,False,False
q21,33.85582788617928,0.1106672747227197,False,1,11,False,False
q21,33.85582788617928,0.1106672747227197,False,1,11,False,False
q21,33.85582788617928,0.1106672747227197,False,1,11,False,False
q21,33.85582788617928,0.1106672747227197,False,1,11,False,False
q21,33.85582788617928,0.1106672747227197,False,1,11,False,False
q21,33.85582788617928,0.1106672747227197,False,1,11,False,False
q21,33.85582788617928,0.1106672747227197,False,1,11,False,False
q21,33.85582788617928,0.1106672747227197,False,1,11,False,False
q21,33.85582788617928,0.1106672747227197,False,1,11,False,False
q21,33.85582788617928,0.1106672747227197,False,1,11,False,False
q21,33.85582788617928,0.1106672747227197,False,1,11,False,False
q21,33.85582788617928,0.1106672747227197,False,1,11,False,False
q21,33.85582788617928,0.1106672747227197,False,1,11,False,False
q21,33.85582788617928,0.1106672747227197,False,1,11,False,False
q21,33.85582788617928,0.1106672747227197,False,1,11,False,False
q21,33.85582788617928,0.1106672747227197,False,1,11,False,False
q21,33.85582788617928,0.1106672747227197,False,1,11,False,False
q21,33.85582788617928,0.1106672747227197,False,1,11,False,False
q21,33.85582788617928,0.1106672747227197,False,1,11,False,False
q21,33.85582788617928,0.1106672747227197,False,1,11,False,False
q21,33.85582788617928,0.1106672747227197,False,1,11,False,False
q21,33.85582788617928,0.1106672747227197,False,1,11,False,False
q21,33.85582788617928,0.1106672747227197,False,1,11,False,False
q21,33.85582788617928,0.1106672747227197,False,1,11,False,False
q21,33.85582788617928,0.1106672747227197,False,1,11,False,False
q21,33.85582788617928,0.1106672747227197,False,1,11,False,False
q21,33.85582788617928,0.1106672747227197,False,1,11,False,False
q21,33.85582788617928,0.1106672747227197,False,1,11,False,False
q21,33.85582788617928,0.1106672747227197,False,1,11,False,False
q21,33.85582788617928,0.1106672747227197,False,1,11,False,False
q21,33.85582788617928,0.1106672747227197,False,1,11,False,False
q21,33.85582788617928,0.1106672747227197,False,1,11,False,False
q21,33.85582788617928,0.1106672747227197,False,1,11,False,False
q21,33.85582788617928,0.1106672747227197,False,1,11,False,False
q21,33.85582788617928,0.1106672747227197,True,1,11,False,False
q21,34.031989361135366,0.11195034383527105,False,1,10,False,False
q21,34.72594584133912,0.11351700701307252,False,1,9,False,False
q21,34.42716249785953,0.12229722772641129,False,1,10,False,False
q21,34.42716249785953,0.12229722772641129,False,1,10,False,False
q21,34.42716249785953,0.12229722772641129,False,1,10,False,False
q21,34.42716249785953,0.12229722772641129,False,1,10,False,False
q21,33.03147355475763,0.1802773100803512,False,1,11,False,False
q21,34.94920108085265,0.13743901372520376,False,1,11,False,False
q21,36.67690641322577,0.20233708207795925,False,1,11,False,False
q21,35.239770221651646,0.19027423877289448,False,1,11,False,False
q21,35.2089595476439,0.19809772919367788,False,1,10,False,False
q21,33.03147355475763,0.1802773100803512,False,1,12,False,False
q21,33.03147355475763,0.1802773100803512,False,1,12,False,False
q21,33.03147355475763,0.1802773100803512,False,1,12,False,False
q21,33.911856548201946,0.19018094811383926,False,1,12,False,False
q21,33.44775711665889,0.18424093038063463,False,1,12,False,False
q21,33.72217700279534,0.18412087885394582,False,1,11,False,False
q21,33.34060313234709,0.179591164694463,False,1,10,False,False
q21,34.59686033876632,0.17856985233738865,False,1,11,False,False
q21,37.380796380213134,0.17350258919079475,False,1,11,False,False
q21,33.03147355475763,0.1802773100803512,True,1,11,False,False
q21,32.923216857555616,0.18174183697384239,False,1,10,False,False
q21,33.97749565172892,0.17942325835084352,False,1,11,False,False
q21,35.063821145811296,0.17561907112150943,False,1,11,False,False
q21,33.7723041379173,0.17519494662460927,False,1,10,False,False
q21,34.312325760301235,0.17347949237631913,False,1,9,False,False
q21,34.67338275861404,0.17257432350862648,False,1,10,False,False
q21,37.26329029823562,0.1714624016775124,False,1,10,False,False
q21,37.26329029823562,0.1714624016775124,False,1,10,False,False
q21,37.26329029823562,0.1714624016775124,False,1,10,False,False
q21,33.41785183084941,0.17645872281903469,False,1,10,False,False
q21,34.04687999799338,0.17399628231630815,False,1,9,False,False
q21,34.245927101560135,0.17312796267586045,False,1,10,False,False
q21,36.35029477255804,0.17205291825158164,False,1,10,False,False
q21,36.35029477255804,0.17205291825158164,False,1,10,False,False
q21,36.35029477255804,0.17205291825158164,False,1,10,False,False
q21,38.33876152713079,0.2147310743820834,False,1,10,False,False
q21,35.50067606324526,0.19561603652495568,False,1,10,False,False
q21,35.79002461128449,0.19127608798603113,False,1,9,False,False
q21,35.58112932211318,0.17551534907681923,False,1,10,False,False
q21,32.923216857555616,0.18174183697384239,False,1,11,False,False
q21,32.923216857555616,0.18174183697384239,False,1,11,False,False
q21,32.923216857555616,0.18174183697384239,False,1,11,False,False
q21,35.300236870942236,0.1773567453536107,False,1,11,False,False
q21,32.923216857555616,0.18174183697384239,False,1,11,False,False
q21,32.923216857555616,0.18174183697384239,False,1,11,False,False
q21,32.923216857555616,0.18174183697384239,False,1,11,False,False
q21,33.96066796209896,0.1799979113431071,False,1,11,False,False
q21,33.36461373885628,0.18318265998308594,False,1,10,False,False
q21,33.62564323630677,0.1804280448396741,False,1,9,False,False
q21,33.55188275565636,0.18162496623597418,False,1,10,False,False
q21,34.599659252490916,0.18158613043971883,False,1,9,False,False
q21,34.599659252490916,0.18158613043971883,False,1,10,False,False
q21,34.599659252490916,0.18158613043971883,False,1,10,False,False
q21,34.599659252490916,0.18158613043971883,False,1,10,False,False
q21,34.599659252490916,0.18158613043971883,False,1,10,False,False
q21,33.04742309801884,0.18172743911077568,False,1,10,False,False
q21,33.66845430033494,0.18171311295230513,False,1,9,False,False
q21,33.66845430033494,0.18171311295230513,False,1,10,False,False
q21,33.66845430033494,0.18171311295230513,False,1,10,False,False
q21,33.66845430033494,0.18171311295230513,False,1,10,False,False
q21,33.66845430033494,0.18171311295230513,False,1,10,False,False
q21,33.126938476003005,0.18175677923305755,False,0,10,False,False
q21,34.11128380474867,0.1830799734530878,False,2,10,False,False
q21,36.06417596050854,0.17196403251221767,False,2,10,False,False
q21,32.923216857555616,0.18174183697384239,False,1,11,False,False
q21,32.923216857555616,0.18174183697384239,False,1,11,False,False
q21,32.923216857555616,0.18174183697384239,False,1,11,False,False
q21,32.923216857555616,0.18174183697384239,False,1,11,False,False
q21,32.923216857555616,0.18174183697384239,False,1,11,False,False
q21,32.923216857555616,0.18174183697384239,False,1,11,False,False
q21,32.923216857555616,0.18174183697384239,False,1,11,False,False
q21,32.923216857555616,0.18174183697384239,False,1,11,False,False
q21,32.923216857555616,0.18174183697384239,False,1,11,False,False
q21,32.923216857555616,0.18174183697384239,False,1,11,False,False
q21,32.923216857555616,0.18174183697384239,False,1,11,False,False
q21,32.923216857555616,0.18174183697384239,False,1,11,False,False
q21,32.923216857555616,0.18174183697384239,False,1,11,False,False
q21,32.923216857555616,0.18174183697384239,False,1,11,False,False
q21,32.923216857555616,0.18174183697384239,False,1,11,False,False
q21,32.923216857555616,0.18174183697384239,False,1,11,False,False
q21,32.923216857555616,0.18174183697384239,False,1,11,False,False
q21,32.923216857555616,0.18174183697384239,False,1,11,False,False
q21,32.923216857555616,0.18174183697384239,False,1,11,False,False
q21,32.923216857555616,0.18174183697384239,False,1,11,False,False
q21,32.923216857555616,0.18174183697384239,False,1,11,False,False
q21,32.923216857555616,0.18174183697384239,False,1,11,False,False
q21,32.923216857555616,0.18174183697384239,False,1,11,False,False
q21,32.923216857555616,0.18174183697384239,False,1,11,False,False
q21,32.923216857555616,0.18174183697384239,False,1,11,False,False
q21,32.923216857555616,0.18174183697384239,False,1,11,False,False
q21,32.923216857555616,0.18174183697384239,False,1,11,False,False
q21,32.923216857555616,0.18174183697384239,False,1,11,False,False
q21,32.923216857555616,0.18174183697384239,False,1,11,False,False
q21,32.923216857555616,0.18174183697384239,False,1,11,False,False
q21,32.923216857555616,0.18174183697384239,False,1,11,False,False
q21,32.923216857555616,0.18174183697384239,False,1,11,False,False
q21,32.923216857555616,0.18174183697384239,False,1,11,False,False
q21,32.923216857555616,0.18174183697384239,False,1,11,False,False
q21,32.923216857555616,0.18174183697384239,False,1,11,False,False
q21,32.923216857555616,0.18174183697384239,True,1,11,False,False
q21,32.82390972675418,0.19752699654758293,False,1,10,False,False
q21,34.12186116049824,0.1521339521667987,False,1,9,False,False
q21,34.593370097344184,0.12351324224543586,False,1,10,False,False
q21,34.593370097344184,0.12351324224543586,False,1,10,False,False
q21,34.593370097344184,0.12351324224543586,False,1,10,False,False
q21,34.593370097344184,0.12351324224543586,False,1,10,False,False
q21,33.26004640873902,0.13081737846187536,True,1,10,False,False
q21,33.92373266393334,0.11341487073961136,False,1,9,False,False
q21,36.72700764537361,0.21928832959661476,False,1,10,False,False
q21,35.30318717325066,0.20729174994782007,False,1,10,False,False
q21,35.00139571964044,0.21534756661273524,False,1,9,False,False
q21,32.82390972675418,0.19752699654758293,False,1,11,False,False
q21,32.82390972675418,0.19752699654758293,False,1,11,False,False
q21,32.82390972675418,0.19752699654758293,False,1,11,False,False
q21,34.00061944285212,0.20949070563905753,False,1,11,False,False
q21,33.08136892407873,0.20029718355696358,False,1,11,False,False
q21,33.36007898921534,0.19847150432500618,False,1,10,False,False
q21,33.241296001545656,0.19537632426820356,False,1,9,False,False
q21,34.497553207964884,0.1943550119111292,False,1,10,False,False
q21,37.28148924451084,0.1892877487645353,False,1,10,False,False
q21,32.9321664239562,0.19606246963897778,False,1,11,False,False
q21,32.9321664239562,0.19606246963897778,False,1,11,False,False
q21,33.87818852092749,0.19520841792458407,False,1,11,False,False
q21,34.96451401500986,0.19140423069524998,False,1,11,False,False
q21,33.67299700711586,0.19098010619834982,False,1,10,False,False
q21,34.21301862771639,0.18926465195005968,False,1,9,False,False
q21,34.57407562602919,0.18835948306725306,False,1,10,False,False
q21,37.16398316565077,0.18724756123613895,False,1,10,False,False
q21,37.16398316565077,0.18724756123613895,False,1,10,False,False
q21,37.16398316565077,0.18724756123613895,False,1,10,False,False
q21,33.31854470004797,0.19224388239277523,False,1,10,False,False
q21,33.947572867191944,0.1897814418900487,False,1,9,False,False
q21,34.1466199707587,0.188913122234487,False,1,10,False,False
q21,36.2509876417566,0.18783807781020823,False,1,10,False,False
q21,36.2509876417566,0.18783807781020823,False,1,10,False,False
q21,36.2509876417566,0.18783807781020823,False,1,10,False,False
q21,38.23945439632936,0.23051623394379145,False,1,10,False,False
q21,35.40136893244382,0.21140119608666372,False,1,10,False,False
q21,35.69071748048305,0.20706124754773916,False,1,9,False,False
q21,35.48182219131174,0.1913005086354458,False,1,10,False,False
q21,32.82390972675418,0.19752699654758293,False,1,11,False,False
q21,32.82390972675418,0.19752699654758293,False,1,11,False,False
q21,32.82390972675418,0.19752699654758293,False,1,11,False,False
q21,35.2009297401408,0.19314190491531874,False,1,11,False,False
q21,32.82390972675418,0.19752699654758293,False,1,11,False,False
q21,32.82390972675418,0.19752699654758293,False,1,11,False,False
q21,32.82390972675418,0.19752699654758293,False,1,11,False,False
q21,33.861360831297524,0.19578307090481514,False,1,11,False,False
q21,33.26530660805484,0.1989678195568265,False,1,10,False,False
q21,33.52633610550534,0.19621320439830067,False,1,9,False,False
q21,33.45257562485492,0.19741012580971473,False,1,10,False,False
q21,34.50035212168948,0.19737129001345938,False,1,9,False,False
q21,34.50035212168948,0.19737129001345938,False,1,10,False,False
q21,34.50035212168948,0.19737129001345938,False,1,10,False,False
q21,34.50035212168948,0.19737129001345938,False,1,10,False,False
q21,34.50035212168948,0.19737129001345938,False,1,10,False,False
q21,32.948115967217404,0.19751259868451623,False,1,10,False,False
q21,33.56914716953351,0.19749827252604565,False,1,9,False,False
q21,33.56914716953351,0.19749827252604565,False,1,10,False,False
q21,33.56914716953351,0.19749827252604565,False,1,10,False,False
q21,33.56914716953351,0.19749827252604565,False,1,10,False,False
q21,33.56914716953351,0.19749827252604565,False,1,10,False,False
q21,33.02763134520157,0.19754193879167342,False,0,10,False,False
q21,34.011976669046376,0.1987744187410755,False,2,10,False,False
q21,36.728274926746565,0.18780249737802127,False,2,10,False,False
q21,32.82390972675418,0.19752699654758293,False,1,11,False,False
q21,32.82390972675418,0.19752699654758293,False,1,11,False,False
q21,32.82390972675418,0.19752699654758293,False,1,11,False,False
q21,32.82390972675418,0.19752699654758293,False,1,11,False,False
q21,32.82390972675418,0.19752699654758293,False,1,11,False,False
q21,32.82390972675418,0.19752699654758293,False,1,11,False,False
q21,32.82390972675418,0.19752699654758293,False,1,11,False,False
q21,32.82390972675418,0.19752699654758293,False,1,11,False,False
q21,32.82390972675418,0.19752699654758293,False,1,11,False,False
q21,32.82390972675418,0.19752699654758293,False,1,11,False,False
q21,32.82390972675418,0.19752699654758293,False,1,11,False,False
q21,32.82390972675418,0.19752699654758293,False,1,11,False,False
q21,32.82390972675418,0.19752699654758293,False,1,11,False,False
q21,32.82390972675418,0.19752699654758293,False,1,11,False,False
q21,32.82390972675418,0.19752699654758293,False,1,11,False,False
q21,32.82390972675418,0.19752699654758293,False,1,11,False,False
q21,32.82390972675418,0.19752699654758293,False,1,11,False,False
q21,32.82390972675418,0.19752699654758293,False,1,11,False,False
q21,32.82390972675418,0.19752699654758293,False,1,11,False,False
q21,32.82390972675418,0.19752699654758293,False,1,11,False,False
q21,32.82390972675418,0.19752699654758293,False,1,11,False,False
q21,32.82390972675418,0.19752699654758293,False,1,11,False,False
q21,32.82390972675418,0.19752699654758293,False,1,11,False,False
q21,32.82390972675418,0.19752699654758293,False,1,11,False,False
q21,32.82390972675418,0.19752699654758293,False,1,11,False,False
q21,32.82390972675418,0.19752699654758293,False,1,11,False,False
q21,32.82390972675418,0.19752699654758293,False,1,11,False,False
q21,32.82390972675418,0.19752699654758293,False,1,11,False,False
q21,32.82390972675418,0.19752699654758293,False,1,11,False,False
q21,32.82390972675418,0.19752699654758293,False,1,11,False,False
q21,32.82390972675418,0.19752699654758293,False,1,11,False,False
q21,32.82390972675418,0.19752699654758293,False,1,11,False,False
q21,32.82390972675418,0.19752699654758293,False,1,11,False,False
q21,32.82390972675418,0.19752699654758293,False,1,11,False,False
q21,32.82390972675418,0.19752699654758293,False,1,11,False,False
q21,32.82390972675418,0.19752699654758293,True,1,11,False,False
